ISO-10303-21;
HEADER;
FILE_DESCRIPTION(('Open CASCADE Model'),'2;1');
FILE_NAME('Open CASCADE Shape Model','2026-08-13T02:12:51',('Author'),(
    'Open CASCADE'),'Open CASCADE STEP processor 7.7','Open CASCADE 7.7'
  ,'Unknown');
FILE_SCHEMA(('AUTOMOTIVE_DESIGN { 1 0 10303 214 1 1 1 1 }'));
ENDSEC;
DATA;
#1 = APPLICATION_PROTOCOL_DEFINITION('international standard',
  'automotive_design',2000,#2);
#2 = APPLICATION_CONTEXT(
  'core data for automotive mechanical design processes');
#3 = SHAPE_DEFINITION_REPRESENTATION(#4,#10);
#4 = PRODUCT_DEFINITION_SHAPE('','',#5);
#5 = PRODUCT_DEFINITION('design','',#6,#9);
#6 = PRODUCT_DEFINITION_FORMATION('','',#7);
#7 = PRODUCT('Open CASCADE STEP translator 7.7 1',
  'Open CASCADE STEP translator 7.7 1','',(#8));
#8 = PRODUCT_CONTEXT('',#2,'mechanical');
#9 = PRODUCT_DEFINITION_CONTEXT('part definition',#2,'design');
#10 = ADVANCED_BREP_SHAPE_REPRESENTATION('',(#11,#15),#2722);
#11 = AXIS2_PLACEMENT_3D('',#12,#13,#14);
#12 = CARTESIAN_POINT('',(0.,0.,0.));
#13 = DIRECTION('',(0.,0.,1.));
#14 = DIRECTION('',(1.,0.,-0.));
#15 = MANIFOLD_SOLID_BREP('',#16);
#16 = CLOSED_SHELL('',(#17,#476,#2422,#2426,#2482,#2537,#2592,#2647,
    #2702,#2706,#2710,#2714,#2718));
#17 = ADVANCED_FACE('',(#18),#154,.T.);
#18 = FACE_BOUND('',#19,.F.);
#19 = EDGE_LOOP('',(#20,#425,#448,#475));
#20 = ORIENTED_EDGE('',*,*,#21,.F.);
#21 = EDGE_CURVE('',#22,#22,#24,.T.);
#22 = VERTEX_POINT('',#23);
#23 = CARTESIAN_POINT('',(6.355151085264,-13.43433504936,-13.38397162522
    ));
#24 = SURFACE_CURVE('',#25,(#153,#289),.PCURVE_S1.);
#25 = B_SPLINE_CURVE_WITH_KNOTS('',6,(#26,#27,#28,#29,#30,#31,#32,#33,
    #34,#35,#36,#37,#38,#39,#40,#41,#42,#43,#44,#45,#46,#47,#48,#49,#50,
    #51,#52,#53,#54,#55,#56,#57,#58,#59,#60,#61,#62,#63,#64,#65,#66,#67,
    #68,#69,#70,#71,#72,#73,#74,#75,#76,#77,#78,#79,#80,#81,#82,#83,#84,
    #85,#86,#87,#88,#89,#90,#91,#92,#93,#94,#95,#96,#97,#98,#99,#100,
    #101,#102,#103,#104,#105,#106,#107,#108,#109,#110,#111,#112,#113,
    #114,#115,#116,#117,#118,#119,#120,#121,#122,#123,#124,#125,#126,
    #127,#128,#129,#130,#131,#132,#133,#134,#135,#136,#137,#138,#139,
    #140,#141,#142,#143,#144,#145,#146,#147,#148,#149,#150,#151,#152),
  .UNSPECIFIED.,.T.,.F.,(7,5,5,5,5,5,5,5,5,5,5,5,5,5,5,5,5,5,5,5,5,5,5,5
    ,5,7),(0.,9.695689984846E-02,0.148687698229,0.192875310227,
    0.216975576385,0.262166247642,0.311395159965,0.330495271273,
    0.358657633705,0.384824516442,0.433664963578,0.483008801593,
    0.50917546612,0.53733757612,0.556437532314,0.605164003282,
    0.651860923279,0.676965419124,0.723664324035,0.780921778995,
    0.82261919018,0.853770902238,0.876885172045,0.933668748082,
    0.980402634747,1.),.UNSPECIFIED.);
#26 = CARTESIAN_POINT('',(6.355151085264,-13.43433504936,-13.38397162522
    ));
#27 = CARTESIAN_POINT('',(6.066692327087,-13.49188822244,-13.4631716123)
  );
#28 = CARTESIAN_POINT('',(5.778141509524,-13.51943287858,-13.56421685989
    ));
#29 = CARTESIAN_POINT('',(5.49503717018,-13.51583051644,-13.68561100352)
  );
#30 = CARTESIAN_POINT('',(5.22260004067,-13.48104806853,-13.82518771576)
  );
#31 = CARTESIAN_POINT('',(4.96580289564,-13.41580304604,-13.98033926773)
  );
#32 = CARTESIAN_POINT('',(4.602939546194,-13.27183248623,-14.23719927539
    ));
#33 = CARTESIAN_POINT('',(4.482415084272,-13.21358170473,-14.33009506208
    ));
#34 = CARTESIAN_POINT('',(4.368286421854,-13.14743588018,-14.42604467476
    ));
#35 = CARTESIAN_POINT('',(4.261168587783,-13.07372863456,-14.52454764125
    ));
#36 = CARTESIAN_POINT('',(4.161615421579,-12.99286032819,-14.62508066378
    ));
#37 = CARTESIAN_POINT('',(3.991961874655,-12.83050234524,-14.81424133643
    ));
#38 = CARTESIAN_POINT('',(3.919680895992,-12.75082033467,-14.90247025838
    ));
#39 = CARTESIAN_POINT('',(3.853579561045,-12.66654155272,-14.99144690112
    ));
#40 = CARTESIAN_POINT('',(3.793921876621,-12.577984675,-15.08082892494)
  );
#41 = CARTESIAN_POINT('',(3.740930437744,-12.48549626657,-15.17027109768
    ));
#42 = CARTESIAN_POINT('',(3.669618124719,-12.33706608063,-15.30805165001
    ));
#43 = CARTESIAN_POINT('',(3.646486940145,-12.28362318072,-15.35659230608
    ));
#44 = CARTESIAN_POINT('',(3.625421350606,-12.22918200802,-15.4049917686)
  );
#45 = CARTESIAN_POINT('',(3.606446444532,-12.17380481059,-15.45319427721
    ));
#46 = CARTESIAN_POINT('',(3.589583273681,-12.11755567386,-15.50114442993
    ));
#47 = CARTESIAN_POINT('',(3.54722018087,-11.95351578206,-15.63812262824)
  );
#48 = CARTESIAN_POINT('',(3.527075913337,-11.84369516214,-15.72637877542
    ));
#49 = CARTESIAN_POINT('',(3.514528528569,-11.73147574411,-15.81319081429
    ));
#50 = CARTESIAN_POINT('',(3.50963842184,-11.61730895164,-15.89820536473)
  );
#51 = CARTESIAN_POINT('',(3.51241364299,-11.50165965823,-15.98108123442)
  );
#52 = CARTESIAN_POINT('',(3.534134610883,-11.25792669413,-16.14908446592
    ));
#53 = CARTESIAN_POINT('',(3.554503682093,-11.12965060239,-16.23375450104
    ));
#54 = CARTESIAN_POINT('',(3.583858524193,-11.00079538715,-16.31507539603
    ));
#55 = CARTESIAN_POINT('',(3.62206820192,-10.87197989832,-16.39265237792)
  );
#56 = CARTESIAN_POINT('',(3.668929972978,-10.74382181401,-16.46612165187
    ));
#57 = CARTESIAN_POINT('',(3.745602466697,-10.56770610418,-16.56193376653
    ));
#58 = CARTESIAN_POINT('',(3.768296220347,-10.51866729674,-16.58804820527
    ));
#59 = CARTESIAN_POINT('',(3.792235465824,-10.46985518173,-16.61347536493
    ));
#60 = CARTESIAN_POINT('',(3.817402842268,-10.42130501505,-16.63819690944
    ));
#61 = CARTESIAN_POINT('',(3.843779516156,-10.37305168896,-16.66219538483
    ));
#62 = CARTESIAN_POINT('',(3.911989669689,-10.25447069281,-16.71974845514
    ));
#63 = CARTESIAN_POINT('',(3.955219225439,-10.18453184257,-16.75243477838
    ));
#64 = CARTESIAN_POINT('',(4.000968588557,-10.11542403989,-16.78346000993
    ));
#65 = CARTESIAN_POINT('',(4.049166288899,-10.04725542416,-16.81277555218
    ));
#66 = CARTESIAN_POINT('',(4.099734646167,-9.980131415699,-16.84033738887
    ));
#67 = CARTESIAN_POINT('',(4.201699777222,-9.852852878041,-16.89004890794
    ));
#68 = CARTESIAN_POINT('',(4.252784191971,-9.792541286596,-16.91244377473
    ));
#69 = CARTESIAN_POINT('',(4.305775768594,-9.733302233022,-16.93325909858
    ));
#70 = CARTESIAN_POINT('',(4.360603389117,-9.675215266317,-16.95246691023
    ));
#71 = CARTESIAN_POINT('',(4.417192063148,-9.618357192871,-16.97004285808
    ));
#72 = CARTESIAN_POINT('',(4.584225408952,-9.459108535534,-17.01568711727
    ));
#73 = CARTESIAN_POINT('',(4.698850538652,-9.35995243179,-17.03965108106)
  );
#74 = CARTESIAN_POINT('',(4.818823084221,-9.265817448893,-17.05772278138
    ));
#75 = CARTESIAN_POINT('',(4.943592018824,-9.177145228715,-17.06981246844
    ));
#76 = CARTESIAN_POINT('',(5.072571848947,-9.094335446251,-17.07587534946
    ));
#77 = CARTESIAN_POINT('',(5.339082434535,-8.940366926119,-17.0759469725)
  );
#78 = CARTESIAN_POINT('',(5.476692066357,-8.869334510721,-17.0698308259)
  );
#79 = CARTESIAN_POINT('',(5.617334428319,-8.805017033392,-17.05756267601
    ));
#80 = CARTESIAN_POINT('',(5.76035060684,-8.747731156111,-17.03918885747)
  );
#81 = CARTESIAN_POINT('',(5.905061825688,-8.697740550875,-17.01480254513
    ));
#82 = CARTESIAN_POINT('',(6.128038078696,-8.632724686706,-16.9684987313)
  );
#83 = CARTESIAN_POINT('',(6.205587238078,-8.612304834998,-16.95080172623
    ));
#84 = CARTESIAN_POINT('',(6.283313956731,-8.59402614991,-16.93147427982)
  );
#85 = CARTESIAN_POINT('',(6.361114199622,-8.577914963783,-16.91054090473
    ));
#86 = CARTESIAN_POINT('',(6.438883506082,-8.563992879064,-16.8880297293)
  );
#87 = CARTESIAN_POINT('',(6.600070730691,-8.539667197841,-16.83808068382
    ));
#88 = CARTESIAN_POINT('',(6.68346750859,-8.529612793494,-16.81039793164)
  );
#89 = CARTESIAN_POINT('',(6.766576440793,-8.522134583527,-16.78096387202
    ));
#90 = CARTESIAN_POINT('',(6.849267414958,-8.517246854633,-16.74982271169
    ));
#91 = CARTESIAN_POINT('',(6.931411089095,-8.514957151942,-16.71702323317
    ));
#92 = CARTESIAN_POINT('',(7.06813155049,-8.515475933525,-16.65928519977)
  );
#93 = CARTESIAN_POINT('',(7.12307344931,-8.516880972189,-16.63521332051)
  );
#94 = CARTESIAN_POINT('',(7.177664552424,-8.51948162792,-16.61041978461)
  );
#95 = CARTESIAN_POINT('',(7.231865249997,-8.523276676372,-16.58492210007
    ));
#96 = CARTESIAN_POINT('',(7.285636357963,-8.528263435933,-16.55873865524
    ));
#97 = CARTESIAN_POINT('',(7.47492138752,-8.550189290706,-16.46339104083)
  );
#98 = CARTESIAN_POINT('',(7.607858468362,-8.573670359947,-16.39055405219
    ));
#99 = CARTESIAN_POINT('',(7.737101957362,-8.604811288431,-16.31370043057
    ));
#100 = CARTESIAN_POINT('',(7.862035261567,-8.64348202987,-16.23318336969
    ));
#101 = CARTESIAN_POINT('',(7.982075331867,-8.689492304204,-16.1493857607
    ));
#102 = CARTESIAN_POINT('',(8.206500190495,-8.79347944938,-15.97966280794
    ));
#103 = CARTESIAN_POINT('',(8.311332815505,-8.850879897808,
    -15.89396844992));
#104 = CARTESIAN_POINT('',(8.410690986273,-8.914572480656,
    -15.80599851988));
#105 = CARTESIAN_POINT('',(8.504135943018,-8.984291902763,
    -15.71612988452));
#106 = CARTESIAN_POINT('',(8.591272215962,-9.059728970488,
    -15.62475314844));
#107 = CARTESIAN_POINT('',(8.715012779997,-9.183971187965,
    -15.48255328461));
#108 = CARTESIAN_POINT('',(8.756352765825,-9.228962102818,
    -15.43251503133));
#109 = CARTESIAN_POINT('',(8.795714101265,-9.275449678727,
    -15.38221932441));
#110 = CARTESIAN_POINT('',(8.833046819221,-9.323376453626,
    -15.33172888416));
#111 = CARTESIAN_POINT('',(8.868305231466,-9.37268196988,-15.28110681251
    ));
#112 = CARTESIAN_POINT('',(8.963099342534,-9.51746663026,-15.13612361248
    ));
#113 = CARTESIAN_POINT('',(9.017430817735,-9.616183586859,
    -15.04159305642));
#114 = CARTESIAN_POINT('',(9.064174684197,-9.719042937487,
    -14.94723567869));
#115 = CARTESIAN_POINT('',(9.103119507181,-9.825606566979,
    -14.85345855694));
#116 = CARTESIAN_POINT('',(9.134110203633,-9.935410044687,
    -14.76066424943));
#117 = CARTESIAN_POINT('',(9.185172349554,-10.18596560153,
    -14.55716702337));
#118 = CARTESIAN_POINT('',(9.201191957373,-10.32810945776,
    -14.44715267543));
#119 = CARTESIAN_POINT('',(9.204925969189,-10.47348912194,
    -14.33994134493));
#120 = CARTESIAN_POINT('',(9.196326543771,-10.62117086709,
    -14.23623162588));
#121 = CARTESIAN_POINT('',(9.175478459702,-10.77019694085,
    -14.13668393045));
#122 = CARTESIAN_POINT('',(9.118653968991,-11.02838308253,
    -13.97290551731));
#123 = CARTESIAN_POINT('',(9.088327771461,-11.13737505724,
    -13.90642640566));
#124 = CARTESIAN_POINT('',(9.051703759994,-11.24618917221,
    -13.84271878809));
#125 = CARTESIAN_POINT('',(9.008901144388,-11.3544522611,-13.78200382324
    ));
#126 = CARTESIAN_POINT('',(8.960074286876,-11.46179443371,-13.7244855409
    ));
#127 = CARTESIAN_POINT('',(8.864575118858,-11.64708244821,
    -13.62990680897));
#128 = CARTESIAN_POINT('',(8.820480614541,-11.72559781259,
    -13.59135097976));
#129 = CARTESIAN_POINT('',(8.773207741052,-11.80324349378,
    -13.55476061751));
#130 = CARTESIAN_POINT('',(8.722845127803,-11.87987049421,
    -13.52020681157));
#131 = CARTESIAN_POINT('',(8.669491213343,-11.95533308197,
    -13.48775416277));
#132 = CARTESIAN_POINT('',(8.571526957665,-12.08451161125,
    -13.43498338823));
#133 = CARTESIAN_POINT('',(8.528212256907,-12.13881513404,
    -13.41369469228));
#134 = CARTESIAN_POINT('',(8.483354295608,-12.19234127444,
    -13.39361838049));
#135 = CARTESIAN_POINT('',(8.436999842586,-12.24503341311,
    -13.37477597524));
#136 = CARTESIAN_POINT('',(8.38919828295,-12.29683639607,-13.35718683639
    ));
#137 = CARTESIAN_POINT('',(8.219142833364,-12.47264188537,
    -13.30077895519));
#138 = CARTESIAN_POINT('',(8.089859745965,-12.59190135012,
    -13.26835599237));
#139 = CARTESIAN_POINT('',(7.952930997819,-12.70467209829,
    -13.24385599604));
#140 = CARTESIAN_POINT('',(7.809209906337,-12.81022495447,
    -13.22745083539));
#141 = CARTESIAN_POINT('',(7.659621279135,-12.90790684663,
    -13.21922708296));
#142 = CARTESIAN_POINT('',(7.378032408302,-13.07058639511,
    -13.21915140772));
#143 = CARTESIAN_POINT('',(7.247599428696,-13.13831221908,
    -13.22465943034));
#144 = CARTESIAN_POINT('',(7.114411308715,-13.20000206666,
    -13.23570960456));
#145 = CARTESIAN_POINT('',(6.979036947408,-13.25538180641,
    -13.25226245517));
#146 = CARTESIAN_POINT('',(6.842060896333,-13.3042223782,-13.27423918744
    ));
#147 = CARTESIAN_POINT('',(6.646222183962,-13.3640020602,-13.31296248832
    ));
#148 = CARTESIAN_POINT('',(6.58818550377,-13.38048178985,-13.32533625053
    ));
#149 = CARTESIAN_POINT('',(6.530015986671,-13.39576609995,
    -13.33863443383));
#150 = CARTESIAN_POINT('',(6.471757642562,-13.40984308454,
    -13.35284722572));
#151 = CARTESIAN_POINT('',(6.413454595813,-13.42270235686,
    -13.36796366169));
#152 = CARTESIAN_POINT('',(6.355151085264,-13.43433504936,
    -13.38397162522));
#153 = PCURVE('',#154,#159);
#154 = CYLINDRICAL_SURFACE('',#155,3.);
#155 = AXIS2_PLACEMENT_3D('',#156,#157,#158);
#156 = CARTESIAN_POINT('',(5.463694682336,-9.463396786849,
    -13.02275553302));
#157 = DIRECTION('',(-0.321393804843,0.556670399226,0.766044443119));
#158 = DIRECTION('',(1.065045646056E-17,-0.808963493304,0.587858883153)
  );
#159 = DEFINITIONAL_REPRESENTATION('',(#160),#288);
#160 = B_SPLINE_CURVE_WITH_KNOTS('',6,(#161,#162,#163,#164,#165,#166,
    #167,#168,#169,#170,#171,#172,#173,#174,#175,#176,#177,#178,#179,
    #180,#181,#182,#183,#184,#185,#186,#187,#188,#189,#190,#191,#192,
    #193,#194,#195,#196,#197,#198,#199,#200,#201,#202,#203,#204,#205,
    #206,#207,#208,#209,#210,#211,#212,#213,#214,#215,#216,#217,#218,
    #219,#220,#221,#222,#223,#224,#225,#226,#227,#228,#229,#230,#231,
    #232,#233,#234,#235,#236,#237,#238,#239,#240,#241,#242,#243,#244,
    #245,#246,#247,#248,#249,#250,#251,#252,#253,#254,#255,#256,#257,
    #258,#259,#260,#261,#262,#263,#264,#265,#266,#267,#268,#269,#270,
    #271,#272,#273,#274,#275,#276,#277,#278,#279,#280,#281,#282,#283,
    #284,#285,#286,#287),.UNSPECIFIED.,.F.,.F.,(7,5,5,5,5,5,5,5,5,5,5,5,
    5,5,5,5,5,5,5,5,5,5,5,5,5,7),(0.,9.695689984846E-02,0.148687698229,
    0.192875310227,0.216975576385,0.262166247642,0.311395159965,
    0.330495271273,0.358657633705,0.384824516442,0.433664963578,
    0.483008801593,0.50917546612,0.53733757612,0.556437532314,
    0.605164003282,0.651860923279,0.676965419124,0.723664324035,
    0.780921778995,0.82261919018,0.853770902238,0.876885172045,
    0.933668748082,0.980402634747,1.),.UNSPECIFIED.);
#161 = CARTESIAN_POINT('',(0.,-2.773719933285));
#162 = CARTESIAN_POINT('',(-0.101540063715,-2.773719933285));
#163 = CARTESIAN_POINT('',(-0.203111881272,-2.773719933285));
#164 = CARTESIAN_POINT('',(-0.304654789134,-2.773719933285));
#165 = CARTESIAN_POINT('',(-0.406205615246,-2.773719933285));
#166 = CARTESIAN_POINT('',(-0.507800082536,-2.773719933285));
#167 = CARTESIAN_POINT('',(-0.663568570291,-2.773719933285));
#168 = CARTESIAN_POINT('',(-0.717766904921,-2.773719933285));
#169 = CARTESIAN_POINT('',(-0.771966586542,-2.773719933285));
#170 = CARTESIAN_POINT('',(-0.826169155163,-2.773719933285));
#171 = CARTESIAN_POINT('',(-0.880376058211,-2.773719933285));
#172 = CARTESIAN_POINT('',(-0.980888191636,-2.773719933285));
#173 = CARTESIAN_POINT('',(-1.027194575111,-2.773719933285));
#174 = CARTESIAN_POINT('',(-1.073502074144,-2.773719933285));
#175 = CARTESIAN_POINT('',(-1.119811186373,-2.773719933285));
#176 = CARTESIAN_POINT('',(-1.166122314079,-2.773719933285));
#177 = CARTESIAN_POINT('',(-1.237692362663,-2.773719933285));
#178 = CARTESIAN_POINT('',(-1.262951255217,-2.773719933285));
#179 = CARTESIAN_POINT('',(-1.288210351785,-2.773719933285));
#180 = CARTESIAN_POINT('',(-1.313469567875,-2.773719933285));
#181 = CARTESIAN_POINT('',(-1.338728808101,-2.773719933285));
#182 = CARTESIAN_POINT('',(-1.411351688291,-2.773719933285));
#183 = CARTESIAN_POINT('',(-1.458715865894,-2.773719933285));
#184 = CARTESIAN_POINT('',(-1.506078296518,-2.773719933285));
#185 = CARTESIAN_POINT('',(-1.553438973531,-2.773719933285));
#186 = CARTESIAN_POINT('',(-1.600797770544,-2.773719933285));
#187 = CARTESIAN_POINT('',(-1.699738069058,-2.773719933285));
#188 = CARTESIAN_POINT('',(-1.751320681612,-2.773719933285));
#189 = CARTESIAN_POINT('',(-1.802896208165,-2.773719933285));
#190 = CARTESIAN_POINT('',(-1.85446447742,-2.773719933285));
#191 = CARTESIAN_POINT('',(-1.906025375914,-2.773719933285));
#192 = CARTESIAN_POINT('',(-1.977575960861,-2.773719933285));
#193 = CARTESIAN_POINT('',(-1.9975751235,-2.773719933285));
#194 = CARTESIAN_POINT('',(-2.017572739858,-2.773719933285));
#195 = CARTESIAN_POINT('',(-2.037568748873,-2.773719933285));
#196 = CARTESIAN_POINT('',(-2.057563098315,-2.773719933285));
#197 = CARTESIAN_POINT('',(-2.10703411519,-2.773719933285));
#198 = CARTESIAN_POINT('',(-2.1365088144,-2.773719933285));
#199 = CARTESIAN_POINT('',(-2.165979698576,-2.773719933285));
#200 = CARTESIAN_POINT('',(-2.195446689023,-2.773719933285));
#201 = CARTESIAN_POINT('',(-2.224909772188,-2.773719933285));
#202 = CARTESIAN_POINT('',(-2.281740856433,-2.773719933285));
#203 = CARTESIAN_POINT('',(-2.309109421311,-2.773719933285));
#204 = CARTESIAN_POINT('',(-2.336474749307,-2.773719933285));
#205 = CARTESIAN_POINT('',(-2.363836953712,-2.773719933285));
#206 = CARTESIAN_POINT('',(-2.391196206102,-2.773719933285));
#207 = CARTESIAN_POINT('',(-2.469613658716,-2.773719933285));
#208 = CARTESIAN_POINT('',(-2.52066594665,-2.773719933285));
#209 = CARTESIAN_POINT('',(-2.571709402891,-2.773719933285));
#210 = CARTESIAN_POINT('',(-2.622747310389,-2.773719933285));
#211 = CARTESIAN_POINT('',(-2.673783355769,-2.773719933285));
#212 = CARTESIAN_POINT('',(-2.77637976168,-2.773719933285));
#213 = CARTESIAN_POINT('',(-2.827941835982,-2.773719933285));
#214 = CARTESIAN_POINT('',(-2.879505784182,-2.773719933285));
#215 = CARTESIAN_POINT('',(-2.931075428423,-2.773719933285));
#216 = CARTESIAN_POINT('',(-2.982654169002,-2.773719933285));
#217 = CARTESIAN_POINT('',(-3.061598252711,-2.773719933285));
#218 = CARTESIAN_POINT('',(-3.08895749288,-2.773719933285));
#219 = CARTESIAN_POINT('',(-3.116319696511,-2.773719933285));
#220 = CARTESIAN_POINT('',(-3.143685032482,-2.773719933285));
#221 = CARTESIAN_POINT('',(-3.171053611381,-2.773719933285));
#222 = CARTESIAN_POINT('',(-3.227884713282,-2.773719933285));
#223 = CARTESIAN_POINT('',(-3.257347800694,-2.773719933285));
#224 = CARTESIAN_POINT('',(-3.286814796037,-2.773719933285));
#225 = CARTESIAN_POINT('',(-3.316285682787,-2.773719933285));
#226 = CARTESIAN_POINT('',(-3.345760379617,-2.773719933285));
#227 = CARTESIAN_POINT('',(-3.395231397169,-2.773719933285));
#228 = CARTESIAN_POINT('',(-3.415225753615,-2.773719933285));
#229 = CARTESIAN_POINT('',(-3.435221765645,-2.773719933285));
#230 = CARTESIAN_POINT('',(-3.455219380436,-2.773719933285));
#231 = CARTESIAN_POINT('',(-3.475218536434,-2.773719933285));
#232 = CARTESIAN_POINT('',(-3.546243362371,-2.773719933285));
#233 = CARTESIAN_POINT('',(-3.59727822363,-2.773719933285));
#234 = CARTESIAN_POINT('',(-3.64832031342,-2.773719933285));
#235 = CARTESIAN_POINT('',(-3.69936949684,-2.773719933285));
#236 = CARTESIAN_POINT('',(-3.7504255846,-2.773719933285));
#237 = CARTESIAN_POINT('',(-3.850417653301,-2.773719933285));
#238 = CARTESIAN_POINT('',(-3.899355154699,-2.773719933285));
#239 = CARTESIAN_POINT('',(-3.948294549195,-2.773719933285));
#240 = CARTESIAN_POINT('',(-3.997235759085,-2.773719933285));
#241 = CARTESIAN_POINT('',(-4.046178843495,-2.773719933285));
#242 = CARTESIAN_POINT('',(-4.121432973734,-2.773719933285));
#243 = CARTESIAN_POINT('',(-4.147744734523,-2.773719933285));
#244 = CARTESIAN_POINT('',(-4.174056442263,-2.773719933285));
#245 = CARTESIAN_POINT('',(-4.200367991454,-2.773719933285));
#246 = CARTESIAN_POINT('',(-4.226679289289,-2.773719933285));
#247 = CARTESIAN_POINT('',(-4.301933414068,-2.773719933285));
#248 = CARTESIAN_POINT('',(-4.350876245399,-2.773719933285));
#249 = CARTESIAN_POINT('',(-4.399816587662,-2.773719933285));
#250 = CARTESIAN_POINT('',(-4.448755035576,-2.773719933285));
#251 = CARTESIAN_POINT('',(-4.497692297762,-2.773719933285));
#252 = CARTESIAN_POINT('',(-4.606624769622,-2.773719933285));
#253 = CARTESIAN_POINT('',(-4.666621732435,-2.773719933285));
#254 = CARTESIAN_POINT('',(-4.726612715917,-2.773719933285));
#255 = CARTESIAN_POINT('',(-4.786600168961,-2.773719933285));
#256 = CARTESIAN_POINT('',(-4.846586660266,-2.773719933285));
#257 = CARTESIAN_POINT('',(-4.950248758297,-2.773719933285));
#258 = CARTESIAN_POINT('',(-4.993928425145,-2.773719933285));
#259 = CARTESIAN_POINT('',(-5.037605946134,-2.773719933285));
#260 = CARTESIAN_POINT('',(-5.081281932122,-2.773719933285));
#261 = CARTESIAN_POINT('',(-5.124957005813,-2.773719933285));
#262 = CARTESIAN_POINT('',(-5.20125821881,-2.773719933285));
#263 = CARTESIAN_POINT('',(-5.233885414596,-2.773719933285));
#264 = CARTESIAN_POINT('',(-5.266511943913,-2.773719933285));
#265 = CARTESIAN_POINT('',(-5.299137838738,-2.773719933285));
#266 = CARTESIAN_POINT('',(-5.331763132033,-2.773719933285));
#267 = CARTESIAN_POINT('',(-5.388595089459,-2.773719933285));
#268 = CARTESIAN_POINT('',(-5.412802036201,-2.773719933285));
#269 = CARTESIAN_POINT('',(-5.437008715117,-2.773719933285));
#270 = CARTESIAN_POINT('',(-5.461215143403,-2.773719933285));
#271 = CARTESIAN_POINT('',(-5.485421338302,-2.773719933285));
#272 = CARTESIAN_POINT('',(-5.569092835549,-2.773719933285));
#273 = CARTESIAN_POINT('',(-5.628559102485,-2.773719933285));
#274 = CARTESIAN_POINT('',(-5.688022083131,-2.773719933285));
#275 = CARTESIAN_POINT('',(-5.747484438084,-2.773719933285));
#276 = CARTESIAN_POINT('',(-5.806948826018,-2.773719933285));
#277 = CARTESIAN_POINT('',(-5.915349796389,-2.773719933285));
#278 = CARTESIAN_POINT('',(-5.964289158506,-2.773719933285));
#279 = CARTESIAN_POINT('',(-6.013227790515,-2.773719933285));
#280 = CARTESIAN_POINT('',(-6.062166769821,-2.773719933285));
#281 = CARTESIAN_POINT('',(-6.111107174556,-2.773719933285));
#282 = CARTESIAN_POINT('',(-6.180570118854,-2.773719933285));
#283 = CARTESIAN_POINT('',(-6.201092859253,-2.773719933285));
#284 = CARTESIAN_POINT('',(-6.221615737076,-2.773719933285));
#285 = CARTESIAN_POINT('',(-6.24213876353,-2.773719933285));
#286 = CARTESIAN_POINT('',(-6.262661949825,-2.773719933285));
#287 = CARTESIAN_POINT('',(-6.28318530718,-2.773719933285));
#288 = ( GEOMETRIC_REPRESENTATION_CONTEXT(2) 
PARAMETRIC_REPRESENTATION_CONTEXT() REPRESENTATION_CONTEXT('2D SPACE',''
  ) );
#289 = PCURVE('',#290,#295);
#290 = SPHERICAL_SURFACE('',#291,20.);
#291 = AXIS2_PLACEMENT_3D('',#292,#293,#294);
#292 = CARTESIAN_POINT('',(0.,0.,0.));
#293 = DIRECTION('',(0.,0.,1.));
#294 = DIRECTION('',(1.,0.,0.));
#295 = DEFINITIONAL_REPRESENTATION('',(#296),#424);
#296 = B_SPLINE_CURVE_WITH_KNOTS('',6,(#297,#298,#299,#300,#301,#302,
    #303,#304,#305,#306,#307,#308,#309,#310,#311,#312,#313,#314,#315,
    #316,#317,#318,#319,#320,#321,#322,#323,#324,#325,#326,#327,#328,
    #329,#330,#331,#332,#333,#334,#335,#336,#337,#338,#339,#340,#341,
    #342,#343,#344,#345,#346,#347,#348,#349,#350,#351,#352,#353,#354,
    #355,#356,#357,#358,#359,#360,#361,#362,#363,#364,#365,#366,#367,
    #368,#369,#370,#371,#372,#373,#374,#375,#376,#377,#378,#379,#380,
    #381,#382,#383,#384,#385,#386,#387,#388,#389,#390,#391,#392,#393,
    #394,#395,#396,#397,#398,#399,#400,#401,#402,#403,#404,#405,#406,
    #407,#408,#409,#410,#411,#412,#413,#414,#415,#416,#417,#418,#419,
    #420,#421,#422,#423),.UNSPECIFIED.,.T.,.F.,(7,5,5,5,5,5,5,5,5,5,5,5,
    5,5,5,5,5,5,5,5,5,5,5,5,5,7),(0.,9.695689984846E-02,0.148687698229,
    0.192875310227,0.216975576385,0.262166247642,0.311395159965,
    0.330495271273,0.358657633705,0.384824516442,0.433664963578,
    0.483008801593,0.50917546612,0.53733757612,0.556437532314,
    0.605164003282,0.651860923279,0.676965419124,0.723664324035,
    0.780921778995,0.82261919018,0.853770902238,0.876885172045,
    0.933668748082,0.980402634747,1.),.UNSPECIFIED.);
#297 = CARTESIAN_POINT('',(5.154247455347,-0.733129758858));
#298 = CARTESIAN_POINT('',(5.135046006129,-0.738458902543));
#299 = CARTESIAN_POINT('',(5.116481245829,-0.745288627657));
#300 = CARTESIAN_POINT('',(5.098804030488,-0.753551032267));
#301 = CARTESIAN_POINT('',(5.082245990361,-0.763146060651));
#302 = CARTESIAN_POINT('',(5.067056737037,-0.773952738798));
#303 = CARTESIAN_POINT('',(5.046274117611,-0.792122807962));
#304 = CARTESIAN_POINT('',(5.039508277524,-0.798742179197));
#305 = CARTESIAN_POINT('',(5.033247110421,-0.805634486735));
#306 = CARTESIAN_POINT('',(5.027530970836,-0.812772913442));
#307 = CARTESIAN_POINT('',(5.022400862047,-0.820128010445));
#308 = CARTESIAN_POINT('',(5.014052918112,-0.83410687146));
#309 = CARTESIAN_POINT('',(5.010665188958,-0.84068109702));
#310 = CARTESIAN_POINT('',(5.007761387446,-0.847369457682));
#311 = CARTESIAN_POINT('',(5.005367570691,-0.854150484348));
#312 = CARTESIAN_POINT('',(5.003509502881,-0.861001270462));
#313 = CARTESIAN_POINT('',(5.001504700149,-0.87165826723));
#314 = CARTESIAN_POINT('',(5.000963963251,-0.875432803543));
#315 = CARTESIAN_POINT('',(5.000594105208,-0.879216823959));
#316 = CARTESIAN_POINT('',(5.000399074161,-0.883006237573));
#317 = CARTESIAN_POINT('',(5.000382688796,-0.886796830602));
#318 = CARTESIAN_POINT('',(5.000859812141,-0.897686128424));
#319 = CARTESIAN_POINT('',(5.001812081374,-0.904776997985));
#320 = CARTESIAN_POINT('',(5.003429444443,-0.91182810273));
#321 = CARTESIAN_POINT('',(5.005733923085,-0.918809485529));
#322 = CARTESIAN_POINT('',(5.008743545299,-0.925689956922));
#323 = CARTESIAN_POINT('',(5.016530136786,-0.939787058666));
#324 = CARTESIAN_POINT('',(5.021441150117,-0.946979051668));
#325 = CARTESIAN_POINT('',(5.027218651943,-0.953971109321));
#326 = CARTESIAN_POINT('',(5.033869824419,-0.96072041547));
#327 = CARTESIAN_POINT('',(5.041389391369,-0.967183969049));
#328 = CARTESIAN_POINT('',(5.053001099004,-0.975699717634));
#329 = CARTESIAN_POINT('',(5.056374352165,-0.9780307556));
#330 = CARTESIAN_POINT('',(5.059873767395,-0.980309943729));
#331 = CARTESIAN_POINT('',(5.063497696582,-0.982534856321));
#332 = CARTESIAN_POINT('',(5.067244097077,-0.984703110198));
#333 = CARTESIAN_POINT('',(5.076811437383,-0.989922377455));
#334 = CARTESIAN_POINT('',(5.082773285783,-0.992904158047));
#335 = CARTESIAN_POINT('',(5.088988256492,-0.995750160038));
#336 = CARTESIAN_POINT('',(5.095446480219,-0.998453236116));
#337 = CARTESIAN_POINT('',(5.102136038787,-1.001006638098));
#338 = CARTESIAN_POINT('',(5.115460492501,-1.005631526467));
#339 = CARTESIAN_POINT('',(5.122065704278,-1.007724380559));
#340 = CARTESIAN_POINT('',(5.128847326127,-1.009677496804));
#341 = CARTESIAN_POINT('',(5.135792663758,-1.011486266054));
#342 = CARTESIAN_POINT('',(5.142887602925,-1.01314655242));
#343 = CARTESIAN_POINT('',(5.163609539141,-1.01746963588));
#344 = CARTESIAN_POINT('',(5.177569797669,-1.019754644153));
#345 = CARTESIAN_POINT('',(5.191896882058,-1.021486033407));
#346 = CARTESIAN_POINT('',(5.206474776184,-1.022647202033));
#347 = CARTESIAN_POINT('',(5.221178965092,-1.02322946488));
#348 = CARTESIAN_POINT('',(5.250739490431,-1.023236343663));
#349 = CARTESIAN_POINT('',(5.265596449269,-1.022648966664));
#350 = CARTESIAN_POINT('',(5.280324370145,-1.021470624038));
#351 = CARTESIAN_POINT('',(5.294794824393,-1.019710307339));
#352 = CARTESIAN_POINT('',(5.308888280006,-1.017385249758));
#353 = CARTESIAN_POINT('',(5.329720443683,-1.013000647961));
#354 = CARTESIAN_POINT('',(5.336804436756,-1.011329323369));
#355 = CARTESIAN_POINT('',(5.343737973763,-1.009509757941));
#356 = CARTESIAN_POINT('',(5.350507001898,-1.007546109636));
#357 = CARTESIAN_POINT('',(5.357098892233,-1.005443007266));
#358 = CARTESIAN_POINT('',(5.370394315766,-1.000797467358));
#359 = CARTESIAN_POINT('',(5.377068060439,-0.998233709927));
#360 = CARTESIAN_POINT('',(5.383509793014,-0.995520648596));
#361 = CARTESIAN_POINT('',(5.389707680548,-0.992665049479));
#362 = CARTESIAN_POINT('',(5.395651937878,-0.989674074406));
#363 = CARTESIAN_POINT('',(5.40518904682,-0.98444006943));
#364 = CARTESIAN_POINT('',(5.408923035959,-0.982266048794));
#365 = CARTESIAN_POINT('',(5.412534383397,-0.980035563146));
#366 = CARTESIAN_POINT('',(5.416021071004,-0.977750998495));
#367 = CARTESIAN_POINT('',(5.419381474156,-0.975414782734));
#368 = CARTESIAN_POINT('',(5.430861878176,-0.966943927567));
#369 = CARTESIAN_POINT('',(5.438279609034,-0.960538213402));
#370 = CARTESIAN_POINT('',(5.444846511889,-0.953853447794));
#371 = CARTESIAN_POINT('',(5.450557620457,-0.946931325955));
#372 = CARTESIAN_POINT('',(5.455419904882,-0.939813358511));
#373 = CARTESIAN_POINT('',(5.463308575766,-0.925569975339));
#374 = CARTESIAN_POINT('',(5.466403125434,-0.918456971713));
#375 = CARTESIAN_POINT('',(5.468744992175,-0.911237036605));
#376 = CARTESIAN_POINT('',(5.470354239405,-0.903944547338));
#377 = CARTESIAN_POINT('',(5.471255425988,-0.89661246781));
#378 = CARTESIAN_POINT('',(5.471593427608,-0.885326356786));
#379 = CARTESIAN_POINT('',(5.471514678167,-0.881377961682));
#380 = CARTESIAN_POINT('',(5.471243208247,-0.87743210213));
#381 = CARTESIAN_POINT('',(5.470783368323,-0.873493511353));
#382 = CARTESIAN_POINT('',(5.470139652209,-0.869566777245));
#383 = CARTESIAN_POINT('',(5.467785851553,-0.858382225891));
#384 = CARTESIAN_POINT('',(5.465634698617,-0.851164385485));
#385 = CARTESIAN_POINT('',(5.462893004208,-0.844031647166));
#386 = CARTESIAN_POINT('',(5.459591280685,-0.837010662561));
#387 = CARTESIAN_POINT('',(5.455760304723,-0.830126290825));
#388 = CARTESIAN_POINT('',(5.446122034197,-0.815157314179));
#389 = CARTESIAN_POINT('',(5.440063432672,-0.807152834491));
#390 = CARTESIAN_POINT('',(5.433311586283,-0.799431906489));
#391 = CARTESIAN_POINT('',(5.425921672991,-0.792033017231));
#392 = CARTESIAN_POINT('',(5.417947810854,-0.784990722253));
#393 = CARTESIAN_POINT('',(5.403250415677,-0.773490760002));
#394 = CARTESIAN_POINT('',(5.396775776264,-0.768850607687));
#395 = CARTESIAN_POINT('',(5.390040300196,-0.76442821225));
#396 = CARTESIAN_POINT('',(5.383064056311,-0.760234422591));
#397 = CARTESIAN_POINT('',(5.375866807539,-0.756279005749));
#398 = CARTESIAN_POINT('',(5.362940913182,-0.749800425569));
#399 = CARTESIAN_POINT('',(5.357301161515,-0.747168006941));
#400 = CARTESIAN_POINT('',(5.351557180647,-0.744677185335));
#401 = CARTESIAN_POINT('',(5.345717058007,-0.74233127099));
#402 = CARTESIAN_POINT('',(5.339788811607,-0.740133236523));
#403 = CARTESIAN_POINT('',(5.329322199202,-0.736566477139));
#404 = CARTESIAN_POINT('',(5.324819864761,-0.735130101338));
#405 = CARTESIAN_POINT('',(5.320276634285,-0.733777666017));
#406 = CARTESIAN_POINT('',(5.3156957408,-0.732510144623));
#407 = CARTESIAN_POINT('',(5.31108040279,-0.731328407559));
#408 = CARTESIAN_POINT('',(5.295018825962,-0.727542739522));
#409 = CARTESIAN_POINT('',(5.283414890218,-0.725374539195));
#410 = CARTESIAN_POINT('',(5.271670376685,-0.723740129354));
#411 = CARTESIAN_POINT('',(5.259831910428,-0.722647074491));
#412 = CARTESIAN_POINT('',(5.247945910597,-0.722099127483));
#413 = CARTESIAN_POINT('',(5.22627790277,-0.722094085302));
#414 = CARTESIAN_POINT('',(5.216495403575,-0.722461081967));
#415 = CARTESIAN_POINT('',(5.206739088833,-0.723197338615));
#416 = CARTESIAN_POINT('',(5.197034914058,-0.724301136753));
#417 = CARTESIAN_POINT('',(5.187408912143,-0.725769010599));
#418 = CARTESIAN_POINT('',(5.173895196613,-0.728361710533));
#419 = CARTESIAN_POINT('',(5.169921024898,-0.729190816591));
#420 = CARTESIAN_POINT('',(5.165967211557,-0.730082639023));
#421 = CARTESIAN_POINT('',(5.162035706899,-0.731036739973));
#422 = CARTESIAN_POINT('',(5.15812846733,-0.732052628155));
#423 = CARTESIAN_POINT('',(5.154247455347,-0.733129758858));
#424 = ( GEOMETRIC_REPRESENTATION_CONTEXT(2) 
PARAMETRIC_REPRESENTATION_CONTEXT() REPRESENTATION_CONTEXT('2D SPACE',''
  ) );
#425 = ORIENTED_EDGE('',*,*,#426,.T.);
#426 = EDGE_CURVE('',#22,#427,#429,.T.);
#427 = VERTEX_POINT('',#428);
#428 = CARTESIAN_POINT('',(8.356238925925,-16.90032085979,
    -18.15357887163));
#429 = SEAM_CURVE('',#430,(#434,#441),.PCURVE_S1.);
#430 = LINE('',#431,#432);
#431 = CARTESIAN_POINT('',(5.463694682336,-11.89028726676,
    -11.25917888356));
#432 = VECTOR('',#433,1.);
#433 = DIRECTION('',(0.321393804843,-0.556670399226,-0.766044443119));
#434 = PCURVE('',#154,#435);
#435 = DEFINITIONAL_REPRESENTATION('',(#436),#440);
#436 = LINE('',#437,#438);
#437 = CARTESIAN_POINT('',(-6.28318530718,0.));
#438 = VECTOR('',#439,1.);
#439 = DIRECTION('',(-0.,-1.));
#440 = ( GEOMETRIC_REPRESENTATION_CONTEXT(2) 
PARAMETRIC_REPRESENTATION_CONTEXT() REPRESENTATION_CONTEXT('2D SPACE',''
  ) );
#441 = PCURVE('',#154,#442);
#442 = DEFINITIONAL_REPRESENTATION('',(#443),#447);
#443 = LINE('',#444,#445);
#444 = CARTESIAN_POINT('',(-0.,0.));
#445 = VECTOR('',#446,1.);
#446 = DIRECTION('',(-0.,-1.));
#447 = ( GEOMETRIC_REPRESENTATION_CONTEXT(2) 
PARAMETRIC_REPRESENTATION_CONTEXT() REPRESENTATION_CONTEXT('2D SPACE',''
  ) );
#448 = ORIENTED_EDGE('',*,*,#449,.T.);
#449 = EDGE_CURVE('',#427,#427,#450,.T.);
#450 = SURFACE_CURVE('',#451,(#456,#463),.PCURVE_S1.);
#451 = CIRCLE('',#452,3.);
#452 = AXIS2_PLACEMENT_3D('',#453,#454,#455);
#453 = CARTESIAN_POINT('',(8.356238925925,-14.47343037988,
    -19.91715552109));
#454 = DIRECTION('',(0.321393804843,-0.556670399226,-0.766044443119));
#455 = DIRECTION('',(1.065045646056E-17,-0.808963493304,0.587858883153)
  );
#456 = PCURVE('',#154,#457);
#457 = DEFINITIONAL_REPRESENTATION('',(#458),#462);
#458 = LINE('',#459,#460);
#459 = CARTESIAN_POINT('',(-0.,-9.));
#460 = VECTOR('',#461,1.);
#461 = DIRECTION('',(-1.,0.));
#462 = ( GEOMETRIC_REPRESENTATION_CONTEXT(2) 
PARAMETRIC_REPRESENTATION_CONTEXT() REPRESENTATION_CONTEXT('2D SPACE',''
  ) );
#463 = PCURVE('',#464,#469);
#464 = PLANE('',#465);
#465 = AXIS2_PLACEMENT_3D('',#466,#467,#468);
#466 = CARTESIAN_POINT('',(8.356238925925,-14.47343037988,
    -19.91715552109));
#467 = DIRECTION('',(0.321393804843,-0.556670399226,-0.766044443119));
#468 = DIRECTION('',(2.008797376594E-17,-0.808963493304,0.587858883153)
  );
#469 = DEFINITIONAL_REPRESENTATION('',(#470),#474);
#470 = CIRCLE('',#471,3.);
#471 = AXIS2_PLACEMENT_2D('',#472,#473);
#472 = CARTESIAN_POINT('',(2.481254981846E-15,-9.672875227506E-16));
#473 = DIRECTION('',(1.,-2.9193645958E-17));
#474 = ( GEOMETRIC_REPRESENTATION_CONTEXT(2) 
PARAMETRIC_REPRESENTATION_CONTEXT() REPRESENTATION_CONTEXT('2D SPACE',''
  ) );
#475 = ORIENTED_EDGE('',*,*,#426,.F.);
#476 = ADVANCED_FACE('',(#477,#904,#1267,#1654,#1657,#2059),#290,.T.);
#477 = FACE_BOUND('',#478,.T.);
#478 = EDGE_LOOP('',(#479,#671,#695,#696,#879,#903));
#479 = ORIENTED_EDGE('',*,*,#480,.F.);
#480 = EDGE_CURVE('',#481,#483,#485,.T.);
#481 = VERTEX_POINT('',#482);
#482 = CARTESIAN_POINT('',(10.412168841171,-2.550245848704E-15,
    17.075911103744));
#483 = VERTEX_POINT('',#484);
#484 = CARTESIAN_POINT('',(15.008435499885,-1.838003249514E-15,
    13.219185445624));
#485 = SURFACE_CURVE('',#486,(#544,#605),.PCURVE_S1.);
#486 = B_SPLINE_CURVE_WITH_KNOTS('',6,(#487,#488,#489,#490,#491,#492,
    #493,#494,#495,#496,#497,#498,#499,#500,#501,#502,#503,#504,#505,
    #506,#507,#508,#509,#510,#511,#512,#513,#514,#515,#516,#517,#518,
    #519,#520,#521,#522,#523,#524,#525,#526,#527,#528,#529,#530,#531,
    #532,#533,#534,#535,#536,#537,#538,#539,#540,#541,#542,#543),
  .UNSPECIFIED.,.F.,.F.,(7,5,5,5,5,5,5,5,5,5,5,7),(0.,0.150514725317,
    0.206839229445,0.245039318378,0.342994756373,0.4368907022,
    0.486597640823,0.579995525682,0.694510534568,0.778910256306,
    0.841716294349,1.),.UNSPECIFIED.);
#487 = CARTESIAN_POINT('',(10.412168841171,0.,17.075911103744));
#488 = CARTESIAN_POINT('',(10.412168841171,-0.235916428653,
    17.075911103744));
#489 = CARTESIAN_POINT('',(10.429223026915,-0.471856885477,
    17.061600942776));
#490 = CARTESIAN_POINT('',(10.463337660119,-0.705174455208,
    17.032975366636));
#491 = CARTESIAN_POINT('',(10.514194201138,-0.93330184912,
    16.990301661824));
#492 = CARTESIAN_POINT('',(10.581212976468,-1.153736941544,
    16.934066232163));
#493 = CARTESIAN_POINT('',(10.69425788816,-1.442794405833,
    16.839210288456));
#494 = CARTESIAN_POINT('',(10.727176881122,-1.520097671336,
    16.811587973602));
#495 = CARTESIAN_POINT('',(10.762184431558,-1.59586687357,
    16.782213150943));
#496 = CARTESIAN_POINT('',(10.799227969409,-1.669982108831,
    16.751129931995));
#497 = CARTESIAN_POINT('',(10.838249468079,-1.742327501686,
    16.718387006853));
#498 = CARTESIAN_POINT('',(10.906948812476,-1.86058070218,
    16.660741412307));
#499 = CARTESIAN_POINT('',(10.935592842585,-1.907504783643,
    16.636706217207));
#500 = CARTESIAN_POINT('',(10.965097751902,-1.95352863018,
    16.611948658681));
#501 = CARTESIAN_POINT('',(10.995442707379,-1.998618518063,
    16.586486217733));
#502 = CARTESIAN_POINT('',(11.02660582578,-2.042741819027,
    16.560337256576));
#503 = CARTESIAN_POINT('',(11.140514086735,-2.196451717084,
    16.464756876821));
#504 = CARTESIAN_POINT('',(11.227694987428,-2.30047565533,
    16.391603415204));
#505 = CARTESIAN_POINT('',(11.319716820873,-2.397403274745,16.3143879287
    ));
#506 = CARTESIAN_POINT('',(11.416152379931,-2.486757928407,
    16.233468886661));
#507 = CARTESIAN_POINT('',(11.516538308408,-2.568123344067,
    16.149235091101));
#508 = CARTESIAN_POINT('',(11.719910629859,-2.71114068197,15.97858545118
    ));
#509 = CARTESIAN_POINT('',(11.822620535953,-2.773472464208,
    15.892401606858));
#510 = CARTESIAN_POINT('',(11.92806701988,-2.827829159843,
    15.803921501087));
#511 = CARTESIAN_POINT('',(12.035793491791,-2.873959965794,
    15.713528258238));
#512 = CARTESIAN_POINT('',(12.145326690308,-2.911674831763,
    15.621618991761));
#513 = CARTESIAN_POINT('',(12.314860515189,-2.956286775253,
    15.479363221831));
#514 = CARTESIAN_POINT('',(12.373913187872,-2.969334331822,
    15.429812145963));
#515 = CARTESIAN_POINT('',(12.433263706814,-2.979968420152,
    15.380011147408));
#516 = CARTESIAN_POINT('',(12.49283953021,-2.988175065741,15.33002109597
    ));
#517 = CARTESIAN_POINT('',(12.552567683877,-2.9939452929,15.279903224257
    ));
#518 = CARTESIAN_POINT('',(12.724750511632,-3.003531781466,
    15.135424676992));
#519 = CARTESIAN_POINT('',(12.837406998754,-3.001172500013,
    15.040894660198));
#520 = CARTESIAN_POINT('',(12.94985469913,-2.990171057563,
    14.946539836287));
#521 = CARTESIAN_POINT('',(13.061608487648,-2.97056363408,
    14.852767273558));
#522 = CARTESIAN_POINT('',(13.172188642286,-2.942448366191,
    14.759979506586));
#523 = CARTESIAN_POINT('',(13.414684692676,-2.861277100223,
    14.556501160141));
#524 = CARTESIAN_POINT('',(13.545778814977,-2.804016603039,
    14.446500130469));
#525 = CARTESIAN_POINT('',(13.67352903175,-2.734500143722,
    14.339304970692));
#526 = CARTESIAN_POINT('',(13.797102910117,-2.653153546935,
    14.235614174931));
#527 = CARTESIAN_POINT('',(13.915713555231,-2.560529480294,
    14.136088026362));
#528 = CARTESIAN_POINT('',(14.111838343651,-2.381226970159,
    13.971519788735));
#529 = CARTESIAN_POINT('',(14.191960189963,-2.299388152473,
    13.904289577045));
#530 = CARTESIAN_POINT('',(14.268693989784,-2.212058956706,
    13.839902273916));
#531 = CARTESIAN_POINT('',(14.341766856715,-2.119540313436,
    13.778586858225));
#532 = CARTESIAN_POINT('',(14.410927364308,-2.022163318205,
    13.720554301812));
#533 = CARTESIAN_POINT('',(14.524329512162,-1.844478666382,
    13.625398601373));
#534 = CARTESIAN_POINT('',(14.570420022071,-1.766177197926,
    13.586724071508));
#535 = CARTESIAN_POINT('',(14.61412316015,-1.685532620238,
    13.550052784464));
#536 = CARTESIAN_POINT('',(14.655352619143,-1.602700331707,
    13.51545716063));
#537 = CARTESIAN_POINT('',(14.694030100152,-1.517842772287,
    13.48300290058));
#538 = CARTESIAN_POINT('',(14.820951618149,-1.212594540482,
    13.376503101641));
#539 = CARTESIAN_POINT('',(14.895175788558,-0.982241744875,
    13.314221627626));
#540 = CARTESIAN_POINT('',(14.951602751341,-0.742832382949,
    13.266873783966));
#541 = CARTESIAN_POINT('',(14.989494252543,-0.497285343066,
    13.235079039282));
#542 = CARTESIAN_POINT('',(15.008435499884,-0.248626110036,
    13.219185445624));
#543 = CARTESIAN_POINT('',(15.008435499884,-8.881784197001E-16,
    13.219185445624));
#544 = PCURVE('',#290,#545);
#545 = DEFINITIONAL_REPRESENTATION('',(#546),#604);
#546 = B_SPLINE_CURVE_WITH_KNOTS('',6,(#547,#548,#549,#550,#551,#552,
    #553,#554,#555,#556,#557,#558,#559,#560,#561,#562,#563,#564,#565,
    #566,#567,#568,#569,#570,#571,#572,#573,#574,#575,#576,#577,#578,
    #579,#580,#581,#582,#583,#584,#585,#586,#587,#588,#589,#590,#591,
    #592,#593,#594,#595,#596,#597,#598,#599,#600,#601,#602,#603),
  .UNSPECIFIED.,.F.,.F.,(7,5,5,5,5,5,5,5,5,5,5,7),(0.,0.150514725317,
    0.206839229445,0.245039318378,0.342994756373,0.4368907022,
    0.486597640823,0.579995525682,0.694510534568,0.778910256306,
    0.841716294349,1.),.UNSPECIFIED.);
#547 = CARTESIAN_POINT('',(6.28318530718,1.023232898774));
#548 = CARTESIAN_POINT('',(6.260527546606,1.023232898774));
#549 = CARTESIAN_POINT('',(6.237867560986,1.021858553639));
#550 = CARTESIAN_POINT('',(6.215667838749,1.019109197593));
#551 = CARTESIAN_POINT('',(6.194386334305,1.015034276186));
#552 = CARTESIAN_POINT('',(6.17439254905,1.009725667106));
#553 = CARTESIAN_POINT('',(6.149056006747,1.000902160237));
#554 = CARTESIAN_POINT('',(6.142374349165,0.998343577371));
#555 = CARTESIAN_POINT('',(6.135924365647,0.99563550538));
#556 = CARTESIAN_POINT('',(6.129717931749,0.99278470143));
#557 = CARTESIAN_POINT('',(6.12376487469,0.989798320108));
#558 = CARTESIAN_POINT('',(6.114212643973,0.984571678015));
#559 = CARTESIAN_POINT('',(6.110472446954,0.982400538311));
#560 = CARTESIAN_POINT('',(6.10685480669,0.980172836714));
#561 = CARTESIAN_POINT('',(6.103361753565,0.977890957824));
#562 = CARTESIAN_POINT('',(6.099994923937,0.97555732844));
#563 = CARTESIAN_POINT('',(6.088448948617,0.967063984705));
#564 = CARTESIAN_POINT('',(6.080980364382,0.960629326699));
#565 = CARTESIAN_POINT('',(6.074371369458,0.953912278793));
#566 = CARTESIAN_POINT('',(6.068627083473,0.946955185773));
#567 = CARTESIAN_POINT('',(6.063740430825,0.939800207625));
#568 = CARTESIAN_POINT('',(6.055819939015,0.925480051088));
#569 = CARTESIAN_POINT('',(6.05271757465,0.918327330389));
#570 = CARTESIAN_POINT('',(6.050375842288,0.911066895027));
#571 = CARTESIAN_POINT('',(6.048774298805,0.903733666791));
#572 = CARTESIAN_POINT('',(6.047887925519,0.896361120838));
#573 = CARTESIAN_POINT('',(6.047584523089,0.88507462187));
#574 = CARTESIAN_POINT('',(6.047672310159,0.881165833064));
#575 = CARTESIAN_POINT('',(6.047948815747,0.877259711323));
#576 = CARTESIAN_POINT('',(6.048409814255,0.87336084553));
#577 = CARTESIAN_POINT('',(6.049050943258,0.869473684894));
#578 = CARTESIAN_POINT('',(6.051402372131,0.858328768873));
#579 = CARTESIAN_POINT('',(6.053557202423,0.851111415786));
#580 = CARTESIAN_POINT('',(6.0563024244,0.843979299115));
#581 = CARTESIAN_POINT('',(6.059607524336,0.836959063855));
#582 = CARTESIAN_POINT('',(6.063441725775,0.830075562546));
#583 = CARTESIAN_POINT('',(6.073086842489,0.81510877799));
#584 = CARTESIAN_POINT('',(6.079148989408,0.807105677711));
#585 = CARTESIAN_POINT('',(6.085904157144,0.799386289218));
#586 = CARTESIAN_POINT('',(6.093297171147,0.791989087788));
#587 = CARTESIAN_POINT('',(6.101273917372,0.784948617323));
#588 = CARTESIAN_POINT('',(6.116050573247,0.773393653765));
#589 = CARTESIAN_POINT('',(6.122608513262,0.76870160334));
#590 = CARTESIAN_POINT('',(6.129433243114,0.764232801834));
#591 = CARTESIAN_POINT('',(6.136503967668,0.759998475895));
#592 = CARTESIAN_POINT('',(6.143800212005,0.756008717172));
#593 = CARTESIAN_POINT('',(6.156883646054,0.749492434066));
#594 = CARTESIAN_POINT('',(6.162579365808,0.746852680188));
#595 = CARTESIAN_POINT('',(6.168380344686,0.744357093981));
#596 = CARTESIAN_POINT('',(6.174278302576,0.742009045077));
#597 = CARTESIAN_POINT('',(6.180265030479,0.739811554392));
#598 = CARTESIAN_POINT('',(6.201623344355,0.732615351721));
#599 = CARTESIAN_POINT('',(6.2174284781,0.728435941041));
#600 = CARTESIAN_POINT('',(6.23361322538,0.725273793251));
#601 = CARTESIAN_POINT('',(6.250051595095,0.723155329177));
#602 = CARTESIAN_POINT('',(6.266619549207,0.72209635322));
#603 = CARTESIAN_POINT('',(6.28318530718,0.72209635322));
#604 = ( GEOMETRIC_REPRESENTATION_CONTEXT(2) 
PARAMETRIC_REPRESENTATION_CONTEXT() REPRESENTATION_CONTEXT('2D SPACE',''
  ) );
#605 = PCURVE('',#606,#611);
#606 = CYLINDRICAL_SURFACE('',#607,3.);
#607 = AXIS2_PLACEMENT_3D('',#608,#609,#610);
#608 = CARTESIAN_POINT('',(10.927389364671,0.,13.022755533023));
#609 = DIRECTION('',(-0.642787609687,0.,-0.766044443119));
#610 = DIRECTION('',(0.766044443119,0.,-0.642787609687));
#611 = DEFINITIONAL_REPRESENTATION('',(#612),#670);
#612 = B_SPLINE_CURVE_WITH_KNOTS('',6,(#613,#614,#615,#616,#617,#618,
    #619,#620,#621,#622,#623,#624,#625,#626,#627,#628,#629,#630,#631,
    #632,#633,#634,#635,#636,#637,#638,#639,#640,#641,#642,#643,#644,
    #645,#646,#647,#648,#649,#650,#651,#652,#653,#654,#655,#656,#657,
    #658,#659,#660,#661,#662,#663,#664,#665,#666,#667,#668,#669),
  .UNSPECIFIED.,.F.,.F.,(7,5,5,5,5,5,5,5,5,5,5,7),(0.,0.150514725317,
    0.206839229445,0.245039318378,0.342994756373,0.4368907022,
    0.486597640823,0.579995525682,0.694510534568,0.778910256306,
    0.841716294349,1.),.UNSPECIFIED.);
#613 = CARTESIAN_POINT('',(-3.14159265359,-2.773719933285));
#614 = CARTESIAN_POINT('',(-3.220231463141,-2.773719933285));
#615 = CARTESIAN_POINT('',(-3.298878170639,-2.773719933285));
#616 = CARTESIAN_POINT('',(-3.377526592159,-2.773719933285));
#617 = CARTESIAN_POINT('',(-3.456194518123,-2.773719933285));
#618 = CARTESIAN_POINT('',(-3.534897654899,-2.773719933285));
#619 = CARTESIAN_POINT('',(-3.643080124097,-2.773719933285));
#620 = CARTESIAN_POINT('',(-3.672543209364,-2.773719933285));
#621 = CARTESIAN_POINT('',(-3.702010202253,-2.773719933285));
#622 = CARTESIAN_POINT('',(-3.731481087726,-2.773719933285));
#623 = CARTESIAN_POINT('',(-3.760955785769,-2.773719933285));
#624 = CARTESIAN_POINT('',(-3.810426803006,-2.773719933285));
#625 = CARTESIAN_POINT('',(-3.830421155944,-2.773719933285));
#626 = CARTESIAN_POINT('',(-3.850417166464,-2.773719933285));
#627 = CARTESIAN_POINT('',(-3.870414782042,-2.773719933285));
#628 = CARTESIAN_POINT('',(-3.890413941367,-2.773719933285));
#629 = CARTESIAN_POINT('',(-3.9617016477,-2.773719933285));
#630 = CARTESIAN_POINT('',(-4.012999527764,-2.773719933285));
#631 = CARTESIAN_POINT('',(-4.064304707405,-2.773719933285));
#632 = CARTESIAN_POINT('',(-4.115617062233,-2.773719933285));
#633 = CARTESIAN_POINT('',(-4.166936411765,-2.773719933285));
#634 = CARTESIAN_POINT('',(-4.267454823389,-2.773719933285));
#635 = CARTESIAN_POINT('',(-4.316655453214,-2.773719933285));
#636 = CARTESIAN_POINT('',(-4.365857969647,-2.773719933285));
#637 = CARTESIAN_POINT('',(-4.415062304994,-2.773719933285));
#638 = CARTESIAN_POINT('',(-4.464268531514,-2.773719933285));
#639 = CARTESIAN_POINT('',(-4.53952265459,-2.773719933285));
#640 = CARTESIAN_POINT('',(-4.565571298612,-2.773719933285));
#641 = CARTESIAN_POINT('',(-4.591619886612,-2.773719933285));
#642 = CARTESIAN_POINT('',(-4.617668316688,-2.773719933285));
#643 = CARTESIAN_POINT('',(-4.643716499133,-2.773719933285));
#644 = CARTESIAN_POINT('',(-4.718707519008,-2.773719933285));
#645 = CARTESIAN_POINT('',(-4.767650352158,-2.773719933285));
#646 = CARTESIAN_POINT('',(-4.816590694483,-2.773719933285));
#647 = CARTESIAN_POINT('',(-4.865529141161,-2.773719933285));
#648 = CARTESIAN_POINT('',(-4.914466401207,-2.773719933285));
#649 = CARTESIAN_POINT('',(-5.02339887078,-2.773719933285));
#650 = CARTESIAN_POINT('',(-5.083395833144,-2.773719933285));
#651 = CARTESIAN_POINT('',(-5.143386815985,-2.773719933285));
#652 = CARTESIAN_POINT('',(-5.203374268628,-2.773719933285));
#653 = CARTESIAN_POINT('',(-5.26336076008,-2.773719933285));
#654 = CARTESIAN_POINT('',(-5.367549172535,-2.773719933285));
#655 = CARTESIAN_POINT('',(-5.411755138559,-2.773719933285));
#656 = CARTESIAN_POINT('',(-5.455958889352,-2.773719933285));
#657 = CARTESIAN_POINT('',(-5.500161070913,-2.773719933285));
#658 = CARTESIAN_POINT('',(-5.544362341547,-2.773719933285));
#659 = CARTESIAN_POINT('',(-5.621452829473,-2.773719933285));
#660 = CARTESIAN_POINT('',(-5.654343148673,-2.773719933285));
#661 = CARTESIAN_POINT('',(-5.687232795066,-2.773719933285));
#662 = CARTESIAN_POINT('',(-5.720121801207,-2.773719933285));
#663 = CARTESIAN_POINT('',(-5.753010200629,-2.773719933285));
#664 = CARTESIAN_POINT('',(-5.868781892585,-2.773719933285));
#665 = CARTESIAN_POINT('',(-5.951673221528,-2.773719933285));
#666 = CARTESIAN_POINT('',(-6.034549296758,-2.773719933285));
#667 = CARTESIAN_POINT('',(-6.117423687239,-2.773719933285));
#668 = CARTESIAN_POINT('',(-6.200309937168,-2.773719933285));
#669 = CARTESIAN_POINT('',(-6.28318530718,-2.773719933285));
#670 = ( GEOMETRIC_REPRESENTATION_CONTEXT(2) 
PARAMETRIC_REPRESENTATION_CONTEXT() REPRESENTATION_CONTEXT('2D SPACE',''
  ) );
#671 = ORIENTED_EDGE('',*,*,#672,.T.);
#672 = EDGE_CURVE('',#481,#673,#675,.T.);
#673 = VERTEX_POINT('',#674);
#674 = CARTESIAN_POINT('',(1.224646799147E-15,-2.999519565324E-31,20.));
#675 = SEAM_CURVE('',#676,(#681,#688),.PCURVE_S1.);
#676 = CIRCLE('',#677,20.);
#677 = AXIS2_PLACEMENT_3D('',#678,#679,#680);
#678 = CARTESIAN_POINT('',(0.,0.,0.));
#679 = DIRECTION('',(-2.449293598295E-16,-1.,0.));
#680 = DIRECTION('',(1.,-2.449293598295E-16,0.));
#681 = PCURVE('',#290,#682);
#682 = DEFINITIONAL_REPRESENTATION('',(#683),#687);
#683 = LINE('',#684,#685);
#684 = CARTESIAN_POINT('',(0.,-6.28318530718));
#685 = VECTOR('',#686,1.);
#686 = DIRECTION('',(0.,1.));
#687 = ( GEOMETRIC_REPRESENTATION_CONTEXT(2) 
PARAMETRIC_REPRESENTATION_CONTEXT() REPRESENTATION_CONTEXT('2D SPACE',''
  ) );
#688 = PCURVE('',#290,#689);
#689 = DEFINITIONAL_REPRESENTATION('',(#690),#694);
#690 = LINE('',#691,#692);
#691 = CARTESIAN_POINT('',(6.28318530718,-6.28318530718));
#692 = VECTOR('',#693,1.);
#693 = DIRECTION('',(0.,1.));
#694 = ( GEOMETRIC_REPRESENTATION_CONTEXT(2) 
PARAMETRIC_REPRESENTATION_CONTEXT() REPRESENTATION_CONTEXT('2D SPACE',''
  ) );
#695 = ORIENTED_EDGE('',*,*,#672,.F.);
#696 = ORIENTED_EDGE('',*,*,#697,.F.);
#697 = EDGE_CURVE('',#483,#481,#698,.T.);
#698 = SURFACE_CURVE('',#699,(#757,#818),.PCURVE_S1.);
#699 = B_SPLINE_CURVE_WITH_KNOTS('',6,(#700,#701,#702,#703,#704,#705,
    #706,#707,#708,#709,#710,#711,#712,#713,#714,#715,#716,#717,#718,
    #719,#720,#721,#722,#723,#724,#725,#726,#727,#728,#729,#730,#731,
    #732,#733,#734,#735,#736,#737,#738,#739,#740,#741,#742,#743,#744,
    #745,#746,#747,#748,#749,#750,#751,#752,#753,#754,#755,#756),
  .UNSPECIFIED.,.F.,.F.,(7,5,5,5,5,5,5,5,5,5,5,7),(0.,0.159790235954,
    0.222093767366,0.305488738469,0.420003857778,0.51340183265,
    0.563610905009,0.657004866164,0.755462920782,0.793663247508,
    0.84998813285,1.),.UNSPECIFIED.);
#700 = CARTESIAN_POINT('',(15.008435499884,-7.347880794884E-16,
    13.219185445624));
#701 = CARTESIAN_POINT('',(15.008435499884,0.250998474067,
    13.219185445624));
#702 = CARTESIAN_POINT('',(14.989131051769,0.502024821175,
    13.235383800918));
#703 = CARTESIAN_POINT('',(14.95051462446,0.749847795837,13.267786830831
    ));
#704 = CARTESIAN_POINT('',(14.893016172334,0.991358500198,
    13.316033760802));
#705 = CARTESIAN_POINT('',(14.817401108796,1.223555136062,
    13.379482332729));
#706 = CARTESIAN_POINT('',(14.688792032241,1.529398190029,
    13.487398161432));
#707 = CARTESIAN_POINT('',(14.650139750904,1.613353602484,
    13.519831276446));
#708 = CARTESIAN_POINT('',(14.608982851602,1.695301860912,
    13.554366015471));
#709 = CARTESIAN_POINT('',(14.565398278858,1.775084812792,
    13.590937814386));
#710 = CARTESIAN_POINT('',(14.519470711766,1.852551164115,
    13.629475618993));
#711 = CARTESIAN_POINT('',(14.406804803021,2.027953133611,
    13.724013541467));
#712 = CARTESIAN_POINT('',(14.338283797329,2.123941908634,
    13.781509492072));
#713 = CARTESIAN_POINT('',(14.26595181576,2.21517579448,13.842203231128)
  );
#714 = CARTESIAN_POINT('',(14.190051923278,2.301336049879,
    13.905890802917));
#715 = CARTESIAN_POINT('',(14.110847606162,2.382132728784,
    13.972351116196));
#716 = CARTESIAN_POINT('',(13.915713555255,2.560529480272,
    14.136088026342));
#717 = CARTESIAN_POINT('',(13.797102910161,2.653153546902,
    14.235614174894));
#718 = CARTESIAN_POINT('',(13.673529031803,2.73450014369,14.339304970648
    ));
#719 = CARTESIAN_POINT('',(13.545778815027,2.804016603015,
    14.446500130427));
#720 = CARTESIAN_POINT('',(13.41468469271,2.861277100211,14.556501160113
    ));
#721 = CARTESIAN_POINT('',(13.172188642313,2.942448366182,
    14.759979506563));
#722 = CARTESIAN_POINT('',(13.061608487695,2.970563634069,
    14.852767273519));
#723 = CARTESIAN_POINT('',(12.949854699183,2.990171057555,
    14.946539836242));
#724 = CARTESIAN_POINT('',(12.837406998802,3.001172500011,
    15.040894660158));
#725 = CARTESIAN_POINT('',(12.724750511662,3.003531781468,
    15.135424676967));
#726 = CARTESIAN_POINT('',(12.551963577913,2.993911658565,
    15.280410129348));
#727 = CARTESIAN_POINT('',(12.491632917916,2.988058247384,15.3310335639)
  );
#728 = CARTESIAN_POINT('',(12.431458438961,2.979718990149,
    15.381525946997));
#729 = CARTESIAN_POINT('',(12.371515345405,2.968903189362,
    15.431824174692));
#730 = CARTESIAN_POINT('',(12.311878388262,2.955625351079,
    15.481865523435));
#731 = CARTESIAN_POINT('',(12.142398729182,2.910664083267,
    15.624075842861));
#732 = CARTESIAN_POINT('',(12.033489731589,2.872971865385,
    15.715461342573));
#733 = CARTESIAN_POINT('',(11.926375700265,2.826956494277,
    15.805340686752));
#734 = CARTESIAN_POINT('',(11.821522190992,2.772805636542,15.89332322771
    ));
#735 = CARTESIAN_POINT('',(11.719378404629,2.710766405692,
    15.979032041174));
#736 = CARTESIAN_POINT('',(11.516005609851,2.567748734931,
    16.149682078264));
#737 = CARTESIAN_POINT('',(11.415122459126,2.485922855644,
    16.234333092829));
#738 = CARTESIAN_POINT('',(11.318232911032,2.396027404016,16.3156330769)
  );
#739 = CARTESIAN_POINT('',(11.225807318415,2.298485424914,
    16.393187357576));
#740 = CARTESIAN_POINT('',(11.138279097435,2.193781544992,
    16.466632255518));
#741 = CARTESIAN_POINT('',(11.024137529667,2.039269440779,
    16.562408402935));
#742 = CARTESIAN_POINT('',(10.993027804216,1.995081962771,
    16.588512562086));
#743 = CARTESIAN_POINT('',(10.962737414953,1.949929592168,
    16.613929216545));
#744 = CARTESIAN_POINT('',(10.933288204656,1.903845002146,
    16.638640038044));
#745 = CARTESIAN_POINT('',(10.90470096457,1.856861958878,16.662627580656
    ));
#746 = CARTESIAN_POINT('',(10.836144715489,1.738467329073,
    16.720153103975));
#747 = CARTESIAN_POINT('',(10.797210754842,1.666041605235,
    16.752822575994));
#748 = CARTESIAN_POINT('',(10.760256896901,1.591850125455,
    16.783830544563));
#749 = CARTESIAN_POINT('',(10.725341025247,1.516008880896,16.81312843959
    ));
#750 = CARTESIAN_POINT('',(10.692515562609,1.438637878465,
    16.840672273183));
#751 = CARTESIAN_POINT('',(10.580094895375,1.150052537859,
    16.935004413596));
#752 = CARTESIAN_POINT('',(10.513515410234,0.930251726146,
    16.990871235022));
#753 = CARTESIAN_POINT('',(10.462996153316,0.70283487819,17.033261924869
    ));
#754 = CARTESIAN_POINT('',(10.429109233394,0.470279701486,
    17.061696426877));
#755 = CARTESIAN_POINT('',(10.412168841171,0.235128042505,
    17.075911103744));
#756 = CARTESIAN_POINT('',(10.412168841171,1.836970198721E-16,
    17.075911103744));
#757 = PCURVE('',#290,#758);
#758 = DEFINITIONAL_REPRESENTATION('',(#759),#817);
#759 = B_SPLINE_CURVE_WITH_KNOTS('',6,(#760,#761,#762,#763,#764,#765,
    #766,#767,#768,#769,#770,#771,#772,#773,#774,#775,#776,#777,#778,
    #779,#780,#781,#782,#783,#784,#785,#786,#787,#788,#789,#790,#791,
    #792,#793,#794,#795,#796,#797,#798,#799,#800,#801,#802,#803,#804,
    #805,#806,#807,#808,#809,#810,#811,#812,#813,#814,#815,#816),
  .UNSPECIFIED.,.F.,.F.,(7,5,5,5,5,5,5,5,5,5,5,7),(0.,0.159790235954,
    0.222093767366,0.305488738469,0.420003857778,0.51340183265,
    0.563610905009,0.657004866164,0.755462920782,0.793663247508,
    0.84998813285,1.),.UNSPECIFIED.);
#760 = CARTESIAN_POINT('',(0.,0.72209635322));
#761 = CARTESIAN_POINT('',(1.672382668194E-02,0.72209635322));
#762 = CARTESIAN_POINT('',(3.344949910876E-02,0.723175635005));
#763 = CARTESIAN_POINT('',(5.004176136545E-02,0.725334629494));
#764 = CARTESIAN_POINT('',(6.637323394469E-02,0.728556967652));
#765 = CARTESIAN_POINT('',(8.231421966127E-02,0.732815287604));
#766 = CARTESIAN_POINT('',(0.103735121437,0.740109132473));
#767 = CARTESIAN_POINT('',(0.109664168867,0.742305794949));
#768 = CARTESIAN_POINT('',(0.115505151648,0.744650358708));
#769 = CARTESIAN_POINT('',(0.12125005213,0.747139853006));
#770 = CARTESIAN_POINT('',(0.126890783289,0.74977096947));
#771 = CARTESIAN_POINT('',(0.139819109749,0.756246567883));
#772 = CARTESIAN_POINT('',(0.147017858888,0.760200326514));
#773 = CARTESIAN_POINT('',(0.153995712262,0.76439251086));
#774 = CARTESIAN_POINT('',(0.160732908192,0.768813358321));
#775 = CARTESIAN_POINT('',(0.167209379198,0.773452024437));
#776 = CARTESIAN_POINT('',(0.181911389806,0.784948617321));
#777 = CARTESIAN_POINT('',(0.18988813603,0.791989087786));
#778 = CARTESIAN_POINT('',(0.197281150033,0.799386289214));
#779 = CARTESIAN_POINT('',(0.204036317769,0.807105677707));
#780 = CARTESIAN_POINT('',(0.210098464689,0.815108777988));
#781 = CARTESIAN_POINT('',(0.219743581404,0.830075562544));
#782 = CARTESIAN_POINT('',(0.223577782842,0.836959063852));
#783 = CARTESIAN_POINT('',(0.226882882779,0.843979299111));
#784 = CARTESIAN_POINT('',(0.229628104755,0.851111415783));
#785 = CARTESIAN_POINT('',(0.231782935048,0.858328768871));
#786 = CARTESIAN_POINT('',(0.234142613944,0.869512786994));
#787 = CARTESIAN_POINT('',(0.234788427359,0.873439374978));
#788 = CARTESIAN_POINT('',(0.235250406194,0.877377861374));
#789 = CARTESIAN_POINT('',(0.235524055787,0.8813236593));
#790 = CARTESIAN_POINT('',(0.235605024541,0.88527203652));
#791 = CARTESIAN_POINT('',(0.235273479816,0.896558222005));
#792 = CARTESIAN_POINT('',(0.234376625341,0.903890503867));
#793 = CARTESIAN_POINT('',(0.232771833621,0.911183356367));
#794 = CARTESIAN_POINT('',(0.230434532627,0.918403821486));
#795 = CARTESIAN_POINT('',(0.227344640243,0.925517526928));
#796 = CARTESIAN_POINT('',(0.219424129999,0.939837716794));
#797 = CARTESIAN_POINT('',(0.214508061703,0.947028595128));
#798 = CARTESIAN_POINT('',(0.208725460873,0.954019338678));
#799 = CARTESIAN_POINT('',(0.202069184358,0.960767128703));
#800 = CARTESIAN_POINT('',(0.19454455649,0.96722896437));
#801 = CARTESIAN_POINT('',(0.182925962847,0.975742055186));
#802 = CARTESIAN_POINT('',(0.179550798939,0.978072321103));
#803 = CARTESIAN_POINT('',(0.176049491332,0.980350707633));
#804 = CARTESIAN_POINT('',(0.172423691637,0.982574789403));
#805 = CARTESIAN_POINT('',(0.168675446156,0.98474218366));
#806 = CARTESIAN_POINT('',(0.159103612365,0.989959254233));
#807 = CARTESIAN_POINT('',(0.153139149733,0.992939664534));
#808 = CARTESIAN_POINT('',(0.146921640752,0.995784236394));
#809 = CARTESIAN_POINT('',(0.140460967235,0.998485824674));
#810 = CARTESIAN_POINT('',(0.133769060041,1.00103768387));
#811 = CARTESIAN_POINT('',(0.108458509871,1.009814236865));
#812 = CARTESIAN_POINT('',(8.851440789021E-02,1.015088664721));
#813 = CARTESIAN_POINT('',(6.729485245685E-02,1.019136721324));
#814 = CARTESIAN_POINT('',(4.51662726072E-02,1.021867723479));
#815 = CARTESIAN_POINT('',(2.258204280896E-02,1.023232898774));
#816 = CARTESIAN_POINT('',(1.764253179854E-17,1.023232898774));
#817 = ( GEOMETRIC_REPRESENTATION_CONTEXT(2) 
PARAMETRIC_REPRESENTATION_CONTEXT() REPRESENTATION_CONTEXT('2D SPACE',''
  ) );
#818 = PCURVE('',#606,#819);
#819 = DEFINITIONAL_REPRESENTATION('',(#820),#878);
#820 = B_SPLINE_CURVE_WITH_KNOTS('',6,(#821,#822,#823,#824,#825,#826,
    #827,#828,#829,#830,#831,#832,#833,#834,#835,#836,#837,#838,#839,
    #840,#841,#842,#843,#844,#845,#846,#847,#848,#849,#850,#851,#852,
    #853,#854,#855,#856,#857,#858,#859,#860,#861,#862,#863,#864,#865,
    #866,#867,#868,#869,#870,#871,#872,#873,#874,#875,#876,#877),
  .UNSPECIFIED.,.F.,.F.,(7,5,5,5,5,5,5,5,5,5,5,7),(0.,0.159790235954,
    0.222093767366,0.305488738469,0.420003857778,0.51340183265,
    0.563610905009,0.657004866164,0.755462920782,0.793663247508,
    0.84998813285,1.),.UNSPECIFIED.);
#821 = CARTESIAN_POINT('',(0.,-2.773719933285));
#822 = CARTESIAN_POINT('',(-8.366615802239E-02,-2.773719933285));
#823 = CARTESIAN_POINT('',(-0.167341436034,-2.773719933285));
#824 = CARTESIAN_POINT('',(-0.251004129129,-2.773719933285));
#825 = CARTESIAN_POINT('',(-0.334669159655,-2.773719933285));
#826 = CARTESIAN_POINT('',(-0.418350519052,-2.773719933285));
#827 = CARTESIAN_POINT('',(-0.534648075306,-2.773719933285));
#828 = CARTESIAN_POINT('',(-0.567273369158,-2.773719933285));
#829 = CARTESIAN_POINT('',(-0.599899264161,-2.773719933285));
#830 = CARTESIAN_POINT('',(-0.632525793282,-2.773719933285));
#831 = CARTESIAN_POINT('',(-0.665152988507,-2.773719933285));
#832 = CARTESIAN_POINT('',(-0.741454202042,-2.773719933285));
#833 = CARTESIAN_POINT('',(-0.785129276551,-2.773719933285));
#834 = CARTESIAN_POINT('',(-0.828805262751,-2.773719933285));
#835 = CARTESIAN_POINT('',(-0.872482783389,-2.773719933285));
#836 = CARTESIAN_POINT('',(-0.91616244938,-2.773719933285));
#837 = CARTESIAN_POINT('',(-1.019824547086,-2.773719933285));
#838 = CARTESIAN_POINT('',(-1.07981103853,-2.773719933285));
#839 = CARTESIAN_POINT('',(-1.139798491169,-2.773719933285));
#840 = CARTESIAN_POINT('',(-1.199789474013,-2.773719933285));
#841 = CARTESIAN_POINT('',(-1.259786436385,-2.773719933285));
#842 = CARTESIAN_POINT('',(-1.368718905961,-2.773719933285));
#843 = CARTESIAN_POINT('',(-1.417656165998,-2.773719933285));
#844 = CARTESIAN_POINT('',(-1.466594612673,-2.773719933285));
#845 = CARTESIAN_POINT('',(-1.515534955001,-2.773719933285));
#846 = CARTESIAN_POINT('',(-1.564477788158,-2.773719933285));
#847 = CARTESIAN_POINT('',(-1.639731915134,-2.773719933285));
#848 = CARTESIAN_POINT('',(-1.666043211664,-2.773719933285));
#849 = CARTESIAN_POINT('',(-1.692354760308,-2.773719933285));
#850 = CARTESIAN_POINT('',(-1.718666468352,-2.773719933285));
#851 = CARTESIAN_POINT('',(-1.744978230386,-2.773719933285));
#852 = CARTESIAN_POINT('',(-1.820232352013,-2.773719933285));
#853 = CARTESIAN_POINT('',(-1.869175429072,-2.773719933285));
#854 = CARTESIAN_POINT('',(-1.918116635849,-2.773719933285));
#855 = CARTESIAN_POINT('',(-1.967056032036,-2.773719933285));
#856 = CARTESIAN_POINT('',(-2.015993540407,-2.773719933285));
#857 = CARTESIAN_POINT('',(-2.116512185976,-2.773719933285));
#858 = CARTESIAN_POINT('',(-2.168094808382,-2.773719933285));
#859 = CARTESIAN_POINT('',(-2.219670338058,-2.773719933285));
#860 = CARTESIAN_POINT('',(-2.271238603668,-2.773719933285));
#861 = CARTESIAN_POINT('',(-2.322799492153,-2.773719933285));
#862 = CARTESIAN_POINT('',(-2.394350063433,-2.773719933285));
#863 = CARTESIAN_POINT('',(-2.414349227054,-2.773719933285));
#864 = CARTESIAN_POINT('',(-2.434346843643,-2.773719933285));
#865 = CARTESIAN_POINT('',(-2.45434285221,-2.773719933285));
#866 = CARTESIAN_POINT('',(-2.474337200616,-2.773719933285));
#867 = CARTESIAN_POINT('',(-2.52380821737,-2.773719933285));
#868 = CARTESIAN_POINT('',(-2.553282916914,-2.773719933285));
#869 = CARTESIAN_POINT('',(-2.582753800699,-2.773719933285));
#870 = CARTESIAN_POINT('',(-2.612220790423,-2.773719933285));
#871 = CARTESIAN_POINT('',(-2.641683872975,-2.773719933285));
#872 = CARTESIAN_POINT('',(-2.749602802397,-2.773719933285));
#873 = CARTESIAN_POINT('',(-2.828042479428,-2.773719933285));
#874 = CARTESIAN_POINT('',(-2.906447330458,-2.773719933285));
#875 = CARTESIAN_POINT('',(-2.984832861979,-2.773719933285));
#876 = CARTESIAN_POINT('',(-3.063216639421,-2.773719933285));
#877 = CARTESIAN_POINT('',(-3.14159265359,-2.773719933285));
#878 = ( GEOMETRIC_REPRESENTATION_CONTEXT(2) 
PARAMETRIC_REPRESENTATION_CONTEXT() REPRESENTATION_CONTEXT('2D SPACE',''
  ) );
#879 = ORIENTED_EDGE('',*,*,#880,.F.);
#880 = EDGE_CURVE('',#881,#483,#883,.T.);
#881 = VERTEX_POINT('',#882);
#882 = CARTESIAN_POINT('',(1.224646799147E-15,-2.999519565324E-31,-20.)
  );
#883 = SEAM_CURVE('',#884,(#889,#896),.PCURVE_S1.);
#884 = CIRCLE('',#885,20.);
#885 = AXIS2_PLACEMENT_3D('',#886,#887,#888);
#886 = CARTESIAN_POINT('',(0.,0.,0.));
#887 = DIRECTION('',(-2.449293598295E-16,-1.,0.));
#888 = DIRECTION('',(1.,-2.449293598295E-16,0.));
#889 = PCURVE('',#290,#890);
#890 = DEFINITIONAL_REPRESENTATION('',(#891),#895);
#891 = LINE('',#892,#893);
#892 = CARTESIAN_POINT('',(6.28318530718,-6.28318530718));
#893 = VECTOR('',#894,1.);
#894 = DIRECTION('',(0.,1.));
#895 = ( GEOMETRIC_REPRESENTATION_CONTEXT(2) 
PARAMETRIC_REPRESENTATION_CONTEXT() REPRESENTATION_CONTEXT('2D SPACE',''
  ) );
#896 = PCURVE('',#290,#897);
#897 = DEFINITIONAL_REPRESENTATION('',(#898),#902);
#898 = LINE('',#899,#900);
#899 = CARTESIAN_POINT('',(0.,-6.28318530718));
#900 = VECTOR('',#901,1.);
#901 = DIRECTION('',(0.,1.));
#902 = ( GEOMETRIC_REPRESENTATION_CONTEXT(2) 
PARAMETRIC_REPRESENTATION_CONTEXT() REPRESENTATION_CONTEXT('2D SPACE',''
  ) );
#903 = ORIENTED_EDGE('',*,*,#880,.T.);
#904 = FACE_BOUND('',#905,.T.);
#905 = EDGE_LOOP('',(#906));
#906 = ORIENTED_EDGE('',*,*,#907,.F.);
#907 = EDGE_CURVE('',#908,#908,#910,.T.);
#908 = VERTEX_POINT('',#909);
#909 = CARTESIAN_POINT('',(6.355151085264,8.580554089541,-16.91112492414
    ));
#910 = SURFACE_CURVE('',#911,(#1026,#1144),.PCURVE_S1.);
#911 = B_SPLINE_CURVE_WITH_KNOTS('',5,(#912,#913,#914,#915,#916,#917,
    #918,#919,#920,#921,#922,#923,#924,#925,#926,#927,#928,#929,#930,
    #931,#932,#933,#934,#935,#936,#937,#938,#939,#940,#941,#942,#943,
    #944,#945,#946,#947,#948,#949,#950,#951,#952,#953,#954,#955,#956,
    #957,#958,#959,#960,#961,#962,#963,#964,#965,#966,#967,#968,#969,
    #970,#971,#972,#973,#974,#975,#976,#977,#978,#979,#980,#981,#982,
    #983,#984,#985,#986,#987,#988,#989,#990,#991,#992,#993,#994,#995,
    #996,#997,#998,#999,#1000,#1001,#1002,#1003,#1004,#1005,#1006,#1007,
    #1008,#1009,#1010,#1011,#1012,#1013,#1014,#1015,#1016,#1017,#1018,
    #1019,#1020,#1021,#1022,#1023,#1024,#1025),.UNSPECIFIED.,.T.,.F.,(6,
    4,4,4,4,4,4,4,4,4,4,4,4,4,4,4,4,4,4,4,4,4,4,4,4,4,4,4,6),(0.,
    2.415742473042E-02,6.645381314151E-02,0.115293880659,0.141460560011,
    0.169622703547,0.188722666398,0.237951196083,0.28464773135,
    0.309752035889,0.356450599917,0.413707643935,0.455404752095,
    0.486556233945,0.509167838749,0.525750315196,0.566453898115,
    0.623237033551,0.646351124007,0.67750259435,0.719199681993,
    0.776456692675,0.823155235235,0.848259536288,0.894956093949,
    0.933130312802,0.947702766857,0.968312547282,1.),.UNSPECIFIED.);
#912 = CARTESIAN_POINT('',(6.355151085264,8.580554089541,-16.91112492414
    ));
#913 = CARTESIAN_POINT('',(6.269016731402,8.597739580485,-16.93477419641
    ));
#914 = CARTESIAN_POINT('',(6.182900704855,8.617710062989,-16.95639197735
    ));
#915 = CARTESIAN_POINT('',(6.096960266047,8.640432457113,-16.97593632696
    ));
#916 = CARTESIAN_POINT('',(6.011356944515,8.665862527615,-16.99337162048
    ));
#917 = CARTESIAN_POINT('',(5.777257220914,8.74311329757,-17.03545140347)
  );
#918 = CARTESIAN_POINT('',(5.629792346272,8.800414334026,-17.05568065576
    ));
#919 = CARTESIAN_POINT('',(5.484732741484,8.865554058228,-17.06920454739
    ));
#920 = CARTESIAN_POINT('',(5.342915759468,8.938152337284,-17.07594800269
    ));
#921 = CARTESIAN_POINT('',(5.046057430379,9.109653358596,-17.07586822387
    ));
#922 = CARTESIAN_POINT('',(4.892359313046,9.210891163775,-17.06678459072
    ));
#923 = CARTESIAN_POINT('',(4.745286855395,9.320743734011,-17.04866097204
    ));
#924 = CARTESIAN_POINT('',(4.605977905167,9.438369827349,-17.02163129908
    ));
#925 = CARTESIAN_POINT('',(4.405537890202,9.629468216152,-16.96685818805
    ));
#926 = CARTESIAN_POINT('',(4.338136138574,9.698088791399,-16.94527127132
    ));
#927 = CARTESIAN_POINT('',(4.273415398613,9.768515674645,-16.92124692585
    ));
#928 = CARTESIAN_POINT('',(4.211521778685,9.8405925105,-16.8948374725));
#929 = CARTESIAN_POINT('',(4.089163621418,9.99332675569,-16.83518364962)
  );
#930 = CARTESIAN_POINT('',(4.029167622639,10.074219758397,
    -16.80157150346));
#931 = CARTESIAN_POINT('',(3.972769554475,10.156628321385,-16.7653485164
    ));
#932 = CARTESIAN_POINT('',(3.920118567367,10.240338884948,
    -16.72660730233));
#933 = CARTESIAN_POINT('',(3.838266383128,10.382636080332,
    -16.65754361795));
#934 = CARTESIAN_POINT('',(3.806971071838,10.440639482416,
    -16.62852355518));
#935 = CARTESIAN_POINT('',(3.777499859809,10.499070881061,
    -16.59842717468));
#936 = CARTESIAN_POINT('',(3.749888941424,10.557860128108,
    -16.56729026647));
#937 = CARTESIAN_POINT('',(3.657881948961,10.769198979899,
    -16.45231572888));
#938 = CARTESIAN_POINT('',(3.6041613284,10.923370357535,-16.36282070243)
  );
#939 = CARTESIAN_POINT('',(3.563555719985,11.078220416766,
    -16.26733008963));
#940 = CARTESIAN_POINT('',(3.536399606307,11.232510973658,
    -16.16660332385));
#941 = CARTESIAN_POINT('',(3.509918640745,11.529656306252,
    -15.96178336326));
#942 = CARTESIAN_POINT('',(3.509233518208,11.672697807147,-15.85812518)
  );
#943 = CARTESIAN_POINT('',(3.520852591134,11.813075719167,
    -15.75124035482));
#944 = CARTESIAN_POINT('',(3.544694251313,11.94977949997,-15.64189746896
    ));
#945 = CARTESIAN_POINT('',(3.599747633273,12.152849554392,
    -15.47123256128));
#946 = CARTESIAN_POINT('',(3.622454117102,12.222512003306,
    -15.41108364055));
#947 = CARTESIAN_POINT('',(3.648578101998,12.290687515706,
    -15.35058143729));
#948 = CARTESIAN_POINT('',(3.678065164023,12.357234352518,
    -15.28985178421));
#949 = CARTESIAN_POINT('',(3.771826256155,12.542525647258,
    -15.11586656134));
#950 = CARTESIAN_POINT('',(3.844207192922,12.656933411078,
    -15.00236113615));
#951 = CARTESIAN_POINT('',(3.927544978318,12.764366817761,
    -14.88932690413));
#952 = CARTESIAN_POINT('',(4.021239601858,12.864057059629,
    -14.77757427795));
#953 = CARTESIAN_POINT('',(4.251198455141,13.067271416975,
    -14.53342294975));
#954 = CARTESIAN_POINT('',(4.392306780471,13.166573418146,
    -14.40206004109));
#955 = CARTESIAN_POINT('',(4.546476090703,13.2520317154,-14.2752773635)
  );
#956 = CARTESIAN_POINT('',(4.712045457356,13.322732505376,
    -14.15443580329));
#957 = CARTESIAN_POINT('',(5.014587360235,13.418376957597,
    -13.95800134045));
#958 = CARTESIAN_POINT('',(5.147109237649,13.45053607269,-13.87903237411
    ));
#959 = CARTESIAN_POINT('',(5.283933367545,13.474321619698,
    -13.80434331636));
#960 = CARTESIAN_POINT('',(5.424278569857,13.489599460264,
    -13.73435938703));
#961 = CARTESIAN_POINT('',(5.674187321202,13.50136162714,-13.62096286628
    ));
#962 = CARTESIAN_POINT('',(5.782560342803,13.501621904381,
    -13.57530584638));
#963 = CARTESIAN_POINT('',(5.89209789758,13.497097209382,-13.53263739806
    ));
#964 = CARTESIAN_POINT('',(6.002451162046,13.487802407483,
    -13.49309306779));
#965 = CARTESIAN_POINT('',(6.193700483735,13.463606439372,
    -13.43043721489));
#966 = CARTESIAN_POINT('',(6.27437893373,13.450940697428,-13.40579254765
    ));
#967 = CARTESIAN_POINT('',(6.355164941815,13.435802819692,
    -13.38289921002));
#968 = CARTESIAN_POINT('',(6.435922876286,13.418218345142,
    -13.36179554756));
#969 = CARTESIAN_POINT('',(6.575621595622,13.383555811432,
    -13.32837360097));
#970 = CARTESIAN_POINT('',(6.634638169203,13.367592894135,
    -13.31521316664));
#971 = CARTESIAN_POINT('',(6.693513223174,13.350345614419,
    -13.30304542937));
#972 = CARTESIAN_POINT('',(6.752193576715,13.331829586568,
    -13.29188135455));
#973 = CARTESIAN_POINT('',(6.954056286906,13.263542706078,
    -13.25681271108));
#974 = CARTESIAN_POINT('',(7.095996295614,13.20748557321,-13.23799749343
    ));
#975 = CARTESIAN_POINT('',(7.235660615728,13.144157781495,
    -13.22542049449));
#976 = CARTESIAN_POINT('',(7.372290618708,13.073903542326,
    -13.21914986465));
#977 = CARTESIAN_POINT('',(7.690513889215,12.890059565085,
    -13.21923538515));
#978 = CARTESIAN_POINT('',(7.868557914899,12.770307649162,
    -13.23155856051));
#979 = CARTESIAN_POINT('',(8.03730408074,12.639036547435,-13.25615343158
    ));
#980 = CARTESIAN_POINT('',(8.194971076416,12.497630955512,
    -13.29276111397));
#981 = CARTESIAN_POINT('',(8.399037615919,12.286664368351,-13.3604505714
    ));
#982 = CARTESIAN_POINT('',(8.455980955919,12.224217935498,
    -13.38193867715));
#983 = CARTESIAN_POINT('',(8.510727635298,12.160464613389,
    -13.40529808383));
#984 = CARTESIAN_POINT('',(8.563181500127,12.095516175353,
    -13.43048790919));
#985 = CARTESIAN_POINT('',(8.68073860694,11.940501940216,-13.49381283863
    ));
#986 = CARTESIAN_POINT('',(8.743898388235,11.849554771213,
    -13.53340379804));
#987 = CARTESIAN_POINT('',(8.80251709387,11.756932216347,-13.57611743699
    ));
#988 = CARTESIAN_POINT('',(8.856407655884,11.662929005094,-13.6218180653
    ));
#989 = CARTESIAN_POINT('',(8.971006657506,11.440583387695,
    -13.73531254362));
#990 = CARTESIAN_POINT('',(9.02784838783,11.311386697815,-13.80534946306
    ));
#991 = CARTESIAN_POINT('',(9.075559132158,11.180991646609,
    -13.88008811311));
#992 = CARTESIAN_POINT('',(9.113865050068,11.050141878504,
    -13.95910299076));
#993 = CARTESIAN_POINT('',(9.182054438923,10.740318508482,
    -14.15563708653));
#994 = CARTESIAN_POINT('',(9.203462596195,10.561597046407,
    -14.27652889555));
#995 = CARTESIAN_POINT('',(9.206389342183,10.385381197482,
    -14.40335379431));
#996 = CARTESIAN_POINT('',(9.190797187753,10.213565978325,
    -14.53475043766));
#997 = CARTESIAN_POINT('',(9.129522612648,9.912899310108,-14.77894710894
    ));
#998 = CARTESIAN_POINT('',(9.089917954447,9.781960195414,-14.89071428095
    ));
#999 = CARTESIAN_POINT('',(9.038431413947,9.65612567956,-15.00375707644)
  );
#1000 = CARTESIAN_POINT('',(8.975429625313,9.536299401455,
    -15.11726501637));
#1001 = CARTESIAN_POINT('',(8.86167669203,9.362557809,-15.29124485641));
#1002 = CARTESIAN_POINT('',(8.818731882816,9.303785775939,
    -15.35197089803));
#1003 = CARTESIAN_POINT('',(8.772696319714,9.247113581514,
    -15.41246775079));
#1004 = CARTESIAN_POINT('',(8.723665658047,9.192659145426,
    -15.47260959242));
#1005 = CARTESIAN_POINT('',(8.575176981206,9.043568484454,
    -15.64324942901));
#1006 = CARTESIAN_POINT('',(8.468615423924,8.954653611917,
    -15.75257011228));
#1007 = CARTESIAN_POINT('',(8.35276654862,8.874491349395,-15.85942692749
    ));
#1008 = CARTESIAN_POINT('',(8.228465349274,8.803656994633,
    -15.96305149479));
#1009 = CARTESIAN_POINT('',(7.98893590533,8.692671147461,-16.14419740148
    ));
#1010 = CARTESIAN_POINT('',(7.876189031148,8.649277796486,
    -16.22303348133));
#1011 = CARTESIAN_POINT('',(7.758959179505,8.61265182411,-16.29883266406
    ));
#1012 = CARTESIAN_POINT('',(7.637812179046,8.582965995121,
    -16.37123201138));
#1013 = CARTESIAN_POINT('',(7.46584428544,8.551683075405,-16.46611383148
    ));
#1014 = CARTESIAN_POINT('',(7.4178516114,8.54406710644,-16.49178353352)
  );
#1015 = CARTESIAN_POINT('',(7.369409793383,8.537483596075,
    -16.51689140516));
#1016 = CARTESIAN_POINT('',(7.320552942524,8.531936883307,
    -16.54141998202));
#1017 = CARTESIAN_POINT('',(7.201679721601,8.521055513273,
    -16.59920051129));
#1018 = CARTESIAN_POINT('',(7.131282827686,8.516760758683,
    -16.63185643427));
#1019 = CARTESIAN_POINT('',(7.060223295067,8.514553646059,-16.6632733162
    ));
#1020 = CARTESIAN_POINT('',(6.988600867591,8.5144363405,-16.69340773623)
  );
#1021 = CARTESIAN_POINT('',(6.805687850807,8.519432036046,
    -16.76651857868));
#1022 = CARTESIAN_POINT('',(6.693766944822,8.527390297654,
    -16.80769185189));
#1023 = CARTESIAN_POINT('',(6.581122983812,8.540265991871,
    -16.84559507492));
#1024 = CARTESIAN_POINT('',(6.468126785168,8.558013224248,
    -16.88010602206));
#1025 = CARTESIAN_POINT('',(6.355151085264,8.580554089541,
    -16.91112492414));
#1026 = PCURVE('',#290,#1027);
#1027 = DEFINITIONAL_REPRESENTATION('',(#1028),#1143);
#1028 = B_SPLINE_CURVE_WITH_KNOTS('',5,(#1029,#1030,#1031,#1032,#1033,
    #1034,#1035,#1036,#1037,#1038,#1039,#1040,#1041,#1042,#1043,#1044,
    #1045,#1046,#1047,#1048,#1049,#1050,#1051,#1052,#1053,#1054,#1055,
    #1056,#1057,#1058,#1059,#1060,#1061,#1062,#1063,#1064,#1065,#1066,
    #1067,#1068,#1069,#1070,#1071,#1072,#1073,#1074,#1075,#1076,#1077,
    #1078,#1079,#1080,#1081,#1082,#1083,#1084,#1085,#1086,#1087,#1088,
    #1089,#1090,#1091,#1092,#1093,#1094,#1095,#1096,#1097,#1098,#1099,
    #1100,#1101,#1102,#1103,#1104,#1105,#1106,#1107,#1108,#1109,#1110,
    #1111,#1112,#1113,#1114,#1115,#1116,#1117,#1118,#1119,#1120,#1121,
    #1122,#1123,#1124,#1125,#1126,#1127,#1128,#1129,#1130,#1131,#1132,
    #1133,#1134,#1135,#1136,#1137,#1138,#1139,#1140,#1141,#1142),
  .UNSPECIFIED.,.T.,.F.,(6,4,4,4,4,4,4,4,4,4,4,4,4,4,4,4,4,4,4,4,4,4,4,4
    ,4,4,4,4,6),(0.,2.415742473042E-02,6.645381314151E-02,0.115293880659
    ,0.141460560011,0.169622703547,0.188722666398,0.237951196083,
    0.28464773135,0.309752035889,0.356450599917,0.413707643935,
    0.455404752095,0.486556233945,0.509167838749,0.525750315196,
    0.566453898115,0.623237033551,0.646351124007,0.67750259435,
    0.719199681993,0.776456692675,0.823155235235,0.848259536288,
    0.894956093949,0.933130312802,0.947702766857,0.968312547282,1.),
  .UNSPECIFIED.);
#1029 = CARTESIAN_POINT('',(0.933308854852,-1.007606190369));
#1030 = CARTESIAN_POINT('',(0.940749151319,-1.009821013082));
#1031 = CARTESIAN_POINT('',(0.948408573727,-1.011855306198));
#1032 = CARTESIAN_POINT('',(0.956267652815,-1.013701941858));
#1033 = CARTESIAN_POINT('',(0.964303533278,-1.01535477093));
#1034 = CARTESIAN_POINT('',(0.986823325531,-1.019354121663));
#1035 = CARTESIAN_POINT('',(1.001618938501,-1.021289860791));
#1036 = CARTESIAN_POINT('',(1.016738541979,-1.02258880778));
#1037 = CARTESIAN_POINT('',(1.032020636268,-1.023236442603));
#1038 = CARTESIAN_POINT('',(1.064947238938,-1.023228780529));
#1039 = CARTESIAN_POINT('',(1.082592177025,-1.022356412785));
#1040 = CARTESIAN_POINT('',(1.099984673218,-1.020615654029));
#1041 = CARTESIAN_POINT('',(1.116877182095,-1.018032624403));
#1042 = CARTESIAN_POINT('',(1.141743505554,-1.01284492425));
#1043 = CARTESIAN_POINT('',(1.150217212355,-1.010806936957));
#1044 = CARTESIAN_POINT('',(1.158458749751,-1.008548056652));
#1045 = CARTESIAN_POINT('',(1.166441309204,-1.006077028374));
#1046 = CARTESIAN_POINT('',(1.182430653662,-1.000527162332));
#1047 = CARTESIAN_POINT('',(1.190392913609,-0.997416273008));
#1048 = CARTESIAN_POINT('',(1.198001187765,-0.994084047068));
#1049 = CARTESIAN_POINT('',(1.205233688659,-0.990544380006));
#1050 = CARTESIAN_POINT('',(1.216714497027,-0.984281259298));
#1051 = CARTESIAN_POINT('',(1.221174167383,-0.981661654833));
#1052 = CARTESIAN_POINT('',(1.225448912185,-0.978958232624));
#1053 = CARTESIAN_POINT('',(1.229535040673,-0.976175801551));
#1054 = CARTESIAN_POINT('',(1.243469089834,-0.965956903248));
#1055 = CARTESIAN_POINT('',(1.252238679224,-0.958102171582));
#1056 = CARTESIAN_POINT('',(1.259694631249,-0.94984004706));
#1057 = CARTESIAN_POINT('',(1.26584320869,-0.941257060882));
#1058 = CARTESIAN_POINT('',(1.275336177053,-0.924070678229));
#1059 = CARTESIAN_POINT('',(1.278808730971,-0.91549066127));
#1060 = CARTESIAN_POINT('',(1.281159166793,-0.906768684392));
#1061 = CARTESIAN_POINT('',(1.282434523832,-0.897972005539));
#1062 = CARTESIAN_POINT('',(1.282824630735,-0.884428495356));
#1063 = CARTESIAN_POINT('',(1.282665750261,-0.879689788678));
#1064 = CARTESIAN_POINT('',(1.282220012966,-0.87495745485));
#1065 = CARTESIAN_POINT('',(1.281496267081,-0.870240810995));
#1066 = CARTESIAN_POINT('',(1.278657600176,-0.856820630722));
#1067 = CARTESIAN_POINT('',(1.275881387334,-0.848177360169));
#1068 = CARTESIAN_POINT('',(1.272234698659,-0.839676552094));
#1069 = CARTESIAN_POINT('',(1.267779305412,-0.831369308775));
#1070 = CARTESIAN_POINT('',(1.256196952398,-0.813411799702));
#1071 = CARTESIAN_POINT('',(1.248693258136,-0.803881894991));
#1072 = CARTESIAN_POINT('',(1.24017874504,-0.79479946837));
#1073 = CARTESIAN_POINT('',(1.230762173848,-0.786236569673));
#1074 = CARTESIAN_POINT('',(1.213114224827,-0.772444702756));
#1075 = CARTESIAN_POINT('',(1.205255886696,-0.766941831044));
#1076 = CARTESIAN_POINT('',(1.197016948729,-0.761771814037));
#1077 = CARTESIAN_POINT('',(1.188436969369,-0.7569551036));
#1078 = CARTESIAN_POINT('',(1.172920060657,-0.749187964325));
#1079 = CARTESIAN_POINT('',(1.166116328924,-0.746073588397));
#1080 = CARTESIAN_POINT('',(1.159160510991,-0.743173505482));
#1081 = CARTESIAN_POINT('',(1.152068710768,-0.740493990959));
#1082 = CARTESIAN_POINT('',(1.139622006466,-0.73625927727));
#1083 = CARTESIAN_POINT('',(1.134323914073,-0.734597228547));
#1084 = CARTESIAN_POINT('',(1.128968627282,-0.733056173818));
#1085 = CARTESIAN_POINT('',(1.123562186318,-0.731637842667));
#1086 = CARTESIAN_POINT('',(1.114112602449,-0.729394593899));
#1087 = CARTESIAN_POINT('',(1.110090327863,-0.728512286781));
#1088 = CARTESIAN_POINT('',(1.106046134413,-0.727697330729));
#1089 = CARTESIAN_POINT('',(1.101982380884,-0.726950213911));
#1090 = CARTESIAN_POINT('',(1.087884228467,-0.724604973893));
#1091 = CARTESIAN_POINT('',(1.077763232738,-0.723349777097));
#1092 = CARTESIAN_POINT('',(1.067573535497,-0.722511790527));
#1093 = CARTESIAN_POINT('',(1.057349229903,-0.722093982489));
#1094 = CARTESIAN_POINT('',(1.032862238298,-0.722099680652));
#1095 = CARTESIAN_POINT('',(1.018598975979,-0.72292077141));
#1096 = CARTESIAN_POINT('',(1.004430885011,-0.724559487298));
#1097 = CARTESIAN_POINT('',(0.990449480864,-0.72700464299));
#1098 = CARTESIAN_POINT('',(0.97117558867,-0.731547444634));
#1099 = CARTESIAN_POINT('',(0.965646555234,-0.732991494618));
#1100 = CARTESIAN_POINT('',(0.960170790556,-0.734563837417));
#1101 = CARTESIAN_POINT('',(0.954754746145,-0.736262629181));
#1102 = CARTESIAN_POINT('',(0.942194811259,-0.740542740442));
#1103 = CARTESIAN_POINT('',(0.935104968129,-0.743225536264));
#1104 = CARTESIAN_POINT('',(0.928151284936,-0.746128834406));
#1105 = CARTESIAN_POINT('',(0.921349867121,-0.749246352012));
#1106 = CARTESIAN_POINT('',(0.905838793893,-0.757020648228));
#1107 = CARTESIAN_POINT('',(0.897262479356,-0.761841309772));
#1108 = CARTESIAN_POINT('',(0.889027534611,-0.767015114728));
#1109 = CARTESIAN_POINT('',(0.881173523526,-0.772521593607));
#1110 = CARTESIAN_POINT('',(0.863536649313,-0.786321548308));
#1111 = CARTESIAN_POINT('',(0.854127126627,-0.794888751692));
#1112 = CARTESIAN_POINT('',(0.845620315165,-0.803975061286));
#1113 = CARTESIAN_POINT('',(0.838124993192,-0.813508380901));
#1114 = CARTESIAN_POINT('',(0.826559068561,-0.831471152876));
#1115 = CARTESIAN_POINT('',(0.822111505461,-0.839780417403));
#1116 = CARTESIAN_POINT('',(0.818473100481,-0.848282876928));
#1117 = CARTESIAN_POINT('',(0.815705624727,-0.856927402597));
#1118 = CARTESIAN_POINT('',(0.81288106394,-0.870348864222));
#1119 = CARTESIAN_POINT('',(0.812162376314,-0.875065834919));
#1120 = CARTESIAN_POINT('',(0.811721821551,-0.87979836934));
#1121 = CARTESIAN_POINT('',(0.811568243937,-0.884537146367));
#1122 = CARTESIAN_POINT('',(0.811973845881,-0.898080479596));
#1123 = CARTESIAN_POINT('',(0.813259678722,-0.906876581208));
#1124 = CARTESIAN_POINT('',(0.815620951287,-0.915597492001));
#1125 = CARTESIAN_POINT('',(0.819104642664,-0.924175931138));
#1126 = CARTESIAN_POINT('',(0.827524248949,-0.939377944283));
#1127 = CARTESIAN_POINT('',(0.832078803906,-0.946072798606));
#1128 = CARTESIAN_POINT('',(0.837416594728,-0.952585542286));
#1129 = CARTESIAN_POINT('',(0.843540804239,-0.958876466719));
#1130 = CARTESIAN_POINT('',(0.853076491281,-0.967206818723));
#1131 = CARTESIAN_POINT('',(0.855824122656,-0.969470102093));
#1132 = CARTESIAN_POINT('',(0.858684353156,-0.971693004065));
#1133 = CARTESIAN_POINT('',(0.861656237085,-0.973873329156));
#1134 = CARTESIAN_POINT('',(0.869097657008,-0.979029241854));
#1135 = CARTESIAN_POINT('',(0.873677552167,-0.981960079197));
#1136 = CARTESIAN_POINT('',(0.878474470421,-0.984795252427));
#1137 = CARTESIAN_POINT('',(0.883483080911,-0.987528800696));
#1138 = CARTESIAN_POINT('',(0.896711867807,-0.994192684563));
#1139 = CARTESIAN_POINT('',(0.905211241639,-0.997976652836));
#1140 = CARTESIAN_POINT('',(0.914169062434,-1.001485778386));
#1141 = CARTESIAN_POINT('',(0.923549999491,-1.004701180521));
#1142 = CARTESIAN_POINT('',(0.933308854852,-1.007606190369));
#1143 = ( GEOMETRIC_REPRESENTATION_CONTEXT(2) 
PARAMETRIC_REPRESENTATION_CONTEXT() REPRESENTATION_CONTEXT('2D SPACE',''
  ) );
#1144 = PCURVE('',#1145,#1150);
#1145 = CYLINDRICAL_SURFACE('',#1146,3.);
#1146 = AXIS2_PLACEMENT_3D('',#1147,#1148,#1149);
#1147 = CARTESIAN_POINT('',(5.463694682336,9.463396786849,
    -13.02275553302));
#1148 = DIRECTION('',(-0.321393804843,-0.556670399226,0.766044443119));
#1149 = DIRECTION('',(-1.065045646056E-17,-0.808963493304,
    -0.587858883153));
#1150 = DEFINITIONAL_REPRESENTATION('',(#1151),#1266);
#1151 = B_SPLINE_CURVE_WITH_KNOTS('',5,(#1152,#1153,#1154,#1155,#1156,
    #1157,#1158,#1159,#1160,#1161,#1162,#1163,#1164,#1165,#1166,#1167,
    #1168,#1169,#1170,#1171,#1172,#1173,#1174,#1175,#1176,#1177,#1178,
    #1179,#1180,#1181,#1182,#1183,#1184,#1185,#1186,#1187,#1188,#1189,
    #1190,#1191,#1192,#1193,#1194,#1195,#1196,#1197,#1198,#1199,#1200,
    #1201,#1202,#1203,#1204,#1205,#1206,#1207,#1208,#1209,#1210,#1211,
    #1212,#1213,#1214,#1215,#1216,#1217,#1218,#1219,#1220,#1221,#1222,
    #1223,#1224,#1225,#1226,#1227,#1228,#1229,#1230,#1231,#1232,#1233,
    #1234,#1235,#1236,#1237,#1238,#1239,#1240,#1241,#1242,#1243,#1244,
    #1245,#1246,#1247,#1248,#1249,#1250,#1251,#1252,#1253,#1254,#1255,
    #1256,#1257,#1258,#1259,#1260,#1261,#1262,#1263,#1264,#1265),
  .UNSPECIFIED.,.F.,.F.,(6,4,4,4,4,4,4,4,4,4,4,4,4,4,4,4,4,4,4,4,4,4,4,4
    ,4,4,4,4,6),(0.,2.415742473042E-02,6.645381314151E-02,0.115293880659
    ,0.141460560011,0.169622703547,0.188722666398,0.237951196083,
    0.28464773135,0.309752035889,0.356450599917,0.413707643935,
    0.455404752095,0.486556233945,0.509167838749,0.525750315196,
    0.566453898115,0.623237033551,0.646351124007,0.67750259435,
    0.719199681993,0.776456692675,0.823155235235,0.848259536288,
    0.894956093949,0.933130312802,0.947702766857,0.968312547282,1.),
  .UNSPECIFIED.);
#1152 = CARTESIAN_POINT('',(0.,-2.773719933285));
#1153 = CARTESIAN_POINT('',(-3.032006320242E-02,-2.773719933285));
#1154 = CARTESIAN_POINT('',(-6.06336436883E-02,-2.773719933285));
#1155 = CARTESIAN_POINT('',(-9.094357260441E-02,-2.773719933285));
#1156 = CARTESIAN_POINT('',(-0.121250764728,-2.773719933285));
#1157 = CARTESIAN_POINT('',(-0.204611473688,-2.773719933285));
#1158 = CARTESIAN_POINT('',(-0.257659751564,-2.773719933285));
#1159 = CARTESIAN_POINT('',(-0.310699722205,-2.773719933285));
#1160 = CARTESIAN_POINT('',(-0.363737208083,-2.773719933285));
#1161 = CARTESIAN_POINT('',(-0.478016337229,-2.773719933285));
#1162 = CARTESIAN_POINT('',(-0.539259846186,-2.773719933285));
#1163 = CARTESIAN_POINT('',(-0.600506655211,-2.773719933285));
#1164 = CARTESIAN_POINT('',(-0.661766810397,-2.773719933285));
#1165 = CARTESIAN_POINT('',(-0.755867753534,-2.773719933285));
#1166 = CARTESIAN_POINT('',(-0.788699673049,-2.773719933285));
#1167 = CARTESIAN_POINT('',(-0.821536135517,-2.773719933285));
#1168 = CARTESIAN_POINT('',(-0.854377425803,-2.773719933285));
#1169 = CARTESIAN_POINT('',(-0.922574726896,-2.773719933285));
#1170 = CARTESIAN_POINT('',(-0.957931583401,-2.773719933285));
#1171 = CARTESIAN_POINT('',(-0.993294326625,-2.773719933285));
#1172 = CARTESIAN_POINT('',(-1.028662864319,-2.773719933285));
#1173 = CARTESIAN_POINT('',(-1.088028084569,-2.773719933285));
#1174 = CARTESIAN_POINT('',(-1.112021814791,-2.773719933285));
#1175 = CARTESIAN_POINT('',(-1.136018012673,-2.773719933285));
#1176 = CARTESIAN_POINT('',(-1.160016564924,-2.773719933285));
#1177 = CARTESIAN_POINT('',(-1.245877266859,-2.773719933285));
#1178 = CARTESIAN_POINT('',(-1.307753630824,-2.773719933285));
#1179 = CARTESIAN_POINT('',(-1.369639260025,-2.773719933285));
#1180 = CARTESIAN_POINT('',(-1.431537395881,-2.773719933285));
#1181 = CARTESIAN_POINT('',(-1.552159766421,-2.773719933285));
#1182 = CARTESIAN_POINT('',(-1.610886229772,-2.773719933285));
#1183 = CARTESIAN_POINT('',(-1.669614049957,-2.773719933285));
#1184 = CARTESIAN_POINT('',(-1.728345930678,-2.773719933285));
#1185 = CARTESIAN_POINT('',(-1.818650866301,-2.773719933285));
#1186 = CARTESIAN_POINT('',(-1.850225001158,-2.773719933285));
#1187 = CARTESIAN_POINT('',(-1.881798994614,-2.773719933285));
#1188 = CARTESIAN_POINT('',(-1.913372648727,-2.773719933285));
#1189 = CARTESIAN_POINT('',(-2.003677603729,-2.773719933285));
#1190 = CARTESIAN_POINT('',(-2.062408906175,-2.773719933285));
#1191 = CARTESIAN_POINT('',(-2.121135389326,-2.773719933285));
#1192 = CARTESIAN_POINT('',(-2.179861000917,-2.773719933285));
#1193 = CARTESIAN_POINT('',(-2.310579961667,-2.773719933285));
#1194 = CARTESIAN_POINT('',(-2.382575939619,-2.773719933285));
#1195 = CARTESIAN_POINT('',(-2.454560585394,-2.773719933285));
#1196 = CARTESIAN_POINT('',(-2.526545973441,-2.773719933285));
#1197 = CARTESIAN_POINT('',(-2.650940490303,-2.773719933285));
#1198 = CARTESIAN_POINT('',(-2.703355708118,-2.773719933285));
#1199 = CARTESIAN_POINT('',(-2.755767270145,-2.773719933285));
#1200 = CARTESIAN_POINT('',(-2.808177886342,-2.773719933285));
#1201 = CARTESIAN_POINT('',(-2.89973934323,-2.773719933285));
#1202 = CARTESIAN_POINT('',(-2.938891767799,-2.773719933285));
#1203 = CARTESIAN_POINT('',(-2.97804320927,-2.773719933285));
#1204 = CARTESIAN_POINT('',(-3.017193732608,-2.773719933285));
#1205 = CARTESIAN_POINT('',(-3.084760575086,-2.773719933285));
#1206 = CARTESIAN_POINT('',(-3.113177335261,-2.773719933285));
#1207 = CARTESIAN_POINT('',(-3.141593718662,-2.773719933285));
#1208 = CARTESIAN_POINT('',(-3.17000975785,-2.773719933285));
#1209 = CARTESIAN_POINT('',(-3.219264481189,-2.773719933285));
#1210 = CARTESIAN_POINT('',(-3.240103317359,-2.773719933285));
#1211 = CARTESIAN_POINT('',(-3.260942008222,-2.773719933285));
#1212 = CARTESIAN_POINT('',(-3.281780567954,-2.773719933285));
#1213 = CARTESIAN_POINT('',(-3.353769349154,-2.773719933285));
#1214 = CARTESIAN_POINT('',(-3.404919583504,-2.773719933285));
#1215 = CARTESIAN_POINT('',(-3.45606824831,-2.773719933285));
#1216 = CARTESIAN_POINT('',(-3.507217794483,-2.773719933285));
#1217 = CARTESIAN_POINT('',(-3.629721610828,-2.773719933285));
#1218 = CARTESIAN_POINT('',(-3.701079478615,-2.773719933285));
#1219 = CARTESIAN_POINT('',(-3.772432276662,-2.773719933285));
#1220 = CARTESIAN_POINT('',(-3.843792021531,-2.773719933285));
#1221 = CARTESIAN_POINT('',(-3.944197818227,-2.773719933285));
#1222 = CARTESIAN_POINT('',(-3.973245316936,-2.773719933285));
#1223 = CARTESIAN_POINT('',(-4.002293174369,-2.773719933285));
#1224 = CARTESIAN_POINT('',(-4.031341424967,-2.773719933285));
#1225 = CARTESIAN_POINT('',(-4.099539773877,-2.773719933285));
#1226 = CARTESIAN_POINT('',(-4.138690296108,-2.773719933285));
#1227 = CARTESIAN_POINT('',(-4.177841737606,-2.773719933285));
#1228 = CARTESIAN_POINT('',(-4.216994163308,-2.773719933285));
#1229 = CARTESIAN_POINT('',(-4.308555618904,-2.773719933285));
#1230 = CARTESIAN_POINT('',(-4.360966233519,-2.773719933285));
#1231 = CARTESIAN_POINT('',(-4.413377795752,-2.773719933285));
#1232 = CARTESIAN_POINT('',(-4.465793015371,-2.773719933285));
#1233 = CARTESIAN_POINT('',(-4.590187533008,-2.773719933285));
#1234 = CARTESIAN_POINT('',(-4.662172921208,-2.773719933285));
#1235 = CARTESIAN_POINT('',(-4.734157568496,-2.773719933285));
#1236 = CARTESIAN_POINT('',(-4.80615354801,-2.773719933285));
#1237 = CARTESIAN_POINT('',(-4.936872514243,-2.773719933285));
#1238 = CARTESIAN_POINT('',(-4.995598130669,-2.773719933285));
#1239 = CARTESIAN_POINT('',(-5.054324615546,-2.773719933285));
#1240 = CARTESIAN_POINT('',(-5.113055915021,-2.773719933285));
#1241 = CARTESIAN_POINT('',(-5.203360864755,-2.773719933285));
#1242 = CARTESIAN_POINT('',(-5.234934521596,-2.773719933285));
#1243 = CARTESIAN_POINT('',(-5.266508515416,-2.773719933285));
#1244 = CARTESIAN_POINT('',(-5.298082647908,-2.773719933285));
#1245 = CARTESIAN_POINT('',(-5.388387604195,-2.773719933285));
#1246 = CARTESIAN_POINT('',(-5.44711950043,-2.773719933285));
#1247 = CARTESIAN_POINT('',(-5.50584732272,-2.773719933285));
#1248 = CARTESIAN_POINT('',(-5.564573772772,-2.773719933285));
#1249 = CARTESIAN_POINT('',(-5.671295660718,-2.773719933285));
#1250 = CARTESIAN_POINT('',(-5.719294500849,-2.773719933285));
#1251 = CARTESIAN_POINT('',(-5.767288076677,-2.773719933285));
#1252 = CARTESIAN_POINT('',(-5.815274981555,-2.773719933285));
#1253 = CARTESIAN_POINT('',(-5.881569054764,-2.773719933285));
#1254 = CARTESIAN_POINT('',(-5.899883135673,-2.773719933285));
#1255 = CARTESIAN_POINT('',(-5.918196000435,-2.773719933285));
#1256 = CARTESIAN_POINT('',(-5.936507585685,-2.773719933285));
#1257 = CARTESIAN_POINT('',(-5.980713965855,-2.773719933285));
#1258 = CARTESIAN_POINT('',(-6.006607434455,-2.773719933285));
#1259 = CARTESIAN_POINT('',(-6.032498073147,-2.773719933285));
#1260 = CARTESIAN_POINT('',(-6.05838575556,-2.773719933285));
#1261 = CARTESIAN_POINT('',(-6.124067922906,-2.773719933285));
#1262 = CARTESIAN_POINT('',(-6.163858335207,-2.773719933285));
#1263 = CARTESIAN_POINT('',(-6.203641307591,-2.773719933285));
#1264 = CARTESIAN_POINT('',(-6.243416850021,-2.773719933285));
#1265 = CARTESIAN_POINT('',(-6.28318530718,-2.773719933285));
#1266 = ( GEOMETRIC_REPRESENTATION_CONTEXT(2) 
PARAMETRIC_REPRESENTATION_CONTEXT() REPRESENTATION_CONTEXT('2D SPACE',''
  ) );
#1267 = FACE_BOUND('',#1268,.T.);
#1268 = EDGE_LOOP('',(#1269));
#1269 = ORIENTED_EDGE('',*,*,#1270,.F.);
#1270 = EDGE_CURVE('',#1271,#1271,#1273,.T.);
#1271 = VERTEX_POINT('',#1272);
#1272 = CARTESIAN_POINT('',(-15.00843549988,1.556563086933E-15,
    -13.21918544562));
#1273 = SURFACE_CURVE('',#1274,(#1397,#1523),.PCURVE_S1.);
#1274 = B_SPLINE_CURVE_WITH_KNOTS('',6,(#1275,#1276,#1277,#1278,#1279,
    #1280,#1281,#1282,#1283,#1284,#1285,#1286,#1287,#1288,#1289,#1290,
    #1291,#1292,#1293,#1294,#1295,#1296,#1297,#1298,#1299,#1300,#1301,
    #1302,#1303,#1304,#1305,#1306,#1307,#1308,#1309,#1310,#1311,#1312,
    #1313,#1314,#1315,#1316,#1317,#1318,#1319,#1320,#1321,#1322,#1323,
    #1324,#1325,#1326,#1327,#1328,#1329,#1330,#1331,#1332,#1333,#1334,
    #1335,#1336,#1337,#1338,#1339,#1340,#1341,#1342,#1343,#1344,#1345,
    #1346,#1347,#1348,#1349,#1350,#1351,#1352,#1353,#1354,#1355,#1356,
    #1357,#1358,#1359,#1360,#1361,#1362,#1363,#1364,#1365,#1366,#1367,
    #1368,#1369,#1370,#1371,#1372,#1373,#1374,#1375,#1376,#1377,#1378,
    #1379,#1380,#1381,#1382,#1383,#1384,#1385,#1386,#1387,#1388,#1389,
    #1390,#1391,#1392,#1393,#1394,#1395,#1396),.UNSPECIFIED.,.T.,.F.,(7,
    5,5,5,5,5,5,5,5,5,5,5,5,5,5,5,5,5,5,5,5,5,5,5,7),(0.,
    7.989481674949E-02,0.111046465004,0.152743793344,0.210001137121,
    0.256699948489,0.281804390017,0.328501194533,0.377227517264,
    0.39632740794,0.424489417763,0.450655991577,0.499999690117,
    0.549343388657,0.575509962471,0.603671972294,0.62277186297,
    0.671498185701,0.718194990217,0.743299431745,0.789998243113,
    0.847757896882,0.889957728053,0.921611942405,1.),.UNSPECIFIED.);
#1275 = CARTESIAN_POINT('',(-15.00843549988,8.881784197001E-16,
    -13.21918544562));
#1276 = CARTESIAN_POINT('',(-15.00843549988,0.250998474067,
    -13.21918544562));
#1277 = CARTESIAN_POINT('',(-14.98913105176,0.502024821177,
    -13.23538380091));
#1278 = CARTESIAN_POINT('',(-14.95051462446,0.749847795835,
    -13.26778683083));
#1279 = CARTESIAN_POINT('',(-14.89301617233,0.991358500199,
    -13.3160337608));
#1280 = CARTESIAN_POINT('',(-14.81740110879,1.223555136062,
    -13.37948233272));
#1281 = CARTESIAN_POINT('',(-14.68879203224,1.529398190029,
    -13.48739816143));
#1282 = CARTESIAN_POINT('',(-14.6501397509,1.613353602484,
    -13.51983127644));
#1283 = CARTESIAN_POINT('',(-14.6089828516,1.695301860912,
    -13.55436601547));
#1284 = CARTESIAN_POINT('',(-14.56539827885,1.775084812792,
    -13.59093781438));
#1285 = CARTESIAN_POINT('',(-14.51947071176,1.852551164115,
    -13.62947561899));
#1286 = CARTESIAN_POINT('',(-14.40680480302,2.027953133611,
    -13.72401354146));
#1287 = CARTESIAN_POINT('',(-14.33828379732,2.123941908634,
    -13.78150949207));
#1288 = CARTESIAN_POINT('',(-14.26595181576,2.21517579448,
    -13.84220323112));
#1289 = CARTESIAN_POINT('',(-14.19005192327,2.301336049879,
    -13.90589080291));
#1290 = CARTESIAN_POINT('',(-14.11084760616,2.382132728784,
    -13.97235111619));
#1291 = CARTESIAN_POINT('',(-13.91571355525,2.560529480272,
    -14.13608802634));
#1292 = CARTESIAN_POINT('',(-13.79710291016,2.653153546902,
    -14.23561417489));
#1293 = CARTESIAN_POINT('',(-13.6735290318,2.73450014369,-14.33930497064
    ));
#1294 = CARTESIAN_POINT('',(-13.54577881502,2.804016603015,
    -14.44650013042));
#1295 = CARTESIAN_POINT('',(-13.41468469271,2.861277100211,
    -14.55650116011));
#1296 = CARTESIAN_POINT('',(-13.17218864231,2.942448366182,
    -14.75997950656));
#1297 = CARTESIAN_POINT('',(-13.06160848769,2.970563634069,
    -14.85276727351));
#1298 = CARTESIAN_POINT('',(-12.94985469918,2.990171057555,
    -14.94653983624));
#1299 = CARTESIAN_POINT('',(-12.8374069988,3.001172500011,
    -15.04089466015));
#1300 = CARTESIAN_POINT('',(-12.72475051166,3.003531781468,
    -15.13542467696));
#1301 = CARTESIAN_POINT('',(-12.55196357791,2.993911658565,
    -15.28041012934));
#1302 = CARTESIAN_POINT('',(-12.49163291791,2.988058247384,
    -15.3310335639));
#1303 = CARTESIAN_POINT('',(-12.43145843896,2.979718990149,
    -15.38152594699));
#1304 = CARTESIAN_POINT('',(-12.3715153454,2.968903189362,
    -15.43182417469));
#1305 = CARTESIAN_POINT('',(-12.31187838826,2.955625351079,
    -15.48186552343));
#1306 = CARTESIAN_POINT('',(-12.14239872918,2.910664083267,
    -15.62407584286));
#1307 = CARTESIAN_POINT('',(-12.03348973158,2.872971865385,
    -15.71546134257));
#1308 = CARTESIAN_POINT('',(-11.92637570026,2.826956494277,
    -15.80534068675));
#1309 = CARTESIAN_POINT('',(-11.82152219099,2.772805636542,
    -15.89332322771));
#1310 = CARTESIAN_POINT('',(-11.71937840462,2.710766405692,
    -15.97903204117));
#1311 = CARTESIAN_POINT('',(-11.51707100468,2.568497951595,
    -16.14878810585));
#1312 = CARTESIAN_POINT('',(-11.41718247708,2.487592557583,
    -16.23260453252));
#1313 = CARTESIAN_POINT('',(-11.32120134691,2.398777876831,
    -16.31314226344));
#1314 = CARTESIAN_POINT('',(-11.22958404162,2.302463484779,
    -16.39001831052));
#1315 = CARTESIAN_POINT('',(-11.14275161424,2.199118141784,
    -16.46287936831));
#1316 = CARTESIAN_POINT('',(-11.0290783182,2.046209106255,
    -16.55826258909));
#1317 = CARTESIAN_POINT('',(-10.99786188457,2.002150092334,
    -16.58445628703));
#1318 = CARTESIAN_POINT('',(-10.96746243853,1.957122799571,
    -16.60996445099));
#1319 = CARTESIAN_POINT('',(-10.93790190371,1.911159811229,
    -16.63476868486));
#1320 = CARTESIAN_POINT('',(-10.9092011549,1.864294808494,-16.6588514726
    ));
#1321 = CARTESIAN_POINT('',(-10.84035888653,1.746183332242,
    -16.7166169946));
#1322 = CARTESIAN_POINT('',(-10.8012499472,1.67391845089,-16.74943329117
    ));
#1323 = CARTESIAN_POINT('',(-10.76411682178,1.599879644982,
    -16.78059168301));
#1324 = CARTESIAN_POINT('',(-10.72901767974,1.524182673887,
    -16.81004336015));
#1325 = CARTESIAN_POINT('',(-10.69600523837,1.446947337776,
    -16.83774408753));
#1326 = CARTESIAN_POINT('',(-10.63643619995,1.295220400232,
    -16.8877284457));
#1327 = CARTESIAN_POINT('',(-10.60958781748,1.220921840305,
    -16.91025691353));
#1328 = CARTESIAN_POINT('',(-10.58461947429,1.145501051656,
    -16.93120784109));
#1329 = CARTESIAN_POINT('',(-10.56156472065,1.069059286521,
    -16.95055307636));
#1330 = CARTESIAN_POINT('',(-10.54045279815,0.991699795556,
    -16.96826808275));
#1331 = CARTESIAN_POINT('',(-10.4852074829,0.766114794827,-17.0146244064
    ));
#1332 = CARTESIAN_POINT('',(-10.45610331668,0.615809589307,
    -17.03904570154));
#1333 = CARTESIAN_POINT('',(-10.43416396725,0.463321338594,
    -17.05745500155));
#1334 = CARTESIAN_POINT('',(-10.41950067056,0.309369671724,
    -17.0697589684));
#1335 = CARTESIAN_POINT('',(-10.41216884117,0.154683533742,
    -17.07591110374));
#1336 = CARTESIAN_POINT('',(-10.41216884117,-0.154683533742,
    -17.07591110374));
#1337 = CARTESIAN_POINT('',(-10.41950067056,-0.309369671724,
    -17.0697589684));
#1338 = CARTESIAN_POINT('',(-10.43416396725,-0.463321338594,
    -17.05745500155));
#1339 = CARTESIAN_POINT('',(-10.45610331668,-0.615809589307,
    -17.03904570154));
#1340 = CARTESIAN_POINT('',(-10.4852074829,-0.766114794827,
    -17.0146244064));
#1341 = CARTESIAN_POINT('',(-10.54045279815,-0.991699795556,
    -16.96826808275));
#1342 = CARTESIAN_POINT('',(-10.56156472065,-1.069059286521,
    -16.95055307636));
#1343 = CARTESIAN_POINT('',(-10.58461947429,-1.145501051656,
    -16.93120784109));
#1344 = CARTESIAN_POINT('',(-10.60958781748,-1.220921840305,
    -16.91025691353));
#1345 = CARTESIAN_POINT('',(-10.63643619995,-1.295220400232,
    -16.8877284457));
#1346 = CARTESIAN_POINT('',(-10.69600523837,-1.446947337776,
    -16.83774408753));
#1347 = CARTESIAN_POINT('',(-10.72901767974,-1.524182673887,
    -16.81004336015));
#1348 = CARTESIAN_POINT('',(-10.76411682178,-1.599879644982,
    -16.78059168301));
#1349 = CARTESIAN_POINT('',(-10.8012499472,-1.67391845089,
    -16.74943329117));
#1350 = CARTESIAN_POINT('',(-10.84035888653,-1.746183332242,
    -16.7166169946));
#1351 = CARTESIAN_POINT('',(-10.9092011549,-1.864294808494,
    -16.6588514726));
#1352 = CARTESIAN_POINT('',(-10.93790190371,-1.911159811229,
    -16.63476868486));
#1353 = CARTESIAN_POINT('',(-10.96746243853,-1.957122799571,
    -16.60996445099));
#1354 = CARTESIAN_POINT('',(-10.99786188457,-2.002150092334,
    -16.58445628703));
#1355 = CARTESIAN_POINT('',(-11.0290783182,-2.046209106255,
    -16.55826258909));
#1356 = CARTESIAN_POINT('',(-11.14275161424,-2.199118141785,
    -16.46287936831));
#1357 = CARTESIAN_POINT('',(-11.22958404162,-2.302463484779,
    -16.39001831052));
#1358 = CARTESIAN_POINT('',(-11.32120134691,-2.398777876831,
    -16.31314226344));
#1359 = CARTESIAN_POINT('',(-11.41718247708,-2.487592557583,
    -16.23260453252));
#1360 = CARTESIAN_POINT('',(-11.51707100468,-2.568497951595,
    -16.14878810585));
#1361 = CARTESIAN_POINT('',(-11.71937840462,-2.710766405692,
    -15.97903204117));
#1362 = CARTESIAN_POINT('',(-11.82152219099,-2.772805636542,
    -15.89332322771));
#1363 = CARTESIAN_POINT('',(-11.92637570026,-2.826956494277,
    -15.80534068675));
#1364 = CARTESIAN_POINT('',(-12.03348973158,-2.872971865385,
    -15.71546134257));
#1365 = CARTESIAN_POINT('',(-12.14239872918,-2.910664083267,
    -15.62407584286));
#1366 = CARTESIAN_POINT('',(-12.31187838826,-2.955625351079,
    -15.48186552343));
#1367 = CARTESIAN_POINT('',(-12.3715153454,-2.968903189362,
    -15.43182417469));
#1368 = CARTESIAN_POINT('',(-12.43145843896,-2.979718990149,
    -15.38152594699));
#1369 = CARTESIAN_POINT('',(-12.49163291791,-2.988058247384,
    -15.3310335639));
#1370 = CARTESIAN_POINT('',(-12.55196357791,-2.993911658565,
    -15.28041012934));
#1371 = CARTESIAN_POINT('',(-12.72475051166,-3.003531781468,
    -15.13542467696));
#1372 = CARTESIAN_POINT('',(-12.8374069988,-3.001172500011,
    -15.04089466015));
#1373 = CARTESIAN_POINT('',(-12.94985469918,-2.990171057555,
    -14.94653983624));
#1374 = CARTESIAN_POINT('',(-13.06160848769,-2.970563634069,
    -14.85276727351));
#1375 = CARTESIAN_POINT('',(-13.17218864231,-2.942448366182,
    -14.75997950656));
#1376 = CARTESIAN_POINT('',(-13.41585641928,-2.860884885456,
    -14.55551796477));
#1377 = CARTESIAN_POINT('',(-13.54807887685,-2.803010903798,
    -14.44457014939));
#1378 = CARTESIAN_POINT('',(-13.67689063882,-2.732667648009,
    -14.33648424743));
#1379 = CARTESIAN_POINT('',(-13.80143750829,-2.65029343122,
    -14.2319770152));
#1380 = CARTESIAN_POINT('',(-13.92091260284,-2.556457824131,
    -14.13172550742));
#1381 = CARTESIAN_POINT('',(-14.11759078375,-2.375438465879,
    -13.96669291836));
#1382 = CARTESIAN_POINT('',(-14.19751427522,-2.293269837419,
    -13.89962914615));
#1383 = CARTESIAN_POINT('',(-14.27403646692,-2.205624815706,
    -13.83541940331));
#1384 = CARTESIAN_POINT('',(-14.34688520127,-2.112805451174,
    -13.77429205719));
#1385 = CARTESIAN_POINT('',(-14.41580985266,-2.015143870939,
    -13.71645740762));
#1386 = CARTESIAN_POINT('',(-14.52916729443,-1.836384590528,
    -13.62133922004));
#1387 = CARTESIAN_POINT('',(-14.57541686761,-1.757245577982,
    -13.58253122025));
#1388 = CARTESIAN_POINT('',(-14.6192342099,-1.675737029998,
    -13.5457641045));
#1389 = CARTESIAN_POINT('',(-14.66053137492,-1.592018526761,
    -13.51111166856));
#1390 = CARTESIAN_POINT('',(-14.69922870582,-1.506256875747,
    -13.47864075248));
#1391 = CARTESIAN_POINT('',(-14.82446944275,-1.201618502552,
    -13.37355129631));
#1392 = CARTESIAN_POINT('',(-14.89731522515,-0.973118798604,
    -13.31242642716));
#1393 = CARTESIAN_POINT('',(-14.95268023223,-0.735816017954,
    -13.26596967014));
#1394 = CARTESIAN_POINT('',(-14.98985324879,-0.492549051038,
    -13.23477780566));
#1395 = CARTESIAN_POINT('',(-15.00843549988,-0.246258733285,
    -13.21918544562));
#1396 = CARTESIAN_POINT('',(-15.00843549988,8.881784197001E-16,
    -13.21918544562));
#1397 = PCURVE('',#290,#1398);
#1398 = DEFINITIONAL_REPRESENTATION('',(#1399),#1522);
#1399 = B_SPLINE_CURVE_WITH_KNOTS('',6,(#1400,#1401,#1402,#1403,#1404,
    #1405,#1406,#1407,#1408,#1409,#1410,#1411,#1412,#1413,#1414,#1415,
    #1416,#1417,#1418,#1419,#1420,#1421,#1422,#1423,#1424,#1425,#1426,
    #1427,#1428,#1429,#1430,#1431,#1432,#1433,#1434,#1435,#1436,#1437,
    #1438,#1439,#1440,#1441,#1442,#1443,#1444,#1445,#1446,#1447,#1448,
    #1449,#1450,#1451,#1452,#1453,#1454,#1455,#1456,#1457,#1458,#1459,
    #1460,#1461,#1462,#1463,#1464,#1465,#1466,#1467,#1468,#1469,#1470,
    #1471,#1472,#1473,#1474,#1475,#1476,#1477,#1478,#1479,#1480,#1481,
    #1482,#1483,#1484,#1485,#1486,#1487,#1488,#1489,#1490,#1491,#1492,
    #1493,#1494,#1495,#1496,#1497,#1498,#1499,#1500,#1501,#1502,#1503,
    #1504,#1505,#1506,#1507,#1508,#1509,#1510,#1511,#1512,#1513,#1514,
    #1515,#1516,#1517,#1518,#1519,#1520,#1521),.UNSPECIFIED.,.T.,.F.,(7,
    5,5,5,5,5,5,5,5,5,5,5,5,5,5,5,5,5,5,5,5,5,5,5,7),(0.,
    7.989481674949E-02,0.111046465004,0.152743793344,0.210001137121,
    0.256699948489,0.281804390017,0.328501194533,0.377227517264,
    0.39632740794,0.424489417763,0.450655991577,0.499999690117,
    0.549343388657,0.575509962471,0.603671972294,0.62277186297,
    0.671498185701,0.718194990217,0.743299431745,0.789998243113,
    0.847757896882,0.889957728053,0.921611942405,1.),.UNSPECIFIED.);
#1400 = CARTESIAN_POINT('',(3.14159265359,-0.72209635322));
#1401 = CARTESIAN_POINT('',(3.124868826908,-0.72209635322));
#1402 = CARTESIAN_POINT('',(3.108143154481,-0.723175635005));
#1403 = CARTESIAN_POINT('',(3.091550892224,-0.725334629494));
#1404 = CARTESIAN_POINT('',(3.075219419645,-0.728556967652));
#1405 = CARTESIAN_POINT('',(3.059278433929,-0.732815287604));
#1406 = CARTESIAN_POINT('',(3.037857532153,-0.740109132473));
#1407 = CARTESIAN_POINT('',(3.031928484723,-0.742305794949));
#1408 = CARTESIAN_POINT('',(3.026087501942,-0.744650358708));
#1409 = CARTESIAN_POINT('',(3.020342601459,-0.747139853006));
#1410 = CARTESIAN_POINT('',(3.014701870301,-0.74977096947));
#1411 = CARTESIAN_POINT('',(3.00177354384,-0.756246567883));
#1412 = CARTESIAN_POINT('',(2.994574794702,-0.760200326514));
#1413 = CARTESIAN_POINT('',(2.987596941328,-0.76439251086));
#1414 = CARTESIAN_POINT('',(2.980859745398,-0.768813358321));
#1415 = CARTESIAN_POINT('',(2.974383274392,-0.773452024437));
#1416 = CARTESIAN_POINT('',(2.959681263784,-0.784948617321));
#1417 = CARTESIAN_POINT('',(2.95170451756,-0.791989087786));
#1418 = CARTESIAN_POINT('',(2.944311503557,-0.799386289214));
#1419 = CARTESIAN_POINT('',(2.937556335821,-0.807105677707));
#1420 = CARTESIAN_POINT('',(2.931494188901,-0.815108777988));
#1421 = CARTESIAN_POINT('',(2.921849072186,-0.830075562544));
#1422 = CARTESIAN_POINT('',(2.918014870748,-0.836959063852));
#1423 = CARTESIAN_POINT('',(2.914709770811,-0.843979299111));
#1424 = CARTESIAN_POINT('',(2.911964548834,-0.851111415783));
#1425 = CARTESIAN_POINT('',(2.909809718541,-0.858328768871));
#1426 = CARTESIAN_POINT('',(2.907450039646,-0.869512786994));
#1427 = CARTESIAN_POINT('',(2.906804226231,-0.873439374978));
#1428 = CARTESIAN_POINT('',(2.906342247396,-0.877377861374));
#1429 = CARTESIAN_POINT('',(2.906068597802,-0.8813236593));
#1430 = CARTESIAN_POINT('',(2.905987629049,-0.88527203652));
#1431 = CARTESIAN_POINT('',(2.906319173773,-0.896558222005));
#1432 = CARTESIAN_POINT('',(2.907216028249,-0.903890503867));
#1433 = CARTESIAN_POINT('',(2.908820819969,-0.911183356367));
#1434 = CARTESIAN_POINT('',(2.911158120963,-0.918403821486));
#1435 = CARTESIAN_POINT('',(2.914248013347,-0.925517526928));
#1436 = CARTESIAN_POINT('',(2.922127030968,-0.939762698617));
#1437 = CARTESIAN_POINT('',(2.926984312497,-0.946881768545));
#1438 = CARTESIAN_POINT('',(2.932690374902,-0.953805188222));
#1439 = CARTESIAN_POINT('',(2.93925222608,-0.960491449539));
#1440 = CARTESIAN_POINT('',(2.946664946293,-0.966898857101));
#1441 = CARTESIAN_POINT('',(2.958138508812,-0.975372338186));
#1442 = CARTESIAN_POINT('',(2.961496999206,-0.977709322549));
#1443 = CARTESIAN_POINT('',(2.964981792102,-0.979994685379));
#1444 = CARTESIAN_POINT('',(2.968591266365,-0.982225998463));
#1445 = CARTESIAN_POINT('',(2.972323407507,-0.984400875374));
#1446 = CARTESIAN_POINT('',(2.981856014631,-0.989637068861));
#1447 = CARTESIAN_POINT('',(2.987797651993,-0.992629409453));
#1448 = CARTESIAN_POINT('',(2.993992994724,-0.995486434057));
#1449 = CARTESIAN_POINT('',(3.000432270169,-0.998200978692));
#1450 = CARTESIAN_POINT('',(3.007103658066,-1.000766274592));
#1451 = CARTESIAN_POINT('',(3.020394754009,-1.005414882946));
#1452 = CARTESIAN_POINT('',(3.026984657937,-1.007519508167));
#1453 = CARTESIAN_POINT('',(3.033751807593,-1.00948472164));
#1454 = CARTESIAN_POINT('',(3.040683583784,-1.011305891638));
#1455 = CARTESIAN_POINT('',(3.047765942864,-1.012978856924));
#1456 = CARTESIAN_POINT('',(3.068593790699,-1.01736828896));
#1457 = CARTESIAN_POINT('',(3.082684910785,-1.019696618513));
#1458 = CARTESIAN_POINT('',(3.097153567677,-1.021460297823));
#1459 = CARTESIAN_POINT('',(3.111880272234,-1.022642065309));
#1460 = CARTESIAN_POINT('',(3.126736619645,-1.023232898774));
#1461 = CARTESIAN_POINT('',(3.156448687534,-1.023232898774));
#1462 = CARTESIAN_POINT('',(3.171305034946,-1.022642065309));
#1463 = CARTESIAN_POINT('',(3.186031739503,-1.021460297823));
#1464 = CARTESIAN_POINT('',(3.200500396395,-1.019696618513));
#1465 = CARTESIAN_POINT('',(3.21459151648,-1.01736828896));
#1466 = CARTESIAN_POINT('',(3.235419364315,-1.012978856924));
#1467 = CARTESIAN_POINT('',(3.242501723396,-1.011305891638));
#1468 = CARTESIAN_POINT('',(3.249433499587,-1.00948472164));
#1469 = CARTESIAN_POINT('',(3.256200649243,-1.007519508167));
#1470 = CARTESIAN_POINT('',(3.262790553171,-1.005414882946));
#1471 = CARTESIAN_POINT('',(3.276081649113,-1.000766274592));
#1472 = CARTESIAN_POINT('',(3.282753037011,-0.998200978692));
#1473 = CARTESIAN_POINT('',(3.289192312456,-0.995486434057));
#1474 = CARTESIAN_POINT('',(3.295387655187,-0.992629409453));
#1475 = CARTESIAN_POINT('',(3.301329292549,-0.989637068861));
#1476 = CARTESIAN_POINT('',(3.310861899673,-0.984400875374));
#1477 = CARTESIAN_POINT('',(3.314594040814,-0.982225998463));
#1478 = CARTESIAN_POINT('',(3.318203515078,-0.979994685379));
#1479 = CARTESIAN_POINT('',(3.321688307974,-0.977709322549));
#1480 = CARTESIAN_POINT('',(3.325046798367,-0.975372338186));
#1481 = CARTESIAN_POINT('',(3.336520360887,-0.966898857101));
#1482 = CARTESIAN_POINT('',(3.343933081099,-0.960491449539));
#1483 = CARTESIAN_POINT('',(3.350494932277,-0.953805188222));
#1484 = CARTESIAN_POINT('',(3.356200994682,-0.946881768545));
#1485 = CARTESIAN_POINT('',(3.361058276212,-0.939762698617));
#1486 = CARTESIAN_POINT('',(3.368937293833,-0.925517526928));
#1487 = CARTESIAN_POINT('',(3.372027186216,-0.918403821486));
#1488 = CARTESIAN_POINT('',(3.374364487211,-0.911183356367));
#1489 = CARTESIAN_POINT('',(3.375969278931,-0.903890503867));
#1490 = CARTESIAN_POINT('',(3.376866133406,-0.896558222005));
#1491 = CARTESIAN_POINT('',(3.37719767813,-0.88527203652));
#1492 = CARTESIAN_POINT('',(3.377116709377,-0.8813236593));
#1493 = CARTESIAN_POINT('',(3.376843059784,-0.877377861374));
#1494 = CARTESIAN_POINT('',(3.376381080948,-0.873439374978));
#1495 = CARTESIAN_POINT('',(3.375735267534,-0.869512786994));
#1496 = CARTESIAN_POINT('',(3.373375588638,-0.858328768871));
#1497 = CARTESIAN_POINT('',(3.371220758345,-0.851111415783));
#1498 = CARTESIAN_POINT('',(3.368475536368,-0.843979299111));
#1499 = CARTESIAN_POINT('',(3.365170436432,-0.836959063852));
#1500 = CARTESIAN_POINT('',(3.361336234994,-0.830075562544));
#1501 = CARTESIAN_POINT('',(3.351644513646,-0.815036459371));
#1502 = CARTESIAN_POINT('',(3.345522542588,-0.806965269459));
#1503 = CARTESIAN_POINT('',(3.338695848635,-0.799183180683));
#1504 = CARTESIAN_POINT('',(3.331221056654,-0.79172964938));
#1505 = CARTESIAN_POINT('',(3.323153691709,-0.784640061143));
#1506 = CARTESIAN_POINT('',(3.3082618444,-0.773056486862));
#1507 = CARTESIAN_POINT('',(3.301687782761,-0.768377580255));
#1508 = CARTESIAN_POINT('',(3.294847928907,-0.763922472876));
#1509 = CARTESIAN_POINT('',(3.287763065732,-0.759702351212));
#1510 = CARTESIAN_POINT('',(3.280453656895,-0.755727266796));
#1511 = CARTESIAN_POINT('',(3.2673042164,-0.749215175556));
#1512 = CARTESIAN_POINT('',(3.261553407577,-0.746567007602));
#1513 = CARTESIAN_POINT('',(3.25569625516,-0.74406557799));
#1514 = CARTESIAN_POINT('',(3.249741235357,-0.741714317967));
#1515 = CARTESIAN_POINT('',(3.243696751502,-0.739516298706));
#1516 = CARTESIAN_POINT('',(3.222401739935,-0.732417283883));
#1517 = CARTESIAN_POINT('',(3.206732832847,-0.728316050465));
#1518 = CARTESIAN_POINT('',(3.190695039061,-0.725213552558));
#1519 = CARTESIAN_POINT('',(3.174410791017,-0.723135258325));
#1520 = CARTESIAN_POINT('',(3.158000675151,-0.72209635322));
#1521 = CARTESIAN_POINT('',(3.14159265359,-0.72209635322));
#1522 = ( GEOMETRIC_REPRESENTATION_CONTEXT(2) 
PARAMETRIC_REPRESENTATION_CONTEXT() REPRESENTATION_CONTEXT('2D SPACE',''
  ) );
#1523 = PCURVE('',#1524,#1529);
#1524 = CYLINDRICAL_SURFACE('',#1525,3.);
#1525 = AXIS2_PLACEMENT_3D('',#1526,#1527,#1528);
#1526 = CARTESIAN_POINT('',(-10.92738936467,1.338219240848E-15,
    -13.02275553302));
#1527 = DIRECTION('',(0.642787609687,-7.871877887342E-17,0.766044443119)
  );
#1528 = DIRECTION('',(-0.766044443119,-3.249426501308E-33,0.642787609687
    ));
#1529 = DEFINITIONAL_REPRESENTATION('',(#1530),#1653);
#1530 = B_SPLINE_CURVE_WITH_KNOTS('',6,(#1531,#1532,#1533,#1534,#1535,
    #1536,#1537,#1538,#1539,#1540,#1541,#1542,#1543,#1544,#1545,#1546,
    #1547,#1548,#1549,#1550,#1551,#1552,#1553,#1554,#1555,#1556,#1557,
    #1558,#1559,#1560,#1561,#1562,#1563,#1564,#1565,#1566,#1567,#1568,
    #1569,#1570,#1571,#1572,#1573,#1574,#1575,#1576,#1577,#1578,#1579,
    #1580,#1581,#1582,#1583,#1584,#1585,#1586,#1587,#1588,#1589,#1590,
    #1591,#1592,#1593,#1594,#1595,#1596,#1597,#1598,#1599,#1600,#1601,
    #1602,#1603,#1604,#1605,#1606,#1607,#1608,#1609,#1610,#1611,#1612,
    #1613,#1614,#1615,#1616,#1617,#1618,#1619,#1620,#1621,#1622,#1623,
    #1624,#1625,#1626,#1627,#1628,#1629,#1630,#1631,#1632,#1633,#1634,
    #1635,#1636,#1637,#1638,#1639,#1640,#1641,#1642,#1643,#1644,#1645,
    #1646,#1647,#1648,#1649,#1650,#1651,#1652),.UNSPECIFIED.,.F.,.F.,(7,
    5,5,5,5,5,5,5,5,5,5,5,5,5,5,5,5,5,5,5,5,5,5,5,7),(0.,
    7.989481674949E-02,0.111046465004,0.152743793344,0.210001137121,
    0.256699948489,0.281804390017,0.328501194533,0.377227517264,
    0.39632740794,0.424489417763,0.450655991577,0.499999690117,
    0.549343388657,0.575509962471,0.603671972294,0.62277186297,
    0.671498185701,0.718194990217,0.743299431745,0.789998243113,
    0.847757896882,0.889957728053,0.921611942405,1.),.UNSPECIFIED.);
#1531 = CARTESIAN_POINT('',(-4.743246279112E-32,-2.773719933285));
#1532 = CARTESIAN_POINT('',(-8.36661580222E-02,-2.773719933285));
#1533 = CARTESIAN_POINT('',(-0.167341436034,-2.773719933285));
#1534 = CARTESIAN_POINT('',(-0.251004129128,-2.773719933285));
#1535 = CARTESIAN_POINT('',(-0.334669159655,-2.773719933285));
#1536 = CARTESIAN_POINT('',(-0.418350519051,-2.773719933285));
#1537 = CARTESIAN_POINT('',(-0.534648075306,-2.773719933285));
#1538 = CARTESIAN_POINT('',(-0.567273369158,-2.773719933285));
#1539 = CARTESIAN_POINT('',(-0.599899264161,-2.773719933285));
#1540 = CARTESIAN_POINT('',(-0.632525793282,-2.773719933285));
#1541 = CARTESIAN_POINT('',(-0.665152988507,-2.773719933285));
#1542 = CARTESIAN_POINT('',(-0.741454202042,-2.773719933285));
#1543 = CARTESIAN_POINT('',(-0.785129276551,-2.773719933285));
#1544 = CARTESIAN_POINT('',(-0.828805262751,-2.773719933285));
#1545 = CARTESIAN_POINT('',(-0.872482783389,-2.773719933285));
#1546 = CARTESIAN_POINT('',(-0.91616244938,-2.773719933285));
#1547 = CARTESIAN_POINT('',(-1.019824547086,-2.773719933285));
#1548 = CARTESIAN_POINT('',(-1.07981103853,-2.773719933285));
#1549 = CARTESIAN_POINT('',(-1.139798491169,-2.773719933285));
#1550 = CARTESIAN_POINT('',(-1.199789474013,-2.773719933285));
#1551 = CARTESIAN_POINT('',(-1.259786436385,-2.773719933285));
#1552 = CARTESIAN_POINT('',(-1.368718905961,-2.773719933285));
#1553 = CARTESIAN_POINT('',(-1.417656165998,-2.773719933285));
#1554 = CARTESIAN_POINT('',(-1.466594612673,-2.773719933285));
#1555 = CARTESIAN_POINT('',(-1.515534955001,-2.773719933285));
#1556 = CARTESIAN_POINT('',(-1.564477788158,-2.773719933285));
#1557 = CARTESIAN_POINT('',(-1.639731915134,-2.773719933285));
#1558 = CARTESIAN_POINT('',(-1.666043211664,-2.773719933285));
#1559 = CARTESIAN_POINT('',(-1.692354760308,-2.773719933285));
#1560 = CARTESIAN_POINT('',(-1.718666468352,-2.773719933285));
#1561 = CARTESIAN_POINT('',(-1.744978230386,-2.773719933285));
#1562 = CARTESIAN_POINT('',(-1.820232352013,-2.773719933285));
#1563 = CARTESIAN_POINT('',(-1.869175429072,-2.773719933285));
#1564 = CARTESIAN_POINT('',(-1.918116635849,-2.773719933285));
#1565 = CARTESIAN_POINT('',(-1.967056032036,-2.773719933285));
#1566 = CARTESIAN_POINT('',(-2.015993540407,-2.773719933285));
#1567 = CARTESIAN_POINT('',(-2.115985605982,-2.773719933285));
#1568 = CARTESIAN_POINT('',(-2.167041684086,-2.773719933285));
#1569 = CARTESIAN_POINT('',(-2.218090864436,-2.773719933285));
#1570 = CARTESIAN_POINT('',(-2.269132957787,-2.773719933285));
#1571 = CARTESIAN_POINT('',(-2.320167828852,-2.773719933285));
#1572 = CARTESIAN_POINT('',(-2.391192668157,-2.773719933285));
#1573 = CARTESIAN_POINT('',(-2.41119182316,-2.773719933285));
#1574 = CARTESIAN_POINT('',(-2.431189437716,-2.773719933285));
#1575 = CARTESIAN_POINT('',(-2.451185450195,-2.773719933285));
#1576 = CARTESIAN_POINT('',(-2.471179807689,-2.773719933285));
#1577 = CARTESIAN_POINT('',(-2.520650825321,-2.773719933285));
#1578 = CARTESIAN_POINT('',(-2.550125521777,-2.773719933285));
#1579 = CARTESIAN_POINT('',(-2.579596408902,-2.773719933285));
#1580 = CARTESIAN_POINT('',(-2.609063404978,-2.773719933285));
#1581 = CARTESIAN_POINT('',(-2.638526493041,-2.773719933285));
#1582 = CARTESIAN_POINT('',(-2.695357597569,-2.773719933285));
#1583 = CARTESIAN_POINT('',(-2.722726178534,-2.773719933285));
#1584 = CARTESIAN_POINT('',(-2.750091515685,-2.773719933285));
#1585 = CARTESIAN_POINT('',(-2.777453719208,-2.773719933285));
#1586 = CARTESIAN_POINT('',(-2.804812957579,-2.773719933285));
#1587 = CARTESIAN_POINT('',(-2.883757063089,-2.773719933285));
#1588 = CARTESIAN_POINT('',(-2.935335822043,-2.773719933285));
#1589 = CARTESIAN_POINT('',(-2.986905474462,-2.773719933285));
#1590 = CARTESIAN_POINT('',(-3.038469418669,-2.773719933285));
#1591 = CARTESIAN_POINT('',(-3.090031475676,-2.773719933285));
#1592 = CARTESIAN_POINT('',(-3.193153831504,-2.773719933285));
#1593 = CARTESIAN_POINT('',(-3.244715888511,-2.773719933285));
#1594 = CARTESIAN_POINT('',(-3.296279832717,-2.773719933285));
#1595 = CARTESIAN_POINT('',(-3.347849485136,-2.773719933285));
#1596 = CARTESIAN_POINT('',(-3.399428244091,-2.773719933285));
#1597 = CARTESIAN_POINT('',(-3.478372349601,-2.773719933285));
#1598 = CARTESIAN_POINT('',(-3.505731587972,-2.773719933285));
#1599 = CARTESIAN_POINT('',(-3.533093791495,-2.773719933285));
#1600 = CARTESIAN_POINT('',(-3.560459128645,-2.773719933285));
#1601 = CARTESIAN_POINT('',(-3.58782770961,-2.773719933285));
#1602 = CARTESIAN_POINT('',(-3.644658814138,-2.773719933285));
#1603 = CARTESIAN_POINT('',(-3.674121902202,-2.773719933285));
#1604 = CARTESIAN_POINT('',(-3.703588898278,-2.773719933285));
#1605 = CARTESIAN_POINT('',(-3.733059785403,-2.773719933285));
#1606 = CARTESIAN_POINT('',(-3.762534481859,-2.773719933285));
#1607 = CARTESIAN_POINT('',(-3.812005499491,-2.773719933285));
#1608 = CARTESIAN_POINT('',(-3.831999856985,-2.773719933285));
#1609 = CARTESIAN_POINT('',(-3.851995869463,-2.773719933285));
#1610 = CARTESIAN_POINT('',(-3.87199348402,-2.773719933285));
#1611 = CARTESIAN_POINT('',(-3.891992639023,-2.773719933285));
#1612 = CARTESIAN_POINT('',(-3.963017478328,-2.773719933285));
#1613 = CARTESIAN_POINT('',(-4.014052349393,-2.773719933285));
#1614 = CARTESIAN_POINT('',(-4.065094442743,-2.773719933285));
#1615 = CARTESIAN_POINT('',(-4.116143623094,-2.773719933285));
#1616 = CARTESIAN_POINT('',(-4.167199701198,-2.773719933285));
#1617 = CARTESIAN_POINT('',(-4.267191766773,-2.773719933285));
#1618 = CARTESIAN_POINT('',(-4.316129275144,-2.773719933285));
#1619 = CARTESIAN_POINT('',(-4.36506867133,-2.773719933285));
#1620 = CARTESIAN_POINT('',(-4.414009878108,-2.773719933285));
#1621 = CARTESIAN_POINT('',(-4.462952955167,-2.773719933285));
#1622 = CARTESIAN_POINT('',(-4.538207076794,-2.773719933285));
#1623 = CARTESIAN_POINT('',(-4.564518838827,-2.773719933285));
#1624 = CARTESIAN_POINT('',(-4.590830546872,-2.773719933285));
#1625 = CARTESIAN_POINT('',(-4.617142095516,-2.773719933285));
#1626 = CARTESIAN_POINT('',(-4.643453392046,-2.773719933285));
#1627 = CARTESIAN_POINT('',(-4.718707519021,-2.773719933285));
#1628 = CARTESIAN_POINT('',(-4.767650352179,-2.773719933285));
#1629 = CARTESIAN_POINT('',(-4.816590694506,-2.773719933285));
#1630 = CARTESIAN_POINT('',(-4.865529141182,-2.773719933285));
#1631 = CARTESIAN_POINT('',(-4.914466401219,-2.773719933285));
#1632 = CARTESIAN_POINT('',(-5.023925226044,-2.773719933285));
#1633 = CARTESIAN_POINT('',(-5.084448575108,-2.773719933285));
#1634 = CARTESIAN_POINT('',(-5.14496577426,-2.773719933285));
#1635 = CARTESIAN_POINT('',(-5.205479381205,-2.773719933285));
#1636 = CARTESIAN_POINT('',(-5.265992076845,-2.773719933285));
#1637 = CARTESIAN_POINT('',(-5.370706540645,-2.773719933285));
#1638 = CARTESIAN_POINT('',(-5.414912498986,-2.773719933285));
#1639 = CARTESIAN_POINT('',(-5.459116246623,-2.773719933285));
#1640 = CARTESIAN_POINT('',(-5.503318430092,-2.773719933285));
#1641 = CARTESIAN_POINT('',(-5.547519708066,-2.773719933285));
#1642 = CARTESIAN_POINT('',(-5.624873340134,-2.773719933285));
#1643 = CARTESIAN_POINT('',(-5.658026783228,-2.773719933285));
#1644 = CARTESIAN_POINT('',(-5.691179546868,-2.773719933285));
#1645 = CARTESIAN_POINT('',(-5.724331664177,-2.773719933285));
#1646 = CARTESIAN_POINT('',(-5.757483169253,-2.773719933285));
#1647 = CARTESIAN_POINT('',(-5.872728595486,-2.773719933285));
#1648 = CARTESIAN_POINT('',(-5.954830152584,-2.773719933285));
#1649 = CARTESIAN_POINT('',(-6.036917115412,-2.773719933285));
#1650 = CARTESIAN_POINT('',(-6.119002440936,-2.773719933285));
#1651 = CARTESIAN_POINT('',(-6.201099062751,-2.773719933285));
#1652 = CARTESIAN_POINT('',(-6.28318530718,-2.773719933285));
#1653 = ( GEOMETRIC_REPRESENTATION_CONTEXT(2) 
PARAMETRIC_REPRESENTATION_CONTEXT() REPRESENTATION_CONTEXT('2D SPACE',''
  ) );
#1654 = FACE_BOUND('',#1655,.T.);
#1655 = EDGE_LOOP('',(#1656));
#1656 = ORIENTED_EDGE('',*,*,#21,.F.);
#1657 = FACE_BOUND('',#1658,.T.);
#1658 = EDGE_LOOP('',(#1659));
#1659 = ORIENTED_EDGE('',*,*,#1660,.F.);
#1660 = EDGE_CURVE('',#1661,#1661,#1663,.T.);
#1661 = VERTEX_POINT('',#1662);
#1662 = CARTESIAN_POINT('',(-6.355151085264,13.434335049365,
    13.383971625226));
#1663 = SURFACE_CURVE('',#1664,(#1792,#1923),.PCURVE_S1.);
#1664 = B_SPLINE_CURVE_WITH_KNOTS('',6,(#1665,#1666,#1667,#1668,#1669,
    #1670,#1671,#1672,#1673,#1674,#1675,#1676,#1677,#1678,#1679,#1680,
    #1681,#1682,#1683,#1684,#1685,#1686,#1687,#1688,#1689,#1690,#1691,
    #1692,#1693,#1694,#1695,#1696,#1697,#1698,#1699,#1700,#1701,#1702,
    #1703,#1704,#1705,#1706,#1707,#1708,#1709,#1710,#1711,#1712,#1713,
    #1714,#1715,#1716,#1717,#1718,#1719,#1720,#1721,#1722,#1723,#1724,
    #1725,#1726,#1727,#1728,#1729,#1730,#1731,#1732,#1733,#1734,#1735,
    #1736,#1737,#1738,#1739,#1740,#1741,#1742,#1743,#1744,#1745,#1746,
    #1747,#1748,#1749,#1750,#1751,#1752,#1753,#1754,#1755,#1756,#1757,
    #1758,#1759,#1760,#1761,#1762,#1763,#1764,#1765,#1766,#1767,#1768,
    #1769,#1770,#1771,#1772,#1773,#1774,#1775,#1776,#1777,#1778,#1779,
    #1780,#1781,#1782,#1783,#1784,#1785,#1786,#1787,#1788,#1789,#1790,
    #1791),.UNSPECIFIED.,.T.,.F.,(7,5,5,5,5,5,5,5,5,5,5,5,5,5,5,5,5,5,5,
    5,5,5,5,5,5,7),(0.,1.959708244836E-02,6.63309336098E-02,
    0.123114466509,0.146228718755,0.177380407148,0.219077786656,
    0.276335198117,0.323034067551,0.348138544325,0.394835428846,
    0.443561862796,0.462661804481,0.490823893086,0.516990537734,
    0.566334338263,0.615174748295,0.641341611153,0.66950395219,
    0.688604048988,0.737832923912,0.783525636677,0.807625895873,
    0.85231572933,0.905051339744,1.),.UNSPECIFIED.);
#1665 = CARTESIAN_POINT('',(-6.355151085264,13.434335049365,
    13.383971625226));
#1666 = CARTESIAN_POINT('',(-6.413458054173,13.422701666851,
    13.367962712156));
#1667 = CARTESIAN_POINT('',(-6.471760504516,13.409842454794,
    13.352846482618));
#1668 = CARTESIAN_POINT('',(-6.53001740438,13.395765703902,
    13.338634126841));
#1669 = CARTESIAN_POINT('',(-6.588186231843,13.380481518943,
    13.32533614194));
#1670 = CARTESIAN_POINT('',(-6.64622297497,13.36400181875,
    13.312962331916));
#1671 = CARTESIAN_POINT('',(-6.842060896333,13.304222378201,
    13.274239187443));
#1672 = CARTESIAN_POINT('',(-6.979036947408,13.255381806419,
    13.252262455171));
#1673 = CARTESIAN_POINT('',(-7.114411308715,13.200002066666,
    13.235709604569));
#1674 = CARTESIAN_POINT('',(-7.247599428696,13.138312219087,
    13.224659430344));
#1675 = CARTESIAN_POINT('',(-7.378032408302,13.070586395111,
    13.219151407722));
#1676 = CARTESIAN_POINT('',(-7.659621279135,12.907906846634,
    13.219227082963));
#1677 = CARTESIAN_POINT('',(-7.809209906337,12.810224954469,
    13.227450835394));
#1678 = CARTESIAN_POINT('',(-7.952930997819,12.704672098299,
    13.243855996047));
#1679 = CARTESIAN_POINT('',(-8.089859745966,12.591901350128,
    13.268355992378));
#1680 = CARTESIAN_POINT('',(-8.219142833364,12.472641885371,
    13.300778955197));
#1681 = CARTESIAN_POINT('',(-8.38919828295,12.296836396071,
    13.357186836393));
#1682 = CARTESIAN_POINT('',(-8.436999842586,12.245033413116,
    13.374775975241));
#1683 = CARTESIAN_POINT('',(-8.483354295609,12.192341274444,
    13.393618380498));
#1684 = CARTESIAN_POINT('',(-8.528212256908,12.138815134044,
    13.413694692289));
#1685 = CARTESIAN_POINT('',(-8.571526957665,12.084511611255,
    13.434983388232));
#1686 = CARTESIAN_POINT('',(-8.669491213343,11.955333081974,
    13.487754162772));
#1687 = CARTESIAN_POINT('',(-8.722845127804,11.879870494215,
    13.520206811579));
#1688 = CARTESIAN_POINT('',(-8.773207741053,11.80324349378,
    13.554760617519));
#1689 = CARTESIAN_POINT('',(-8.820480614541,11.725597812596,
    13.59135097976));
#1690 = CARTESIAN_POINT('',(-8.864575118858,11.647082448215,
    13.629906808976));
#1691 = CARTESIAN_POINT('',(-8.960074286876,11.461794433716,
    13.724485540909));
#1692 = CARTESIAN_POINT('',(-9.008901144388,11.354452261108,
    13.782003823249));
#1693 = CARTESIAN_POINT('',(-9.051703759994,11.246189172212,
    13.842718788091));
#1694 = CARTESIAN_POINT('',(-9.088327771461,11.13737505724,
    13.906426405667));
#1695 = CARTESIAN_POINT('',(-9.118653968991,11.028383082536,
    13.972905517314));
#1696 = CARTESIAN_POINT('',(-9.175478459702,10.770196940851,
    14.136683930453));
#1697 = CARTESIAN_POINT('',(-9.196326543771,10.621170867099,
    14.236231625882));
#1698 = CARTESIAN_POINT('',(-9.204925969189,10.473489121945,
    14.339941344936));
#1699 = CARTESIAN_POINT('',(-9.201191957373,10.328109457764,
    14.44715267543));
#1700 = CARTESIAN_POINT('',(-9.185172349553,10.185965601535,
    14.557167023371));
#1701 = CARTESIAN_POINT('',(-9.134110203633,9.935410044687,
    14.760664249439));
#1702 = CARTESIAN_POINT('',(-9.103119507181,9.825606566979,
    14.853458556947));
#1703 = CARTESIAN_POINT('',(-9.064174684197,9.719042937487,
    14.947235678699));
#1704 = CARTESIAN_POINT('',(-9.017430817735,9.616183586859,
    15.041593056425));
#1705 = CARTESIAN_POINT('',(-8.963099342534,9.51746663026,
    15.136123612489));
#1706 = CARTESIAN_POINT('',(-8.868305231466,9.37268196988,
    15.281106812518));
#1707 = CARTESIAN_POINT('',(-8.833046819221,9.323376453626,
    15.331728884162));
#1708 = CARTESIAN_POINT('',(-8.795714101265,9.275449678727,
    15.382219324414));
#1709 = CARTESIAN_POINT('',(-8.756352765825,9.228962102818,
    15.432515031336));
#1710 = CARTESIAN_POINT('',(-8.715012779997,9.183971187965,
    15.482553284619));
#1711 = CARTESIAN_POINT('',(-8.591272215962,9.059728970488,
    15.62475314844));
#1712 = CARTESIAN_POINT('',(-8.504135943018,8.984291902763,
    15.716129884525));
#1713 = CARTESIAN_POINT('',(-8.410690986273,8.914572480656,
    15.805998519887));
#1714 = CARTESIAN_POINT('',(-8.311332815505,8.850879897808,
    15.893968449925));
#1715 = CARTESIAN_POINT('',(-8.206500190495,8.79347944938,
    15.979662807943));
#1716 = CARTESIAN_POINT('',(-7.982075331867,8.689492304204,
    16.149385760708));
#1717 = CARTESIAN_POINT('',(-7.862035261567,8.64348202987,
    16.233183369692));
#1718 = CARTESIAN_POINT('',(-7.737101957362,8.604811288431,
    16.313700430574));
#1719 = CARTESIAN_POINT('',(-7.607858468362,8.573670359947,
    16.390554052191));
#1720 = CARTESIAN_POINT('',(-7.47492138752,8.550189290706,
    16.463391040836));
#1721 = CARTESIAN_POINT('',(-7.285636357963,8.528263435933,
    16.55873865524));
#1722 = CARTESIAN_POINT('',(-7.231865249997,8.523276676372,
    16.584922100073));
#1723 = CARTESIAN_POINT('',(-7.177664552424,8.51948162792,
    16.610419784613));
#1724 = CARTESIAN_POINT('',(-7.12307344931,8.516880972189,
    16.635213320517));
#1725 = CARTESIAN_POINT('',(-7.06813155049,8.515475933525,
    16.659285199775));
#1726 = CARTESIAN_POINT('',(-6.931411089095,8.514957151942,
    16.71702323317));
#1727 = CARTESIAN_POINT('',(-6.849267414958,8.517246854633,
    16.749822711698));
#1728 = CARTESIAN_POINT('',(-6.766576440793,8.522134583527,
    16.780963872022));
#1729 = CARTESIAN_POINT('',(-6.68346750859,8.529612793494,16.81039793164
    ));
#1730 = CARTESIAN_POINT('',(-6.600070730691,8.539667197841,
    16.838080683822));
#1731 = CARTESIAN_POINT('',(-6.438883506082,8.563992879064,
    16.888029729305));
#1732 = CARTESIAN_POINT('',(-6.361114199622,8.577914963783,
    16.910540904733));
#1733 = CARTESIAN_POINT('',(-6.28331395673,8.59402614991,16.931474279828
    ));
#1734 = CARTESIAN_POINT('',(-6.205587238078,8.612304834998,
    16.950801726236));
#1735 = CARTESIAN_POINT('',(-6.128038078696,8.632724686706,
    16.968498731305));
#1736 = CARTESIAN_POINT('',(-5.905061825688,8.697740550875,
    17.014802545137));
#1737 = CARTESIAN_POINT('',(-5.760350606839,8.747731156111,
    17.039188857476));
#1738 = CARTESIAN_POINT('',(-5.617334428318,8.805017033392,
    17.057562676018));
#1739 = CARTESIAN_POINT('',(-5.476692066357,8.869334510721,
    17.069830825908));
#1740 = CARTESIAN_POINT('',(-5.339082434535,8.940366926119,
    17.075946972509));
#1741 = CARTESIAN_POINT('',(-5.072571848947,9.094335446251,
    17.075875349462));
#1742 = CARTESIAN_POINT('',(-4.943592018824,9.177145228715,
    17.069812468445));
#1743 = CARTESIAN_POINT('',(-4.81882308422,9.265817448893,
    17.057722781388));
#1744 = CARTESIAN_POINT('',(-4.698850538652,9.359952431791,
    17.039651081061));
#1745 = CARTESIAN_POINT('',(-4.584225408952,9.459108535534,
    17.015687117276));
#1746 = CARTESIAN_POINT('',(-4.417192063148,9.618357192871,
    16.970042858088));
#1747 = CARTESIAN_POINT('',(-4.360603389117,9.675215266317,
    16.952466910233));
#1748 = CARTESIAN_POINT('',(-4.305775768594,9.733302233022,
    16.933259098588));
#1749 = CARTESIAN_POINT('',(-4.25278419197,9.792541286596,
    16.912443774737));
#1750 = CARTESIAN_POINT('',(-4.201699777222,9.852852878041,
    16.890048907942));
#1751 = CARTESIAN_POINT('',(-4.099734646167,9.980131415699,
    16.840337388875));
#1752 = CARTESIAN_POINT('',(-4.049166288899,10.047255424161,
    16.812775552181));
#1753 = CARTESIAN_POINT('',(-4.000968588557,10.115424039891,
    16.783460009934));
#1754 = CARTESIAN_POINT('',(-3.955219225439,10.184531842573,
    16.752434778382));
#1755 = CARTESIAN_POINT('',(-3.911989669689,10.254470692816,
    16.719748455145));
#1756 = CARTESIAN_POINT('',(-3.843779516156,10.373051688969,
    16.662195384834));
#1757 = CARTESIAN_POINT('',(-3.817402842268,10.421305015055,
    16.638196909443));
#1758 = CARTESIAN_POINT('',(-3.792235465824,10.469855181739,
    16.613475364933));
#1759 = CARTESIAN_POINT('',(-3.768296220347,10.518667296743,
    16.588048205278));
#1760 = CARTESIAN_POINT('',(-3.745602466697,10.567706104187,
    16.561933766534));
#1761 = CARTESIAN_POINT('',(-3.668929972978,10.743821814013,
    16.466121651878));
#1762 = CARTESIAN_POINT('',(-3.62206820192,10.871979898323,
    16.39265237792));
#1763 = CARTESIAN_POINT('',(-3.583858524193,11.000795387151,
    16.315075396037));
#1764 = CARTESIAN_POINT('',(-3.554503682093,11.129650602397,
    16.233754501042));
#1765 = CARTESIAN_POINT('',(-3.534134610883,11.257926694137,
    16.149084465921));
#1766 = CARTESIAN_POINT('',(-3.512298141724,11.502955708493,
    15.98018787709));
#1767 = CARTESIAN_POINT('',(-3.509577697133,11.619878650761,
    15.896363488714));
#1768 = CARTESIAN_POINT('',(-3.514694359622,11.735280519854,
    15.810356379392));
#1769 = CARTESIAN_POINT('',(-3.527639204297,11.848680898264,
    15.722519404123));
#1770 = CARTESIAN_POINT('',(-3.548348602442,11.959613500577,
    15.633218099353));
#1771 = CARTESIAN_POINT('',(-3.591660596843,12.124598046844,
    15.495155326543));
#1772 = CARTESIAN_POINT('',(-3.608744020071,12.180757480544,
    15.447177952515));
#1773 = CARTESIAN_POINT('',(-3.627937498461,12.236039597816,
    15.398952834937));
#1774 = CARTESIAN_POINT('',(-3.649219726147,12.290380423219,
    15.350535402455));
#1775 = CARTESIAN_POINT('',(-3.672565364864,12.343717828749,
    15.301981433011));
#1776 = CARTESIAN_POINT('',(-3.74500734406,12.492924233001,
    15.163162865888));
#1777 = CARTESIAN_POINT('',(-3.799064626086,12.586200825517,
    15.07270075998));
#1778 = CARTESIAN_POINT('',(-3.859928521034,12.675435222811,
    14.982320329753));
#1779 = CARTESIAN_POINT('',(-3.927366759851,12.760270150247,
    14.892378648552));
#1780 = CARTESIAN_POINT('',(-4.001103864908,12.840377661422,
    14.803229605578));
#1781 = CARTESIAN_POINT('',(-4.17489192031,13.004059101689,
    14.611372568586));
#1782 = CARTESIAN_POINT('',(-4.277294250563,13.085664122082,
    14.509108823277));
#1783 = CARTESIAN_POINT('',(-4.387504270022,13.159784260715,
    14.409008489232));
#1784 = CARTESIAN_POINT('',(-4.504929923847,13.226000677783,
    14.311624326129));
#1785 = CARTESIAN_POINT('',(-4.628913729679,13.283967001236,
    14.217483882762));
#1786 = CARTESIAN_POINT('',(-4.992473310191,13.422430933779,
    13.964333336189));
#1787 = CARTESIAN_POINT('',(-5.245208446861,13.483851390769,
    13.813665240438));
#1788 = CARTESIAN_POINT('',(-5.512645779129,13.516014885228,
    13.678089337488));
#1789 = CARTESIAN_POINT('',(-5.790104220759,13.518278187038,
    13.560036999695));
#1790 = CARTESIAN_POINT('',(-6.072672308517,13.490695099006,
    13.461529733043));
#1791 = CARTESIAN_POINT('',(-6.355151085264,13.434335049365,
    13.383971625226));
#1792 = PCURVE('',#290,#1793);
#1793 = DEFINITIONAL_REPRESENTATION('',(#1794),#1922);
#1794 = B_SPLINE_CURVE_WITH_KNOTS('',6,(#1795,#1796,#1797,#1798,#1799,
    #1800,#1801,#1802,#1803,#1804,#1805,#1806,#1807,#1808,#1809,#1810,
    #1811,#1812,#1813,#1814,#1815,#1816,#1817,#1818,#1819,#1820,#1821,
    #1822,#1823,#1824,#1825,#1826,#1827,#1828,#1829,#1830,#1831,#1832,
    #1833,#1834,#1835,#1836,#1837,#1838,#1839,#1840,#1841,#1842,#1843,
    #1844,#1845,#1846,#1847,#1848,#1849,#1850,#1851,#1852,#1853,#1854,
    #1855,#1856,#1857,#1858,#1859,#1860,#1861,#1862,#1863,#1864,#1865,
    #1866,#1867,#1868,#1869,#1870,#1871,#1872,#1873,#1874,#1875,#1876,
    #1877,#1878,#1879,#1880,#1881,#1882,#1883,#1884,#1885,#1886,#1887,
    #1888,#1889,#1890,#1891,#1892,#1893,#1894,#1895,#1896,#1897,#1898,
    #1899,#1900,#1901,#1902,#1903,#1904,#1905,#1906,#1907,#1908,#1909,
    #1910,#1911,#1912,#1913,#1914,#1915,#1916,#1917,#1918,#1919,#1920,
    #1921),.UNSPECIFIED.,.F.,.F.,(7,5,5,5,5,5,5,5,5,5,5,5,5,5,5,5,5,5,5,
    5,5,5,5,5,5,7),(0.,1.959708244836E-02,6.63309336098E-02,
    0.123114466509,0.146228718755,0.177380407148,0.219077786656,
    0.276335198117,0.323034067551,0.348138544325,0.394835428846,
    0.443561862796,0.462661804481,0.490823893086,0.516990537734,
    0.566334338263,0.615174748295,0.641341611153,0.66950395219,
    0.688604048988,0.737832923912,0.783525636677,0.807625895873,
    0.85231572933,0.905051339744,1.),.UNSPECIFIED.);
#1795 = CARTESIAN_POINT('',(2.012654801757,0.733129758858));
#1796 = CARTESIAN_POINT('',(2.016536043948,0.732052564264));
#1797 = CARTESIAN_POINT('',(2.020443245041,0.731036690036));
#1798 = CARTESIAN_POINT('',(2.024374654752,0.730082618478));
#1799 = CARTESIAN_POINT('',(2.02832842254,0.729190809389));
#1800 = CARTESIAN_POINT('',(2.032302597606,0.728361700061));
#1801 = CARTESIAN_POINT('',(2.045816258553,0.725769010599));
#1802 = CARTESIAN_POINT('',(2.055442260468,0.724301136753));
#1803 = CARTESIAN_POINT('',(2.065146435244,0.723197338615));
#1804 = CARTESIAN_POINT('',(2.074902749985,0.722461081967));
#1805 = CARTESIAN_POINT('',(2.08468524918,0.722094085302));
#1806 = CARTESIAN_POINT('',(2.106353257008,0.722099127483));
#1807 = CARTESIAN_POINT('',(2.118239256838,0.722647074491));
#1808 = CARTESIAN_POINT('',(2.130077723095,0.723740129354));
#1809 = CARTESIAN_POINT('',(2.141822236628,0.725374539195));
#1810 = CARTESIAN_POINT('',(2.153426172372,0.727542739522));
#1811 = CARTESIAN_POINT('',(2.169487749201,0.731328407559));
#1812 = CARTESIAN_POINT('',(2.174103087211,0.732510144623));
#1813 = CARTESIAN_POINT('',(2.178683980695,0.733777666017));
#1814 = CARTESIAN_POINT('',(2.183227211171,0.735130101338));
#1815 = CARTESIAN_POINT('',(2.187729545612,0.736566477139));
#1816 = CARTESIAN_POINT('',(2.198196158017,0.740133236523));
#1817 = CARTESIAN_POINT('',(2.204124404418,0.74233127099));
#1818 = CARTESIAN_POINT('',(2.209964527058,0.744677185335));
#1819 = CARTESIAN_POINT('',(2.215708507926,0.747168006941));
#1820 = CARTESIAN_POINT('',(2.221348259593,0.749800425569));
#1821 = CARTESIAN_POINT('',(2.234274153949,0.756279005749));
#1822 = CARTESIAN_POINT('',(2.241471402722,0.760234422591));
#1823 = CARTESIAN_POINT('',(2.248447646606,0.76442821225));
#1824 = CARTESIAN_POINT('',(2.255183122674,0.768850607687));
#1825 = CARTESIAN_POINT('',(2.261657762087,0.773490760002));
#1826 = CARTESIAN_POINT('',(2.276355157264,0.784990722253));
#1827 = CARTESIAN_POINT('',(2.284329019401,0.792033017231));
#1828 = CARTESIAN_POINT('',(2.291718932694,0.799431906489));
#1829 = CARTESIAN_POINT('',(2.298470779082,0.807152834491));
#1830 = CARTESIAN_POINT('',(2.304529380607,0.815157314179));
#1831 = CARTESIAN_POINT('',(2.314167651133,0.830126290825));
#1832 = CARTESIAN_POINT('',(2.317998627095,0.837010662561));
#1833 = CARTESIAN_POINT('',(2.321300350619,0.844031647166));
#1834 = CARTESIAN_POINT('',(2.324042045027,0.851164385485));
#1835 = CARTESIAN_POINT('',(2.326193197963,0.858382225891));
#1836 = CARTESIAN_POINT('',(2.328546998619,0.869566777245));
#1837 = CARTESIAN_POINT('',(2.329190714734,0.873493511353));
#1838 = CARTESIAN_POINT('',(2.329650554657,0.87743210213));
#1839 = CARTESIAN_POINT('',(2.329922024577,0.881377961682));
#1840 = CARTESIAN_POINT('',(2.330000774018,0.885326356786));
#1841 = CARTESIAN_POINT('',(2.329662772398,0.89661246781));
#1842 = CARTESIAN_POINT('',(2.328761585815,0.903944547338));
#1843 = CARTESIAN_POINT('',(2.327152338585,0.911237036605));
#1844 = CARTESIAN_POINT('',(2.324810471844,0.918456971713));
#1845 = CARTESIAN_POINT('',(2.321715922176,0.925569975339));
#1846 = CARTESIAN_POINT('',(2.313827251292,0.939813358511));
#1847 = CARTESIAN_POINT('',(2.308964966868,0.946931325955));
#1848 = CARTESIAN_POINT('',(2.303253858299,0.953853447794));
#1849 = CARTESIAN_POINT('',(2.296686955444,0.960538213402));
#1850 = CARTESIAN_POINT('',(2.289269224586,0.966943927567));
#1851 = CARTESIAN_POINT('',(2.277788820566,0.975414782735));
#1852 = CARTESIAN_POINT('',(2.274428417415,0.977750998495));
#1853 = CARTESIAN_POINT('',(2.270941729807,0.980035563146));
#1854 = CARTESIAN_POINT('',(2.267330382369,0.982266048794));
#1855 = CARTESIAN_POINT('',(2.26359639323,0.98444006943));
#1856 = CARTESIAN_POINT('',(2.254059284288,0.989674074406));
#1857 = CARTESIAN_POINT('',(2.248115026958,0.992665049479));
#1858 = CARTESIAN_POINT('',(2.241917139424,0.995520648596));
#1859 = CARTESIAN_POINT('',(2.23547540685,0.998233709927));
#1860 = CARTESIAN_POINT('',(2.228801662177,1.000797467358));
#1861 = CARTESIAN_POINT('',(2.215506238643,1.005443007266));
#1862 = CARTESIAN_POINT('',(2.208914348308,1.007546109636));
#1863 = CARTESIAN_POINT('',(2.202145320173,1.009509757941));
#1864 = CARTESIAN_POINT('',(2.195211783167,1.011329323369));
#1865 = CARTESIAN_POINT('',(2.188127790093,1.013000647961));
#1866 = CARTESIAN_POINT('',(2.167295626416,1.017385249758));
#1867 = CARTESIAN_POINT('',(2.153202170804,1.019710307339));
#1868 = CARTESIAN_POINT('',(2.138731716555,1.021470624038));
#1869 = CARTESIAN_POINT('',(2.12400379568,1.022648966664));
#1870 = CARTESIAN_POINT('',(2.109146836841,1.023236343663));
#1871 = CARTESIAN_POINT('',(2.079586311503,1.02322946488));
#1872 = CARTESIAN_POINT('',(2.064882122594,1.022647202033));
#1873 = CARTESIAN_POINT('',(2.050304228469,1.021486033407));
#1874 = CARTESIAN_POINT('',(2.03597714408,1.019754644153));
#1875 = CARTESIAN_POINT('',(2.022016885551,1.01746963588));
#1876 = CARTESIAN_POINT('',(2.001294949335,1.01314655242));
#1877 = CARTESIAN_POINT('',(1.994200010168,1.011486266054));
#1878 = CARTESIAN_POINT('',(1.987254672537,1.009677496804));
#1879 = CARTESIAN_POINT('',(1.980473050688,1.007724380559));
#1880 = CARTESIAN_POINT('',(1.973867838911,1.005631526467));
#1881 = CARTESIAN_POINT('',(1.960543385197,1.001006638098));
#1882 = CARTESIAN_POINT('',(1.95385382663,0.998453236116));
#1883 = CARTESIAN_POINT('',(1.947395602903,0.995750160038));
#1884 = CARTESIAN_POINT('',(1.941180632193,0.992904158047));
#1885 = CARTESIAN_POINT('',(1.935218783793,0.989922377455));
#1886 = CARTESIAN_POINT('',(1.925651443487,0.984703110198));
#1887 = CARTESIAN_POINT('',(1.921905042992,0.982534856321));
#1888 = CARTESIAN_POINT('',(1.918281113806,0.980309943729));
#1889 = CARTESIAN_POINT('',(1.914781698575,0.9780307556));
#1890 = CARTESIAN_POINT('',(1.911408445414,0.975699717634));
#1891 = CARTESIAN_POINT('',(1.899796737779,0.967183969049));
#1892 = CARTESIAN_POINT('',(1.892277170829,0.96072041547));
#1893 = CARTESIAN_POINT('',(1.885625998353,0.953971109321));
#1894 = CARTESIAN_POINT('',(1.879848496527,0.946979051668));
#1895 = CARTESIAN_POINT('',(1.874937483197,0.939787058666));
#1896 = CARTESIAN_POINT('',(1.867109486502,0.925614995571));
#1897 = CARTESIAN_POINT('',(1.864074482748,0.918656578989));
#1898 = CARTESIAN_POINT('',(1.861760240109,0.911595367154));
#1899 = CARTESIAN_POINT('',(1.86014805749,0.904463586377));
#1900 = CARTESIAN_POINT('',(1.859215080758,0.897292171847));
#1901 = CARTESIAN_POINT('',(1.858789454043,0.886323072128));
#1902 = CARTESIAN_POINT('',(1.858824510297,0.882532528326));
#1903 = CARTESIAN_POINT('',(1.859037895852,0.878743517318));
#1904 = CARTESIAN_POINT('',(1.859425782941,0.874960245285));
#1905 = CARTESIAN_POINT('',(1.859984216431,0.871186795376));
#1906 = CARTESIAN_POINT('',(1.862053312809,0.860455463167));
#1907 = CARTESIAN_POINT('',(1.863969977085,0.853531089008));
#1908 = CARTESIAN_POINT('',(1.866433151933,0.846679441619));
#1909 = CARTESIAN_POINT('',(1.869416164501,0.839924147517));
#1910 = CARTESIAN_POINT('',(1.872892053594,0.833287329343));
#1911 = CARTESIAN_POINT('',(1.881485637333,0.819122725631));
#1912 = CARTESIAN_POINT('',(1.886786452148,0.811649343422));
#1913 = CARTESIAN_POINT('',(1.892692099479,0.804404229912));
#1914 = CARTESIAN_POINT('',(1.899159200938,0.797418359835));
#1915 = CARTESIAN_POINT('',(1.906145093174,0.790719868395));
#1916 = CARTESIAN_POINT('',(1.927043523207,0.772838427693));
#1917 = CARTESIAN_POINT('',(1.942028626328,0.762354173378));
#1918 = CARTESIAN_POINT('',(1.958311567179,0.753039144728));
#1919 = CARTESIAN_POINT('',(1.975658521083,0.745006119462));
#1920 = CARTESIAN_POINT('',(1.993851413983,0.73834842512));
#1921 = CARTESIAN_POINT('',(2.012654801757,0.733129758858));
#1922 = ( GEOMETRIC_REPRESENTATION_CONTEXT(2) 
PARAMETRIC_REPRESENTATION_CONTEXT() REPRESENTATION_CONTEXT('2D SPACE',''
  ) );
#1923 = PCURVE('',#1924,#1929);
#1924 = CYLINDRICAL_SURFACE('',#1925,3.);
#1925 = AXIS2_PLACEMENT_3D('',#1926,#1927,#1928);
#1926 = CARTESIAN_POINT('',(-5.463694682336,9.463396786849,
    13.022755533023));
#1927 = DIRECTION('',(0.321393804843,-0.556670399226,-0.766044443119));
#1928 = DIRECTION('',(3.411999900465E-18,0.808963493304,-0.587858883153)
  );
#1929 = DEFINITIONAL_REPRESENTATION('',(#1930),#2058);
#1930 = B_SPLINE_CURVE_WITH_KNOTS('',6,(#1931,#1932,#1933,#1934,#1935,
    #1936,#1937,#1938,#1939,#1940,#1941,#1942,#1943,#1944,#1945,#1946,
    #1947,#1948,#1949,#1950,#1951,#1952,#1953,#1954,#1955,#1956,#1957,
    #1958,#1959,#1960,#1961,#1962,#1963,#1964,#1965,#1966,#1967,#1968,
    #1969,#1970,#1971,#1972,#1973,#1974,#1975,#1976,#1977,#1978,#1979,
    #1980,#1981,#1982,#1983,#1984,#1985,#1986,#1987,#1988,#1989,#1990,
    #1991,#1992,#1993,#1994,#1995,#1996,#1997,#1998,#1999,#2000,#2001,
    #2002,#2003,#2004,#2005,#2006,#2007,#2008,#2009,#2010,#2011,#2012,
    #2013,#2014,#2015,#2016,#2017,#2018,#2019,#2020,#2021,#2022,#2023,
    #2024,#2025,#2026,#2027,#2028,#2029,#2030,#2031,#2032,#2033,#2034,
    #2035,#2036,#2037,#2038,#2039,#2040,#2041,#2042,#2043,#2044,#2045,
    #2046,#2047,#2048,#2049,#2050,#2051,#2052,#2053,#2054,#2055,#2056,
    #2057),.UNSPECIFIED.,.F.,.F.,(7,5,5,5,5,5,5,5,5,5,5,5,5,5,5,5,5,5,5,
    5,5,5,5,5,5,7),(0.,1.959708244836E-02,6.63309336098E-02,
    0.123114466509,0.146228718755,0.177380407148,0.219077786656,
    0.276335198117,0.323034067551,0.348138544325,0.394835428846,
    0.443561862796,0.462661804481,0.490823893086,0.516990537734,
    0.566334338263,0.615174748295,0.641341611153,0.66950395219,
    0.688604048988,0.737832923912,0.783525636677,0.807625895873,
    0.85231572933,0.905051339744,1.),.UNSPECIFIED.);
#1931 = CARTESIAN_POINT('',(-2.676942990059E-17,-2.773719933285));
#1932 = CARTESIAN_POINT('',(-2.052457472768E-02,-2.773719933285));
#1933 = CARTESIAN_POINT('',(-4.104755111217E-02,-2.773719933285));
#1934 = CARTESIAN_POINT('',(-6.157006983072E-02,-2.773719933285));
#1935 = CARTESIAN_POINT('',(-8.20927059432E-02,-2.773719933285));
#1936 = CARTESIAN_POINT('',(-0.102615468892,-2.773719933285));
#1937 = CARTESIAN_POINT('',(-0.172078132624,-2.773719933285));
#1938 = CARTESIAN_POINT('',(-0.221018537359,-2.773719933285));
#1939 = CARTESIAN_POINT('',(-0.269957516665,-2.773719933285));
#1940 = CARTESIAN_POINT('',(-0.318896148674,-2.773719933285));
#1941 = CARTESIAN_POINT('',(-0.36783551079,-2.773719933285));
#1942 = CARTESIAN_POINT('',(-0.476236481162,-2.773719933285));
#1943 = CARTESIAN_POINT('',(-0.535700869096,-2.773719933285));
#1944 = CARTESIAN_POINT('',(-0.595163224049,-2.773719933285));
#1945 = CARTESIAN_POINT('',(-0.654626204695,-2.773719933285));
#1946 = CARTESIAN_POINT('',(-0.714092471631,-2.773719933285));
#1947 = CARTESIAN_POINT('',(-0.797763968878,-2.773719933285));
#1948 = CARTESIAN_POINT('',(-0.821970163776,-2.773719933285));
#1949 = CARTESIAN_POINT('',(-0.846176592063,-2.773719933285));
#1950 = CARTESIAN_POINT('',(-0.870383270979,-2.773719933285));
#1951 = CARTESIAN_POINT('',(-0.894590217721,-2.773719933285));
#1952 = CARTESIAN_POINT('',(-0.951422175146,-2.773719933285));
#1953 = CARTESIAN_POINT('',(-0.984047468441,-2.773719933285));
#1954 = CARTESIAN_POINT('',(-1.016673363267,-2.773719933285));
#1955 = CARTESIAN_POINT('',(-1.049299892583,-2.773719933285));
#1956 = CARTESIAN_POINT('',(-1.081927088369,-2.773719933285));
#1957 = CARTESIAN_POINT('',(-1.158228301366,-2.773719933285));
#1958 = CARTESIAN_POINT('',(-1.201903375058,-2.773719933285));
#1959 = CARTESIAN_POINT('',(-1.245579361046,-2.773719933285));
#1960 = CARTESIAN_POINT('',(-1.289256882035,-2.773719933285));
#1961 = CARTESIAN_POINT('',(-1.332936548882,-2.773719933285));
#1962 = CARTESIAN_POINT('',(-1.436598646913,-2.773719933285));
#1963 = CARTESIAN_POINT('',(-1.496585138218,-2.773719933285));
#1964 = CARTESIAN_POINT('',(-1.556572591262,-2.773719933285));
#1965 = CARTESIAN_POINT('',(-1.616563574744,-2.773719933285));
#1966 = CARTESIAN_POINT('',(-1.676560537557,-2.773719933285));
#1967 = CARTESIAN_POINT('',(-1.785493009418,-2.773719933285));
#1968 = CARTESIAN_POINT('',(-1.834430271604,-2.773719933285));
#1969 = CARTESIAN_POINT('',(-1.883368719518,-2.773719933285));
#1970 = CARTESIAN_POINT('',(-1.932309061781,-2.773719933285));
#1971 = CARTESIAN_POINT('',(-1.981251893112,-2.773719933285));
#1972 = CARTESIAN_POINT('',(-2.05650601789,-2.773719933285));
#1973 = CARTESIAN_POINT('',(-2.082817315726,-2.773719933285));
#1974 = CARTESIAN_POINT('',(-2.109128864916,-2.773719933285));
#1975 = CARTESIAN_POINT('',(-2.135440572657,-2.773719933285));
#1976 = CARTESIAN_POINT('',(-2.161752333446,-2.773719933285));
#1977 = CARTESIAN_POINT('',(-2.237006463684,-2.773719933285));
#1978 = CARTESIAN_POINT('',(-2.285949548095,-2.773719933285));
#1979 = CARTESIAN_POINT('',(-2.334890757985,-2.773719933285));
#1980 = CARTESIAN_POINT('',(-2.383830152481,-2.773719933285));
#1981 = CARTESIAN_POINT('',(-2.432767653879,-2.773719933285));
#1982 = CARTESIAN_POINT('',(-2.532759722579,-2.773719933285));
#1983 = CARTESIAN_POINT('',(-2.583815810339,-2.773719933285));
#1984 = CARTESIAN_POINT('',(-2.63486499376,-2.773719933285));
#1985 = CARTESIAN_POINT('',(-2.685907083549,-2.773719933285));
#1986 = CARTESIAN_POINT('',(-2.736941944809,-2.773719933285));
#1987 = CARTESIAN_POINT('',(-2.807966770746,-2.773719933285));
#1988 = CARTESIAN_POINT('',(-2.827965926743,-2.773719933285));
#1989 = CARTESIAN_POINT('',(-2.847963541535,-2.773719933285));
#1990 = CARTESIAN_POINT('',(-2.867959553564,-2.773719933285));
#1991 = CARTESIAN_POINT('',(-2.88795391001,-2.773719933285));
#1992 = CARTESIAN_POINT('',(-2.937424927562,-2.773719933285));
#1993 = CARTESIAN_POINT('',(-2.966899624392,-2.773719933285));
#1994 = CARTESIAN_POINT('',(-2.996370511143,-2.773719933285));
#1995 = CARTESIAN_POINT('',(-3.025837506485,-2.773719933285));
#1996 = CARTESIAN_POINT('',(-3.055300593898,-2.773719933285));
#1997 = CARTESIAN_POINT('',(-3.112131695798,-2.773719933285));
#1998 = CARTESIAN_POINT('',(-3.139500274698,-2.773719933285));
#1999 = CARTESIAN_POINT('',(-3.166865610669,-2.773719933285));
#2000 = CARTESIAN_POINT('',(-3.1942278143,-2.773719933285));
#2001 = CARTESIAN_POINT('',(-3.221587054468,-2.773719933285));
#2002 = CARTESIAN_POINT('',(-3.300531138178,-2.773719933285));
#2003 = CARTESIAN_POINT('',(-3.352109878757,-2.773719933285));
#2004 = CARTESIAN_POINT('',(-3.403679522998,-2.773719933285));
#2005 = CARTESIAN_POINT('',(-3.455243471198,-2.773719933285));
#2006 = CARTESIAN_POINT('',(-3.5068055455,-2.773719933285));
#2007 = CARTESIAN_POINT('',(-3.60940195141,-2.773719933285));
#2008 = CARTESIAN_POINT('',(-3.66043799679,-2.773719933285));
#2009 = CARTESIAN_POINT('',(-3.711475904288,-2.773719933285));
#2010 = CARTESIAN_POINT('',(-3.762519360529,-2.773719933285));
#2011 = CARTESIAN_POINT('',(-3.813571648463,-2.773719933285));
#2012 = CARTESIAN_POINT('',(-3.891989101078,-2.773719933285));
#2013 = CARTESIAN_POINT('',(-3.919348353467,-2.773719933285));
#2014 = CARTESIAN_POINT('',(-3.946710557873,-2.773719933285));
#2015 = CARTESIAN_POINT('',(-3.974075885869,-2.773719933285));
#2016 = CARTESIAN_POINT('',(-4.001444450747,-2.773719933285));
#2017 = CARTESIAN_POINT('',(-4.058275534991,-2.773719933285));
#2018 = CARTESIAN_POINT('',(-4.087738618156,-2.773719933285));
#2019 = CARTESIAN_POINT('',(-4.117205608603,-2.773719933285));
#2020 = CARTESIAN_POINT('',(-4.14667649278,-2.773719933285));
#2021 = CARTESIAN_POINT('',(-4.17615119199,-2.773719933285));
#2022 = CARTESIAN_POINT('',(-4.225622208865,-2.773719933285));
#2023 = CARTESIAN_POINT('',(-4.245616558307,-2.773719933285));
#2024 = CARTESIAN_POINT('',(-4.265612567322,-2.773719933285));
#2025 = CARTESIAN_POINT('',(-4.28561018368,-2.773719933285));
#2026 = CARTESIAN_POINT('',(-4.305609346319,-2.773719933285));
#2027 = CARTESIAN_POINT('',(-4.377159931265,-2.773719933285));
#2028 = CARTESIAN_POINT('',(-4.428720829759,-2.773719933285));
#2029 = CARTESIAN_POINT('',(-4.480289099015,-2.773719933285));
#2030 = CARTESIAN_POINT('',(-4.531864625567,-2.773719933285));
#2031 = CARTESIAN_POINT('',(-4.583447238122,-2.773719933285));
#2032 = CARTESIAN_POINT('',(-4.682913651761,-2.773719933285));
#2033 = CARTESIAN_POINT('',(-4.7307986862,-2.773719933285));
#2034 = CARTESIAN_POINT('',(-4.778685603355,-2.773719933285));
#2035 = CARTESIAN_POINT('',(-4.826574291988,-2.773719933285));
#2036 = CARTESIAN_POINT('',(-4.874464766181,-2.773719933285));
#2037 = CARTESIAN_POINT('',(-4.947613897414,-2.773719933285));
#2038 = CARTESIAN_POINT('',(-4.97287314795,-2.773719933285));
#2039 = CARTESIAN_POINT('',(-4.998132366611,-2.773719933285));
#2040 = CARTESIAN_POINT('',(-5.023391458725,-2.773719933285));
#2041 = CARTESIAN_POINT('',(-5.048650340499,-2.773719933285));
#2042 = CARTESIAN_POINT('',(-5.120746715811,-2.773719933285));
#2043 = CARTESIAN_POINT('',(-5.167584180278,-2.773719933285));
#2044 = CARTESIAN_POINT('',(-5.214419539409,-2.773719933285));
#2045 = CARTESIAN_POINT('',(-5.261253230306,-2.773719933285));
#2046 = CARTESIAN_POINT('',(-5.308085788967,-2.773719933285));
#2047 = CARTESIAN_POINT('',(-5.410176720511,-2.773719933285));
#2048 = CARTESIAN_POINT('',(-5.465436341374,-2.773719933285));
#2049 = CARTESIAN_POINT('',(-5.520691359391,-2.773719933285));
#2050 = CARTESIAN_POINT('',(-5.575943376183,-2.773719933285));
#2051 = CARTESIAN_POINT('',(-5.631194090591,-2.773719933285));
#2052 = CARTESIAN_POINT('',(-5.785909969409,-2.773719933285));
#2053 = CARTESIAN_POINT('',(-5.885396791293,-2.773719933285));
#2054 = CARTESIAN_POINT('',(-5.984844019774,-2.773719933285));
#2055 = CARTESIAN_POINT('',(-6.084284323138,-2.773719933285));
#2056 = CARTESIAN_POINT('',(-6.183750250431,-2.773719933285));
#2057 = CARTESIAN_POINT('',(-6.28318530718,-2.773719933285));
#2058 = ( GEOMETRIC_REPRESENTATION_CONTEXT(2) 
PARAMETRIC_REPRESENTATION_CONTEXT() REPRESENTATION_CONTEXT('2D SPACE',''
  ) );
#2059 = FACE_BOUND('',#2060,.T.);
#2060 = EDGE_LOOP('',(#2061));
#2061 = ORIENTED_EDGE('',*,*,#2062,.F.);
#2062 = EDGE_CURVE('',#2063,#2063,#2065,.T.);
#2063 = VERTEX_POINT('',#2064);
#2064 = CARTESIAN_POINT('',(-6.355151085264,-8.580554089541,
    16.911124924142));
#2065 = SURFACE_CURVE('',#2066,(#2181,#2299),.PCURVE_S1.);
#2066 = B_SPLINE_CURVE_WITH_KNOTS('',5,(#2067,#2068,#2069,#2070,#2071,
    #2072,#2073,#2074,#2075,#2076,#2077,#2078,#2079,#2080,#2081,#2082,
    #2083,#2084,#2085,#2086,#2087,#2088,#2089,#2090,#2091,#2092,#2093,
    #2094,#2095,#2096,#2097,#2098,#2099,#2100,#2101,#2102,#2103,#2104,
    #2105,#2106,#2107,#2108,#2109,#2110,#2111,#2112,#2113,#2114,#2115,
    #2116,#2117,#2118,#2119,#2120,#2121,#2122,#2123,#2124,#2125,#2126,
    #2127,#2128,#2129,#2130,#2131,#2132,#2133,#2134,#2135,#2136,#2137,
    #2138,#2139,#2140,#2141,#2142,#2143,#2144,#2145,#2146,#2147,#2148,
    #2149,#2150,#2151,#2152,#2153,#2154,#2155,#2156,#2157,#2158,#2159,
    #2160,#2161,#2162,#2163,#2164,#2165,#2166,#2167,#2168,#2169,#2170,
    #2171,#2172,#2173,#2174,#2175,#2176,#2177,#2178,#2179,#2180),
  .UNSPECIFIED.,.T.,.F.,(6,4,4,4,4,4,4,4,4,4,4,4,4,4,4,4,4,4,4,4,4,4,4,4
    ,4,4,4,4,6),(0.,2.816746093599E-02,4.978401840298E-02,
    6.536206409034E-02,0.105043585272,0.151740144998,0.176844447161,
    0.223542991787,0.280800005001,0.322497094488,0.353648566209,
    0.376762657687,0.433545795635,0.474249380353,0.490831857534,
    0.513443463338,0.544594946566,0.58629205657,0.64354910312,
    0.690247669214,0.715351974863,0.762048512195,0.811277044058,
    0.830377007753,0.858539152535,0.884705833044,0.933545902721,
    0.977352459784,1.),.UNSPECIFIED.);
#2067 = CARTESIAN_POINT('',(-6.355151085264,-8.580554089541,
    16.911124924142));
#2068 = CARTESIAN_POINT('',(-6.455582821322,-8.560515990768,
    16.883550125415));
#2069 = CARTESIAN_POINT('',(-6.556023200942,-8.544267390513,
    16.853217941448));
#2070 = CARTESIAN_POINT('',(-6.656218928159,-8.531861154469,
    16.820196225992));
#2071 = CARTESIAN_POINT('',(-6.755911173435,-8.52333157403,
    16.784568652005));
#2072 = CARTESIAN_POINT('',(-6.930753136392,-8.51513563348,
    16.717169577856));
#2073 = CARTESIAN_POINT('',(-7.00621992046,-8.513869069646,
    16.686427891147));
#2074 = CARTESIAN_POINT('',(-7.081118689674,-8.514901318244,
    16.654254010276));
#2075 = CARTESIAN_POINT('',(-7.155333874089,-8.51823187573,
    16.620696788508));
#2076 = CARTESIAN_POINT('',(-7.28166028238,-8.527904039886,
    16.560667983511));
#2077 = CARTESIAN_POINT('',(-7.334154885921,-8.533144621327,
    16.534835648186));
#2078 = CARTESIAN_POINT('',(-7.38619279513,-8.539571966697,
    16.508332519377));
#2079 = CARTESIAN_POINT('',(-7.437732149075,-8.547181273816,
    16.481179649484));
#2080 = CARTESIAN_POINT('',(-7.618641828444,-8.57834240517,
    16.382634806173));
#2081 = CARTESIAN_POINT('',(-7.745051572188,-8.608344921444,
    16.30779734506));
#2082 = CARTESIAN_POINT('',(-7.867277662649,-8.645861192659,
    16.22925502747));
#2083 = CARTESIAN_POINT('',(-7.98468187487,-8.690700044591,
    16.147414543358));
#2084 = CARTESIAN_POINT('',(-8.228465349274,-8.803656994633,
    15.96305149479));
#2085 = CARTESIAN_POINT('',(-8.35276654862,-8.874491349395,
    15.859426927493));
#2086 = CARTESIAN_POINT('',(-8.468615423925,-8.954653611917,
    15.752570112282));
#2087 = CARTESIAN_POINT('',(-8.575176981206,-9.043568484454,
    15.643249429011));
#2088 = CARTESIAN_POINT('',(-8.723665658047,-9.192659145426,
    15.472609592427));
#2089 = CARTESIAN_POINT('',(-8.772696319714,-9.247113581514,
    15.412467750791));
#2090 = CARTESIAN_POINT('',(-8.818731882816,-9.303785775939,
    15.351970898037));
#2091 = CARTESIAN_POINT('',(-8.861676692031,-9.362557809,15.291244856412
    ));
#2092 = CARTESIAN_POINT('',(-8.975429625313,-9.536299401455,
    15.117265016377));
#2093 = CARTESIAN_POINT('',(-9.038431413947,-9.65612567956,
    15.003757076449));
#2094 = CARTESIAN_POINT('',(-9.089917954447,-9.781960195414,
    14.89071428095));
#2095 = CARTESIAN_POINT('',(-9.129522612648,-9.912899310108,
    14.778947108942));
#2096 = CARTESIAN_POINT('',(-9.190797187753,-10.21356597832,
    14.53475043766));
#2097 = CARTESIAN_POINT('',(-9.206389342183,-10.38538119748,
    14.403353794315));
#2098 = CARTESIAN_POINT('',(-9.203462596195,-10.5615970464,
    14.276528895558));
#2099 = CARTESIAN_POINT('',(-9.182054438923,-10.74031850848,
    14.155637086532));
#2100 = CARTESIAN_POINT('',(-9.113865050068,-11.0501418785,
    13.959102990764));
#2101 = CARTESIAN_POINT('',(-9.075559132158,-11.1809916466,
    13.880088113118));
#2102 = CARTESIAN_POINT('',(-9.02784838783,-11.31138669781,
    13.805349463064));
#2103 = CARTESIAN_POINT('',(-8.971006657506,-11.44058338769,
    13.735312543621));
#2104 = CARTESIAN_POINT('',(-8.856407655884,-11.66292900509,
    13.621818065302));
#2105 = CARTESIAN_POINT('',(-8.80251709387,-11.75693221634,
    13.57611743699));
#2106 = CARTESIAN_POINT('',(-8.743898388235,-11.84955477121,
    13.533403798049));
#2107 = CARTESIAN_POINT('',(-8.68073860694,-11.94050194021,
    13.493812838639));
#2108 = CARTESIAN_POINT('',(-8.563181500127,-12.09551617535,
    13.430487909191));
#2109 = CARTESIAN_POINT('',(-8.510727635298,-12.16046461338,
    13.405298083838));
#2110 = CARTESIAN_POINT('',(-8.455980955919,-12.22421793549,
    13.381938677158));
#2111 = CARTESIAN_POINT('',(-8.399037615919,-12.28666436835,
    13.360450571407));
#2112 = CARTESIAN_POINT('',(-8.194971076416,-12.49763095551,
    13.292761113972));
#2113 = CARTESIAN_POINT('',(-8.03730408074,-12.63903654743,
    13.256153431581));
#2114 = CARTESIAN_POINT('',(-7.868557914898,-12.77030764916,
    13.231558560512));
#2115 = CARTESIAN_POINT('',(-7.690513889215,-12.89005956508,
    13.219235385158));
#2116 = CARTESIAN_POINT('',(-7.372290618708,-13.07390354232,
    13.219149864652));
#2117 = CARTESIAN_POINT('',(-7.235660615728,-13.14415778149,
    13.225420494498));
#2118 = CARTESIAN_POINT('',(-7.095996295614,-13.20748557321,
    13.237997493434));
#2119 = CARTESIAN_POINT('',(-6.954056286906,-13.26354270607,
    13.256812711082));
#2120 = CARTESIAN_POINT('',(-6.752193576714,-13.33182958656,
    13.291881354555));
#2121 = CARTESIAN_POINT('',(-6.693513223174,-13.35034561441,
    13.303045429374));
#2122 = CARTESIAN_POINT('',(-6.634638169203,-13.36759289413,
    13.315213166644));
#2123 = CARTESIAN_POINT('',(-6.575621595622,-13.38355581143,
    13.328373600974));
#2124 = CARTESIAN_POINT('',(-6.435922876286,-13.41821834514,
    13.36179554756));
#2125 = CARTESIAN_POINT('',(-6.355164941815,-13.43580281969,
    13.382899210028));
#2126 = CARTESIAN_POINT('',(-6.274378933729,-13.45094069742,
    13.405792547655));
#2127 = CARTESIAN_POINT('',(-6.193700483735,-13.46360643937,
    13.430437214891));
#2128 = CARTESIAN_POINT('',(-6.002451162045,-13.48780240748,
    13.493093067791));
#2129 = CARTESIAN_POINT('',(-5.892097897579,-13.49709720938,
    13.532637398061));
#2130 = CARTESIAN_POINT('',(-5.782560342803,-13.50162190438,
    13.57530584638));
#2131 = CARTESIAN_POINT('',(-5.674187321202,-13.50136162714,
    13.620962866288));
#2132 = CARTESIAN_POINT('',(-5.424278569857,-13.48959946026,
    13.734359387038));
#2133 = CARTESIAN_POINT('',(-5.283933367544,-13.47432161969,
    13.804343316367));
#2134 = CARTESIAN_POINT('',(-5.147109237649,-13.45053607269,
    13.879032374115));
#2135 = CARTESIAN_POINT('',(-5.014587360235,-13.41837695759,
    13.958001340457));
#2136 = CARTESIAN_POINT('',(-4.712045457356,-13.32273250537,
    14.154435803293));
#2137 = CARTESIAN_POINT('',(-4.546476090703,-13.2520317154,
    14.275277363501));
#2138 = CARTESIAN_POINT('',(-4.392306780471,-13.16657341814,
    14.402060041096));
#2139 = CARTESIAN_POINT('',(-4.251198455141,-13.06727141697,
    14.533422949753));
#2140 = CARTESIAN_POINT('',(-4.021239601858,-12.86405705962,
    14.777574277951));
#2141 = CARTESIAN_POINT('',(-3.927544978318,-12.76436681776,
    14.889326904136));
#2142 = CARTESIAN_POINT('',(-3.844207192922,-12.65693341107,
    15.00236113616));
#2143 = CARTESIAN_POINT('',(-3.771826256155,-12.54252564725,
    15.115866561343));
#2144 = CARTESIAN_POINT('',(-3.678065164023,-12.35723435251,
    15.289851784211));
#2145 = CARTESIAN_POINT('',(-3.648578101998,-12.2906875157,
    15.35058143729));
#2146 = CARTESIAN_POINT('',(-3.622454117102,-12.2225120033,
    15.411083640556));
#2147 = CARTESIAN_POINT('',(-3.599747633273,-12.15284955439,
    15.47123256128));
#2148 = CARTESIAN_POINT('',(-3.544694251313,-11.94977949997,
    15.64189746896));
#2149 = CARTESIAN_POINT('',(-3.520852591133,-11.81307571916,
    15.751240354829));
#2150 = CARTESIAN_POINT('',(-3.509233518208,-11.67269780714,
    15.858125180009));
#2151 = CARTESIAN_POINT('',(-3.509918640745,-11.52965630625,
    15.961783363269));
#2152 = CARTESIAN_POINT('',(-3.536399606307,-11.23251097365,
    16.166603323853));
#2153 = CARTESIAN_POINT('',(-3.563555719985,-11.07822041676,
    16.267330089637));
#2154 = CARTESIAN_POINT('',(-3.6041613284,-10.92337035753,
    16.362820702438));
#2155 = CARTESIAN_POINT('',(-3.657881948961,-10.76919897989,
    16.452315728886));
#2156 = CARTESIAN_POINT('',(-3.749888941424,-10.5578601281,
    16.567290266473));
#2157 = CARTESIAN_POINT('',(-3.777499859809,-10.49907088106,
    16.598427174681));
#2158 = CARTESIAN_POINT('',(-3.806971071839,-10.44063948241,
    16.628523555186));
#2159 = CARTESIAN_POINT('',(-3.838266383128,-10.38263608033,
    16.657543617958));
#2160 = CARTESIAN_POINT('',(-3.920118567367,-10.24033888494,
    16.726607302332));
#2161 = CARTESIAN_POINT('',(-3.972769554475,-10.15662832138,
    16.765348516408));
#2162 = CARTESIAN_POINT('',(-4.02916762264,-10.07421975839,
    16.801571503461));
#2163 = CARTESIAN_POINT('',(-4.089163621419,-9.99332675569,
    16.835183649623));
#2164 = CARTESIAN_POINT('',(-4.211521778685,-9.8405925105,
    16.894837472503));
#2165 = CARTESIAN_POINT('',(-4.273415398613,-9.768515674644,
    16.921246925855));
#2166 = CARTESIAN_POINT('',(-4.338136138575,-9.698088791399,
    16.945271271321));
#2167 = CARTESIAN_POINT('',(-4.405537890202,-9.629468216152,
    16.966858188057));
#2168 = CARTESIAN_POINT('',(-4.605977905167,-9.438369827349,
    17.021631299083));
#2169 = CARTESIAN_POINT('',(-4.745286855396,-9.320743734011,
    17.048660972049));
#2170 = CARTESIAN_POINT('',(-4.892359313046,-9.210891163775,
    17.066784590728));
#2171 = CARTESIAN_POINT('',(-5.046057430379,-9.109653358596,
    17.075868223879));
#2172 = CARTESIAN_POINT('',(-5.347834818069,-8.935310498295,
    17.075949324657));
#2173 = CARTESIAN_POINT('',(-5.494865070383,-8.860378727894,
    17.068714347987));
#2174 = CARTESIAN_POINT('',(-5.645342722137,-8.7934654498,
    17.054206124722));
#2175 = CARTESIAN_POINT('',(-5.798336142093,-8.734989698608,
    17.03251101585));
#2176 = CARTESIAN_POINT('',(-6.032771130811,-8.659566826821,
    16.98896227248));
#2177 = CARTESIAN_POINT('',(-6.11308038835,-8.636203040305,
    16.972246571985));
#2178 = CARTESIAN_POINT('',(-6.193670052808,-8.615223515254,
    16.953680627889));
#2179 = CARTESIAN_POINT('',(-6.274405528064,-8.596664409986,
    16.933294634387));
#2180 = CARTESIAN_POINT('',(-6.355151085264,-8.580554089541,
    16.911124924142));
#2181 = PCURVE('',#290,#2182);
#2182 = DEFINITIONAL_REPRESENTATION('',(#2183),#2298);
#2183 = B_SPLINE_CURVE_WITH_KNOTS('',5,(#2184,#2185,#2186,#2187,#2188,
    #2189,#2190,#2191,#2192,#2193,#2194,#2195,#2196,#2197,#2198,#2199,
    #2200,#2201,#2202,#2203,#2204,#2205,#2206,#2207,#2208,#2209,#2210,
    #2211,#2212,#2213,#2214,#2215,#2216,#2217,#2218,#2219,#2220,#2221,
    #2222,#2223,#2224,#2225,#2226,#2227,#2228,#2229,#2230,#2231,#2232,
    #2233,#2234,#2235,#2236,#2237,#2238,#2239,#2240,#2241,#2242,#2243,
    #2244,#2245,#2246,#2247,#2248,#2249,#2250,#2251,#2252,#2253,#2254,
    #2255,#2256,#2257,#2258,#2259,#2260,#2261,#2262,#2263,#2264,#2265,
    #2266,#2267,#2268,#2269,#2270,#2271,#2272,#2273,#2274,#2275,#2276,
    #2277,#2278,#2279,#2280,#2281,#2282,#2283,#2284,#2285,#2286,#2287,
    #2288,#2289,#2290,#2291,#2292,#2293,#2294,#2295,#2296,#2297),
  .UNSPECIFIED.,.T.,.F.,(6,4,4,4,4,4,4,4,4,4,4,4,4,4,4,4,4,4,4,4,4,4,4,4
    ,4,4,4,4,6),(0.,2.816746093599E-02,4.978401840298E-02,
    6.536206409034E-02,0.105043585272,0.151740144998,0.176844447161,
    0.223542991787,0.280800005001,0.322497094488,0.353648566209,
    0.376762657687,0.433545795635,0.474249380353,0.490831857534,
    0.513443463338,0.544594946566,0.58629205657,0.64354910312,
    0.690247669214,0.715351974863,0.762048512195,0.811277044058,
    0.830377007753,0.858539152535,0.884705833044,0.933545902721,
    0.977352459784,1.),.UNSPECIFIED.);
#2184 = CARTESIAN_POINT('',(4.074901508442,1.007606190369));
#2185 = CARTESIAN_POINT('',(4.066226202277,1.005023730755));
#2186 = CARTESIAN_POINT('',(4.057850177573,1.002196202895));
#2187 = CARTESIAN_POINT('',(4.04980445198,0.999135072477));
#2188 = CARTESIAN_POINT('',(4.042114447409,0.995853394532));
#2189 = CARTESIAN_POINT('',(4.029186655256,0.989689338704));
#2190 = CARTESIAN_POINT('',(4.023794402049,0.986891530997));
#2191 = CARTESIAN_POINT('',(4.018631970601,0.983978924003));
#2192 = CARTESIAN_POINT('',(4.013706073763,0.980958322584));
#2193 = CARTESIAN_POINT('',(4.005645368841,0.975587268903));
#2194 = CARTESIAN_POINT('',(4.002394624471,0.97328531688));
#2195 = CARTESIAN_POINT('',(3.999270923003,0.970933587531));
#2196 = CARTESIAN_POINT('',(3.996275543026,0.968534754737));
#2197 = CARTESIAN_POINT('',(3.986108137564,0.959867955564));
#2198 = CARTESIAN_POINT('',(3.979644744947,0.953356222195));
#2199 = CARTESIAN_POINT('',(3.974032725671,0.946601218078));
#2200 = CARTESIAN_POINT('',(3.969266434308,0.939647931245));
#2201 = CARTESIAN_POINT('',(3.960697296253,0.924175931138));
#2202 = CARTESIAN_POINT('',(3.957213604877,0.915597492001));
#2203 = CARTESIAN_POINT('',(3.954852332312,0.906876581208));
#2204 = CARTESIAN_POINT('',(3.95356649947,0.898080479596));
#2205 = CARTESIAN_POINT('',(3.953160897527,0.884537146367));
#2206 = CARTESIAN_POINT('',(3.953314475141,0.87979836934));
#2207 = CARTESIAN_POINT('',(3.953755029904,0.875065834919));
#2208 = CARTESIAN_POINT('',(3.95447371753,0.870348864222));
#2209 = CARTESIAN_POINT('',(3.957298278317,0.856927402597));
#2210 = CARTESIAN_POINT('',(3.960065754071,0.848282876928));
#2211 = CARTESIAN_POINT('',(3.963704159051,0.839780417403));
#2212 = CARTESIAN_POINT('',(3.96815172215,0.831471152876));
#2213 = CARTESIAN_POINT('',(3.979717646781,0.813508380901));
#2214 = CARTESIAN_POINT('',(3.987212968755,0.803975061286));
#2215 = CARTESIAN_POINT('',(3.995719780217,0.794888751692));
#2216 = CARTESIAN_POINT('',(4.005129302903,0.786321548308));
#2217 = CARTESIAN_POINT('',(4.022766177115,0.772521593607));
#2218 = CARTESIAN_POINT('',(4.030620188201,0.767015114728));
#2219 = CARTESIAN_POINT('',(4.038855132946,0.761841309772));
#2220 = CARTESIAN_POINT('',(4.047431447483,0.757020648228));
#2221 = CARTESIAN_POINT('',(4.06294252071,0.749246352012));
#2222 = CARTESIAN_POINT('',(4.069743938526,0.746128834406));
#2223 = CARTESIAN_POINT('',(4.076697621719,0.743225536264));
#2224 = CARTESIAN_POINT('',(4.083787464849,0.740542740442));
#2225 = CARTESIAN_POINT('',(4.096347399735,0.736262629181));
#2226 = CARTESIAN_POINT('',(4.101763444145,0.734563837417));
#2227 = CARTESIAN_POINT('',(4.107239208823,0.732991494618));
#2228 = CARTESIAN_POINT('',(4.11276824226,0.731547444634));
#2229 = CARTESIAN_POINT('',(4.132042134454,0.72700464299));
#2230 = CARTESIAN_POINT('',(4.146023538601,0.724559487298));
#2231 = CARTESIAN_POINT('',(4.160191629568,0.72292077141));
#2232 = CARTESIAN_POINT('',(4.174454891888,0.722099680652));
#2233 = CARTESIAN_POINT('',(4.198941883493,0.722093982489));
#2234 = CARTESIAN_POINT('',(4.209166189087,0.722511790527));
#2235 = CARTESIAN_POINT('',(4.219355886328,0.723349777097));
#2236 = CARTESIAN_POINT('',(4.229476882057,0.724604973893));
#2237 = CARTESIAN_POINT('',(4.243575034474,0.726950213911));
#2238 = CARTESIAN_POINT('',(4.247638788003,0.727697330729));
#2239 = CARTESIAN_POINT('',(4.251682981453,0.728512286781));
#2240 = CARTESIAN_POINT('',(4.255705256039,0.729394593899));
#2241 = CARTESIAN_POINT('',(4.265154839908,0.731637842667));
#2242 = CARTESIAN_POINT('',(4.270561280872,0.733056173818));
#2243 = CARTESIAN_POINT('',(4.275916567663,0.734597228547));
#2244 = CARTESIAN_POINT('',(4.281214660056,0.73625927727));
#2245 = CARTESIAN_POINT('',(4.293661364358,0.740493990959));
#2246 = CARTESIAN_POINT('',(4.300753164581,0.743173505482));
#2247 = CARTESIAN_POINT('',(4.307708982514,0.746073588397));
#2248 = CARTESIAN_POINT('',(4.314512714247,0.749187964325));
#2249 = CARTESIAN_POINT('',(4.330029622958,0.7569551036));
#2250 = CARTESIAN_POINT('',(4.338609602319,0.761771814037));
#2251 = CARTESIAN_POINT('',(4.346848540286,0.766941831044));
#2252 = CARTESIAN_POINT('',(4.354706878417,0.772444702756));
#2253 = CARTESIAN_POINT('',(4.372354827438,0.786236569673));
#2254 = CARTESIAN_POINT('',(4.38177139863,0.79479946837));
#2255 = CARTESIAN_POINT('',(4.390285911726,0.803881894991));
#2256 = CARTESIAN_POINT('',(4.397789605987,0.813411799702));
#2257 = CARTESIAN_POINT('',(4.409371959002,0.831369308775));
#2258 = CARTESIAN_POINT('',(4.413827352248,0.839676552094));
#2259 = CARTESIAN_POINT('',(4.417474040924,0.848177360169));
#2260 = CARTESIAN_POINT('',(4.420250253766,0.856820630722));
#2261 = CARTESIAN_POINT('',(4.423088920671,0.870240810995));
#2262 = CARTESIAN_POINT('',(4.423812666556,0.87495745485));
#2263 = CARTESIAN_POINT('',(4.424258403851,0.879689788678));
#2264 = CARTESIAN_POINT('',(4.424417284325,0.884428495356));
#2265 = CARTESIAN_POINT('',(4.424027177422,0.897972005539));
#2266 = CARTESIAN_POINT('',(4.422751820383,0.906768684392));
#2267 = CARTESIAN_POINT('',(4.42040138456,0.91549066127));
#2268 = CARTESIAN_POINT('',(4.416928830643,0.924070678229));
#2269 = CARTESIAN_POINT('',(4.40743586228,0.941257060882));
#2270 = CARTESIAN_POINT('',(4.401287284839,0.94984004706));
#2271 = CARTESIAN_POINT('',(4.393831332813,0.958102171582));
#2272 = CARTESIAN_POINT('',(4.385061743424,0.965956903248));
#2273 = CARTESIAN_POINT('',(4.371127694263,0.976175801551));
#2274 = CARTESIAN_POINT('',(4.367041565775,0.978958232624));
#2275 = CARTESIAN_POINT('',(4.362766820973,0.981661654833));
#2276 = CARTESIAN_POINT('',(4.358307150616,0.984281259298));
#2277 = CARTESIAN_POINT('',(4.346826342249,0.990544380006));
#2278 = CARTESIAN_POINT('',(4.339593841355,0.994084047068));
#2279 = CARTESIAN_POINT('',(4.331985567199,0.997416273008));
#2280 = CARTESIAN_POINT('',(4.324023307251,1.000527162332));
#2281 = CARTESIAN_POINT('',(4.308033962794,1.006077028374));
#2282 = CARTESIAN_POINT('',(4.300051403341,1.008548056652));
#2283 = CARTESIAN_POINT('',(4.291809865945,1.010806936957));
#2284 = CARTESIAN_POINT('',(4.283336159144,1.01284492425));
#2285 = CARTESIAN_POINT('',(4.258469835685,1.018032624403));
#2286 = CARTESIAN_POINT('',(4.241577326807,1.020615654029));
#2287 = CARTESIAN_POINT('',(4.224184830614,1.022356412785));
#2288 = CARTESIAN_POINT('',(4.206539892528,1.023228780529));
#2289 = CARTESIAN_POINT('',(4.173067683176,1.023236569566));
#2290 = CARTESIAN_POINT('',(4.157239891499,1.022541732019));
#2291 = CARTESIAN_POINT('',(4.141592701791,1.021148229619));
#2292 = CARTESIAN_POINT('',(4.126305395588,1.019072796978));
#2293 = CARTESIAN_POINT('',(4.103890859941,1.014936922878));
#2294 = CARTESIAN_POINT('',(4.096388673333,1.013353413679));
#2295 = CARTESIAN_POINT('',(4.089044225326,1.01160019989));
#2296 = CARTESIAN_POINT('',(4.081876319967,1.009682447821));
#2297 = CARTESIAN_POINT('',(4.074901508442,1.007606190369));
#2298 = ( GEOMETRIC_REPRESENTATION_CONTEXT(2) 
PARAMETRIC_REPRESENTATION_CONTEXT() REPRESENTATION_CONTEXT('2D SPACE',''
  ) );
#2299 = PCURVE('',#2300,#2305);
#2300 = CYLINDRICAL_SURFACE('',#2301,3.);
#2301 = AXIS2_PLACEMENT_3D('',#2302,#2303,#2304);
#2302 = CARTESIAN_POINT('',(-5.463694682336,-9.463396786849,
    13.022755533023));
#2303 = DIRECTION('',(0.321393804843,0.556670399226,-0.766044443119));
#2304 = DIRECTION('',(6.57830395183E-18,0.808963493304,0.587858883153));
#2305 = DEFINITIONAL_REPRESENTATION('',(#2306),#2421);
#2306 = B_SPLINE_CURVE_WITH_KNOTS('',5,(#2307,#2308,#2309,#2310,#2311,
    #2312,#2313,#2314,#2315,#2316,#2317,#2318,#2319,#2320,#2321,#2322,
    #2323,#2324,#2325,#2326,#2327,#2328,#2329,#2330,#2331,#2332,#2333,
    #2334,#2335,#2336,#2337,#2338,#2339,#2340,#2341,#2342,#2343,#2344,
    #2345,#2346,#2347,#2348,#2349,#2350,#2351,#2352,#2353,#2354,#2355,
    #2356,#2357,#2358,#2359,#2360,#2361,#2362,#2363,#2364,#2365,#2366,
    #2367,#2368,#2369,#2370,#2371,#2372,#2373,#2374,#2375,#2376,#2377,
    #2378,#2379,#2380,#2381,#2382,#2383,#2384,#2385,#2386,#2387,#2388,
    #2389,#2390,#2391,#2392,#2393,#2394,#2395,#2396,#2397,#2398,#2399,
    #2400,#2401,#2402,#2403,#2404,#2405,#2406,#2407,#2408,#2409,#2410,
    #2411,#2412,#2413,#2414,#2415,#2416,#2417,#2418,#2419,#2420),
  .UNSPECIFIED.,.F.,.F.,(6,4,4,4,4,4,4,4,4,4,4,4,4,4,4,4,4,4,4,4,4,4,4,4
    ,4,4,4,4,6),(0.,2.816746093599E-02,4.978401840298E-02,
    6.536206409034E-02,0.105043585272,0.151740144998,0.176844447161,
    0.223542991787,0.280800005001,0.322497094488,0.353648566209,
    0.376762657687,0.433545795635,0.474249380353,0.490831857534,
    0.513443463338,0.544594946566,0.58629205657,0.64354910312,
    0.690247669214,0.715351974863,0.762048512195,0.811277044058,
    0.830377007753,0.858539152535,0.884705833044,0.933545902721,
    0.977352459784,1.),.UNSPECIFIED.);
#2307 = CARTESIAN_POINT('',(0.,-2.773719933285));
#2308 = CARTESIAN_POINT('',(-3.535286965411E-02,-2.773719933285));
#2309 = CARTESIAN_POINT('',(-7.070870937481E-02,-2.773719933285));
#2310 = CARTESIAN_POINT('',(-0.106070687079,-2.773719933285));
#2311 = CARTESIAN_POINT('',(-0.141439476038,-2.773719933285));
#2312 = CARTESIAN_POINT('',(-0.203960157637,-2.773719933285));
#2313 = CARTESIAN_POINT('',(-0.231110447008,-2.773719933285));
#2314 = CARTESIAN_POINT('',(-0.258264043056,-2.773719933285));
#2315 = CARTESIAN_POINT('',(-0.285420813874,-2.773719933285));
#2316 = CARTESIAN_POINT('',(-0.332153350268,-2.773719933285));
#2317 = CARTESIAN_POINT('',(-0.351727685615,-2.773719933285));
#2318 = CARTESIAN_POINT('',(-0.371303514315,-2.773719933285));
#2319 = CARTESIAN_POINT('',(-0.390880760887,-2.773719933285));
#2320 = CARTESIAN_POINT('',(-0.460331314312,-2.773719933285));
#2321 = CARTESIAN_POINT('',(-0.510212535791,-2.773719933285));
#2322 = CARTESIAN_POINT('',(-0.560099982792,-2.773719933285));
#2323 = CARTESIAN_POINT('',(-0.609994271286,-2.773719933285));
#2324 = CARTESIAN_POINT('',(-0.718611534407,-2.773719933285));
#2325 = CARTESIAN_POINT('',(-0.77733798446,-2.773719933285));
#2326 = CARTESIAN_POINT('',(-0.83606580675,-2.773719933285));
#2327 = CARTESIAN_POINT('',(-0.894797702985,-2.773719933285));
#2328 = CARTESIAN_POINT('',(-0.985102659271,-2.773719933285));
#2329 = CARTESIAN_POINT('',(-1.016676791763,-2.773719933285));
#2330 = CARTESIAN_POINT('',(-1.048250785583,-2.773719933285));
#2331 = CARTESIAN_POINT('',(-1.079824442425,-2.773719933285));
#2332 = CARTESIAN_POINT('',(-1.170129392158,-2.773719933285));
#2333 = CARTESIAN_POINT('',(-1.228860691634,-2.773719933285));
#2334 = CARTESIAN_POINT('',(-1.28758717651,-2.773719933285));
#2335 = CARTESIAN_POINT('',(-1.346312792937,-2.773719933285));
#2336 = CARTESIAN_POINT('',(-1.477031759169,-2.773719933285));
#2337 = CARTESIAN_POINT('',(-1.549027738683,-2.773719933285));
#2338 = CARTESIAN_POINT('',(-1.621012385971,-2.773719933285));
#2339 = CARTESIAN_POINT('',(-1.692997774171,-2.773719933285));
#2340 = CARTESIAN_POINT('',(-1.817392291808,-2.773719933285));
#2341 = CARTESIAN_POINT('',(-1.869807511428,-2.773719933285));
#2342 = CARTESIAN_POINT('',(-1.92221907366,-2.773719933285));
#2343 = CARTESIAN_POINT('',(-1.974629688275,-2.773719933285));
#2344 = CARTESIAN_POINT('',(-2.066191143871,-2.773719933285));
#2345 = CARTESIAN_POINT('',(-2.105343569574,-2.773719933285));
#2346 = CARTESIAN_POINT('',(-2.144495011071,-2.773719933285));
#2347 = CARTESIAN_POINT('',(-2.183645533302,-2.773719933285));
#2348 = CARTESIAN_POINT('',(-2.251843882213,-2.773719933285));
#2349 = CARTESIAN_POINT('',(-2.28089213281,-2.773719933285));
#2350 = CARTESIAN_POINT('',(-2.309939990244,-2.773719933285));
#2351 = CARTESIAN_POINT('',(-2.338987488953,-2.773719933285));
#2352 = CARTESIAN_POINT('',(-2.439393285648,-2.773719933285));
#2353 = CARTESIAN_POINT('',(-2.510753030518,-2.773719933285));
#2354 = CARTESIAN_POINT('',(-2.582105828565,-2.773719933285));
#2355 = CARTESIAN_POINT('',(-2.653463696351,-2.773719933285));
#2356 = CARTESIAN_POINT('',(-2.775967512697,-2.773719933285));
#2357 = CARTESIAN_POINT('',(-2.82711705887,-2.773719933285));
#2358 = CARTESIAN_POINT('',(-2.878265723676,-2.773719933285));
#2359 = CARTESIAN_POINT('',(-2.929415958026,-2.773719933285));
#2360 = CARTESIAN_POINT('',(-3.001404739226,-2.773719933285));
#2361 = CARTESIAN_POINT('',(-3.022243298958,-2.773719933285));
#2362 = CARTESIAN_POINT('',(-3.043081989821,-2.773719933285));
#2363 = CARTESIAN_POINT('',(-3.06392082599,-2.773719933285));
#2364 = CARTESIAN_POINT('',(-3.113175549329,-2.773719933285));
#2365 = CARTESIAN_POINT('',(-3.141591588517,-2.773719933285));
#2366 = CARTESIAN_POINT('',(-3.170007971918,-2.773719933285));
#2367 = CARTESIAN_POINT('',(-3.198424732093,-2.773719933285));
#2368 = CARTESIAN_POINT('',(-3.265991574572,-2.773719933285));
#2369 = CARTESIAN_POINT('',(-3.30514209791,-2.773719933285));
#2370 = CARTESIAN_POINT('',(-3.34429353938,-2.773719933285));
#2371 = CARTESIAN_POINT('',(-3.38344596395,-2.773719933285));
#2372 = CARTESIAN_POINT('',(-3.475007420838,-2.773719933285));
#2373 = CARTESIAN_POINT('',(-3.527418037035,-2.773719933285));
#2374 = CARTESIAN_POINT('',(-3.579829599061,-2.773719933285));
#2375 = CARTESIAN_POINT('',(-3.632244816877,-2.773719933285));
#2376 = CARTESIAN_POINT('',(-3.756639333739,-2.773719933285));
#2377 = CARTESIAN_POINT('',(-3.828624721786,-2.773719933285));
#2378 = CARTESIAN_POINT('',(-3.900609367561,-2.773719933285));
#2379 = CARTESIAN_POINT('',(-3.972605345513,-2.773719933285));
#2380 = CARTESIAN_POINT('',(-4.103324306263,-2.773719933285));
#2381 = CARTESIAN_POINT('',(-4.162049917853,-2.773719933285));
#2382 = CARTESIAN_POINT('',(-4.220776401004,-2.773719933285));
#2383 = CARTESIAN_POINT('',(-4.279507703451,-2.773719933285));
#2384 = CARTESIAN_POINT('',(-4.369812658453,-2.773719933285));
#2385 = CARTESIAN_POINT('',(-4.401386312565,-2.773719933285));
#2386 = CARTESIAN_POINT('',(-4.432960306022,-2.773719933285));
#2387 = CARTESIAN_POINT('',(-4.464534440878,-2.773719933285));
#2388 = CARTESIAN_POINT('',(-4.554839376502,-2.773719933285));
#2389 = CARTESIAN_POINT('',(-4.613571257223,-2.773719933285));
#2390 = CARTESIAN_POINT('',(-4.672299077408,-2.773719933285));
#2391 = CARTESIAN_POINT('',(-4.731025540758,-2.773719933285));
#2392 = CARTESIAN_POINT('',(-4.851647911299,-2.773719933285));
#2393 = CARTESIAN_POINT('',(-4.913546047154,-2.773719933285));
#2394 = CARTESIAN_POINT('',(-4.975431676355,-2.773719933285));
#2395 = CARTESIAN_POINT('',(-5.03730804032,-2.773719933285));
#2396 = CARTESIAN_POINT('',(-5.123168742256,-2.773719933285));
#2397 = CARTESIAN_POINT('',(-5.147167294507,-2.773719933285));
#2398 = CARTESIAN_POINT('',(-5.171163492389,-2.773719933285));
#2399 = CARTESIAN_POINT('',(-5.19515722261,-2.773719933285));
#2400 = CARTESIAN_POINT('',(-5.25452244286,-2.773719933285));
#2401 = CARTESIAN_POINT('',(-5.289890980554,-2.773719933285));
#2402 = CARTESIAN_POINT('',(-5.325253723778,-2.773719933285));
#2403 = CARTESIAN_POINT('',(-5.360610580283,-2.773719933285));
#2404 = CARTESIAN_POINT('',(-5.428807881377,-2.773719933285));
#2405 = CARTESIAN_POINT('',(-5.461649171663,-2.773719933285));
#2406 = CARTESIAN_POINT('',(-5.49448563413,-2.773719933285));
#2407 = CARTESIAN_POINT('',(-5.527317553646,-2.773719933285));
#2408 = CARTESIAN_POINT('',(-5.621418496783,-2.773719933285));
#2409 = CARTESIAN_POINT('',(-5.682678651969,-2.773719933285));
#2410 = CARTESIAN_POINT('',(-5.743925460994,-2.773719933285));
#2411 = CARTESIAN_POINT('',(-5.805168969951,-2.773719933285));
#2412 = CARTESIAN_POINT('',(-5.921341748956,-2.773719933285));
#2413 = CARTESIAN_POINT('',(-5.976273000728,-2.773719933285));
#2414 = CARTESIAN_POINT('',(-6.03120692408,-2.773719933285));
#2415 = CARTESIAN_POINT('',(-6.086150159968,-2.773719933285));
#2416 = CARTESIAN_POINT('',(-6.169513398984,-2.773719933285));
#2417 = CARTESIAN_POINT('',(-6.1979263948,-2.773719933285));
#2418 = CARTESIAN_POINT('',(-6.226342561635,-2.773719933285));
#2419 = CARTESIAN_POINT('',(-6.254762148616,-2.773719933285));
#2420 = CARTESIAN_POINT('',(-6.28318530718,-2.773719933285));
#2421 = ( GEOMETRIC_REPRESENTATION_CONTEXT(2) 
PARAMETRIC_REPRESENTATION_CONTEXT() REPRESENTATION_CONTEXT('2D SPACE',''
  ) );
#2422 = ADVANCED_FACE('',(#2423),#464,.T.);
#2423 = FACE_BOUND('',#2424,.T.);
#2424 = EDGE_LOOP('',(#2425));
#2425 = ORIENTED_EDGE('',*,*,#449,.T.);
#2426 = ADVANCED_FACE('',(#2427),#606,.T.);
#2427 = FACE_BOUND('',#2428,.F.);
#2428 = EDGE_LOOP('',(#2429,#2430,#2453,#2480,#2481));
#2429 = ORIENTED_EDGE('',*,*,#697,.F.);
#2430 = ORIENTED_EDGE('',*,*,#2431,.T.);
#2431 = EDGE_CURVE('',#483,#2432,#2434,.T.);
#2432 = VERTEX_POINT('',#2433);
#2433 = CARTESIAN_POINT('',(19.010611181207,0.,17.988792692034));
#2434 = SEAM_CURVE('',#2435,(#2439,#2446),.PCURVE_S1.);
#2435 = LINE('',#2436,#2437);
#2436 = CARTESIAN_POINT('',(13.225522694028,0.,11.094392703963));
#2437 = VECTOR('',#2438,1.);
#2438 = DIRECTION('',(0.642787609687,0.,0.766044443119));
#2439 = PCURVE('',#606,#2440);
#2440 = DEFINITIONAL_REPRESENTATION('',(#2441),#2445);
#2441 = LINE('',#2442,#2443);
#2442 = CARTESIAN_POINT('',(-6.28318530718,0.));
#2443 = VECTOR('',#2444,1.);
#2444 = DIRECTION('',(-0.,-1.));
#2445 = ( GEOMETRIC_REPRESENTATION_CONTEXT(2) 
PARAMETRIC_REPRESENTATION_CONTEXT() REPRESENTATION_CONTEXT('2D SPACE',''
  ) );
#2446 = PCURVE('',#606,#2447);
#2447 = DEFINITIONAL_REPRESENTATION('',(#2448),#2452);
#2448 = LINE('',#2449,#2450);
#2449 = CARTESIAN_POINT('',(-0.,0.));
#2450 = VECTOR('',#2451,1.);
#2451 = DIRECTION('',(-0.,-1.));
#2452 = ( GEOMETRIC_REPRESENTATION_CONTEXT(2) 
PARAMETRIC_REPRESENTATION_CONTEXT() REPRESENTATION_CONTEXT('2D SPACE',''
  ) );
#2453 = ORIENTED_EDGE('',*,*,#2454,.T.);
#2454 = EDGE_CURVE('',#2432,#2432,#2455,.T.);
#2455 = SURFACE_CURVE('',#2456,(#2461,#2468),.PCURVE_S1.);
#2456 = CIRCLE('',#2457,3.);
#2457 = AXIS2_PLACEMENT_3D('',#2458,#2459,#2460);
#2458 = CARTESIAN_POINT('',(16.71247785185,0.,19.917155521093));
#2459 = DIRECTION('',(0.642787609687,-0.,0.766044443119));
#2460 = DIRECTION('',(0.766044443119,0.,-0.642787609687));
#2461 = PCURVE('',#606,#2462);
#2462 = DEFINITIONAL_REPRESENTATION('',(#2463),#2467);
#2463 = LINE('',#2464,#2465);
#2464 = CARTESIAN_POINT('',(-0.,-9.));
#2465 = VECTOR('',#2466,1.);
#2466 = DIRECTION('',(-1.,0.));
#2467 = ( GEOMETRIC_REPRESENTATION_CONTEXT(2) 
PARAMETRIC_REPRESENTATION_CONTEXT() REPRESENTATION_CONTEXT('2D SPACE',''
  ) );
#2468 = PCURVE('',#2469,#2474);
#2469 = PLANE('',#2470);
#2470 = AXIS2_PLACEMENT_3D('',#2471,#2472,#2473);
#2471 = CARTESIAN_POINT('',(16.71247785185,1.054420088418E-16,
    19.917155521093));
#2472 = DIRECTION('',(0.642787609687,-2.261786546055E-16,0.766044443119)
  );
#2473 = DIRECTION('',(0.766044443119,-1.900305236961E-32,-0.642787609687
    ));
#2474 = DEFINITIONAL_REPRESENTATION('',(#2475),#2479);
#2475 = CIRCLE('',#2476,3.);
#2476 = AXIS2_PLACEMENT_2D('',#2477,#2478);
#2477 = CARTESIAN_POINT('',(2.502588452567E-15,-1.054420088418E-16));
#2478 = DIRECTION('',(1.,5.793977014443E-32));
#2479 = ( GEOMETRIC_REPRESENTATION_CONTEXT(2) 
PARAMETRIC_REPRESENTATION_CONTEXT() REPRESENTATION_CONTEXT('2D SPACE',''
  ) );
#2480 = ORIENTED_EDGE('',*,*,#2431,.F.);
#2481 = ORIENTED_EDGE('',*,*,#480,.F.);
#2482 = ADVANCED_FACE('',(#2483),#1145,.T.);
#2483 = FACE_BOUND('',#2484,.F.);
#2484 = EDGE_LOOP('',(#2485,#2486,#2509,#2536));
#2485 = ORIENTED_EDGE('',*,*,#907,.F.);
#2486 = ORIENTED_EDGE('',*,*,#2487,.T.);
#2487 = EDGE_CURVE('',#908,#2488,#2490,.T.);
#2488 = VERTEX_POINT('',#2489);
#2489 = CARTESIAN_POINT('',(8.356238925925,12.046539899975,
    -21.68073217055));
#2490 = SEAM_CURVE('',#2491,(#2495,#2502),.PCURVE_S1.);
#2491 = LINE('',#2492,#2493);
#2492 = CARTESIAN_POINT('',(5.463694682336,7.036506306937,
    -14.78633218248));
#2493 = VECTOR('',#2494,1.);
#2494 = DIRECTION('',(0.321393804843,0.556670399226,-0.766044443119));
#2495 = PCURVE('',#1145,#2496);
#2496 = DEFINITIONAL_REPRESENTATION('',(#2497),#2501);
#2497 = LINE('',#2498,#2499);
#2498 = CARTESIAN_POINT('',(-6.28318530718,0.));
#2499 = VECTOR('',#2500,1.);
#2500 = DIRECTION('',(-0.,-1.));
#2501 = ( GEOMETRIC_REPRESENTATION_CONTEXT(2) 
PARAMETRIC_REPRESENTATION_CONTEXT() REPRESENTATION_CONTEXT('2D SPACE',''
  ) );
#2502 = PCURVE('',#1145,#2503);
#2503 = DEFINITIONAL_REPRESENTATION('',(#2504),#2508);
#2504 = LINE('',#2505,#2506);
#2505 = CARTESIAN_POINT('',(-0.,0.));
#2506 = VECTOR('',#2507,1.);
#2507 = DIRECTION('',(-0.,-1.));
#2508 = ( GEOMETRIC_REPRESENTATION_CONTEXT(2) 
PARAMETRIC_REPRESENTATION_CONTEXT() REPRESENTATION_CONTEXT('2D SPACE',''
  ) );
#2509 = ORIENTED_EDGE('',*,*,#2510,.T.);
#2510 = EDGE_CURVE('',#2488,#2488,#2511,.T.);
#2511 = SURFACE_CURVE('',#2512,(#2517,#2524),.PCURVE_S1.);
#2512 = CIRCLE('',#2513,3.);
#2513 = AXIS2_PLACEMENT_3D('',#2514,#2515,#2516);
#2514 = CARTESIAN_POINT('',(8.356238925925,14.473430379887,
    -19.91715552109));
#2515 = DIRECTION('',(0.321393804843,0.556670399226,-0.766044443119));
#2516 = DIRECTION('',(-1.065045646056E-17,-0.808963493304,
    -0.587858883153));
#2517 = PCURVE('',#1145,#2518);
#2518 = DEFINITIONAL_REPRESENTATION('',(#2519),#2523);
#2519 = LINE('',#2520,#2521);
#2520 = CARTESIAN_POINT('',(-0.,-9.));
#2521 = VECTOR('',#2522,1.);
#2522 = DIRECTION('',(-1.,0.));
#2523 = ( GEOMETRIC_REPRESENTATION_CONTEXT(2) 
PARAMETRIC_REPRESENTATION_CONTEXT() REPRESENTATION_CONTEXT('2D SPACE',''
  ) );
#2524 = PCURVE('',#2525,#2530);
#2525 = PLANE('',#2526);
#2526 = AXIS2_PLACEMENT_3D('',#2527,#2528,#2529);
#2527 = CARTESIAN_POINT('',(8.356238925925,14.473430379887,
    -19.91715552109));
#2528 = DIRECTION('',(0.321393804843,0.556670399226,-0.766044443119));
#2529 = DIRECTION('',(-1.176021930799E-17,-0.808963493304,
    -0.587858883153));
#2530 = DEFINITIONAL_REPRESENTATION('',(#2531),#2535);
#2531 = CIRCLE('',#2532,3.);
#2532 = AXIS2_PLACEMENT_2D('',#2533,#2534);
#2533 = CARTESIAN_POINT('',(1.04451730003E-32,8.410566713346E-16));
#2534 = DIRECTION('',(1.,4.648271126191E-17));
#2535 = ( GEOMETRIC_REPRESENTATION_CONTEXT(2) 
PARAMETRIC_REPRESENTATION_CONTEXT() REPRESENTATION_CONTEXT('2D SPACE',''
  ) );
#2536 = ORIENTED_EDGE('',*,*,#2487,.F.);
#2537 = ADVANCED_FACE('',(#2538),#1524,.T.);
#2538 = FACE_BOUND('',#2539,.F.);
#2539 = EDGE_LOOP('',(#2540,#2541,#2564,#2591));
#2540 = ORIENTED_EDGE('',*,*,#1270,.F.);
#2541 = ORIENTED_EDGE('',*,*,#2542,.T.);
#2542 = EDGE_CURVE('',#1271,#2543,#2545,.T.);
#2543 = VERTEX_POINT('',#2544);
#2544 = CARTESIAN_POINT('',(-19.0106111812,2.046688250709E-15,
    -17.98879269203));
#2545 = SEAM_CURVE('',#2546,(#2550,#2557),.PCURVE_S1.);
#2546 = LINE('',#2547,#2548);
#2547 = CARTESIAN_POINT('',(-13.22552269402,1.338219240848E-15,
    -11.09439270396));
#2548 = VECTOR('',#2549,1.);
#2549 = DIRECTION('',(-0.642787609687,7.871877887342E-17,-0.766044443119
    ));
#2550 = PCURVE('',#1524,#2551);
#2551 = DEFINITIONAL_REPRESENTATION('',(#2552),#2556);
#2552 = LINE('',#2553,#2554);
#2553 = CARTESIAN_POINT('',(-6.28318530718,0.));
#2554 = VECTOR('',#2555,1.);
#2555 = DIRECTION('',(-0.,-1.));
#2556 = ( GEOMETRIC_REPRESENTATION_CONTEXT(2) 
PARAMETRIC_REPRESENTATION_CONTEXT() REPRESENTATION_CONTEXT('2D SPACE',''
  ) );
#2557 = PCURVE('',#1524,#2558);
#2558 = DEFINITIONAL_REPRESENTATION('',(#2559),#2563);
#2559 = LINE('',#2560,#2561);
#2560 = CARTESIAN_POINT('',(-0.,0.));
#2561 = VECTOR('',#2562,1.);
#2562 = DIRECTION('',(-0.,-1.));
#2563 = ( GEOMETRIC_REPRESENTATION_CONTEXT(2) 
PARAMETRIC_REPRESENTATION_CONTEXT() REPRESENTATION_CONTEXT('2D SPACE',''
  ) );
#2564 = ORIENTED_EDGE('',*,*,#2565,.T.);
#2565 = EDGE_CURVE('',#2543,#2543,#2566,.T.);
#2566 = SURFACE_CURVE('',#2567,(#2572,#2579),.PCURVE_S1.);
#2567 = CIRCLE('',#2568,3.);
#2568 = AXIS2_PLACEMENT_3D('',#2569,#2570,#2571);
#2569 = CARTESIAN_POINT('',(-16.71247785185,2.046688250709E-15,
    -19.91715552109));
#2570 = DIRECTION('',(-0.642787609687,7.871877887342E-17,-0.766044443119
    ));
#2571 = DIRECTION('',(-0.766044443119,-3.249426501308E-33,0.642787609687
    ));
#2572 = PCURVE('',#1524,#2573);
#2573 = DEFINITIONAL_REPRESENTATION('',(#2574),#2578);
#2574 = LINE('',#2575,#2576);
#2575 = CARTESIAN_POINT('',(-0.,-9.));
#2576 = VECTOR('',#2577,1.);
#2577 = DIRECTION('',(-1.,0.));
#2578 = ( GEOMETRIC_REPRESENTATION_CONTEXT(2) 
PARAMETRIC_REPRESENTATION_CONTEXT() REPRESENTATION_CONTEXT('2D SPACE',''
  ) );
#2579 = PCURVE('',#2580,#2585);
#2580 = PLANE('',#2581);
#2581 = AXIS2_PLACEMENT_3D('',#2582,#2583,#2584);
#2582 = CARTESIAN_POINT('',(-16.71247785185,2.062527658249E-15,
    -19.91715552109));
#2583 = DIRECTION('',(-0.642787609687,-2.205334226227E-16,
    -0.766044443119));
#2584 = DIRECTION('',(-0.766044443119,2.926528474491E-33,0.642787609687)
  );
#2585 = DEFINITIONAL_REPRESENTATION('',(#2586),#2590);
#2586 = CIRCLE('',#2587,3.);
#2587 = AXIS2_PLACEMENT_2D('',#2588,#2589);
#2588 = CARTESIAN_POINT('',(-4.635447718376E-50,-1.583940753962E-17));
#2589 = DIRECTION('',(1.,7.39327594044E-32));
#2590 = ( GEOMETRIC_REPRESENTATION_CONTEXT(2) 
PARAMETRIC_REPRESENTATION_CONTEXT() REPRESENTATION_CONTEXT('2D SPACE',''
  ) );
#2591 = ORIENTED_EDGE('',*,*,#2542,.F.);
#2592 = ADVANCED_FACE('',(#2593),#1924,.T.);
#2593 = FACE_BOUND('',#2594,.F.);
#2594 = EDGE_LOOP('',(#2595,#2596,#2619,#2646));
#2595 = ORIENTED_EDGE('',*,*,#1660,.F.);
#2596 = ORIENTED_EDGE('',*,*,#2597,.T.);
#2597 = EDGE_CURVE('',#1661,#2598,#2600,.T.);
#2598 = VERTEX_POINT('',#2599);
#2599 = CARTESIAN_POINT('',(-8.356238925925,16.900320859799,
    18.153578871636));
#2600 = SEAM_CURVE('',#2601,(#2605,#2612),.PCURVE_S1.);
#2601 = LINE('',#2602,#2603);
#2602 = CARTESIAN_POINT('',(-5.463694682336,11.890287266761,
    11.259178883565));
#2603 = VECTOR('',#2604,1.);
#2604 = DIRECTION('',(-0.321393804843,0.556670399226,0.766044443119));
#2605 = PCURVE('',#1924,#2606);
#2606 = DEFINITIONAL_REPRESENTATION('',(#2607),#2611);
#2607 = LINE('',#2608,#2609);
#2608 = CARTESIAN_POINT('',(-6.28318530718,0.));
#2609 = VECTOR('',#2610,1.);
#2610 = DIRECTION('',(-0.,-1.));
#2611 = ( GEOMETRIC_REPRESENTATION_CONTEXT(2) 
PARAMETRIC_REPRESENTATION_CONTEXT() REPRESENTATION_CONTEXT('2D SPACE',''
  ) );
#2612 = PCURVE('',#1924,#2613);
#2613 = DEFINITIONAL_REPRESENTATION('',(#2614),#2618);
#2614 = LINE('',#2615,#2616);
#2615 = CARTESIAN_POINT('',(-0.,0.));
#2616 = VECTOR('',#2617,1.);
#2617 = DIRECTION('',(-0.,-1.));
#2618 = ( GEOMETRIC_REPRESENTATION_CONTEXT(2) 
PARAMETRIC_REPRESENTATION_CONTEXT() REPRESENTATION_CONTEXT('2D SPACE',''
  ) );
#2619 = ORIENTED_EDGE('',*,*,#2620,.T.);
#2620 = EDGE_CURVE('',#2598,#2598,#2621,.T.);
#2621 = SURFACE_CURVE('',#2622,(#2627,#2634),.PCURVE_S1.);
#2622 = CIRCLE('',#2623,3.);
#2623 = AXIS2_PLACEMENT_3D('',#2624,#2625,#2626);
#2624 = CARTESIAN_POINT('',(-8.356238925925,14.473430379887,
    19.917155521093));
#2625 = DIRECTION('',(-0.321393804843,0.556670399226,0.766044443119));
#2626 = DIRECTION('',(3.411999900465E-18,0.808963493304,-0.587858883153)
  );
#2627 = PCURVE('',#1924,#2628);
#2628 = DEFINITIONAL_REPRESENTATION('',(#2629),#2633);
#2629 = LINE('',#2630,#2631);
#2630 = CARTESIAN_POINT('',(-0.,-9.));
#2631 = VECTOR('',#2632,1.);
#2632 = DIRECTION('',(-1.,0.));
#2633 = ( GEOMETRIC_REPRESENTATION_CONTEXT(2) 
PARAMETRIC_REPRESENTATION_CONTEXT() REPRESENTATION_CONTEXT('2D SPACE',''
  ) );
#2634 = PCURVE('',#2635,#2640);
#2635 = PLANE('',#2636);
#2636 = AXIS2_PLACEMENT_3D('',#2637,#2638,#2639);
#2637 = CARTESIAN_POINT('',(-8.356238925925,14.473430379887,
    19.917155521093));
#2638 = DIRECTION('',(-0.321393804843,0.556670399226,0.766044443119));
#2639 = DIRECTION('',(-2.323381286774E-17,0.808963493304,-0.587858883153
    ));
#2640 = DEFINITIONAL_REPRESENTATION('',(#2641),#2645);
#2641 = CIRCLE('',#2642,3.);
#2642 = AXIS2_PLACEMENT_2D('',#2643,#2644);
#2643 = CARTESIAN_POINT('',(0.,0.));
#2644 = DIRECTION('',(1.,-1.373398077358E-16));
#2645 = ( GEOMETRIC_REPRESENTATION_CONTEXT(2) 
PARAMETRIC_REPRESENTATION_CONTEXT() REPRESENTATION_CONTEXT('2D SPACE',''
  ) );
#2646 = ORIENTED_EDGE('',*,*,#2597,.F.);
#2647 = ADVANCED_FACE('',(#2648),#2300,.T.);
#2648 = FACE_BOUND('',#2649,.F.);
#2649 = EDGE_LOOP('',(#2650,#2651,#2674,#2701));
#2650 = ORIENTED_EDGE('',*,*,#2062,.F.);
#2651 = ORIENTED_EDGE('',*,*,#2652,.T.);
#2652 = EDGE_CURVE('',#2063,#2653,#2655,.T.);
#2653 = VERTEX_POINT('',#2654);
#2654 = CARTESIAN_POINT('',(-8.356238925925,-12.04653989997,
    21.680732170551));
#2655 = SEAM_CURVE('',#2656,(#2660,#2667),.PCURVE_S1.);
#2656 = LINE('',#2657,#2658);
#2657 = CARTESIAN_POINT('',(-5.463694682336,-7.036506306937,
    14.78633218248));
#2658 = VECTOR('',#2659,1.);
#2659 = DIRECTION('',(-0.321393804843,-0.556670399226,0.766044443119));
#2660 = PCURVE('',#2300,#2661);
#2661 = DEFINITIONAL_REPRESENTATION('',(#2662),#2666);
#2662 = LINE('',#2663,#2664);
#2663 = CARTESIAN_POINT('',(-6.28318530718,0.));
#2664 = VECTOR('',#2665,1.);
#2665 = DIRECTION('',(-0.,-1.));
#2666 = ( GEOMETRIC_REPRESENTATION_CONTEXT(2) 
PARAMETRIC_REPRESENTATION_CONTEXT() REPRESENTATION_CONTEXT('2D SPACE',''
  ) );
#2667 = PCURVE('',#2300,#2668);
#2668 = DEFINITIONAL_REPRESENTATION('',(#2669),#2673);
#2669 = LINE('',#2670,#2671);
#2670 = CARTESIAN_POINT('',(-0.,0.));
#2671 = VECTOR('',#2672,1.);
#2672 = DIRECTION('',(-0.,-1.));
#2673 = ( GEOMETRIC_REPRESENTATION_CONTEXT(2) 
PARAMETRIC_REPRESENTATION_CONTEXT() REPRESENTATION_CONTEXT('2D SPACE',''
  ) );
#2674 = ORIENTED_EDGE('',*,*,#2675,.T.);
#2675 = EDGE_CURVE('',#2653,#2653,#2676,.T.);
#2676 = SURFACE_CURVE('',#2677,(#2682,#2689),.PCURVE_S1.);
#2677 = CIRCLE('',#2678,3.);
#2678 = AXIS2_PLACEMENT_3D('',#2679,#2680,#2681);
#2679 = CARTESIAN_POINT('',(-8.356238925925,-14.47343037988,
    19.917155521093));
#2680 = DIRECTION('',(-0.321393804843,-0.556670399226,0.766044443119));
#2681 = DIRECTION('',(6.57830395183E-18,0.808963493304,0.587858883153));
#2682 = PCURVE('',#2300,#2683);
#2683 = DEFINITIONAL_REPRESENTATION('',(#2684),#2688);
#2684 = LINE('',#2685,#2686);
#2685 = CARTESIAN_POINT('',(-0.,-9.));
#2686 = VECTOR('',#2687,1.);
#2687 = DIRECTION('',(-1.,0.));
#2688 = ( GEOMETRIC_REPRESENTATION_CONTEXT(2) 
PARAMETRIC_REPRESENTATION_CONTEXT() REPRESENTATION_CONTEXT('2D SPACE',''
  ) );
#2689 = PCURVE('',#2690,#2695);
#2690 = PLANE('',#2691);
#2691 = AXIS2_PLACEMENT_3D('',#2692,#2693,#2694);
#2692 = CARTESIAN_POINT('',(-8.356238925925,-14.47343037988,
    19.917155521093));
#2693 = DIRECTION('',(-0.321393804843,-0.556670399226,0.766044443119));
#2694 = DIRECTION('',(-2.746894986739E-17,0.808963493304,0.587858883153)
  );
#2695 = DEFINITIONAL_REPRESENTATION('',(#2696),#2700);
#2696 = CIRCLE('',#2697,3.);
#2697 = AXIS2_PLACEMENT_2D('',#2698,#2699);
#2698 = CARTESIAN_POINT('',(-2.439732848404E-32,-8.410566713346E-16));
#2699 = DIRECTION('',(1.,-5.603003279724E-18));
#2700 = ( GEOMETRIC_REPRESENTATION_CONTEXT(2) 
PARAMETRIC_REPRESENTATION_CONTEXT() REPRESENTATION_CONTEXT('2D SPACE',''
  ) );
#2701 = ORIENTED_EDGE('',*,*,#2652,.F.);
#2702 = ADVANCED_FACE('',(#2703),#2469,.T.);
#2703 = FACE_BOUND('',#2704,.T.);
#2704 = EDGE_LOOP('',(#2705));
#2705 = ORIENTED_EDGE('',*,*,#2454,.T.);
#2706 = ADVANCED_FACE('',(#2707),#2525,.T.);
#2707 = FACE_BOUND('',#2708,.T.);
#2708 = EDGE_LOOP('',(#2709));
#2709 = ORIENTED_EDGE('',*,*,#2510,.T.);
#2710 = ADVANCED_FACE('',(#2711),#2580,.T.);
#2711 = FACE_BOUND('',#2712,.T.);
#2712 = EDGE_LOOP('',(#2713));
#2713 = ORIENTED_EDGE('',*,*,#2565,.T.);
#2714 = ADVANCED_FACE('',(#2715),#2635,.T.);
#2715 = FACE_BOUND('',#2716,.T.);
#2716 = EDGE_LOOP('',(#2717));
#2717 = ORIENTED_EDGE('',*,*,#2620,.T.);
#2718 = ADVANCED_FACE('',(#2719),#2690,.T.);
#2719 = FACE_BOUND('',#2720,.T.);
#2720 = EDGE_LOOP('',(#2721));
#2721 = ORIENTED_EDGE('',*,*,#2675,.T.);
#2722 = ( GEOMETRIC_REPRESENTATION_CONTEXT(3) 
GLOBAL_UNCERTAINTY_ASSIGNED_CONTEXT((#2726)) 
GLOBAL_UNIT_ASSIGNED_CONTEXT((#2723,#2724,#2725)) REPRESENTATION_CONTEXT
('Context #1','3D Context with UNIT and UNCERTAINTY') );
#2723 = ( LENGTH_UNIT() NAMED_UNIT(*) SI_UNIT(.MILLI.,.METRE.) );
#2724 = ( NAMED_UNIT(*) PLANE_ANGLE_UNIT() SI_UNIT($,.RADIAN.) );
#2725 = ( NAMED_UNIT(*) SI_UNIT($,.STERADIAN.) SOLID_ANGLE_UNIT() );
#2726 = UNCERTAINTY_MEASURE_WITH_UNIT(LENGTH_MEASURE(2.E-07),#2723,
  'distance_accuracy_value','confusion accuracy');
#2727 = PRODUCT_RELATED_PRODUCT_CATEGORY('part',$,(#7));
ENDSEC;
END-ISO-10303-21;
