ISO-10303-21;
HEADER;
FILE_DESCRIPTION (( 'STEP AP203' ),
    '1' );
FILE_NAME ('cupshot_in_bus_v2.STEP',
    '2025-06-22T20:18:45',
    ( '' ),
    ( '' ),
    'SwSTEP 2.0',
    'SolidWorks 2023',
    '' );
FILE_SCHEMA (( 'CONFIG_CONTROL_DESIGN' ));
ENDSEC;

DATA;
#1 = CARTESIAN_POINT ( 'NONE',  ( 7.264310738244057930, 47.02884609855097864, 73.06597789316163016 ) ) ;
#2 = CARTESIAN_POINT ( 'NONE',  ( 6.625501321131877397, 47.38640036335360861, 73.58637245048747388 ) ) ;
#3 = CARTESIAN_POINT ( 'NONE',  ( 15.67751337427506364, 41.11601231802423939, 71.05473306596061889 ) ) ;
#4 = CIRCLE ( 'NONE', #1548, 0.9999999999999996669 ) ;
#5 = VERTEX_POINT ( 'NONE', #380 ) ;
#6 = ORIENTED_EDGE ( 'NONE', *, *, #1832, .T. ) ;
#7 = CARTESIAN_POINT ( 'NONE',  ( 6.791506190085399908, -44.17217312522027584, 73.30300214262962299 ) ) ;
#8 = CARTESIAN_POINT ( 'NONE',  ( 15.65886814104478475, -40.36865808813121248, 71.03133875343353054 ) ) ;
#9 = CIRCLE ( 'NONE', #1075, 0.9999999999999998890 ) ;
#10 = ORIENTED_EDGE ( 'NONE', *, *, #1474, .T. ) ;
#11 = CARTESIAN_POINT ( 'NONE',  ( 8.493417654615560863, -47.74004256748128228, 71.57394503164672983 ) ) ;
#12 = CARTESIAN_POINT ( 'NONE',  ( 5.468733756667677248, -43.60700356506805520, 74.72318998732264106 ) ) ;
#13 = CARTESIAN_POINT ( 'NONE',  ( 20.54683493589615750, 74.99999999999998579, 84.00000000000000000 ) ) ;
#14 = CARTESIAN_POINT ( 'NONE',  ( 7.264310738244137866, 47.02884609855096443, 73.06597789316160174 ) ) ;
#15 = EDGE_CURVE ( 'NONE', #414, #754, #562, .T. ) ;
#16 = CARTESIAN_POINT ( 'NONE',  ( 8.493424498458020722, 47.74004122777395764, 71.57394323530934344 ) ) ;
#17 = ADVANCED_FACE ( 'NONE', ( #1840 ), #352, .T. ) ;
#18 = DIRECTION ( 'NONE',  ( 0.1743253781314544615, 0.9846881041930614087, -1.387778780781445833E-14 ) ) ;
#19 = ORIENTED_EDGE ( 'NONE', *, *, #450, .F. ) ;
#20 = DIRECTION ( 'NONE',  ( -0.4138665446844931317, -0.9103375655167253999, 0.000000000000000000 ) ) ;
#21 = CARTESIAN_POINT ( 'NONE',  ( 6.557203957057568644, 74.99999999999998579, 74.29072276455319468 ) ) ;
#22 = DIRECTION ( 'NONE',  ( 0.000000000000000000, 0.000000000000000000, 1.000000000000000000 ) ) ;
#23 = CARTESIAN_POINT ( 'NONE',  ( 5.436257179457861355, -43.44854332783744866, 73.80856714607507740 ) ) ;
#24 = CARTESIAN_POINT ( 'NONE',  ( 16.21646221994828707, -44.21043753467448312, 71.70253231352812406 ) ) ;
#25 = CYLINDRICAL_SURFACE ( 'NONE', #1123, 29.10000000000000142 ) ;
#26 = CARTESIAN_POINT ( 'NONE',  ( 16.80115420878928489, 40.01703155575300030, 71.61736144609245969 ) ) ;
#27 = CARTESIAN_POINT ( 'NONE',  ( 16.06431585433394815, -44.20431997657779988, 71.37592284775723783 ) ) ;
#28 = CARTESIAN_POINT ( 'NONE',  ( 16.10626433024555126, 45.70067676012639168, 71.41818630184535266 ) ) ;
#29 = EDGE_LOOP ( 'NONE', ( #1262, #2052, #19, #252 ) ) ;
#30 = DIRECTION ( 'NONE',  ( -0.2562797748112426999, 0.1397344573391856581, -0.9564491405479029762 ) ) ;
#31 = DIRECTION ( 'NONE',  ( 0.000000000000000000, 0.000000000000000000, -1.000000000000000000 ) ) ;
#32 = CARTESIAN_POINT ( 'NONE',  ( 11.96219665165866708, -41.66648235338718109, 70.87264547621896327 ) ) ;
#33 = CARTESIAN_POINT ( 'NONE',  ( 7.005491693141629561, -47.02884609855095732, 72.10005206687253576 ) ) ;
#34 = APPLICATION_PROTOCOL_DEFINITION ( 'international standard', 'config_control_design', 1994, #153 ) ;
#35 = CARTESIAN_POINT ( 'NONE',  ( 16.73275659691487505, -39.99611161560067529, 71.35780625536102661 ) ) ;
#36 = CARTESIAN_POINT ( 'NONE',  ( 15.22339768883860778, -44.65397231046950566, 70.95441291831954800 ) ) ;
#37 = CARTESIAN_POINT ( 'NONE',  ( 15.97282158959378151, 44.23237279421388024, 71.26612556045138547 ) ) ;
#38 = CARTESIAN_POINT ( 'NONE',  ( 6.231598352164587240, 48.21981545287047766, 72.42417915233154702 ) ) ;
#39 = CARTESIAN_POINT ( 'NONE',  ( 16.11934808829337840, -40.90934316500696610, 71.44833899699283108 ) ) ;
#40 = CARTESIAN_POINT ( 'NONE',  ( 7.264310738244141419, -43.94661117867294564, 73.06597789316161595 ) ) ;
#41 = ADVANCED_FACE ( 'NONE', ( #223 ), #1564, .T. ) ;
#42 = CARTESIAN_POINT ( 'NONE',  ( 16.17511745378875077, -44.19411780237275877, 71.57451585353102530 ) ) ;
#43 = APPROVAL_STATUS ( 'not_yet_approved' ) ;
#44 = CARTESIAN_POINT ( 'NONE',  ( 14.99171734855670479, -41.60483243784422314, 70.99542553234154241 ) ) ;
#45 = CARTESIAN_POINT ( 'NONE',  ( 6.526295134310545087, -48.49902163888105378, 74.17536946765916639 ) ) ;
#46 = DIRECTION ( 'NONE',  ( -0.000000000000000000, -1.000000000000000000, 0.000000000000000000 ) ) ;
#47 =( GEOMETRIC_REPRESENTATION_CONTEXT ( 3 ) GLOBAL_UNCERTAINTY_ASSIGNED_CONTEXT ( ( #1536 ) ) GLOBAL_UNIT_ASSIGNED_CONTEXT ( ( #1461, #836, #170 ) ) REPRESENTATION_CONTEXT ( 'NONE', 'WORKASPACE' ) );
#48 = CARTESIAN_POINT ( 'NONE',  ( 6.521635577200885159, -44.54589937661316412, 74.15797976378513567 ) ) ;
#49 = CARTESIAN_POINT ( 'NONE',  ( 8.282648906531864696, 44.26133521911555135, 80.73017098160582350 ) ) ;
#50 = CARTESIAN_POINT ( 'NONE',  ( 0.000000000000000000, 0.000000000000000000, 1.000000000000000000 ) ) ;
#51 = CARTESIAN_POINT ( 'NONE',  ( 16.80115420878928845, 40.01703155575294346, 71.61736144609253074 ) ) ;
#52 = PERSON_AND_ORGANIZATION_ROLE ( 'design_supplier' ) ;
#53 = CARTESIAN_POINT ( 'NONE',  ( 6.790286773642738360, 47.24581507379691914, 73.30420822130459158 ) ) ;
#54 = CARTESIAN_POINT ( 'NONE',  ( 0.000000000000000000, 0.000000000000000000, 0.9999999999999991118 ) ) ;
#55 = AXIS2_PLACEMENT_3D ( 'NONE', #1533, #581, #118 ) ;
#56 = CARTESIAN_POINT ( 'NONE',  ( 15.22105155968158208, 41.42499824190376501, 70.95460170995312410 ) ) ;
#57 = ORIENTED_EDGE ( 'NONE', *, *, #636, .T. ) ;
#58 = CARTESIAN_POINT ( 'NONE',  ( 15.39379402055730317, 40.31064107374155014, 70.19277115695754787 ) ) ;
#59 = CARTESIAN_POINT ( 'NONE',  ( 7.005491693141630449, 43.94661117867295985, 72.10005206687253576 ) ) ;
#60 = DIRECTION ( 'NONE',  ( 0.9659258262890717539, 0.000000000000000000, -0.2588190451025078054 ) ) ;
#61 = EDGE_CURVE ( 'NONE', #1314, #1314, #661, .T. ) ;
#62 = DATE_AND_TIME ( #852, #1868 ) ;
#63 = CARTESIAN_POINT ( 'NONE',  ( 6.523154734331174431, -47.61563734151972227, 74.16364933538002902 ) ) ;
#64 = CARTESIAN_POINT ( 'NONE',  ( 20.54683493589615750, 41.82541332532289147, 84.00000000000000000 ) ) ;
#65 = FACE_OUTER_BOUND ( 'NONE', #1451, .T. ) ;
#66 = ADVANCED_FACE ( 'NONE', ( #1342 ), #915, .T. ) ;
#67 = CARTESIAN_POINT ( 'NONE',  ( 16.21646221994828707, 40.92505527327224257, 71.70253231352810985 ) ) ;
#68 = VERTEX_POINT ( 'NONE', #838 ) ;
#69 = AXIS2_PLACEMENT_3D ( 'NONE', #1496, #1653, #195 ) ;
#70 = DIRECTION ( 'NONE',  ( -0.000000000000000000, -0.000000000000000000, -1.000000000000000000 ) ) ;
#71 = CARTESIAN_POINT ( 'NONE',  ( 7.951843787044570178, 44.91650078395327483, 84.17364817766693363 ) ) ;
#72 = EDGE_CURVE ( 'NONE', #919, #1271, #550, .T. ) ;
#73 = CARTESIAN_POINT ( 'NONE',  ( 7.469858235955025627, -48.14868352715566147, 73.01090160714373667 ) ) ;
#74 = SHAPE_DEFINITION_REPRESENTATION ( #1562, #1646 ) ;
#75 = DIRECTION ( 'NONE',  ( -0.000000000000000000, -0.000000000000000000, -1.000000000000000000 ) ) ;
#76 = CARTESIAN_POINT ( 'NONE',  ( 5.468733756667671031, -43.60700356506805520, 74.72318998732264106 ) ) ;
#77 = CARTESIAN_POINT ( 'NONE',  ( 17.53913747917041732, 45.12835700417870299, 71.27006509075866347 ) ) ;
#78 = ORIENTED_EDGE ( 'NONE', *, *, #735, .F. ) ;
#79 = CARTESIAN_POINT ( 'NONE',  ( 7.264310738244137866, -47.02884609855096443, 73.06597789316160174 ) ) ;
#80 = EDGE_CURVE ( 'NONE', #967, #5, #1304, .T. ) ;
#81 = LINE ( 'NONE', #1056, #479 ) ;
#82 = LINE ( 'NONE', #240, #721 ) ;
#83 = CARTESIAN_POINT ( 'NONE',  ( 16.43536172858837574, 45.29871555840644959, 69.97209072036950772 ) ) ;
#84 = CARTESIAN_POINT ( 'NONE',  ( 6.850461729271535738, -42.97408250521628759, 72.27370024453946940 ) ) ;
#85 = B_SPLINE_CURVE_WITH_KNOTS ( 'NONE', 3,
 ( #1293, #984, #7, #819, #1309, #1280, #48, #1950 ),
 .UNSPECIFIED., .F., .F.,
 ( 4, 2, 2, 4 ),
 ( 0.000000000000000000, 0.0008509511597569110065, 0.001276426739635349921, 0.001701902319513788836 ),
 .UNSPECIFIED. ) ;
#86 = CARTESIAN_POINT ( 'NONE',  ( 7.264310738244137866, -43.94661117867295985, 73.06597789316160174 ) ) ;
#87 = VERTEX_POINT ( 'NONE', #1640 ) ;
#88 = CARTESIAN_POINT ( 'NONE',  ( 6.690387449744150672, -47.33075445327401098, 73.47442626621936768 ) ) ;
#89 = CARTESIAN_POINT ( 'NONE',  ( 7.413983296288541247, 49.52217152617944862, 80.63344491422820681 ) ) ;
#90 = CARTESIAN_POINT ( 'NONE',  ( 19.81617317485391894, 45.79754106636427480, 79.63882274471718858 ) ) ;
#91 = ORIENTED_EDGE ( 'NONE', *, *, #1454, .T. ) ;
#92 = CARTESIAN_POINT ( 'NONE',  ( 18.99628232428380414, -40.65896883074532298, 79.94399818249721079 ) ) ;
#93 = AXIS2_PLACEMENT_3D ( 'NONE', #920, #1385, #905 ) ;
#94 = EDGE_CURVE ( 'NONE', #1486, #1486, #2045, .T. ) ;
#95 = FACE_OUTER_BOUND ( 'NONE', #1200, .T. ) ;
#96 = CARTESIAN_POINT ( 'NONE',  ( 6.674136258941093303, -48.35307816219469856, 73.46314125247660343 ) ) ;
#97 = DIRECTION ( 'NONE',  ( 1.000000000000000000, 0.000000000000000000, 0.000000000000000000 ) ) ;
#98 = LINE ( 'NONE', #404, #1658 ) ;
#99 = CIRCLE ( 'NONE', #272, 1.000000000000000666 ) ;
#100 = CIRCLE ( 'NONE', #553, 0.9999999999999970024 ) ;
#101 = CARTESIAN_POINT ( 'NONE',  ( 6.530165271804505345, 44.39877579013258924, 73.74769458445838666 ) ) ;
#102 = ORIENTED_EDGE ( 'NONE', *, *, #283, .T. ) ;
#103 = DIRECTION ( 'NONE',  ( 0.000000000000000000, 0.000000000000000000, 1.000000000000000000 ) ) ;
#104 = EDGE_CURVE ( 'NONE', #1568, #983, #974, .T. ) ;
#105 = VERTEX_POINT ( 'NONE', #685 ) ;
#106 = FACE_OUTER_BOUND ( 'NONE', #1118, .T. ) ;
#107 = ADVANCED_FACE ( 'NONE', ( #1326 ), #1857, .T. ) ;
#108 = CLOSED_SHELL ( 'NONE', ( #1676, #1645, #17, #1618, #1614, #1865, #1946, #1004, #1996, #456, #518, #545, #2059, #1966, #421, #217, #1512, #265, #388, #180, #2074, #1145, #1418, #1192, #1407, #2002, #933, #830, #858, #1953, #559, #664, #166, #1735, #711, #1289, #41, #1535, #807, #107, #348, #1256, #1612, #287, #1423, #710, #296, #1317, #66, #493, #389, #1232, #1567, #1087, #877, #1132 ) ) ;
#109 = AXIS2_PLACEMENT_3D ( 'NONE', #308, #674, #1969 ) ;
#110 = CARTESIAN_POINT ( 'NONE',  ( 9.089446597264279504, 45.88622926326149098, 83.74118095489748725 ) ) ;
#111 =( BOUNDED_CURVE ( )  B_SPLINE_CURVE ( 3, ( #1716, #415, #1063, #378 ),
 .UNSPECIFIED., .F., .F. ) 
 B_SPLINE_CURVE_WITH_KNOTS ( ( 4, 4 ),
 ( 1.775377629552463477, 1.955337989069720672 ),
 .UNSPECIFIED. ) 
 CURVE ( )  GEOMETRIC_REPRESENTATION_ITEM ( )  RATIONAL_B_SPLINE_CURVE ( ( 1.000000000000000000, 0.9973030094872715745, 0.9973030094872715745, 1.000000000000000000 ) ) 
 REPRESENTATION_ITEM ( '' )  );
#112 = EDGE_CURVE ( 'NONE', #946, #1766, #1835, .T. ) ;
#113 = CARTESIAN_POINT ( 'NONE',  ( 5.601314960077794503, 43.33989315563572831, 73.31513957731233688 ) ) ;
#114 = CARTESIAN_POINT ( 'NONE',  ( 15.61689530768021861, 41.15345359056710350, 71.02864067582460450 ) ) ;
#115 = B_SPLINE_CURVE_WITH_KNOTS ( 'NONE', 3,
 ( #1595, #464, #797, #2090, #932, #770, #632, #602, #1413, #1769, #1091, #2081, #789, #1586, #137, #1272 ),
 .UNSPECIFIED., .F., .F.,
 ( 4, 2, 2, 2, 2, 2, 2, 4 ),
 ( 0.000000000000000000, 0.0004078930987537466549, 0.0008157861975074933098, 0.001223679296261240019, 0.001631572395014986620, 0.002447358592522503890, 0.002855251691276274994, 0.003263144790030046531 ),
 .UNSPECIFIED. ) ;
#116 =( BOUNDED_SURFACE ( )  B_SPLINE_SURFACE ( 3, 2, ( 
 ( #497, #971, #669 ),
 ( #355, #1158, #162 ),
 ( #1664, #1939, #510 ),
 ( #1337, #880, #1688 ) ),
 .UNSPECIFIED., .F., .F., .T. ) 
 B_SPLINE_SURFACE_WITH_KNOTS ( ( 4, 4 ),
 ( 3, 3 ),
 ( 1.913031436687748776, 1.969686622917541374 ),
 ( 0.000000000000000000, 1.000000000000000000 ),
 .UNSPECIFIED. ) 
 GEOMETRIC_REPRESENTATION_ITEM ( )  RATIONAL_B_SPLINE_SURFACE ( (
 ( 1.000000000000000000, 0.5297949978933240711, 1.000000000000000000),
 ( 1.000000000000000000, 0.5372525292415910592, 1.000000000000000000),
 ( 1.000000000000000000, 0.5448136353468187032, 1.000000000000000000),
 ( 1.000000000000000000, 0.5524776256503188820, 1.000000000000000000) ) ) 
 REPRESENTATION_ITEM ( '' )  SURFACE ( )  );
#117 = AXIS2_PLACEMENT_3D ( 'NONE', #1483, #1623, #168 ) ;
#118 = DIRECTION ( 'NONE',  ( 1.000000000000000000, 0.000000000000000000, 0.000000000000000000 ) ) ;
#119 = ORIENTED_EDGE ( 'NONE', *, *, #1299, .T. ) ;
#120 = ORIENTED_EDGE ( 'NONE', *, *, #1790, .T. ) ;
#121 = CARTESIAN_POINT ( 'NONE',  ( 5.545890663259369191, 43.36920984557953318, 73.44013198453190228 ) ) ;
#122 = AXIS2_PLACEMENT_3D ( 'NONE', #503, #367, #1666 ) ;
#123 = CARTESIAN_POINT ( 'NONE',  ( 6.898322254904562634, -48.05409341856783101, 72.00575151302444965 ) ) ;
#124 = EDGE_CURVE ( 'NONE', #803, #414, #1715, .T. ) ;
#125 = CARTESIAN_POINT ( 'NONE',  ( 6.557203957057568644, -47.65276746465197988, 74.29072276455319468 ) ) ;
#126 = CARTESIAN_POINT ( 'NONE',  ( 5.465637805422228546, 43.42225456802418648, 73.68128197475628838 ) ) ;
#127 = CARTESIAN_POINT ( 'NONE',  ( 16.07771142306933854, 40.92338540190902307, 71.39541752989052270 ) ) ;
#128 = APPLICATION_CONTEXT ( 'configuration controlled 3d designs of mechanical parts and assemblies' ) ;
#129 = VERTEX_POINT ( 'NONE', #875 ) ;
#130 = CARTESIAN_POINT ( 'NONE',  ( 7.264310738244137866, -47.02884609855096443, 73.06597789316160174 ) ) ;
#131 = ORIENTED_EDGE ( 'NONE', *, *, #412, .T. ) ;
#132 = CARTESIAN_POINT ( 'NONE',  ( 7.264310738244137866, -47.02884609855096443, 73.06597789316160174 ) ) ;
#133 = ORIENTED_EDGE ( 'NONE', *, *, #489, .F. ) ;
#134 = CARTESIAN_POINT ( 'NONE',  ( 14.94296057246495124, -40.62281256515834116, 70.95283208449289702 ) ) ;
#135 = ORIENTED_EDGE ( 'NONE', *, *, #1017, .F. ) ;
#136 = EDGE_CURVE ( 'NONE', #678, #1503, #1205, .T. ) ;
#137 = CARTESIAN_POINT ( 'NONE',  ( 17.50309168963714868, -45.11731353524150734, 71.13763450362037588 ) ) ;
#138 = CARTESIAN_POINT ( 'NONE',  ( 7.150589229617940745, 48.00290616615534844, 71.92640388920560213 ) ) ;
#139 = CARTESIAN_POINT ( 'NONE',  ( 6.664214687226892586, 43.22274014535786790, 73.47320447285574119 ) ) ;
#140 = CARTESIAN_POINT ( 'NONE',  ( 8.284663659198672647, 49.94844410701901438, 83.82635182233306637 ) ) ;
#141 = ORIENTED_EDGE ( 'NONE', *, *, #1700, .T. ) ;
#142 = CARTESIAN_POINT ( 'NONE',  ( 17.46856914032105479, 45.10673674604379357, 71.01080022918537793 ) ) ;
#143 = ORIENTED_EDGE ( 'NONE', *, *, #1895, .T. ) ;
#144 = CARTESIAN_POINT ( 'NONE',  ( 14.40416560662533563, 40.67651076707024060, 70.20314788371942427 ) ) ;
#145 = ORIENTED_EDGE ( 'NONE', *, *, #1858, .T. ) ;
#146 = CARTESIAN_POINT ( 'NONE',  ( 8.123520770975208194, -48.97690960944934346, 84.00000000000000000 ) ) ;
#147 = CARTESIAN_POINT ( 'NONE',  ( 8.233854567747540543, -48.54809759019015303, 80.54806803018989569 ) ) ;
#148 = CARTESIAN_POINT ( 'NONE',  ( 15.95321838037065731, 40.96541684150290763, 71.23730955271096832 ) ) ;
#149 = EDGE_LOOP ( 'NONE', ( #1570, #1107, #1543, #1534 ) ) ;
#150 = CARTESIAN_POINT ( 'NONE',  ( 8.123520770975209970, 45.88622926326148388, 84.00000000000000000 ) ) ;
#151 = ORIENTED_EDGE ( 'NONE', *, *, #560, .F. ) ;
#152 = CARTESIAN_POINT ( 'NONE',  ( 15.67737168955984650, -41.11609002200064111, 71.05464029478990540 ) ) ;
#153 = APPLICATION_CONTEXT ( 'configuration controlled 3d designs of mechanical parts and assemblies' ) ;
#154 = CARTESIAN_POINT ( 'NONE',  ( 5.705921802226403550, -48.44453795293332377, 73.32619734403627376 ) ) ;
#155 = AXIS2_PLACEMENT_3D ( 'NONE', #694, #1185, #1037 ) ;
#156 = CARTESIAN_POINT ( 'NONE',  ( 6.971234490693647423, 48.25575325561246842, 73.16668238518848000 ) ) ;
#157 = CARTESIAN_POINT ( 'NONE',  ( 15.49392112073491390, 41.23327290765089970, 70.98927525753080658 ) ) ;
#158 = COORDINATED_UNIVERSAL_TIME_OFFSET ( 3, 0, .AHEAD. ) ;
#159 = ORIENTED_EDGE ( 'NONE', *, *, #1400, .T. ) ;
#160 = CARTESIAN_POINT ( 'NONE',  ( 16.32063398022371103, 45.33115259210864423, 69.92379110006596932 ) ) ;
#161 = ORIENTED_EDGE ( 'NONE', *, *, #1905, .T. ) ;
#162 = CARTESIAN_POINT ( 'NONE',  ( 19.80452695726068413, -45.79453679964569801, 79.59597690992541175 ) ) ;
#163 = FACE_OUTER_BOUND ( 'NONE', #1238, .T. ) ;
#164 = EDGE_LOOP ( 'NONE', ( #145, #778, #774, #818 ) ) ;
#165 = SECURITY_CLASSIFICATION ( '', '', #691 ) ;
#166 = ADVANCED_FACE ( 'NONE', ( #2012 ), #898, .T. ) ;
#167 = CARTESIAN_POINT ( 'NONE',  ( 6.690814922691094679, 47.33042387395961015, 73.47379356855397248 ) ) ;
#168 = DIRECTION ( 'NONE',  ( 1.000000000000000000, 0.000000000000000000, 0.000000000000000000 ) ) ;
#169 = VECTOR ( 'NONE', #2023, 1000.000000000000000 ) ;
#170 =( NAMED_UNIT ( * ) SI_UNIT ( $, .STERADIAN. ) SOLID_ANGLE_UNIT ( ) );
#171 = CARTESIAN_POINT ( 'NONE',  ( 16.27948500224533390, -40.05771747450716447, 70.70034727905026273 ) ) ;
#172 = ORIENTED_EDGE ( 'NONE', *, *, #648, .F. ) ;
#173 = CARTESIAN_POINT ( 'NONE',  ( 15.22000988411465983, -41.42576429448264008, 70.95459634600352672 ) ) ;
#174 = EDGE_LOOP ( 'NONE', ( #1938 ) ) ;
#175 = CARTESIAN_POINT ( 'NONE',  ( 6.557203957057568644, -44.58415717979257664, 74.29072276455319468 ) ) ;
#176 = CARTESIAN_POINT ( 'NONE',  ( 15.61681536486267419, -41.15351033915891321, 71.02863211094303608 ) ) ;
#177 = CIRCLE ( 'NONE', #1354, 1.000000000000002665 ) ;
#178 = CIRCLE ( 'NONE', #1842, 49.64603976762533932 ) ;
#179 = EDGE_CURVE ( 'NONE', #1746, #1271, #1223, .T. ) ;
#180 = ADVANCED_FACE ( 'NONE', ( #2046 ), #2009, .T. ) ;
#181 = CARTESIAN_POINT ( 'NONE',  ( 12.48359921558262897, 45.77261519307769788, 71.66747376059377928 ) ) ;
#182 = CARTESIAN_POINT ( 'NONE',  ( 6.664279769347540849, -43.22270118495165292, 73.47305369114570794 ) ) ;
#183 = CARTESIAN_POINT ( 'NONE',  ( 16.18449572552219706, -45.71408212701815899, 71.58323173219008595 ) ) ;
#184 = CARTESIAN_POINT ( 'NONE',  ( 15.04040685334880401, -45.75905878941459548, 69.85585152838554279 ) ) ;
#185 = ORIENTED_EDGE ( 'NONE', *, *, #1011, .F. ) ;
#186 = CARTESIAN_POINT ( 'NONE',  ( 15.99625493559957157, 44.22429910449572787, 71.29174614112895370 ) ) ;
#187 = ORIENTED_EDGE ( 'NONE', *, *, #2024, .F. ) ;
#188 = CARTESIAN_POINT ( 'NONE',  ( 7.951843787044570178, -44.91650078395327483, 84.17364817766693363 ) ) ;
#189 = DIRECTION ( 'NONE',  ( -0.000000000000000000, 1.000000000000000000, 0.000000000000000000 ) ) ;
#190 = CIRCLE ( 'NONE', #284, 45.61495217895589604 ) ;
#191 = CARTESIAN_POINT ( 'NONE',  ( 5.385011984298755827, -43.52437925257475371, 74.19940163249630416 ) ) ;
#192 = CARTESIAN_POINT ( 'NONE',  ( 15.94120615114133166, -45.69880324184865827, 71.15788968534405967 ) ) ;
#193 = CARTESIAN_POINT ( 'NONE',  ( 29.10000000000000142, 0.000000000000000000, 0.9999999999999991118 ) ) ;
#194 = CARTESIAN_POINT ( 'NONE',  ( 16.61268790406808904, -39.99973595520432923, 71.11333610934808291 ) ) ;
#195 = DIRECTION ( 'NONE',  ( 0.000000000000000000, 0.000000000000000000, 1.000000000000000000 ) ) ;
#196 = CARTESIAN_POINT ( 'NONE',  ( 15.46019362364102356, 41.25461392516367454, 70.97623306296083001 ) ) ;
#197 = CIRCLE ( 'NONE', #363, 1.000000000000000666 ) ;
#198 = EDGE_CURVE ( 'NONE', #946, #776, #1627, .T. ) ;
#199 = DIRECTION ( 'NONE',  ( 0.9659258262890705327, 0.000000000000000000, -0.2588190451025126904 ) ) ;
#200 = CARTESIAN_POINT ( 'NONE',  ( 8.284663659198674424, -49.94844410701902149, 83.82635182233306637 ) ) ;
#201 = CARTESIAN_POINT ( 'NONE',  ( 5.548165575788852166, -43.36791067398323207, 73.43445768641515770 ) ) ;
#202 = CARTESIAN_POINT ( 'NONE',  ( 16.19894434425603436, -44.19931845880427090, 71.63715471140395152 ) ) ;
#203 = CARTESIAN_POINT ( 'NONE',  ( 6.521785933919200140, 47.61414468806408706, 74.15854090269714050 ) ) ;
#204 = CARTESIAN_POINT ( 'NONE',  ( 16.10525168422826425, -44.19608403912124572, 71.43722622448986215 ) ) ;
#205 = LINE ( 'NONE', #1526, #424 ) ;
#206 = CARTESIAN_POINT ( 'NONE',  ( 7.122958307387686538, -44.49874296510083127, 81.02122688006906515 ) ) ;
#207 = CARTESIAN_POINT ( 'NONE',  ( 20.54683493589615750, -41.82541332532289857, 84.00000000000000000 ) ) ;
#208 = AXIS2_PLACEMENT_3D ( 'NONE', #1163, #1316, #1972 ) ;
#209 = CARTESIAN_POINT ( 'NONE',  ( 15.61892071729980636, -44.40448014147046507, 71.02942339233948132 ) ) ;
#210 = COORDINATED_UNIVERSAL_TIME_OFFSET ( 3, 0, .AHEAD. ) ;
#211 = CARTESIAN_POINT ( 'NONE',  ( 15.75270835744928277, -40.19680461987453413, 70.32527077294524531 ) ) ;
#212 = ORIENTED_EDGE ( 'NONE', *, *, #1032, .F. ) ;
#213 = CARTESIAN_POINT ( 'NONE',  ( 14.99171734855670302, 0.000000000000000000, 70.99542553234154241 ) ) ;
#214 = ORIENTED_EDGE ( 'NONE', *, *, #1814, .T. ) ;
#215 = DIRECTION ( 'NONE',  ( -1.000000000000000000, 0.000000000000000000, 0.000000000000000000 ) ) ;
#216 = CARTESIAN_POINT ( 'NONE',  ( 7.111757855665116423, 44.49309794369024473, 80.97862926748263135 ) ) ;
#217 = ADVANCED_FACE ( 'NONE', ( #742 ), #891, .T. ) ;
#218 = DIRECTION ( 'NONE',  ( 0.000000000000000000, -1.000000000000000000, 0.000000000000000000 ) ) ;
#219 = AXIS2_PLACEMENT_3D ( 'NONE', #2077, #1464, #310 ) ;
#220 = CARTESIAN_POINT ( 'NONE',  ( 15.28830866666991817, -45.66550341080596809, 69.79080415816417826 ) ) ;
#221 = CALENDAR_DATE ( 2025, 22, 6 ) ;
#222 = CARTESIAN_POINT ( 'NONE',  ( 6.233242377627282949, -48.22201769236980340, 72.43997967024128570 ) ) ;
#223 = FACE_OUTER_BOUND ( 'NONE', #1396, .T. ) ;
#224 = AXIS2_PLACEMENT_3D ( 'NONE', #744, #243, #764 ) ;
#225 = CARTESIAN_POINT ( 'NONE',  ( 16.17092524241217077, 40.91008330224027389, 71.56347703090716550 ) ) ;
#226 = ORIENTED_EDGE ( 'NONE', *, *, #612, .T. ) ;
#227 = CARTESIAN_POINT ( 'NONE',  ( 6.486382882607260925, -47.57553823800871129, 74.02641491645798055 ) ) ;
#228 = CARTESIAN_POINT ( 'NONE',  ( 5.468733756667575996, 43.60700356506806941, 74.72318998732227158 ) ) ;
#229 = CARTESIAN_POINT ( 'NONE',  ( 6.599278347548160895, -43.41627394864762124, 74.44774652756154865 ) ) ;
#230 = APPROVAL_ROLE ( '' ) ;
#231 = CARTESIAN_POINT ( 'NONE',  ( 6.057717038017302436, -48.27912681011108020, 72.63549521978566759 ) ) ;
#232 = CARTESIAN_POINT ( 'NONE',  ( 16.66946469236888007, 45.23680496416176311, 70.09827500506746389 ) ) ;
#233 = CARTESIAN_POINT ( 'NONE',  ( 5.544466413188914089, -43.37003429896327589, 73.44374756600853971 ) ) ;
#234 = EDGE_CURVE ( 'NONE', #1792, #1936, #370, .T. ) ;
#235 = CARTESIAN_POINT ( 'NONE',  ( 7.951843787044570178, 44.91650078395327483, 84.17364817766693363 ) ) ;
#236 = ORIENTED_EDGE ( 'NONE', *, *, #636, .F. ) ;
#237 = CARTESIAN_POINT ( 'NONE',  ( 16.08960466358053765, 40.10026702944782784, 70.51802299480068825 ) ) ;
#238 = DIRECTION ( 'NONE',  ( 0.000000000000000000, 1.000000000000000000, -0.000000000000000000 ) ) ;
#239 = PERSON_AND_ORGANIZATION_ROLE ( 'classification_officer' ) ;
#240 = CARTESIAN_POINT ( 'NONE',  ( 8.123520770975208194, -44.77917471665166005, 85.00000000000000000 ) ) ;
#241 = CARTESIAN_POINT ( 'NONE',  ( 16.98641349112878629, 45.16478026719123307, 70.34282721071238598 ) ) ;
#242 = CARTESIAN_POINT ( 'NONE',  ( 9.417933809389127831, -42.37864047159031600, 71.57002700766935277 ) ) ;
#243 = DIRECTION ( 'NONE',  ( 1.859271017917114691E-15, -1.000000000000000000, 6.938893903907222067E-15 ) ) ;
#244 = ORIENTED_EDGE ( 'NONE', *, *, #1686, .T. ) ;
#245 = CARTESIAN_POINT ( 'NONE',  ( 16.53324100684478992, 40.01264155895923125, 71.00974961409647790 ) ) ;
#246 = CARTESIAN_POINT ( 'NONE',  ( 7.438670415084398080, -43.84773626092015775, 77.58040037090201224 ) ) ;
#247 = CARTESIAN_POINT ( 'NONE',  ( 6.598150022093944855, -47.41423176163311837, 73.64628364179215225 ) ) ;
#248 = DIRECTION ( 'NONE',  ( 0.9659258262890706437, 0.000000000000000000, -0.2588190451025122463 ) ) ;
#249 = CARTESIAN_POINT ( 'NONE',  ( 5.434885348890345469, -43.45002323216119322, 73.81593087092190331 ) ) ;
#250 = DIRECTION ( 'NONE',  ( 0.000000000000000000, 0.000000000000000000, 1.000000000000000000 ) ) ;
#251 = EDGE_CURVE ( 'NONE', #2080, #1942, #4, .T. ) ;
#252 = ORIENTED_EDGE ( 'NONE', *, *, #234, .F. ) ;
#253 = CARTESIAN_POINT ( 'NONE',  ( 19.58090910960708797, 46.83217162458586103, 84.25881904510251275 ) ) ;
#254 = CARTESIAN_POINT ( 'NONE',  ( 14.99171734855671900, -44.82349222196219074, 70.99542553234154241 ) ) ;
#255 = AXIS2_PLACEMENT_3D ( 'NONE', #2091, #1253, #1913 ) ;
#256 = CARTESIAN_POINT ( 'NONE',  ( 7.029722840016449759, -48.24046996718394809, 73.13183716929776779 ) ) ;
#257 = CARTESIAN_POINT ( 'NONE',  ( 6.565412068210250141, -49.08883966560589585, 77.52345529115797262 ) ) ;
#258 = CARTESIAN_POINT ( 'NONE',  ( 5.591278130768498222, -44.58415717979256954, 74.54954180965570743 ) ) ;
#259 = EDGE_CURVE ( 'NONE', #302, #950, #1971, .T. ) ;
#260 =( BOUNDED_SURFACE ( )  B_SPLINE_SURFACE ( 3, 2, ( 
 ( #40, #658, #1828 ),
 ( #1798, #1493, #842 ),
 ( #1659, #1322, #32 ),
 ( #986, #689, #976 ) ),
 .UNSPECIFIED., .F., .F., .F. ) 
 B_SPLINE_SURFACE_WITH_KNOTS ( ( 4, 4 ),
 ( 3, 3 ),
 ( 1.775377629552463477, 1.955337989069720450 ),
 ( 0.000000000000000000, 1.000000000000000000 ),
 .UNSPECIFIED. ) 
 GEOMETRIC_REPRESENTATION_ITEM ( )  RATIONAL_B_SPLINE_SURFACE ( (
 ( 1.000000000000000000, 0.7508683480762115003, 1.000000000000000000),
 ( 1.000000000000000000, 0.7457981948878451561, 1.000000000000000000),
 ( 1.000000000000000000, 0.7407278647268498162, 1.000000000000000000),
 ( 1.000000000000000000, 0.7357475711170597954, 1.000000000000000000) ) ) 
 REPRESENTATION_ITEM ( '' )  SURFACE ( )  );
#261 = DIRECTION ( 'NONE',  ( 0.000000000000000000, 0.000000000000000000, 1.000000000000000000 ) ) ;
#262 = ORIENTED_EDGE ( 'NONE', *, *, #507, .F. ) ;
#263 = B_SPLINE_CURVE_WITH_KNOTS ( 'NONE', 3,
 ( #1138, #1480, #972, #522 ),
 .UNSPECIFIED., .F., .F.,
 ( 4, 4 ),
 ( 0.000000000000000000, 0.01304816785978959309 ),
 .UNSPECIFIED. ) ;
#264 = FACE_OUTER_BOUND ( 'NONE', #2096, .T. ) ;
#265 = ADVANCED_FACE ( 'NONE', ( #769 ), #618, .T. ) ;
#266 = AXIS2_PLACEMENT_3D ( 'NONE', #995, #1657, #670 ) ;
#267 = EDGE_LOOP ( 'NONE', ( #1916, #1097, #1615, #1885 ) ) ;
#268 = CARTESIAN_POINT ( 'NONE',  ( 15.26512351881656038, -40.35414352499842749, 70.16404143629954149 ) ) ;
#269 = DIRECTION ( 'NONE',  ( 1.000000000000000000, 0.000000000000000000, 0.000000000000000000 ) ) ;
#270 = CARTESIAN_POINT ( 'NONE',  ( 6.555878107930809939, 44.39935288179948714, 73.76976875793043575 ) ) ;
#271 = CARTESIAN_POINT ( 'NONE',  ( 7.018199936979626408, -44.05593945529268751, 73.15903577187327755 ) ) ;
#272 = AXIS2_PLACEMENT_3D ( 'NONE', #1495, #2000, #1667 ) ;
#273 = AXIS2_PLACEMENT_3D ( 'NONE', #1699, #238, #417 ) ;
#274 = DIRECTION ( 'NONE',  ( -0.000000000000000000, -1.000000000000000000, -0.000000000000000000 ) ) ;
#275 = VERTEX_POINT ( 'NONE', #312 ) ;
#276 = CARTESIAN_POINT ( 'NONE',  ( 0.000000000000000000, 0.000000000000000000, 0.8263518223330656998 ) ) ;
#277 = ORIENTED_EDGE ( 'NONE', *, *, #1522, .F. ) ;
#278 = CARTESIAN_POINT ( 'NONE',  ( 5.468733756667678136, 43.60700356506805520, 74.72318998732264106 ) ) ;
#279 = CARTESIAN_POINT ( 'NONE',  ( 5.706042033192258778, -48.63086539282350174, 74.37589363198875958 ) ) ;
#280 = CARTESIAN_POINT ( 'NONE',  ( 6.728707344141191982, 47.30226015996617406, 73.42101976329264801 ) ) ;
#281 = CARTESIAN_POINT ( 'NONE',  ( 6.523100272017443579, 44.54747481993101133, 74.16344607925807964 ) ) ;
#282 = CARTESIAN_POINT ( 'NONE',  ( 14.79368951299293222, 40.68734692552239807, 71.00589169328289074 ) ) ;
#283 = EDGE_CURVE ( 'NONE', #919, #105, #435, .T. ) ;
#284 = AXIS2_PLACEMENT_3D ( 'NONE', #871, #573, #215 ) ;
#285 = EDGE_LOOP ( 'NONE', ( #1282, #1875, #436, #10 ) ) ;
#286 = DIRECTION ( 'NONE',  ( 0.9659258262890715319, 0.000000000000000000, -0.2588190451025082495 ) ) ;
#287 = ADVANCED_FACE ( 'NONE', ( #95 ), #427, .T. ) ;
#288 = ORIENTED_EDGE ( 'NONE', *, *, #1236, .T. ) ;
#289 = CARTESIAN_POINT ( 'NONE',  ( 15.35396837484349852, -45.84949272056066150, 70.89836066239065815 ) ) ;
#290 = ORIENTED_EDGE ( 'NONE', *, *, #1790, .F. ) ;
#291 = DIRECTION ( 'NONE',  ( 1.000000000000000000, 0.000000000000000000, 0.000000000000000000 ) ) ;
#292 = ORIENTED_EDGE ( 'NONE', *, *, #1764, .T. ) ;
#293 = CARTESIAN_POINT ( 'NONE',  ( 5.674105229991134536, -48.47130431912158599, 73.45602049167995062 ) ) ;
#294 = CARTESIAN_POINT ( 'NONE',  ( 6.526295134310568180, 48.49902163888098272, 74.17536946765918060 ) ) ;
#295 = CARTESIAN_POINT ( 'NONE',  ( 6.690667441564584372, 44.25940916951368820, 73.47400744112559323 ) ) ;
#296 = ADVANCED_FACE ( 'NONE', ( #106 ), #1260, .T. ) ;
#297 = CARTESIAN_POINT ( 'NONE',  ( 16.60113861380694544, 40.00536512726059613, 71.11915394072951813 ) ) ;
#298 = CIRCLE ( 'NONE', #739, 1.000000000000000666 ) ;
#299 = ORIENTED_EDGE ( 'NONE', *, *, #560, .T. ) ;
#300 = ORIENTED_EDGE ( 'NONE', *, *, #432, .F. ) ;
#301 = CARTESIAN_POINT ( 'NONE',  ( 16.13857214925539907, 45.71069177372947223, 71.50145193189501924 ) ) ;
#302 = VERTEX_POINT ( 'NONE', #482 ) ;
#303 = CARTESIAN_POINT ( 'NONE',  ( 14.99171734855671012, 41.60483243784420893, 70.99542553234155662 ) ) ;
#304 = VERTEX_POINT ( 'NONE', #1819 ) ;
#305 = DIRECTION ( 'NONE',  ( 1.000000000000000000, 0.000000000000000000, -0.000000000000000000 ) ) ;
#306 = CARTESIAN_POINT ( 'NONE',  ( 6.233390589768478485, 48.22196106406608607, 72.43976347040813835 ) ) ;
#307 = CARTESIAN_POINT ( 'NONE',  ( 15.11286277632232178, 41.50688960970602892, 70.96296471280503226 ) ) ;
#308 = CARTESIAN_POINT ( 'NONE',  ( 0.000000000000000000, 0.000000000000000000, 0.000000000000000000 ) ) ;
#309 = EDGE_LOOP ( 'NONE', ( #939, #1626, #384, #499 ) ) ;
#310 = DIRECTION ( 'NONE',  ( 1.000000000000000000, 0.000000000000000000, 0.000000000000000000 ) ) ;
#311 = VERTEX_POINT ( 'NONE', #1826 ) ;
#312 = CARTESIAN_POINT ( 'NONE',  ( 8.123520770975209970, 45.88622926326148388, 85.00000000000000000 ) ) ;
#313 = ORIENTED_EDGE ( 'NONE', *, *, #334, .T. ) ;
#314 = CARTESIAN_POINT ( 'NONE',  ( 18.43329242296373849, 46.46055433217569686, 79.97585526299401693 ) ) ;
#315 = CARTESIAN_POINT ( 'NONE',  ( 6.514540852258981829, 47.56985031011489440, 74.02912372366053262 ) ) ;
#316 = CARTESIAN_POINT ( 'NONE',  ( 15.50373511996334841, 40.41663755272431757, 70.97173444844793266 ) ) ;
#317 = AXIS2_PLACEMENT_3D ( 'NONE', #446, #1907, #1082 ) ;
#318 = VERTEX_POINT ( 'NONE', #356 ) ;
#319 =( BOUNDED_CURVE ( )  B_SPLINE_CURVE ( 3, ( #1748, #1606, #1077, #758 ),
 .UNSPECIFIED., .F., .F. ) 
 B_SPLINE_CURVE_WITH_KNOTS ( ( 4, 4 ),
 ( 4.313498684262044414, 4.370153870491837012 ),
 .UNSPECIFIED. ) 
 CURVE ( )  GEOMETRIC_REPRESENTATION_ITEM ( )  RATIONAL_B_SPLINE_CURVE ( ( 1.000000000000000000, 0.9997325337092402009, 0.9997325337092402009, 1.000000000000000000 ) ) 
 REPRESENTATION_ITEM ( '' )  );
#320 = CIRCLE ( 'NONE', #1959, 1.000000000000000666 ) ;
#321 = CARTESIAN_POINT ( 'NONE',  ( 15.24198898860233520, 44.64091575294087022, 70.95314544696697112 ) ) ;
#322 = EDGE_LOOP ( 'NONE', ( #2066, #786, #1714 ) ) ;
#323 = CARTESIAN_POINT ( 'NONE',  ( 19.58090910960708797, 41.82541332532289147, 84.25881904510251275 ) ) ;
#324 = CARTESIAN_POINT ( 'NONE',  ( 16.21646221994828352, -40.92505527327224968, 71.70253231352810985 ) ) ;
#325 = EDGE_LOOP ( 'NONE', ( #1697, #1468, #1603, #654 ) ) ;
#326 = CARTESIAN_POINT ( 'NONE',  ( 12.45354728956041512, -46.67360933452586380, 70.53464846993082915 ) ) ;
#327 = AXIS2_PLACEMENT_3D ( 'NONE', #1896, #434, #916 ) ;
#328 = CARTESIAN_POINT ( 'NONE',  ( 7.264310738244135202, 47.02884609855096443, 73.06597789316160174 ) ) ;
#329 = CARTESIAN_POINT ( 'NONE',  ( 15.62671674110966258, 40.23544725490648943, 70.26957817289842012 ) ) ;
#330 = CARTESIAN_POINT ( 'NONE',  ( -35.99570812183493018, 0.000000000000000000, 0.8263518223330656998 ) ) ;
#331 = CARTESIAN_POINT ( 'NONE',  ( 14.89470757248479060, -40.48441819901541550, 70.11844751565364220 ) ) ;
#332 = ORIENTED_EDGE ( 'NONE', *, *, #80, .F. ) ;
#333 = EDGE_CURVE ( 'NONE', #756, #458, #263, .T. ) ;
#334 = EDGE_CURVE ( 'NONE', #1248, #870, #1467, .T. ) ;
#335 = CARTESIAN_POINT ( 'NONE',  ( 15.10406392501942641, -41.51400324410652587, 70.96532235790596133 ) ) ;
#336 = ORIENTED_EDGE ( 'NONE', *, *, #1251, .F. ) ;
#337 = CARTESIAN_POINT ( 'NONE',  ( 16.36649780093197037, -40.03976721240482561, 70.79256162799386232 ) ) ;
#338 = EDGE_LOOP ( 'NONE', ( #2085 ) ) ;
#339 = CYLINDRICAL_SURFACE ( 'NONE', #1014, 1.000000000000000888 ) ;
#340 = CARTESIAN_POINT ( 'NONE',  ( 6.729001347799005828, -44.23024237365929423, 73.42063898519135989 ) ) ;
#341 = CARTESIAN_POINT ( 'NONE',  ( 16.09565505171211797, -45.69738970956930757, 71.39084657121075850 ) ) ;
#342 = DIRECTION ( 'NONE',  ( 1.000000000000000000, 0.000000000000000000, 0.000000000000000000 ) ) ;
#343 = CARTESIAN_POINT ( 'NONE',  ( 15.10504465256339302, -44.73772150321248375, 70.96505957275256549 ) ) ;
#344 = CARTESIAN_POINT ( 'NONE',  ( 16.67862463811349727, 45.23450651402747980, 70.10401165355014541 ) ) ;
#345 = ORIENTED_EDGE ( 'NONE', *, *, #1522, .T. ) ;
#346 = CARTESIAN_POINT ( 'NONE',  ( 5.649111373395420799, 48.59131458469841647, 74.11564710647755305 ) ) ;
#347 = FACE_OUTER_BOUND ( 'NONE', #1259, .T. ) ;
#348 = ADVANCED_FACE ( 'NONE', ( #949 ), #1441, .F. ) ;
#349 = CARTESIAN_POINT ( 'NONE',  ( 6.540826012417242374, -44.42573203478312394, 73.83341134407571360 ) ) ;
#350 = DIRECTION ( 'NONE',  ( -0.2588190451025122463, 0.000000000000000000, -0.9659258262890706437 ) ) ;
#351 = CARTESIAN_POINT ( 'NONE',  ( 18.45186162943970132, 40.93353083888235489, 80.04515648499884151 ) ) ;
#352 = PLANE ( 'NONE',  #382 ) ;
#353 = PLANE ( 'NONE',  #1887 ) ;
#354 = ORIENTED_EDGE ( 'NONE', *, *, #863, .T. ) ;
#355 = CARTESIAN_POINT ( 'NONE',  ( 18.44738356633416032, -44.89059091882990771, 80.02844412593059076 ) ) ;
#356 = CARTESIAN_POINT ( 'NONE',  ( 16.21646221994828707, -40.92505527327224257, 71.70253231352810985 ) ) ;
#357 = EDGE_CURVE ( 'NONE', #792, #792, #1178, .T. ) ;
#358 = FACE_OUTER_BOUND ( 'NONE', #1416, .T. ) ;
#359 = CARTESIAN_POINT ( 'NONE',  ( 16.32091146811237437, -45.33106540287968755, 69.92384725070084528 ) ) ;
#360 = FACE_OUTER_BOUND ( 'NONE', #904, .T. ) ;
#361 = CARTESIAN_POINT ( 'NONE',  ( 6.557203957057556210, -47.65276746465205804, 74.29072276455316626 ) ) ;
#362 = CARTESIAN_POINT ( 'NONE',  ( 15.46423472193374771, 44.49556304946498386, 70.97691411242939807 ) ) ;
#363 = AXIS2_PLACEMENT_3D ( 'NONE', #645, #633, #1127 ) ;
#364 = B_SPLINE_CURVE_WITH_KNOTS ( 'NONE', 3,
 ( #1643, #365, #1491, #38, #521, #528, #1778, #1818, #1148, #1121, #1166, #346, #1793, #1962 ),
 .UNSPECIFIED., .F., .F.,
 ( 4, 2, 2, 2, 2, 2, 4 ),
 ( 0.000000000000000000, 0.0008095459533796815722, 0.001619091906759363144, 0.002023864883449201599, 0.002428637860139040271, 0.002833410836828878943, 0.003238183813518717615 ),
 .UNSPECIFIED. ) ;
#365 = CARTESIAN_POINT ( 'NONE',  ( 6.892875254307540445, 48.05335462384182676, 71.99404735848577275 ) ) ;
#366 = CARTESIAN_POINT ( 'NONE',  ( 7.150589229617944298, -48.00290616615534134, 71.92640388920560213 ) ) ;
#367 = DIRECTION ( 'NONE',  ( -0.2566686402793099675, 0.1286391108398606264, -0.9579004062320364277 ) ) ;
#368 = CARTESIAN_POINT ( 'NONE',  ( 20.54683493589615750, 45.19465497960653977, 85.00000000000000000 ) ) ;
#369 = CARTESIAN_POINT ( 'NONE',  ( 12.45678517092445503, 46.67259030035039302, 70.53379878800274128 ) ) ;
#370 = CIRCLE ( 'NONE', #93, 49.64603976762533932 ) ;
#371 = CARTESIAN_POINT ( 'NONE',  ( 16.21646221994828352, 44.21043753467448312, 71.70253231352810985 ) ) ;
#372 = ORIENTED_EDGE ( 'NONE', *, *, #1012, .F. ) ;
#373 = CARTESIAN_POINT ( 'NONE',  ( 14.40416560662532852, -40.67651076707025481, 70.20314788371941006 ) ) ;
#374 = CARTESIAN_POINT ( 'NONE',  ( 7.438670415069929653, 43.84773626089862120, 77.58040037090724184 ) ) ;
#375 = CIRCLE ( 'NONE', #651, 1.000000000000000888 ) ;
#376 = AXIS2_PLACEMENT_3D ( 'NONE', #1281, #1940, #1122 ) ;
#377 = CARTESIAN_POINT ( 'NONE',  ( 5.468733756667644386, -43.60700356506810493, 74.72318998732252737 ) ) ;
#378 = CARTESIAN_POINT ( 'NONE',  ( 14.99171734855670479, 41.60483243784422314, 70.99542553234154241 ) ) ;
#379 = CARTESIAN_POINT ( 'NONE',  ( 7.111757855658572325, -44.49309794369160898, 80.97862926748376822 ) ) ;
#380 = CARTESIAN_POINT ( 'NONE',  ( 14.99171734855670479, -44.82349222196219785, 70.99542553234154241 ) ) ;
#381 = CARTESIAN_POINT ( 'NONE',  ( 20.54683493589615750, 41.26510749413666446, 85.00000000000000000 ) ) ;
#382 = AXIS2_PLACEMENT_3D ( 'NONE', #1010, #1305, #1023 ) ;
#383 = MANIFOLD_SOLID_BREP ( 'Скругление9', #108 ) ;
#384 = ORIENTED_EDGE ( 'NONE', *, *, #850, .F. ) ;
#385 = LOCAL_TIME ( 23, 18, 45.00000000000000000, #158 ) ;
#386 = CARTESIAN_POINT ( 'NONE',  ( 16.80115420878928845, 40.01703155575294346, 71.61736144609253074 ) ) ;
#387 = DIRECTION ( 'NONE',  ( 0.9471335043812387777, -0.1962956443780746463, -0.2537836576233988839 ) ) ;
#388 = ADVANCED_FACE ( 'NONE', ( #163 ), #511, .F. ) ;
#389 = ADVANCED_FACE ( 'NONE', ( #347 ), #1604, .F. ) ;
#390 = CARTESIAN_POINT ( 'NONE',  ( 19.58090910960708797, -41.26510749413667156, 84.25881904510251275 ) ) ;
#391 = CIRCLE ( 'NONE', #117, 31.94591808778345765 ) ;
#392 = CARTESIAN_POINT ( 'NONE',  ( 6.891693658459127292, -48.05358592770907222, 71.99435750981916726 ) ) ;
#393 = CARTESIAN_POINT ( 'NONE',  ( 6.961977132117233680, 43.11781565109406955, 73.17069594010220612 ) ) ;
#394 = CARTESIAN_POINT ( 'NONE',  ( 11.93700657984008728, -41.61253196605645854, 70.87952031709725986 ) ) ;
#395 = CIRCLE ( 'NONE', #1404, 0.9999999999999998890 ) ;
#396 = CARTESIAN_POINT ( 'NONE',  ( 16.17909552157914277, 44.18671986170387811, 71.56307789670290731 ) ) ;
#397 = ORIENTED_EDGE ( 'NONE', *, *, #1775, .T. ) ;
#398 = FACE_OUTER_BOUND ( 'NONE', #617, .T. ) ;
#399 = CARTESIAN_POINT ( 'NONE',  ( 15.95764317484577788, 74.99999999999998579, 70.73660648723902966 ) ) ;
#400 = B_SPLINE_CURVE_WITH_KNOTS ( 'NONE', 3,
 ( #1335, #1353, #1696, #235 ),
 .UNSPECIFIED., .F., .F.,
 ( 4, 4 ),
 ( 0.000000000000000000, 0.009858696102646611822 ),
 .UNSPECIFIED. ) ;
#401 = CALENDAR_DATE ( 2025, 22, 6 ) ;
#402 = CARTESIAN_POINT ( 'NONE',  ( 7.150589229617946962, -48.00290616615534844, 71.92640388920560213 ) ) ;
#403 = CARTESIAN_POINT ( 'NONE',  ( 8.284663659198658436, 49.94844410701909254, 83.82635182233302373 ) ) ;
#404 = CARTESIAN_POINT ( 'NONE',  ( 14.99171734855670302, 0.000000000000000000, 70.99542553234154241 ) ) ;
#405 = CARTESIAN_POINT ( 'NONE',  ( 6.726621961702075936, 44.22850854534741671, 73.41362900020507709 ) ) ;
#406 = ORIENTED_EDGE ( 'NONE', *, *, #906, .F. ) ;
#407 = CARTESIAN_POINT ( 'NONE',  ( 15.63545692202518111, 40.23271178355916078, 70.27305884706987626 ) ) ;
#408 = LINE ( 'NONE', #390, #443 ) ;
#409 = CARTESIAN_POINT ( 'NONE',  ( 5.672482167567050482, -48.47292616894625894, 73.46408752562184930 ) ) ;
#410 = CARTESIAN_POINT ( 'NONE',  ( 5.706042033192285423, 48.63086539282359411, 74.37589363198890169 ) ) ;
#411 = CARTESIAN_POINT ( 'NONE',  ( 6.850461729271532185, -42.97408250521627338, 72.27370024453946940 ) ) ;
#412 = EDGE_CURVE ( 'NONE', #1117, #1117, #716, .T. ) ;
#413 = CARTESIAN_POINT ( 'NONE',  ( 7.136509849734546940, 43.99958524757884959, 73.10022203802975582 ) ) ;
#414 = VERTEX_POINT ( 'NONE', #200 ) ;
#415 = CARTESIAN_POINT ( 'NONE',  ( 9.907041559897844962, 43.39889900593842498, 72.35786030368670652 ) ) ;
#416 = PRODUCT_DEFINITION_FORMATION_WITH_SPECIFIED_SOURCE ( 'ANY', '', #1669, .NOT_KNOWN. ) ;
#417 = DIRECTION ( 'NONE',  ( 0.000000000000000000, 0.000000000000000000, 1.000000000000000000 ) ) ;
#418 = DIRECTION ( 'NONE',  ( 0.000000000000000000, -6.938893903907222067E-15, -1.000000000000000000 ) ) ;
#419 = CARTESIAN_POINT ( 'NONE',  ( 7.018479240253213014, 44.05575411025355237, 73.15872686498691735 ) ) ;
#420 = CARTESIAN_POINT ( 'NONE',  ( 18.67774504672390279, 45.47719600775540982, 75.45325737600569482 ) ) ;
#421 = ADVANCED_FACE ( 'NONE', ( #833 ), #1621, .T. ) ;
#422 = DIRECTION ( 'NONE',  ( 0.9659258262890706437, 0.000000000000000000, -0.2588190451025122463 ) ) ;
#423 = ORIENTED_EDGE ( 'NONE', *, *, #671, .T. ) ;
#424 = VECTOR ( 'NONE', #1156, 1000.000000000000000 ) ;
#425 = CARTESIAN_POINT ( 'NONE',  ( 15.11309463389343222, -44.73162895040287879, 70.96290258675610119 ) ) ;
#426 = VERTEX_POINT ( 'NONE', #366 ) ;
#427 = SPHERICAL_SURFACE ( 'NONE', #1449, 1.000000000000000000 ) ;
#428 = CARTESIAN_POINT ( 'NONE',  ( 20.95441391781367102, 46.09116247198569738, 83.82635182233248372 ) ) ;
#429 = CARTESIAN_POINT ( 'NONE',  ( 8.200315121639054183, 49.36673207938491004, 80.42289711344433556 ) ) ;
#430 = DIRECTION ( 'NONE',  ( 1.000000000000000000, 0.000000000000000000, 0.000000000000000000 ) ) ;
#431 = CARTESIAN_POINT ( 'NONE',  ( 16.21646221994828707, 44.21043753467449022, 71.70253231352810985 ) ) ;
#432 = EDGE_CURVE ( 'NONE', #129, #1578, #1554, .T. ) ;
#433 = EDGE_LOOP ( 'NONE', ( #1918, #1925, #1062, #1795 ) ) ;
#434 = DIRECTION ( 'NONE',  ( 0.8975456823465309819, -0.4409214761168935293, -6.119014685458572686E-15 ) ) ;
#435 = CIRCLE ( 'NONE', #1069, 0.9999999999999998890 ) ;
#436 = ORIENTED_EDGE ( 'NONE', *, *, #816, .T. ) ;
#437 = CARTESIAN_POINT ( 'NONE',  ( 11.96219665163779666, 41.66648235338185202, 70.87264547615096433 ) ) ;
#438 = CARTESIAN_POINT ( 'NONE',  ( 5.706042033192258778, -48.63086539282350174, 74.37589363198875958 ) ) ;
#439 = CARTESIAN_POINT ( 'NONE',  ( 6.808683129792482802, 48.30380954221433853, 73.29761652771271940 ) ) ;
#440 = CARTESIAN_POINT ( 'NONE',  ( 5.385227358235502138, 43.52426771458257093, 74.19892594688347742 ) ) ;
#441 = EDGE_CURVE ( 'NONE', #68, #950, #1187, .T. ) ;
#442 = DIRECTION ( 'NONE',  ( -0.9103375655167261771, 0.4138665446844915774, 0.000000000000000000 ) ) ;
#443 = VECTOR ( 'NONE', #1177, 1000.000000000000000 ) ;
#444 = CIRCLE ( 'NONE', #1287, 1.000000000000000222 ) ;
#445 = ORIENTED_EDGE ( 'NONE', *, *, #512, .T. ) ;
#446 = CARTESIAN_POINT ( 'NONE',  ( 0.000000000000000000, 0.000000000000000000, 84.00000000000000000 ) ) ;
#447 = ORIENTED_EDGE ( 'NONE', *, *, #136, .F. ) ;
#448 = CARTESIAN_POINT ( 'NONE',  ( 15.95764317484577788, 74.99999999999998579, 70.73660648723902966 ) ) ;
#449 = ORIENTED_EDGE ( 'NONE', *, *, #1011, .T. ) ;
#450 = EDGE_CURVE ( 'NONE', #1936, #414, #444, .T. ) ;
#451 = CARTESIAN_POINT ( 'NONE',  ( 14.40416560662533740, -40.67651076707024771, 70.20314788371941006 ) ) ;
#452 = CARTESIAN_POINT ( 'NONE',  ( 5.619249273645002596, -48.54694608339890038, 73.84608071248044325 ) ) ;
#453 = CARTESIAN_POINT ( 'NONE',  ( 6.555727077831710936, 47.46837207340424669, 73.77038001042821236 ) ) ;
#454 = CARTESIAN_POINT ( 'NONE',  ( 6.844402262834786477, 43.15335509136221503, 73.25874789235292894 ) ) ;
#455 = CARTESIAN_POINT ( 'NONE',  ( 5.706042033192258778, 48.63086539282350174, 74.37589363198875958 ) ) ;
#456 = ADVANCED_FACE ( 'NONE', ( #1346 ), #708, .F. ) ;
#457 = CIRCLE ( 'NONE', #1364, 0.9999999999999990008 ) ;
#458 = VERTEX_POINT ( 'NONE', #1176 ) ;
#459 = ORIENTED_EDGE ( 'NONE', *, *, #441, .T. ) ;
#460 = CARTESIAN_POINT ( 'NONE',  ( 16.78865156996388208, 45.20779476180155143, 70.17870548925459673 ) ) ;
#461 = VERTEX_POINT ( 'NONE', #1029 ) ;
#462 = CARTESIAN_POINT ( 'NONE',  ( 9.430864364862781457, 42.43647288902781867, 71.56651724294844996 ) ) ;
#463 = ORIENTED_EDGE ( 'NONE', *, *, #1924, .T. ) ;
#464 = CARTESIAN_POINT ( 'NONE',  ( 15.16524408472888474, -45.71194661044969365, 69.82309527582197006 ) ) ;
#465 = CARTESIAN_POINT ( 'NONE',  ( 9.089446597264279504, -48.97690960944934346, 83.74118095489748725 ) ) ;
#466 = CARTESIAN_POINT ( 'NONE',  ( 16.10072952981250438, 40.27182334125873098, 71.42730378205378372 ) ) ;
#467 = CIRCLE ( 'NONE', #1207, 1.000000000000000666 ) ;
#468 = ORIENTED_EDGE ( 'NONE', *, *, #2019, .T. ) ;
#469 = CARTESIAN_POINT ( 'NONE',  ( 15.94265812893985768, 45.44558125581945518, 69.81729501708474572 ) ) ;
#470 = ORIENTED_EDGE ( 'NONE', *, *, #80, .T. ) ;
#471 = CARTESIAN_POINT ( 'NONE',  ( 12.23934818285720105, 41.74374376510638029, 71.73292062761652232 ) ) ;
#472 = ORIENTED_EDGE ( 'NONE', *, *, #788, .F. ) ;
#473 = CARTESIAN_POINT ( 'NONE',  ( 18.66551068004772063, 45.47344772397294577, 75.40830887069969890 ) ) ;
#474 = B_SPLINE_CURVE_WITH_KNOTS ( 'NONE', 3,
 ( #1215, #2027, #571, #1208 ),
 .UNSPECIFIED., .F., .F.,
 ( 4, 4 ),
 ( 0.000000000000000000, 0.01301861455033986523 ),
 .UNSPECIFIED. ) ;
#475 = DIRECTION ( 'NONE',  ( -0.9659258262890706437, 0.000000000000000000, 0.2588190451025122463 ) ) ;
#476 = CARTESIAN_POINT ( 'NONE',  ( 16.17486798556400629, 40.91074668270002235, 71.57386415835877358 ) ) ;
#477 = CARTESIAN_POINT ( 'NONE',  ( 35.01090036882271761, 0.000000000000000000, 0.000000000000000000 ) ) ;
#478 = ORIENTED_EDGE ( 'NONE', *, *, #334, .F. ) ;
#479 = VECTOR ( 'NONE', #218, 1000.000000000000000 ) ;
#480 = CARTESIAN_POINT ( 'NONE',  ( 16.09364559943367468, 45.69709511368131416, 71.38616912916045010 ) ) ;
#481 = ORIENTED_EDGE ( 'NONE', *, *, #1801, .T. ) ;
#482 = CARTESIAN_POINT ( 'NONE',  ( 5.468733756667671031, 43.60700356506805520, 74.72318998732264106 ) ) ;
#483 = ORIENTED_EDGE ( 'NONE', *, *, #700, .F. ) ;
#484 =( BOUNDED_SURFACE ( )  B_SPLINE_SURFACE ( 3, 2, ( 
 ( #1984, #996, #12 ),
 ( #1471, #1151, #1297 ),
 ( #502, #530, #191 ),
 ( #349, #1168, #23 ),
 ( #1809, #673, #1955 ),
 ( #1967, #1141, #201 ),
 ( #1007, #1457, #1482 ),
 ( #681, #514, #834 ),
 ( #340, #1976, #1160 ),
 ( #1633, #182, #1312 ),
 ( #1820, #823, #2034 ),
 ( #271, #558, #1380 ),
 ( #1854, #1694, #1222 ),
 ( #911, #1059, #411 ) ),
 .UNSPECIFIED., .F., .F., .F. ) 
 B_SPLINE_SURFACE_WITH_KNOTS ( ( 4, 2, 2, 2, 2, 2, 4 ),
 ( 3, 3 ),
 ( 0.001326405610223038885, 0.002124596560221473675, 0.002523692035220691070, 0.002922787510219908465, 0.003321882985219125860, 0.003720978460218343255, 0.004519169410216778045 ),
 ( 0.000000000000000000, 1.000000000000000000 ),
 .UNSPECIFIED. ) 
 GEOMETRIC_REPRESENTATION_ITEM ( )  RATIONAL_B_SPLINE_SURFACE ( (
 ( 1.000000000000000000, 0.6467950868173110157, 1.000000000000000000),
 ( 1.000000000000000000, 0.6542786948437181449, 1.000000000000000000),
 ( 1.000000000000000000, 0.6628404543467465437, 1.000000000000000000),
 ( 1.000000000000000000, 0.6761663799348047732, 1.000000000000000000),
 ( 1.000000000000000000, 0.6806406275521510452, 1.000000000000000000),
 ( 1.000000000000000000, 0.6897002108233540874, 1.000000000000000000),
 ( 1.000000000000000000, 0.6943133421996469101, 1.000000000000000000),
 ( 1.000000000000000000, 0.7033644244086413311, 1.000000000000000000),
 ( 1.000000000000000000, 0.7078470282747517661, 1.000000000000000000),
 ( 1.000000000000000000, 0.7168380307801178741, 1.000000000000000000),
 ( 1.000000000000000000, 0.7212951248489030132, 1.000000000000000000),
 ( 1.000000000000000000, 0.7343434792696644786, 1.000000000000000000),
 ( 1.000000000000000000, 0.7429191578769013260, 1.000000000000000000),
 ( 1.000000000000000000, 0.7508683480762113893, 1.000000000000000000) ) ) 
 REPRESENTATION_ITEM ( '' )  SURFACE ( )  );
#485 = CARTESIAN_POINT ( 'NONE',  ( 15.04040685334882177, 45.75905878941459548, 69.85585152838554279 ) ) ;
#486 = DIRECTION ( 'NONE',  ( -0.2567519959249154327, 0.1261314626085401347, -0.9582114937365355800 ) ) ;
#487 = CARTESIAN_POINT ( 'NONE',  ( 14.89196301347423734, 40.48548346834060396, 70.11884374083214766 ) ) ;
#488 = AXIS2_PLACEMENT_3D ( 'NONE', #1542, #1225, #286 ) ;
#489 = EDGE_CURVE ( 'NONE', #1942, #1655, #1689, .T. ) ;
#490 = CARTESIAN_POINT ( 'NONE',  ( 6.557203957057568644, 44.58415717979257664, 74.29072276455319468 ) ) ;
#491 = VERTEX_POINT ( 'NONE', #71 ) ;
#492 = EDGE_CURVE ( 'NONE', #1834, #983, #178, .T. ) ;
#493 = ADVANCED_FACE ( 'NONE', ( #1520 ), #1485, .T. ) ;
#494 = AXIS2_PLACEMENT_3D ( 'NONE', #150, #968, #18 ) ;
#495 = CARTESIAN_POINT ( 'NONE',  ( 15.43359641879512623, 44.51629277970614851, 70.97614727733126472 ) ) ;
#496 = ORIENTED_EDGE ( 'NONE', *, *, #94, .T. ) ;
#497 = CARTESIAN_POINT ( 'NONE',  ( 19.58090910960708797, -45.19465497960661082, 84.25881904510248432 ) ) ;
#498 = CARTESIAN_POINT ( 'NONE',  ( 15.93748760016510957, -40.29738727732542714, 71.22466032604404518 ) ) ;
#499 = ORIENTED_EDGE ( 'NONE', *, *, #2057, .F. ) ;
#500 = CARTESIAN_POINT ( 'NONE',  ( 0.000000000000000000, 0.000000000000000000, 0.9999999999999991118 ) ) ;
#501 = AXIS2_PLACEMENT_3D ( 'NONE', #448, #60, #1072 ) ;
#502 = CARTESIAN_POINT ( 'NONE',  ( 6.514531632735921285, -44.50173543940448440, 74.02882858684742473 ) ) ;
#503 = CARTESIAN_POINT ( 'NONE',  ( 8.123520770975209970, -48.97690960944934346, 84.00000000000000000 ) ) ;
#504 = CARTESIAN_POINT ( 'NONE',  ( 30.10000000000000142, 0.000000000000000000, 0.000000000000000000 ) ) ;
#505 = CARTESIAN_POINT ( 'NONE',  ( 8.123520770975208194, 49.95615768728042383, 85.00000000000000000 ) ) ;
#506 = DIRECTION ( 'NONE',  ( 1.000000000000000000, 0.000000000000000000, 0.000000000000000000 ) ) ;
#507 = EDGE_CURVE ( 'NONE', #5, #955, #908, .T. ) ;
#508 = CARTESIAN_POINT ( 'NONE',  ( 16.07040282565939648, 45.40567302457424859, 69.84470692207480624 ) ) ;
#509 = ORIENTED_EDGE ( 'NONE', *, *, #1474, .F. ) ;
#510 = CARTESIAN_POINT ( 'NONE',  ( 18.66551068004999792, -45.47344772397197232, 75.40830887069921573 ) ) ;
#511 = CYLINDRICAL_SURFACE ( 'NONE', #1348, 1.000000000000000888 ) ;
#512 = EDGE_CURVE ( 'NONE', #311, #1276, #1110, .T. ) ;
#513 = CARTESIAN_POINT ( 'NONE',  ( 9.836995645660715937, 47.47703223849379128, 71.22128943172890558 ) ) ;
#514 = CARTESIAN_POINT ( 'NONE',  ( 6.568669479352141849, -43.27259560710508168, 73.65591126718939563 ) ) ;
#515 = CARTESIAN_POINT ( 'NONE',  ( 8.123520770975208194, 45.88622926326148388, 84.00000000000000000 ) ) ;
#516 = CARTESIAN_POINT ( 'NONE',  ( 9.898862038042894440, 46.51055193473735727, 72.36005199996222359 ) ) ;
#517 = CARTESIAN_POINT ( 'NONE',  ( 15.92913445270730932, -44.24567887166106317, 71.21344836886908070 ) ) ;
#518 = ADVANCED_FACE ( 'NONE', ( #1837 ), #1995, .F. ) ;
#519 = DIRECTION ( 'NONE',  ( -1.000000000000000000, 0.000000000000000000, 0.000000000000000000 ) ) ;
#520 = ORIENTED_EDGE ( 'NONE', *, *, #1807, .T. ) ;
#521 = CARTESIAN_POINT ( 'NONE',  ( 6.050918615962099345, 48.27795254900290445, 72.62342361616535413 ) ) ;
#522 = CARTESIAN_POINT ( 'NONE',  ( 17.53913747917041732, -45.12835700417870299, 71.27006509075866347 ) ) ;
#523 = CARTESIAN_POINT ( 'NONE',  ( 16.07862136752382654, -44.20124212640786254, 71.39677220600610497 ) ) ;
#524 = APPROVAL_STATUS ( 'not_yet_approved' ) ;
#525 = CARTESIAN_POINT ( 'NONE',  ( 5.706042033192258778, 48.63086539282350174, 74.37589363198875958 ) ) ;
#526 = CARTESIAN_POINT ( 'NONE',  ( 13.75653520049685952, 46.24357763374066366, 70.19272878571591434 ) ) ;
#527 = LINE ( 'NONE', #381, #1690 ) ;
#528 = CARTESIAN_POINT ( 'NONE',  ( 5.849414319864433054, 48.36251260546616493, 72.96058280042737465 ) ) ;
#529 = CARTESIAN_POINT ( 'NONE',  ( 15.42259256071878681, -40.44357361000491835, 70.95147384583511041 ) ) ;
#530 = CARTESIAN_POINT ( 'NONE',  ( 6.515211892967661456, -43.39035449907271413, 74.23226099503695252 ) ) ;
#531 = DIRECTION ( 'NONE',  ( 0.000000000000000000, -1.000000000000000000, 0.000000000000000000 ) ) ;
#532 = APPROVAL_DATE_TIME ( #1680, #659 ) ;
#533 = CARTESIAN_POINT ( 'NONE',  ( 17.89175065708758794, 40.35059893922571206, 75.75595578282377573 ) ) ;
#534 = CARTESIAN_POINT ( 'NONE',  ( 7.389609851651738559, -48.10662999067567114, 77.39730385569863813 ) ) ;
#535 = FACE_OUTER_BOUND ( 'NONE', #433, .T. ) ;
#536 = ORIENTED_EDGE ( 'NONE', *, *, #251, .T. ) ;
#537 = CARTESIAN_POINT ( 'NONE',  ( 16.76700739106578553, 40.00658748667523668, 71.48778113554936908 ) ) ;
#538 = DIRECTION ( 'NONE',  ( 1.000000000000000000, 0.000000000000000000, 0.000000000000000000 ) ) ;
#539 = DIRECTION ( 'NONE',  ( 0.000000000000000000, -1.000000000000000000, 0.000000000000000000 ) ) ;
#540 = CARTESIAN_POINT ( 'NONE',  ( 17.33311672567581141, -45.11426857981717120, 70.77419368315763393 ) ) ;
#541 = PERSON_AND_ORGANIZATION ( #1126, #1224 ) ;
#542 = CARTESIAN_POINT ( 'NONE',  ( 6.540573685820610272, -47.49479307923804328, 73.83481971136617972 ) ) ;
#543 = ORIENTED_EDGE ( 'NONE', *, *, #612, .F. ) ;
#544 = AXIS2_PLACEMENT_3D ( 'NONE', #1350, #752, #97 ) ;
#545 = ADVANCED_FACE ( 'NONE', ( #1191, #1040 ), #1671, .T. ) ;
#546 = DIRECTION ( 'NONE',  ( 0.2579503196396442655, 0.08186408742076087264, 0.9626836987238184262 ) ) ;
#547 = EDGE_LOOP ( 'NONE', ( #1261 ) ) ;
#548 = CARTESIAN_POINT ( 'NONE',  ( 14.40416560662532852, 40.67651076707025481, 70.20314788371941006 ) ) ;
#549 = CARTESIAN_POINT ( 'NONE',  ( 6.557203957057473609, 44.58415717979258375, 74.29072276455282520 ) ) ;
#550 = B_SPLINE_CURVE_WITH_KNOTS ( 'NONE', 3,
 ( #2001, #16, #693, #369, #526, #1662 ),
 .UNSPECIFIED., .F., .F.,
 ( 4, 2, 4 ),
 ( 0.000000000000000000, 0.004238183068676048756, 0.008476366137352097513 ),
 .UNSPECIFIED. ) ;
#551 = B_SPLINE_CURVE_WITH_KNOTS ( 'NONE', 3,
 ( #2026, #420, #90, #1196 ),
 .UNSPECIFIED., .F., .F.,
 ( 4, 4 ),
 ( 0.000000000000000000, 0.01304817036030075927 ),
 .UNSPECIFIED. ) ;
#552 = AXIS2_PLACEMENT_3D ( 'NONE', #500, #1812, #342 ) ;
#553 = AXIS2_PLACEMENT_3D ( 'NONE', #1367, #2030, #1031 ) ;
#554 = CARTESIAN_POINT ( 'NONE',  ( 7.389664158247934544, 48.10665960091399995, 77.39750653067483199 ) ) ;
#555 =( BOUNDED_CURVE ( )  B_SPLINE_CURVE ( 3, ( #1803, #653, #629, #1776 ),
 .UNSPECIFIED., .F., .F. ) 
 B_SPLINE_CURVE_WITH_KNOTS ( ( 4, 4 ),
 ( 4.327847318109865782, 4.507807677627122978 ),
 .UNSPECIFIED. ) 
 CURVE ( )  GEOMETRIC_REPRESENTATION_ITEM ( )  RATIONAL_B_SPLINE_CURVE ( ( 1.000000000000000000, 0.9973030094872715745, 0.9973030094872715745, 1.000000000000000000 ) ) 
 REPRESENTATION_ITEM ( '' )  );
#556 = FACE_OUTER_BOUND ( 'NONE', #2050, .T. ) ;
#557 = CARTESIAN_POINT ( 'NONE',  ( 17.08353380183607584, 45.14654210399214662, 70.44069518918594497 ) ) ;
#558 = CARTESIAN_POINT ( 'NONE',  ( 6.844195253218953390, -43.15345677861595419, 73.25911164584310598 ) ) ;
#559 = ADVANCED_FACE ( 'NONE', ( #1877 ), #1020, .T. ) ;
#560 = EDGE_CURVE ( 'NONE', #1276, #827, #81, .T. ) ;
#561 = CARTESIAN_POINT ( 'NONE',  ( 16.06100546847862276, 40.92798662200240045, 71.37128868910619417 ) ) ;
#562 = CIRCLE ( 'NONE', #1195, 50.63084752063755900 ) ;
#563 = ORIENTED_EDGE ( 'NONE', *, *, #1639, .T. ) ;
#564 = CARTESIAN_POINT ( 'NONE',  ( 6.812354686852978958, -47.24423656122665705, 73.31661338436457243 ) ) ;
#565 = CIRCLE ( 'NONE', #1199, 0.9999999999999984457 ) ;
#566 = CARTESIAN_POINT ( 'NONE',  ( 8.233854567747554754, 48.54809759019016013, 80.54806803018995254 ) ) ;
#567 = CARTESIAN_POINT ( 'NONE',  ( 6.514653130390469116, -47.56973382500553527, 74.02886981845284708 ) ) ;
#568 = CARTESIAN_POINT ( 'NONE',  ( 5.706042033192258778, -48.63086539282350174, 74.37589363198875958 ) ) ;
#569 = CARTESIAN_POINT ( 'NONE',  ( 5.965061295882845727, -43.19868423916333455, 72.79445423582541252 ) ) ;
#570 = PRODUCT_DEFINITION ( 'UNKNOWN', '', #416, #1928 ) ;
#571 = CARTESIAN_POINT ( 'NONE',  ( 19.00750299466121618, -40.66180869691770283, 79.98651206288714377 ) ) ;
#572 = VERTEX_POINT ( 'NONE', #1691 ) ;
#573 = DIRECTION ( 'NONE',  ( 0.000000000000000000, 0.000000000000000000, 1.000000000000000000 ) ) ;
#574 = AXIS2_PLACEMENT_3D ( 'NONE', #258, #596, #1712 ) ;
#575 = B_SPLINE_CURVE_WITH_KNOTS ( 'NONE', 3,
 ( #1661, #203, #1315, #812, #845, #53, #703, #14 ),
 .UNSPECIFIED., .F., .F.,
 ( 4, 2, 2, 4 ),
 ( 0.000000000000000000, 0.0004204867733558720431, 0.0008409735467117440862, 0.001681947093423496412 ),
 .UNSPECIFIED. ) ;
#576 = DIRECTION ( 'NONE',  ( -0.9865219831972911191, 0.1636287770182366930, 5.594626028917368358E-16 ) ) ;
#577 = B_SPLINE_CURVE_WITH_KNOTS ( 'NONE', 3,
 ( #1333, #35, #194, #1988, #171, #1970, #1462, #211, #1830, #853, #989, #331, #1638, #1325 ),
 .UNSPECIFIED., .F., .F.,
 ( 4, 2, 2, 2, 2, 2, 4 ),
 ( 0.000000000000000000, 0.0008045334126592406168, 0.001206800118988845096, 0.001609066825318449792, 0.002011333531648054271, 0.002413600237977654196, 0.003218133650636855782 ),
 .UNSPECIFIED. ) ;
#578 = CARTESIAN_POINT ( 'NONE',  ( 6.715227885251709772, -48.33673379614116072, 73.40482162541628952 ) ) ;
#579 = CARTESIAN_POINT ( 'NONE',  ( 8.284663659198674424, -49.94844410701902149, 83.82635182233306637 ) ) ;
#580 = CARTESIAN_POINT ( 'NONE',  ( 20.95441391781382379, 46.09116247198566896, 83.82635182233306637 ) ) ;
#581 = DIRECTION ( 'NONE',  ( 0.000000000000000000, 0.000000000000000000, 1.000000000000000000 ) ) ;
#582 = ORIENTED_EDGE ( 'NONE', *, *, #1030, .F. ) ;
#583 = DIRECTION ( 'NONE',  ( -0.9659258262890717539, 0.000000000000000000, 0.2588190451025078054 ) ) ;
#584 = CARTESIAN_POINT ( 'NONE',  ( 9.836995645670452149, -47.47703223849886456, 71.22128943176549853 ) ) ;
#585 = CARTESIAN_POINT ( 'NONE',  ( 8.233343863701843901, -45.46566197791698016, 80.54616205674371088 ) ) ;
#586 = CARTESIAN_POINT ( 'NONE',  ( 7.389609851650200234, 48.10662999071558943, 77.39730385569291116 ) ) ;
#587 = CARTESIAN_POINT ( 'NONE',  ( 13.17930745106924384, -41.17306694514679322, 70.53895869924210160 ) ) ;
#588 = DIRECTION ( 'NONE',  ( -0.2588190451025122463, 0.000000000000000000, -0.9659258262890706437 ) ) ;
#589 = ORIENTED_EDGE ( 'NONE', *, *, #918, .T. ) ;
#590 = FACE_OUTER_BOUND ( 'NONE', #738, .T. ) ;
#591 = APPROVAL_PERSON_ORGANIZATION ( #662, #1182, #1609 ) ;
#592 = ORIENTED_EDGE ( 'NONE', *, *, #1300, .T. ) ;
#593 = CARTESIAN_POINT ( 'NONE',  ( 15.24092869941568651, -41.40997396306884326, 70.95319942975369543 ) ) ;
#594 = CARTESIAN_POINT ( 'NONE',  ( 17.53913747917042443, 45.12835700417876694, 71.27006509075867768 ) ) ;
#595 = CARTESIAN_POINT ( 'NONE',  ( 9.062278815251469055, -49.78612009780904657, 83.63978941209674645 ) ) ;
#596 = DIRECTION ( 'NONE',  ( -0.2563475766250006838, 0.1378653620372649879, -0.9567021803616960751 ) ) ;
#597 = ORIENTED_EDGE ( 'NONE', *, *, #1858, .F. ) ;
#598 = AXIS2_PLACEMENT_3D ( 'NONE', #276, #103, #755 ) ;
#599 = CARTESIAN_POINT ( 'NONE',  ( 0.000000000000000000, 0.000000000000000000, 0.000000000000000000 ) ) ;
#600 = EDGE_LOOP ( 'NONE', ( #1642, #589, #406 ) ) ;
#601 = CARTESIAN_POINT ( 'NONE',  ( 6.262951723368496815, 43.11163468859105308, 72.54241589049880190 ) ) ;
#602 = CARTESIAN_POINT ( 'NONE',  ( 16.31386529442102429, -45.33310120471785609, 69.92118624058183229 ) ) ;
#603 = CARTESIAN_POINT ( 'NONE',  ( 5.706042033192260554, 48.63086539282350174, 74.37589363198874537 ) ) ;
#604 = CARTESIAN_POINT ( 'NONE',  ( 5.435919119695025614, 43.44894072026813348, 73.81056594495593970 ) ) ;
#605 = CARTESIAN_POINT ( 'NONE',  ( 15.73405997174872795, 40.34539763299414972, 71.06019798636204143 ) ) ;
#606 = ORIENTED_EDGE ( 'NONE', *, *, #1736, .T. ) ;
#607 = FACE_OUTER_BOUND ( 'NONE', #29, .T. ) ;
#608 = EDGE_LOOP ( 'NONE', ( #1629 ) ) ;
#609 = CARTESIAN_POINT ( 'NONE',  ( 16.22911038248945204, -40.28251916462482995, 71.74973589875411051 ) ) ;
#610 = ORIENTED_EDGE ( 'NONE', *, *, #917, .T. ) ;
#611 = DIRECTION ( 'NONE',  ( 0.2588190451025090266, 6.938893903907229167E-15, 0.9659258262890714208 ) ) ;
#612 = EDGE_CURVE ( 'NONE', #1271, #572, #750, .T. ) ;
#613 = CARTESIAN_POINT ( 'NONE',  ( 17.30998483151638467, 46.10192160595363475, 75.78361425940846630 ) ) ;
#614 = CARTESIAN_POINT ( 'NONE',  ( 5.789747236753830073, 48.39230428996230415, 73.08807791435441459 ) ) ;
#615 = CARTESIAN_POINT ( 'NONE',  ( 6.527254853523653644, 43.30362347276503243, 73.78455787345528449 ) ) ;
#616 = CARTESIAN_POINT ( 'NONE',  ( 16.80115420878928845, -40.01703155575294346, 71.61736144609253074 ) ) ;
#617 = EDGE_LOOP ( 'NONE', ( #592, #941, #2062, #1856 ) ) ;
#618 =( BOUNDED_SURFACE ( )  B_SPLINE_SURFACE ( 3, 2, ( 
 ( #303, #1930, #144 ),
 ( #1412, #471, #437 ),
 ( #2053, #2067, #462 ),
 ( #2079, #1898, #1074 ) ),
 .UNSPECIFIED., .F., .F., .F. ) 
 B_SPLINE_SURFACE_WITH_KNOTS ( ( 4, 4 ),
 ( 3, 3 ),
 ( 4.327847318109865782, 4.507807677627122978 ),
 ( 0.000000000000000000, 1.000000000000000000 ),
 .UNSPECIFIED. ) 
 GEOMETRIC_REPRESENTATION_ITEM ( )  RATIONAL_B_SPLINE_SURFACE ( (
 ( 1.000000000000000000, 0.7357475711170600174, 1.000000000000000000),
 ( 1.000000000000000000, 0.7407278647268488170, 1.000000000000000000),
 ( 1.000000000000000000, 0.7457981948878499301, 1.000000000000000000),
 ( 1.000000000000000000, 0.7508683480762078366, 1.000000000000000000) ) ) 
 REPRESENTATION_ITEM ( '' )  SURFACE ( )  );
#619 = ORIENTED_EDGE ( 'NONE', *, *, #251, .F. ) ;
#620 = CARTESIAN_POINT ( 'NONE',  ( 16.21646221994831194, -40.92505527327230652, 71.70253231352818091 ) ) ;
#621 = ORIENTED_EDGE ( 'NONE', *, *, #1203, .T. ) ;
#622 = CARTESIAN_POINT ( 'NONE',  ( 7.005491693141630449, 47.02884609855096443, 72.10005206687253576 ) ) ;
#623 = ORIENTED_EDGE ( 'NONE', *, *, #1775, .F. ) ;
#624 = CARTESIAN_POINT ( 'NONE',  ( 17.32530130072630570, 44.56234289215350231, 75.84077610040985462 ) ) ;
#625 = CARTESIAN_POINT ( 'NONE',  ( 5.672838350973259836, 48.47252669704845829, 73.46207164829404235 ) ) ;
#626 = CARTESIAN_POINT ( 'NONE',  ( 6.369787945937430251, 43.08152575872196621, 72.45919819113447602 ) ) ;
#627 = CARTESIAN_POINT ( 'NONE',  ( 6.565412288891796955, 49.08883978321119912, 77.52345609943466798 ) ) ;
#628 = EDGE_LOOP ( 'NONE', ( #1599, #57, #621, #313 ) ) ;
#629 = CARTESIAN_POINT ( 'NONE',  ( 9.907041559897846739, -43.39889900593842498, 72.35786030368670652 ) ) ;
#630 = ORIENTED_EDGE ( 'NONE', *, *, #112, .T. ) ;
#631 = CARTESIAN_POINT ( 'NONE',  ( 5.435082936938347764, 43.44986716266105020, 73.81519174849739784 ) ) ;
#632 = CARTESIAN_POINT ( 'NONE',  ( 16.06342352139393626, -45.40782244398094747, 69.84299310396460214 ) ) ;
#633 = DIRECTION ( 'NONE',  ( 0.2580737051343887645, 0.07583700882134125631, 0.9631441796591205806 ) ) ;
#634 = CARTESIAN_POINT ( 'NONE',  ( 16.20957938795226383, 40.27388842038838135, 71.66401511471300978 ) ) ;
#635 = AXIS2_PLACEMENT_3D ( 'NONE', #1390, #1080, #953 ) ;
#636 = EDGE_CURVE ( 'NONE', #948, #1096, #1851, .T. ) ;
#637 = FACE_OUTER_BOUND ( 'NONE', #1583, .T. ) ;
#638 = ORIENTED_EDGE ( 'NONE', *, *, #1843, .T. ) ;
#639 = CARTESIAN_POINT ( 'NONE',  ( 15.63723312555856459, 45.76282189101713271, 70.95246663422084055 ) ) ;
#640 = ORIENTED_EDGE ( 'NONE', *, *, #1135, .F. ) ;
#641 = CARTESIAN_POINT ( 'NONE',  ( 16.61046975941971837, -39.99983235768853973, 71.10897481227402750 ) ) ;
#642 = EDGE_CURVE ( 'NONE', #1382, #87, #100, .T. ) ;
#643 = AXIS2_PLACEMENT_3D ( 'NONE', #962, #1631, #31 ) ;
#644 = CARTESIAN_POINT ( 'NONE',  ( 9.822567415523787204, -47.42157930446025915, 71.22510471629196616 ) ) ;
#645 = CARTESIAN_POINT ( 'NONE',  ( 17.18238804623735305, 40.92505527327224968, 71.44371326842559711 ) ) ;
#646 = EDGE_CURVE ( 'NONE', #1792, #754, #1732, .T. ) ;
#647 = CARTESIAN_POINT ( 'NONE',  ( 15.74532313313832610, 40.19903238619948382, 70.32176295031348445 ) ) ;
#648 = EDGE_CURVE ( 'NONE', #1188, #1578, #408, .T. ) ;
#649 = CALENDAR_DATE ( 2025, 22, 6 ) ;
#650 = ORIENTED_EDGE ( 'NONE', *, *, #1236, .F. ) ;
#651 = AXIS2_PLACEMENT_3D ( 'NONE', #1979, #692, #826 ) ;
#652 = VECTOR ( 'NONE', #1519, 1000.000000000000000 ) ;
#653 = CARTESIAN_POINT ( 'NONE',  ( 12.48980946386895852, -42.61619514744821657, 71.66580972958067264 ) ) ;
#654 = ORIENTED_EDGE ( 'NONE', *, *, #1098, .T. ) ;
#655 = FACE_OUTER_BOUND ( 'NONE', #959, .T. ) ;
#656 = CARTESIAN_POINT ( 'NONE',  ( 15.73302435130737109, -40.34748426561884571, 71.07026976163602683 ) ) ;
#657 = ORIENTED_EDGE ( 'NONE', *, *, #1135, .T. ) ;
#658 = CARTESIAN_POINT ( 'NONE',  ( 7.097535394929334274, -43.08413953775743011, 73.11066521172023158 ) ) ;
#659 = APPROVAL ( #1349, 'UNSPECIFIED' ) ;
#660 = DIRECTION ( 'NONE',  ( 0.2588190451025090266, -6.938893903907229167E-15, 0.9659258262890714208 ) ) ;
#661 = CIRCLE ( 'NONE', #1850, 29.10000000000000142 ) ;
#662 = PERSON_AND_ORGANIZATION ( #1126, #1224 ) ;
#663 = FACE_BOUND ( 'NONE', #547, .T. ) ;
#664 = ADVANCED_FACE ( 'NONE', ( #1049 ), #1394, .T. ) ;
#665 = CARTESIAN_POINT ( 'NONE',  ( 16.21646221994828707, -44.21043753467449022, 71.70253231352810985 ) ) ;
#666 = FACE_OUTER_BOUND ( 'NONE', #1741, .T. ) ;
#667 = EDGE_CURVE ( 'NONE', #1096, #1936, #1635, .T. ) ;
#668 = ORIENTED_EDGE ( 'NONE', *, *, #918, .F. ) ;
#669 = CARTESIAN_POINT ( 'NONE',  ( 20.95441391781382379, -46.09116247198574001, 83.82635182233303794 ) ) ;
#670 = DIRECTION ( 'NONE',  ( 1.000000000000000000, 0.000000000000000000, 0.000000000000000000 ) ) ;
#671 = EDGE_CURVE ( 'NONE', #1319, #756, #1186, .T. ) ;
#672 = CARTESIAN_POINT ( 'NONE',  ( 5.591278130768497334, 44.58415717979257664, 74.54954180965570743 ) ) ;
#673 = CARTESIAN_POINT ( 'NONE',  ( 6.499312045697983820, -43.34509371982039028, 73.97937668214235885 ) ) ;
#674 = DIRECTION ( 'NONE',  ( 0.000000000000000000, 0.000000000000000000, 1.000000000000000000 ) ) ;
#675 = CARTESIAN_POINT ( 'NONE',  ( 14.73289830345419382, -41.60483243784422314, 70.02949970605247643 ) ) ;
#676 = CARTESIAN_POINT ( 'NONE',  ( 15.46450833238862721, -44.49540946575538669, 70.97703558546035651 ) ) ;
#677 = CARTESIAN_POINT ( 'NONE',  ( 15.80496559397909628, 45.72319522862690633, 71.04570176564278938 ) ) ;
#678 = VERTEX_POINT ( 'NONE', #1871 ) ;
#679 = CARTESIAN_POINT ( 'NONE',  ( 8.123520770975209970, 45.88622926326149809, 84.00000000000000000 ) ) ;
#680 = CARTESIAN_POINT ( 'NONE',  ( 7.523129783346644395, 0.000000000000000000, 74.03190371945068193 ) ) ;
#681 = CARTESIAN_POINT ( 'NONE',  ( 6.691087811308448430, -44.25907738632844257, 73.47338747649638435 ) ) ;
#682 = CARTESIAN_POINT ( 'NONE',  ( 17.00607526083665633, -45.15755309356944736, 70.34276821717955386 ) ) ;
#683 = CARTESIAN_POINT ( 'NONE',  ( 30.05876752725377443, 0.000000000000000000, 5.001700840004531301 ) ) ;
#684 = CARTESIAN_POINT ( 'NONE',  ( 16.21646221994827641, 40.92505527327229942, 71.70253231352803880 ) ) ;
#685 = CARTESIAN_POINT ( 'NONE',  ( 7.264310738244137866, 47.02884609855096443, 73.06597789316160174 ) ) ;
#686 = CARTESIAN_POINT ( 'NONE',  ( 20.54683493589615750, 41.82541332532288436, 85.00000000000000000 ) ) ;
#687 = CARTESIAN_POINT ( 'NONE',  ( 5.468733756667671031, -43.60700356506805520, 74.72318998732264106 ) ) ;
#688 = CARTESIAN_POINT ( 'NONE',  ( 16.18145571555063711, -40.90448139434413122, 71.57188626052069935 ) ) ;
#689 = CARTESIAN_POINT ( 'NONE',  ( 14.66832183109429621, -40.74737846092379812, 71.08207910008141539 ) ) ;
#690 = CARTESIAN_POINT ( 'NONE',  ( 16.06922377679773106, -45.40602872074325091, 69.84436595128951808 ) ) ;
#691 = SECURITY_CLASSIFICATION_LEVEL ( 'unclassified' ) ;
#692 = DIRECTION ( 'NONE',  ( 0.000000000000000000, -1.000000000000000000, 0.000000000000000000 ) ) ;
#693 = CARTESIAN_POINT ( 'NONE',  ( 9.825855302990948559, 47.42074286215218848, 71.22424182048408170 ) ) ;
#694 = CARTESIAN_POINT ( 'NONE',  ( 8.123520770975208194, -45.88622926326147677, 84.00000000000000000 ) ) ;
#695 = CIRCLE ( 'NONE', #598, 35.99570812183493018 ) ;
#696 = CARTESIAN_POINT ( 'NONE',  ( 14.64693595834486928, 40.57981712142566977, 70.14914190669429672 ) ) ;
#697 = DIRECTION ( 'NONE',  ( 0.000000000000000000, 0.000000000000000000, 1.000000000000000000 ) ) ;
#698 = CARTESIAN_POINT ( 'NONE',  ( 14.73289830345419382, 44.82349222196219074, 70.02949970605247643 ) ) ;
#699 = CARTESIAN_POINT ( 'NONE',  ( 11.93344673732697281, 41.61373186556377135, 70.88049617280624659 ) ) ;
#700 = EDGE_CURVE ( 'NONE', #1936, #1421, #82, .T. ) ;
#701 = AXIS2_PLACEMENT_3D ( 'NONE', #1815, #546, #1497 ) ;
#702 = DATE_TIME_ROLE ( 'classification_date' ) ;
#703 = CARTESIAN_POINT ( 'NONE',  ( 7.007793843237626774, 47.12977501924543589, 73.13471138802353266 ) ) ;
#704 = DIRECTION ( 'NONE',  ( 0.000000000000000000, 0.000000000000000000, 1.000000000000000000 ) ) ;
#705 = CARTESIAN_POINT ( 'NONE',  ( 15.81248300465070500, 41.03614320975773211, 71.12413385274253130 ) ) ;
#706 = EDGE_LOOP ( 'NONE', ( #1478 ) ) ;
#707 = CARTESIAN_POINT ( 'NONE',  ( 16.29225729031394110, 40.05159896104706974, 70.69449389577471266 ) ) ;
#708 = PLANE ( 'NONE',  #1015 ) ;
#709 = CARTESIAN_POINT ( 'NONE',  ( 12.47916540450614065, -46.72564274979070831, 70.52790000979190665 ) ) ;
#710 = ADVANCED_FACE ( 'NONE', ( #1538 ), #1561, .T. ) ;
#711 = ADVANCED_FACE ( 'NONE', ( #556 ), #1204, .T. ) ;
#712 = CARTESIAN_POINT ( 'NONE',  ( 8.123520770975208194, 48.97690960944933636, 84.00000000000000000 ) ) ;
#713 = COORDINATED_UNIVERSAL_TIME_OFFSET ( 3, 0, .AHEAD. ) ;
#714 = CARTESIAN_POINT ( 'NONE',  ( 16.77975688178788616, 45.20988645991014465, 70.17226274257640739 ) ) ;
#715 = CARTESIAN_POINT ( 'NONE',  ( 17.32556913936618770, -41.25097515413698090, 75.84177568782212120 ) ) ;
#716 = CIRCLE ( 'NONE', #376, 29.10000000000000142 ) ;
#717 = DIRECTION ( 'NONE',  ( 0.2579503196396442655, -0.08186408742076087264, 0.9626836987238184262 ) ) ;
#718 = ORIENTED_EDGE ( 'NONE', *, *, #1801, .F. ) ;
#719 = DIRECTION ( 'NONE',  ( 1.000000000000000000, 0.000000000000000000, 0.000000000000000000 ) ) ;
#720 = DIRECTION ( 'NONE',  ( 0.2588190451025078054, 0.000000000000000000, 0.9659258262890717539 ) ) ;
#721 = VECTOR ( 'NONE', #2038, 1000.000000000000000 ) ;
#722 = CARTESIAN_POINT ( 'NONE',  ( 10.13513312870684935, -47.60771523226696900, 72.29674335202700775 ) ) ;
#723 = CARTESIAN_POINT ( 'NONE',  ( 7.951843787044428069, -44.91650078395326062, 84.17364817766639362 ) ) ;
#724 = CC_DESIGN_PERSON_AND_ORGANIZATION_ASSIGNMENT ( #825, #1475, ( #570 ) ) ;
#725 = CARTESIAN_POINT ( 'NONE',  ( 17.46695698390438523, 45.10624282475130542, 71.00487724241953913 ) ) ;
#726 = CARTESIAN_POINT ( 'NONE',  ( 16.21646221994828707, -40.92505527327224257, 71.70253231352810985 ) ) ;
#727 = EDGE_CURVE ( 'NONE', #967, #1188, #319, .T. ) ;
#728 = CARTESIAN_POINT ( 'NONE',  ( 8.123520770975208194, -45.88622926326148388, 84.00000000000000000 ) ) ;
#729 = ORIENTED_EDGE ( 'NONE', *, *, #72, .F. ) ;
#730 = CARTESIAN_POINT ( 'NONE',  ( 14.89460309834015384, 40.48616569691797196, 70.13103473150444245 ) ) ;
#731 = CARTESIAN_POINT ( 'NONE',  ( 6.557203957057568644, 47.65276746465197988, 74.29072276455319468 ) ) ;
#732 = PERSON_AND_ORGANIZATION ( #1126, #1224 ) ;
#733 = CARTESIAN_POINT ( 'NONE',  ( 6.808097163717639511, -48.30400018239876658, 73.29819421688465297 ) ) ;
#734 = CARTESIAN_POINT ( 'NONE',  ( 7.413983296327204542, -49.52217152617118501, 80.63344491421788973 ) ) ;
#735 = EDGE_CURVE ( 'NONE', #461, #311, #942, .T. ) ;
#736 = CARTESIAN_POINT ( 'NONE',  ( 6.361760355372377163, -43.08357251602622284, 72.46405794869924932 ) ) ;
#737 = FACE_OUTER_BOUND ( 'NONE', #1552, .T. ) ;
#738 = EDGE_LOOP ( 'NONE', ( #992, #1917, #963, #1433 ) ) ;
#739 = AXIS2_PLACEMENT_3D ( 'NONE', #1782, #1284, #475 ) ;
#740 = CARTESIAN_POINT ( 'NONE',  ( 6.283804948438075577, -44.05645493780601640, 77.82754403122639530 ) ) ;
#741 = CARTESIAN_POINT ( 'NONE',  ( 6.557203957057574861, -47.65276746465197277, 74.29072276455319468 ) ) ;
#742 = FACE_OUTER_BOUND ( 'NONE', #1120, .T. ) ;
#743 = CARTESIAN_POINT ( 'NONE',  ( 5.723680966627394895, -43.28527208679382454, 73.09794965219543883 ) ) ;
#744 = CARTESIAN_POINT ( 'NONE',  ( 20.54683493589615750, -41.82541332532289147, 84.00000000000000000 ) ) ;
#745 = ORIENTED_EDGE ( 'NONE', *, *, #1906, .T. ) ;
#746 = CARTESIAN_POINT ( 'NONE',  ( 15.50118126811523567, -45.80146611855155925, 70.90891508750610228 ) ) ;
#747 = CARTESIAN_POINT ( 'NONE',  ( 5.799531152227152653, 43.25581520337574659, 72.98892495546233761 ) ) ;
#748 = B_SPLINE_CURVE_WITH_KNOTS ( 'NONE', 3,
 ( #140, #2071, #627, #455 ),
 .UNSPECIFIED., .F., .F.,
 ( 4, 4 ),
 ( 0.000000000000000000, 0.009884252970341008554 ),
 .UNSPECIFIED. ) ;
#749 = CIRCLE ( 'NONE', #1459, 46.59975993196810151 ) ;
#750 = CIRCLE ( 'NONE', #1941, 1.000000000000000666 ) ;
#751 = CARTESIAN_POINT ( 'NONE',  ( 5.790168801626287554, -48.39206534839304652, 73.08701538578428369 ) ) ;
#752 = DIRECTION ( 'NONE',  ( 0.000000000000000000, 1.000000000000000000, -0.000000000000000000 ) ) ;
#753 = CARTESIAN_POINT ( 'NONE',  ( 7.019327892547127412, 44.05538931151768622, 73.15843202965155001 ) ) ;
#754 = VERTEX_POINT ( 'NONE', #1425 ) ;
#755 = DIRECTION ( 'NONE',  ( -1.000000000000000000, 0.000000000000000000, 0.000000000000000000 ) ) ;
#756 = VERTEX_POINT ( 'NONE', #2056 ) ;
#757 = CARTESIAN_POINT ( 'NONE',  ( 6.723950567976261006, 43.00044025882039733, 72.30837178825512979 ) ) ;
#758 = CARTESIAN_POINT ( 'NONE',  ( 19.58090910960709152, -45.19465497960653977, 84.25881904510251275 ) ) ;
#759 = CONICAL_SURFACE ( 'NONE', #1504, 35.85000000000000142, 0.1745329251994333364 ) ;
#760 = CARTESIAN_POINT ( 'NONE',  ( 6.540652689724175239, 44.42613049900977273, 73.83441074336533916 ) ) ;
#761 = CARTESIAN_POINT ( 'NONE',  ( 14.40416560662533030, 40.67651076707024771, 70.20314788371941006 ) ) ;
#762 = EDGE_CURVE ( 'NONE', #803, #426, #1219, .T. ) ;
#763 =( BOUNDED_SURFACE ( )  B_SPLINE_SURFACE ( 3, 2, ( 
 ( #1613, #794, #2095 ),
 ( #1628, #1291, #2086 ),
 ( #321, #639, #1306 ),
 ( #495, #677, #469 ),
 ( #1960, #817, #508 ),
 ( #1948, #1278, #160 ),
 ( #1109, #1765, #829 ),
 ( #1133, #1937, #344 ),
 ( #1791, #1641, #460 ),
 ( #1477, #480, #1146 ),
 ( #186, #28, #1119 ),
 ( #1099, #301, #938 ),
 ( #1755, #1591, #142 ),
 ( #371, #1516, #1833 ) ),
 .UNSPECIFIED., .F., .F., .F. ) 
 B_SPLINE_SURFACE_WITH_KNOTS ( ( 4, 2, 2, 2, 2, 2, 4 ),
 ( 3, 3 ),
 ( 0.001520166132849967884, 0.002323239396437943617, 0.002724776028231931484, 0.003126312660025919350, 0.003527849291819907217, 0.003929385923613895083, 0.004732459187201870816 ),
 ( 0.000000000000000000, 1.000000000000000000 ),
 .UNSPECIFIED. ) 
 GEOMETRIC_REPRESENTATION_ITEM ( )  RATIONAL_B_SPLINE_SURFACE ( (
 ( 1.000000000000000000, 0.6752250771957654107, 1.000000000000000000),
 ( 1.000000000000000000, 0.6596921257009870088, 1.000000000000000000),
 ( 1.000000000000000000, 0.6437432232321912418, 1.000000000000000000),
 ( 1.000000000000000000, 0.6202961139698101034, 1.000000000000000000),
 ( 1.000000000000000000, 0.6127183226543222450, 1.000000000000000000),
 ( 1.000000000000000000, 0.5981552776489056367, 1.000000000000000000),
 ( 1.000000000000000000, 0.5910928509218267290, 1.000000000000000000),
 ( 1.000000000000000000, 0.5782714008820049045, 1.000000000000000000),
 ( 1.000000000000000000, 0.5725173545620712012, 1.000000000000000000),
 ( 1.000000000000000000, 0.5626253098250149076, 1.000000000000000000),
 ( 1.000000000000000000, 0.5584785160220242517, 1.000000000000000000),
 ( 1.000000000000000000, 0.5496306978519622799, 1.000000000000000000),
 ( 1.000000000000000000, 0.5483026178681882357, 1.000000000000000000),
 ( 1.000000000000000000, 0.5524776256503188820, 1.000000000000000000) ) ) 
 REPRESENTATION_ITEM ( '' )  SURFACE ( )  );
#764 = DIRECTION ( 'NONE',  ( 0.000000000000000000, 6.938893903907222067E-15, 1.000000000000000000 ) ) ;
#765 = ORIENTED_EDGE ( 'NONE', *, *, #850, .T. ) ;
#766 = CIRCLE ( 'NONE', #1229, 1.000000000000000666 ) ;
#767 = CARTESIAN_POINT ( 'NONE',  ( 15.04040685334880578, -45.75905878941460259, 69.85585152838554279 ) ) ;
#768 = ORIENTED_EDGE ( 'NONE', *, *, #2057, .T. ) ;
#769 = FACE_OUTER_BOUND ( 'NONE', #1292, .T. ) ;
#770 = CARTESIAN_POINT ( 'NONE',  ( 15.93635064011208691, -45.44759456042881141, 69.81625567050346604 ) ) ;
#771 = CARTESIAN_POINT ( 'NONE',  ( 6.647596836939908549, 48.10880171902282143, 72.11276543412353135 ) ) ;
#772 = CARTESIAN_POINT ( 'NONE',  ( 5.401895970016949988, 43.57014747597020943, 74.46862552248413181 ) ) ;
#773 = CARTESIAN_POINT ( 'NONE',  ( 16.76651205612153461, 40.00643598855783978, 71.48590145947237318 ) ) ;
#774 = ORIENTED_EDGE ( 'NONE', *, *, #1773, .F. ) ;
#775 = CARTESIAN_POINT ( 'NONE',  ( 14.99171734855670479, -44.82349222196219785, 70.99542553234154241 ) ) ;
#776 = VERTEX_POINT ( 'NONE', #1921 ) ;
#777 = FACE_BOUND ( 'NONE', #1027, .T. ) ;
#778 = ORIENTED_EDGE ( 'NONE', *, *, #1986, .F. ) ;
#779 = CARTESIAN_POINT ( 'NONE',  ( 14.89135170148225917, -40.48568854749475321, 70.11869568106639861 ) ) ;
#780 = CARTESIAN_POINT ( 'NONE',  ( 6.662058884954088711, -48.10761457254888285, 72.11921229611911599 ) ) ;
#781 = CARTESIAN_POINT ( 'NONE',  ( 5.619181383927768891, 48.54812741598555448, 73.85269555078255621 ) ) ;
#782 = CARTESIAN_POINT ( 'NONE',  ( 6.729421722622253021, 44.22994977153446428, 73.42013675385442184 ) ) ;
#783 = LINE ( 'NONE', #2084, #1172 ) ;
#784 = ORIENTED_EDGE ( 'NONE', *, *, #198, .F. ) ;
#785 = CARTESIAN_POINT ( 'NONE',  ( 15.96790703117761190, -40.96225084391489446, 71.26098718599145343 ) ) ;
#786 = ORIENTED_EDGE ( 'NONE', *, *, #198, .T. ) ;
#787 = CARTESIAN_POINT ( 'NONE',  ( 15.26269784677253938, -40.49974959823691023, 70.93033330728329133 ) ) ;
#788 = EDGE_CURVE ( 'NONE', #955, #458, #115, .T. ) ;
#789 = CARTESIAN_POINT ( 'NONE',  ( 17.33023028675930988, -45.11443601034719109, 70.76920379652035820 ) ) ;
#790 = FACE_OUTER_BOUND ( 'NONE', #600, .T. ) ;
#791 = CARTESIAN_POINT ( 'NONE',  ( 16.22911038248942361, 40.28251916462476601, 71.74973589875402524 ) ) ;
#792 = VERTEX_POINT ( 'NONE', #683 ) ;
#793 = ORIENTED_EDGE ( 'NONE', *, *, #489, .T. ) ;
#794 = CARTESIAN_POINT ( 'NONE',  ( 15.35396837484349852, 45.84949272056064729, 70.89836066239065815 ) ) ;
#795 = EDGE_LOOP ( 'NONE', ( #1174, #1442, #1374 ) ) ;
#796 = CARTESIAN_POINT ( 'NONE',  ( 15.74504580964670986, -40.19910768064256246, 70.32157740934643186 ) ) ;
#797 = CARTESIAN_POINT ( 'NONE',  ( 15.29170620681742321, -45.66592589946638014, 69.80223595456494934 ) ) ;
#798 = DIRECTION ( 'NONE',  ( 0.9659258262890706437, 0.000000000000000000, -0.2588190451025122463 ) ) ;
#799 = CARTESIAN_POINT ( 'NONE',  ( 15.26196410347112753, 40.50001151298701529, 70.93026125530255399 ) ) ;
#800 = DIRECTION ( 'NONE',  ( 0.000000000000000000, 0.000000000000000000, 1.000000000000000000 ) ) ;
#801 = ORIENTED_EDGE ( 'NONE', *, *, #960, .T. ) ;
#802 = CARTESIAN_POINT ( 'NONE',  ( 16.17840457214780159, -40.90268818887303581, 71.56049923831987769 ) ) ;
#803 = VERTEX_POINT ( 'NONE', #438 ) ;
#804 = DIRECTION ( 'NONE',  ( 0.4409214761169004126, -0.8975456823465275402, 0.000000000000000000 ) ) ;
#805 = CARTESIAN_POINT ( 'NONE',  ( 15.96994536799356545, -40.13443763461794589, 70.44880355103359193 ) ) ;
#806 = EDGE_LOOP ( 'NONE', ( #931 ) ) ;
#807 = ADVANCED_FACE ( 'NONE', ( #2068 ), #1707, .T. ) ;
#808 = FACE_OUTER_BOUND ( 'NONE', #1787, .T. ) ;
#809 = CARTESIAN_POINT ( 'NONE',  ( 5.703467598783391601, 48.44642586098539283, 73.33520812344019646 ) ) ;
#810 = FACE_OUTER_BOUND ( 'NONE', #821, .T. ) ;
#811 = DIRECTION ( 'NONE',  ( 0.000000000000000000, 1.000000000000000000, -0.000000000000000000 ) ) ;
#812 = CARTESIAN_POINT ( 'NONE',  ( 6.550906016805602583, 47.46701223801974123, 73.76336434853425317 ) ) ;
#813 = EDGE_LOOP ( 'NONE', ( #1308, #143, #1216 ) ) ;
#814 = TOROIDAL_SURFACE ( 'NONE', #552, 30.10000000000000142, 1.000000000000000000 ) ;
#815 = AXIS2_PLACEMENT_3D ( 'NONE', #207, #1338, #1508 ) ;
#816 = EDGE_CURVE ( 'NONE', #1766, #1883, #749, .T. ) ;
#817 = CARTESIAN_POINT ( 'NONE',  ( 15.85467560378094909, 45.71313911711791178, 71.08159103498337572 ) ) ;
#818 = ORIENTED_EDGE ( 'NONE', *, *, #1388, .F. ) ;
#819 = CARTESIAN_POINT ( 'NONE',  ( 6.595511705753684062, -44.34219121555283749, 73.63672357084512043 ) ) ;
#820 = CARTESIAN_POINT ( 'NONE',  ( 15.79229196451507455, -41.04946931557732626, 71.11825336636377415 ) ) ;
#821 = EDGE_LOOP ( 'NONE', ( #1226, #1103, #1517, #470 ) ) ;
#822 = DIRECTION ( 'NONE',  ( -0.2563475766250014609, -0.1378653620372641275, -0.9567021803616960751 ) ) ;
#823 = CARTESIAN_POINT ( 'NONE',  ( 6.705234528767524793, -43.20529676626590998, 73.41559244177312848 ) ) ;
#824 = CARTESIAN_POINT ( 'NONE',  ( 16.15785578516691245, -45.71400650503797891, 71.54068132933363700 ) ) ;
#825 = PERSON_AND_ORGANIZATION ( #1126, #1224 ) ;
#826 = DIRECTION ( 'NONE',  ( 0.000000000000000000, 0.000000000000000000, -1.000000000000000000 ) ) ;
#827 = VERTEX_POINT ( 'NONE', #110 ) ;
#828 = AXIS2_PLACEMENT_3D ( 'NONE', #1479, #30, #1498 ) ;
#829 = CARTESIAN_POINT ( 'NONE',  ( 16.44451756748167881, 45.29617955640340199, 69.97628659814746754 ) ) ;
#830 = ADVANCED_FACE ( 'NONE', ( #1620 ), #339, .F. ) ;
#831 = EDGE_LOOP ( 'NONE', ( #2076, #1897, #135 ) ) ;
#832 = CARTESIAN_POINT ( 'NONE',  ( 20.54683493589615750, -41.82541332532288436, 84.00000000000000000 ) ) ;
#833 = FACE_OUTER_BOUND ( 'NONE', #309, .T. ) ;
#834 = CARTESIAN_POINT ( 'NONE',  ( 5.729804393357650127, -43.28278581055988639, 73.08851941064297364 ) ) ;
#835 = CARTESIAN_POINT ( 'NONE',  ( 9.414310734259238700, 42.37962472922252033, 71.57102007175564040 ) ) ;
#836 =( NAMED_UNIT ( * ) PLANE_ANGLE_UNIT ( ) SI_UNIT ( $, .RADIAN. ) );
#837 = CARTESIAN_POINT ( 'NONE',  ( 16.22911038248941651, 40.28251916462482285, 71.74973589875396840 ) ) ;
#838 = CARTESIAN_POINT ( 'NONE',  ( 7.264310738244137866, 43.94661117867295985, 73.06597789316160174 ) ) ;
#839 = AXIS2_PLACEMENT_3D ( 'NONE', #1370, #1720, #1233 ) ;
#840 = CARTESIAN_POINT ( 'NONE',  ( 17.18238804623735660, -44.21043753467449022, 71.44371326842559711 ) ) ;
#841 = PLANE ( 'NONE',  #907 ) ;
#842 = CARTESIAN_POINT ( 'NONE',  ( 9.430864364852869386, -42.43647288902396042, 71.56651724291803873 ) ) ;
#843 = CARTESIAN_POINT ( 'NONE',  ( 15.49560138392506836, -44.47764112410184367, 70.98968274495327080 ) ) ;
#844 = PERSON_AND_ORGANIZATION_ROLE ( 'creator' ) ;
#845 = CARTESIAN_POINT ( 'NONE',  ( 6.594821773480019189, 47.41237935262326886, 73.63833778781707906 ) ) ;
#846 = DIRECTION ( 'NONE',  ( -0.000000000000000000, -0.000000000000000000, -1.000000000000000000 ) ) ;
#847 = CARTESIAN_POINT ( 'NONE',  ( 15.58433137602201413, 44.42239260737817119, 71.00966319244525948 ) ) ;
#848 = CARTESIAN_POINT ( 'NONE',  ( 0.000000000000000000, 0.000000000000000000, 0.000000000000000000 ) ) ;
#849 = CARTESIAN_POINT ( 'NONE',  ( 0.000000000000000000, 0.000000000000000000, 85.00000000000000000 ) ) ;
#850 = EDGE_CURVE ( 'NONE', #461, #302, #9, .T. ) ;
#851 = CARTESIAN_POINT ( 'NONE',  ( 16.21646221994828707, 40.92505527327224257, 71.70253231352810985 ) ) ;
#852 = CALENDAR_DATE ( 2025, 22, 6 ) ;
#853 = CARTESIAN_POINT ( 'NONE',  ( 15.39359515454818883, -40.31071475382505298, 70.19277144514347810 ) ) ;
#854 = CARTESIAN_POINT ( 'NONE',  ( 7.389013118147333081, -45.03150945306891373, 77.39507681594157873 ) ) ;
#855 = AXIS2_PLACEMENT_3D ( 'NONE', #1447, #811, #800 ) ;
#856 = CARTESIAN_POINT ( 'NONE',  ( 15.92171456734985746, 44.25234913908026613, 71.21698128806434624 ) ) ;
#857 = EDGE_LOOP ( 'NONE', ( #131 ) ) ;
#858 = ADVANCED_FACE ( 'NONE', ( #1125 ), #957, .T. ) ;
#859 = AXIS2_PLACEMENT_3D ( 'NONE', #1198, #1013, #991 ) ;
#860 = CARTESIAN_POINT ( 'NONE',  ( 0.000000000000000000, 0.000000000000000000, 4.002551260034540981 ) ) ;
#861 = CARTESIAN_POINT ( 'NONE',  ( 7.389013118148064052, 45.03150945304534503, 77.39507681594432142 ) ) ;
#862 = CARTESIAN_POINT ( 'NONE',  ( 8.123520770975209970, 48.97690960944935057, 84.00000000000000000 ) ) ;
#863 = EDGE_CURVE ( 'NONE', #955, #426, #1844, .T. ) ;
#864 = DIRECTION ( 'NONE',  ( -0.000000000000000000, 1.000000000000000000, 0.000000000000000000 ) ) ;
#865 = AXIS2_PLACEMENT_3D ( 'NONE', #1237, #1729, #422 ) ;
#866 = PERSON_AND_ORGANIZATION ( #1126, #1224 ) ;
#867 = CARTESIAN_POINT ( 'NONE',  ( 5.978601480763318321, -48.30810692287974462, 72.74330063578965166 ) ) ;
#868 = DIRECTION ( 'NONE',  ( 1.000000000000000000, -6.938893903907222067E-15, 0.000000000000000000 ) ) ;
#869 = DIRECTION ( 'NONE',  ( 0.9659258262890706437, 0.000000000000000000, -0.2588190451025122463 ) ) ;
#870 = VERTEX_POINT ( 'NONE', #1943 ) ;
#871 = CARTESIAN_POINT ( 'NONE',  ( 0.000000000000000000, 0.000000000000000000, 84.17364817766693363 ) ) ;
#872 = CARTESIAN_POINT ( 'NONE',  ( 7.264310738244136978, 0.000000000000000000, 73.06597789316160174 ) ) ;
#873 = DIRECTION ( 'NONE',  ( -0.2588190451025078054, 0.000000000000000000, -0.9659258262890717539 ) ) ;
#874 = CARTESIAN_POINT ( 'NONE',  ( 5.636647260056729003, -48.59388362583043630, 74.12172566292696274 ) ) ;
#875 = CARTESIAN_POINT ( 'NONE',  ( 20.11261204774665501, -40.94150337866540212, 84.17364817766693363 ) ) ;
#876 = DIRECTION ( 'NONE',  ( -0.000000000000000000, 1.000000000000000000, 0.000000000000000000 ) ) ;
#877 = ADVANCED_FACE ( 'NONE', ( #808, #1781 ), #814, .T. ) ;
#878 = CARTESIAN_POINT ( 'NONE',  ( 16.10273704806364847, 40.91698228761402589, 71.43298249296684332 ) ) ;
#879 = ORIENTED_EDGE ( 'NONE', *, *, #735, .T. ) ;
#880 = CARTESIAN_POINT ( 'NONE',  ( 16.18449572552213667, -45.71408212701821583, 71.58323173218983015 ) ) ;
#881 = EDGE_CURVE ( 'NONE', #275, #1792, #1296, .T. ) ;
#882 = CARTESIAN_POINT ( 'NONE',  ( 9.089446597264281280, -49.95615768728043093, 83.74118095489748725 ) ) ;
#883 = CARTESIAN_POINT ( 'NONE',  ( 7.345437362642224244, -48.16966922107466331, 73.01571522688249161 ) ) ;
#884 = CARTESIAN_POINT ( 'NONE',  ( 7.354562931962475680, 48.93723715091653759, 77.26650697070907370 ) ) ;
#885 = CARTESIAN_POINT ( 'NONE',  ( 5.591278130768499111, 47.65276746465197277, 74.54954180965570743 ) ) ;
#886 = CARTESIAN_POINT ( 'NONE',  ( 6.813455179898471492, 44.17026313314903518, 73.31557202583773858 ) ) ;
#887 = ORIENTED_EDGE ( 'NONE', *, *, #667, .T. ) ;
#888 = DIRECTION ( 'NONE',  ( 0.3539264454274057559, 0.9352732601903689380, 0.000000000000000000 ) ) ;
#889 = CARTESIAN_POINT ( 'NONE',  ( 6.502015459795575936, -48.47601982044037783, 74.02349347005764457 ) ) ;
#890 = CARTESIAN_POINT ( 'NONE',  ( 7.264310738244137866, 43.94661117867294564, 73.06597789316160174 ) ) ;
#891 =( BOUNDED_SURFACE ( )  B_SPLINE_SURFACE ( 3, 2, ( 
 ( #890, #1727, #1853 ),
 ( #1539, #393, #1880 ),
 ( #419, #454, #626 ),
 ( #935, #1093, #1588 ),
 ( #1244, #139, #1575 ),
 ( #782, #1750, #1739 ),
 ( #295, #1427, #1914 ),
 ( #2060, #615, #113 ),
 ( #1254, #2083, #1563 ),
 ( #270, #910, #126 ),
 ( #760, #1401, #604 ),
 ( #1079, #1902, #440 ),
 ( #281, #923, #772 ),
 ( #1414, #2070, #278 ) ),
 .UNSPECIFIED., .F., .F., .F. ) 
 B_SPLINE_SURFACE_WITH_KNOTS ( ( 4, 2, 2, 2, 2, 2, 4 ),
 ( 3, 3 ),
 ( 0.001371369758279644691, 0.002169434372792294896, 0.002568466680048619999, 0.002967498987304945102, 0.003366531294561270204, 0.003765563601817595307, 0.004563628216330245513 ),
 ( 0.000000000000000000, 1.000000000000000000 ),
 .UNSPECIFIED. ) 
 GEOMETRIC_REPRESENTATION_ITEM ( )  RATIONAL_B_SPLINE_SURFACE ( (
 ( 1.000000000000000000, 0.7508683480762115003, 1.000000000000000000),
 ( 1.000000000000000000, 0.7428498614551419799, 1.000000000000000000),
 ( 1.000000000000000000, 0.7343717123943618308, 1.000000000000000000),
 ( 1.000000000000000000, 0.7212229096393715233, 1.000000000000000000),
 ( 1.000000000000000000, 0.7168268543270622795, 1.000000000000000000),
 ( 1.000000000000000000, 0.7078921015652236415, 1.000000000000000000),
 ( 1.000000000000000000, 0.7033125651385628840, 1.000000000000000000),
 ( 1.000000000000000000, 0.6942531788288882622, 1.000000000000000000),
 ( 1.000000000000000000, 0.6897390913487139175, 1.000000000000000000),
 ( 1.000000000000000000, 0.6806535250653243940, 1.000000000000000000),
 ( 1.000000000000000000, 0.6760973348794437898, 1.000000000000000000),
 ( 1.000000000000000000, 0.6628584732596640716, 1.000000000000000000),
 ( 1.000000000000000000, 0.6542413331645972052, 1.000000000000000000),
 ( 1.000000000000000000, 0.6467950868173110157, 1.000000000000000000) ) ) 
 REPRESENTATION_ITEM ( '' )  SURFACE ( )  );
#892 = DIRECTION ( 'NONE',  ( 1.000000000000000000, 0.000000000000000000, 0.000000000000000000 ) ) ;
#893 = ORIENTED_EDGE ( 'NONE', *, *, #1400, .F. ) ;
#894 = CIRCLE ( 'NONE', #2094, 0.9999999999999995559 ) ;
#895 = CARTESIAN_POINT ( 'NONE',  ( 20.11261204774665856, -40.94150337866545897, 84.17364817766691942 ) ) ;
#896 = CARTESIAN_POINT ( 'NONE',  ( 15.04040685334882177, -45.75905878941459548, 69.85585152838554279 ) ) ;
#897 = DIRECTION ( 'NONE',  ( 1.000000000000000000, 0.000000000000000000, 0.000000000000000000 ) ) ;
#898 = SPHERICAL_SURFACE ( 'NONE', #544, 1.000000000000000000 ) ;
#899 = CARTESIAN_POINT ( 'NONE',  ( 14.40416560662532852, -40.67651076707025481, 70.20314788371941006 ) ) ;
#900 = AXIS2_PLACEMENT_3D ( 'NONE', #1213, #1693, #868 ) ;
#901 = DIRECTION ( 'NONE',  ( 1.000000000000000000, 0.000000000000000000, -0.000000000000000000 ) ) ;
#902 = VERTEX_POINT ( 'NONE', #44 ) ;
#903 = CARTESIAN_POINT ( 'NONE',  ( 18.45186162947097230, -40.93353083894005096, 80.04515648498903602 ) ) ;
#904 = EDGE_LOOP ( 'NONE', ( #288, #1949, #784, #582 ) ) ;
#905 = DIRECTION ( 'NONE',  ( 1.000000000000000000, 0.000000000000000000, 0.000000000000000000 ) ) ;
#906 = EDGE_CURVE ( 'NONE', #756, #1188, #99, .T. ) ;
#907 = AXIS2_PLACEMENT_3D ( 'NONE', #848, #1137, #1805 ) ;
#908 = CIRCLE ( 'NONE', #1383, 1.000000000000000666 ) ;
#909 = CARTESIAN_POINT ( 'NONE',  ( 7.150589229617944298, -48.00290616615534134, 71.92640388920560213 ) ) ;
#910 = CARTESIAN_POINT ( 'NONE',  ( 6.499307013971145075, 43.34506007479407685, 73.97919506880774065 ) ) ;
#911 = CARTESIAN_POINT ( 'NONE',  ( 7.264310738244135202, -43.94661117867294564, 73.06597789316160174 ) ) ;
#912 = CARTESIAN_POINT ( 'NONE',  ( 0.000000000000000000, 0.000000000000000000, 85.00000000000000000 ) ) ;
#913 = VERTEX_POINT ( 'NONE', #525 ) ;
#914 = B_SPLINE_CURVE_WITH_KNOTS ( 'NONE', 3,
 ( #1501, #1331, #1977, #51 ),
 .UNSPECIFIED., .F., .F.,
 ( 4, 4 ),
 ( 0.000000000000000000, 0.01301861199880264240 ),
 .UNSPECIFIED. ) ;
#915 = TOROIDAL_SURFACE ( 'NONE', #1085, 49.64603976762533932, 1.000000000000000000 ) ;
#916 = DIRECTION ( 'NONE',  ( -0.4409214761168921415, -0.8975456823465316480, 0.000000000000000000 ) ) ;
#917 = EDGE_CURVE ( 'NONE', #572, #105, #1845, .T. ) ;
#918 = EDGE_CURVE ( 'NONE', #1834, #1188, #375, .T. ) ;
#919 = VERTEX_POINT ( 'NONE', #1786 ) ;
#920 = CARTESIAN_POINT ( 'NONE',  ( 0.000000000000000000, 0.000000000000000000, 85.00000000000000000 ) ) ;
#921 = CARTESIAN_POINT ( 'NONE',  ( 5.794049784861067920, -48.38998181030935797, 73.07789453732550555 ) ) ;
#922 = CARTESIAN_POINT ( 'NONE',  ( 7.389664158247914116, -48.10665960091399285, 77.39750653067474673 ) ) ;
#923 = CARTESIAN_POINT ( 'NONE',  ( 6.550944615566667295, 43.40638820868090875, 74.34900661834065261 ) ) ;
#924 = CARTESIAN_POINT ( 'NONE',  ( 8.123520770975209970, -45.88622926326149809, 84.00000000000000000 ) ) ;
#925 = ORIENTED_EDGE ( 'NONE', *, *, #881, .F. ) ;
#926 = ORIENTED_EDGE ( 'NONE', *, *, #432, .T. ) ;
#927 = DIRECTION ( 'NONE',  ( 1.000000000000000000, 0.000000000000000000, 0.000000000000000000 ) ) ;
#928 = ORIENTED_EDGE ( 'NONE', *, *, #1893, .F. ) ;
#929 = CARTESIAN_POINT ( 'NONE',  ( 14.79465771713516986, -40.68688330718293855, 71.00530330538248336 ) ) ;
#930 = CC_DESIGN_PERSON_AND_ORGANIZATION_ASSIGNMENT ( #1999, #52, ( #416 ) ) ;
#931 = ORIENTED_EDGE ( 'NONE', *, *, #1544, .F. ) ;
#932 = CARTESIAN_POINT ( 'NONE',  ( 15.67859414720995659, -45.53161842034337781, 69.78654768307545453 ) ) ;
#933 = ADVANCED_FACE ( 'NONE', ( #360 ), #1922, .T. ) ;
#934 = CARTESIAN_POINT ( 'NONE',  ( 8.123520770975208194, -45.88622926326149098, 84.00000000000000000 ) ) ;
#935 = CARTESIAN_POINT ( 'NONE',  ( 6.862771194902986593, 44.14280127934011233, 73.27811062308893497 ) ) ;
#936 = FACE_OUTER_BOUND ( 'NONE', #2028, .T. ) ;
#937 = EDGE_LOOP ( 'NONE', ( #1929, #1931, #1465, #161 ) ) ;
#938 = CARTESIAN_POINT ( 'NONE',  ( 17.34281962559560242, 45.10889795196159469, 70.76408394301823535 ) ) ;
#939 = ORIENTED_EDGE ( 'NONE', *, *, #1061, .F. ) ;
#940 = CARTESIAN_POINT ( 'NONE',  ( 15.49448097630763321, -41.23290467930645775, 70.98943751453268192 ) ) ;
#941 = ORIENTED_EDGE ( 'NONE', *, *, #1002, .T. ) ;
#942 = LINE ( 'NONE', #1737, #1670 ) ;
#943 = CARTESIAN_POINT ( 'NONE',  ( 6.331753189613607447, 48.19318386141897292, 72.34982205008171263 ) ) ;
#944 = CARTESIAN_POINT ( 'NONE',  ( 14.99171734855670479, 41.60483243784421603, 70.99542553234154241 ) ) ;
#945 = CARTESIAN_POINT ( 'NONE',  ( 8.233280870389959816, 45.46563103197245681, 80.54592696250320216 ) ) ;
#946 = VERTEX_POINT ( 'NONE', #979 ) ;
#947 = CARTESIAN_POINT ( 'NONE',  ( 15.57858594001240959, -41.17573850631408305, 71.00773176259694708 ) ) ;
#948 = VERTEX_POINT ( 'NONE', #1651 ) ;
#949 = FACE_OUTER_BOUND ( 'NONE', #1139, .T. ) ;
#950 = VERTEX_POINT ( 'NONE', #1487 ) ;
#951 = CARTESIAN_POINT ( 'NONE',  ( 6.336865651140687561, -48.19173432691231085, 72.34544506022577082 ) ) ;
#952 = CARTESIAN_POINT ( 'NONE',  ( 5.636291072424805648, 48.59369380000464389, 74.12042103806649607 ) ) ;
#953 = DIRECTION ( 'NONE',  ( 0.4138665446844931317, -0.9103375655167253999, 0.000000000000000000 ) ) ;
#954 = CIRCLE ( 'NONE', #859, 1.000000000000000888 ) ;
#955 = VERTEX_POINT ( 'NONE', #184 ) ;
#956 = CARTESIAN_POINT ( 'NONE',  ( 15.75378049092742927, -41.07112690904974528, 71.09475047687179483 ) ) ;
#957 =( BOUNDED_SURFACE ( )  B_SPLINE_SURFACE ( 3, 2, ( 
 ( #485, #1311, #1456 ),
 ( #1632, #1965, #181 ),
 ( #513, #1954, #1150 ),
 ( #1808, #1444, #1 ) ),
 .UNSPECIFIED., .F., .F., .T. ) 
 B_SPLINE_SURFACE_WITH_KNOTS ( ( 4, 4 ),
 ( 3, 3 ),
 ( 4.350252989084441246, 4.517928287367525719 ),
 ( 0.000000000000000000, 1.000000000000000000 ),
 .UNSPECIFIED. ) 
 GEOMETRIC_REPRESENTATION_ITEM ( )  RATIONAL_B_SPLINE_SURFACE ( (
 ( 1.000000000000000000, 0.6752250771957658548, 1.000000000000000000),
 ( 1.000000000000000000, 0.6701347209309519437, 1.000000000000000000),
 ( 1.000000000000000000, 0.6648629653657602834, 1.000000000000000000),
 ( 1.000000000000000000, 0.6594781066650355905, 1.000000000000000000) ) ) 
 REPRESENTATION_ITEM ( '' )  SURFACE ( )  );
#958 = CIRCLE ( 'NONE', #55, 30.10000000000000142 ) ;
#959 = EDGE_LOOP ( 'NONE', ( #1557, #2087, #292, #1124 ) ) ;
#960 = EDGE_CURVE ( 'NONE', #1431, #1113, #577, .T. ) ;
#961 = DIRECTION ( 'NONE',  ( -0.8975456823465286504, -0.4409214761168980812, 0.000000000000000000 ) ) ;
#962 = CARTESIAN_POINT ( 'NONE',  ( 7.523129783346644395, 0.000000000000000000, 74.03190371945068193 ) ) ;
#963 = ORIENTED_EDGE ( 'NONE', *, *, #1986, .T. ) ;
#964 = CARTESIAN_POINT ( 'NONE',  ( 15.04040685334880401, -45.75905878941459548, 69.85585152838554279 ) ) ;
#965 = CARTESIAN_POINT ( 'NONE',  ( 6.863299486024095231, 47.21676472874711550, 73.27768697352361471 ) ) ;
#966 = DIRECTION ( 'NONE',  ( 0.000000000000000000, 0.000000000000000000, -1.000000000000000000 ) ) ;
#967 = VERTEX_POINT ( 'NONE', #999 ) ;
#968 = DIRECTION ( 'NONE',  ( -0.9846881041930614087, 0.1743253781314546835, -0.000000000000000000 ) ) ;
#969 = CC_DESIGN_APPROVAL ( #659, ( #165 ) ) ;
#970 = ORIENTED_EDGE ( 'NONE', *, *, #333, .T. ) ;
#971 = CARTESIAN_POINT ( 'NONE',  ( 19.55221224412750658, -46.79166713119273169, 84.15172088511469894 ) ) ;
#972 = CARTESIAN_POINT ( 'NONE',  ( 18.67774500962553219, -45.47719599638946164, 75.45325723970796616 ) ) ;
#973 =( BOUNDED_SURFACE ( )  B_SPLINE_SURFACE ( 3, 2, ( 
 ( #895, #1375, #1679 ),
 ( #92, #903, #1511 ),
 ( #1384, #1555, #1909 ),
 ( #2043, #609, #620 ) ),
 .UNSPECIFIED., .F., .F., .F. ) 
 B_SPLINE_SURFACE_WITH_KNOTS ( ( 4, 4 ),
 ( 3, 3 ),
 ( 1.881676495877901534, 1.942885038036840761 ),
 ( 0.000000000000000000, 1.000000000000000000 ),
 .UNSPECIFIED. ) 
 GEOMETRIC_REPRESENTATION_ITEM ( )  RATIONAL_B_SPLINE_SURFACE ( (
 ( 1.000000000000000000, 0.8556782565769029958, 1.000000000000000000),
 ( 1.000000000000000000, 0.8508801997524390037, 1.000000000000000000),
 ( 1.000000000000000000, 0.8458587982361941426, 1.000000000000000000),
 ( 1.000000000000000000, 0.8405911803528284265, 1.000000000000000000) ) ) 
 REPRESENTATION_ITEM ( '' )  SURFACE ( )  );
#974 = CIRCLE ( 'NONE', #69, 1.000000000000000888 ) ;
#975 = CARTESIAN_POINT ( 'NONE',  ( 15.25053639365921399, 0.000000000000000000, 71.96135135863062260 ) ) ;
#976 = CARTESIAN_POINT ( 'NONE',  ( 14.40416560662529299, -40.67651076707025481, 70.20314788371942427 ) ) ;
#977 = CARTESIAN_POINT ( 'NONE',  ( 15.67952564885846733, -44.37047393599395662, 71.05568096008458667 ) ) ;
#978 = PERSON_AND_ORGANIZATION_ROLE ( 'design_owner' ) ;
#979 = CARTESIAN_POINT ( 'NONE',  ( 19.58090910960708797, 41.82541332532289147, 84.25881904510251275 ) ) ;
#980 = CARTESIAN_POINT ( 'NONE',  ( 14.99171734855670479, -44.82349222196219785, 70.99542553234154241 ) ) ;
#981 = EDGE_CURVE ( 'NONE', #1113, #902, #177, .T. ) ;
#982 = CARTESIAN_POINT ( 'NONE',  ( 7.951843787044570178, -44.91650078395327483, 84.17364817766693363 ) ) ;
#983 = VERTEX_POINT ( 'NONE', #368 ) ;
#984 = CARTESIAN_POINT ( 'NONE',  ( 7.008776596920067270, -44.05253128117123396, 73.13444805996796561 ) ) ;
#985 = CARTESIAN_POINT ( 'NONE',  ( 16.10725662289086912, -40.26765869024041677, 71.41833879653002271 ) ) ;
#986 = CARTESIAN_POINT ( 'NONE',  ( 14.99171734855666749, -41.60483243784423024, 70.99542553234155662 ) ) ;
#987 = CARTESIAN_POINT ( 'NONE',  ( 16.12765987045729332, -45.70730824922760860, 71.47332657213090101 ) ) ;
#988 = FACE_OUTER_BOUND ( 'NONE', #857, .T. ) ;
#989 = CARTESIAN_POINT ( 'NONE',  ( 15.27085705266533111, -40.35217164354347119, 70.16507445232856810 ) ) ;
#990 = CARTESIAN_POINT ( 'NONE',  ( 0.000000000000000000, 0.000000000000000000, 84.00000000000000000 ) ) ;
#991 = DIRECTION ( 'NONE',  ( 0.000000000000000000, 1.387778780781444413E-14, -1.000000000000000000 ) ) ;
#992 = ORIENTED_EDGE ( 'NONE', *, *, #1030, .T. ) ;
#993 = B_SPLINE_CURVE_WITH_KNOTS ( 'NONE', 3,
 ( #548, #1867, #696, #730, #1018, #1366, #58, #407, #1048, #237, #707, #245, #1189, #1848, #537, #386 ),
 .UNSPECIFIED., .F., .F.,
 ( 4, 2, 2, 2, 2, 2, 2, 4 ),
 ( 0.000000000000000000, 0.0003979358283314438863, 0.0007958716566628877727, 0.001193807484994331876, 0.001591743313325770992, 0.002387614969988675027, 0.002785550798320111324, 0.003183486626651547621 ),
 .UNSPECIFIED. ) ;
#994 = DIRECTION ( 'NONE',  ( 0.9103375655167245117, -0.4138665446844952411, -0.000000000000000000 ) ) ;
#995 = CARTESIAN_POINT ( 'NONE',  ( 0.000000000000000000, 0.000000000000000000, 5.001700840004531301 ) ) ;
#996 = CARTESIAN_POINT ( 'NONE',  ( 6.599278347548199974, -43.41627394864757150, 74.44774652756167654 ) ) ;
#997 = CARTESIAN_POINT ( 'NONE',  ( 8.139844331345123862, 42.70544827105931063, 71.92033312027731995 ) ) ;
#998 = APPROVAL_ROLE ( '' ) ;
#999 = CARTESIAN_POINT ( 'NONE',  ( 16.21646221994828707, -44.21043753467449022, 71.70253231352810985 ) ) ;
#1000 = DIRECTION ( 'NONE',  ( 1.000000000000000000, 0.000000000000000000, 0.000000000000000000 ) ) ;
#1001 = AXIS2_PLACEMENT_3D ( 'NONE', #885, #1214, #1532 ) ;
#1002 = EDGE_CURVE ( 'NONE', #311, #105, #575, .T. ) ;
#1003 = CARTESIAN_POINT ( 'NONE',  ( 15.10500745570221959, 44.73774965531180925, 70.96506953962148145 ) ) ;
#1004 = ADVANCED_FACE ( 'NONE', ( #663, #1630 ), #841, .F. ) ;
#1005 = CARTESIAN_POINT ( 'NONE',  ( 6.295209389676396761, -44.06274364220488593, 77.87098002030617749 ) ) ;
#1006 = CARTESIAN_POINT ( 'NONE',  ( 8.233343863700801180, 45.46566197795246467, 80.54616205673980289 ) ) ;
#1007 = CARTESIAN_POINT ( 'NONE',  ( 6.625724265003949398, -44.31620376201262701, 73.58592437853332058 ) ) ;
#1008 = CARTESIAN_POINT ( 'NONE',  ( 17.25853235676991204, -45.12106147121784261, 70.65854487689487939 ) ) ;
#1009 = DIRECTION ( 'NONE',  ( -0.3747742497349292323, 0.9271160993832547881, 0.000000000000000000 ) ) ;
#1010 = CARTESIAN_POINT ( 'NONE',  ( 18.75311102225985493, 0.000000000000000000, 69.98756313505730020 ) ) ;
#1011 = EDGE_CURVE ( 'NONE', #1883, #129, #565, .T. ) ;
#1012 = EDGE_CURVE ( 'NONE', #919, #913, #364, .T. ) ;
#1013 = DIRECTION ( 'NONE',  ( 3.718542035834229382E-15, 1.000000000000000000, 1.387778780781444413E-14 ) ) ;
#1014 = AXIS2_PLACEMENT_3D ( 'NONE', #975, #1469, #22 ) ;
#1015 = AXIS2_PLACEMENT_3D ( 'NONE', #1849, #1499, #720 ) ;
#1016 = EDGE_LOOP ( 'NONE', ( #102, #1279, #543, #729 ) ) ;
#1017 = EDGE_CURVE ( 'NONE', #1319, #983, #2025, .T. ) ;
#1018 = CARTESIAN_POINT ( 'NONE',  ( 15.02131063523385990, 40.43990115934923324, 70.13409730445121681 ) ) ;
#1019 = CARTESIAN_POINT ( 'NONE',  ( 6.283804948421643388, 44.05645493780875910, 77.82754403123021802 ) ) ;
#1020 = CYLINDRICAL_SURFACE ( 'NONE', #273, 1.000000000000000888 ) ;
#1021 = CARTESIAN_POINT ( 'NONE',  ( 15.55216656047954338, -45.57275907289696448, 69.77144792328050471 ) ) ;
#1022 = CARTESIAN_POINT ( 'NONE',  ( 7.264310738244137866, -47.02884609855096443, 73.06597789316160174 ) ) ;
#1023 = DIRECTION ( 'NONE',  ( 0.9659258262890715319, 0.000000000000000000, -0.2588190451025082495 ) ) ;
#1024 = APPROVAL_PERSON_ORGANIZATION ( #866, #1245, #230 ) ;
#1025 = CC_DESIGN_DATE_AND_TIME_ASSIGNMENT ( #62, #702, ( #165 ) ) ;
#1026 = CARTESIAN_POINT ( 'NONE',  ( 15.58106758025200378, 41.17418894365860638, 71.00874111280084833 ) ) ;
#1027 = EDGE_LOOP ( 'NONE', ( #1344 ) ) ;
#1028 = CIRCLE ( 'NONE', #122, 1.000000000000000666 ) ;
#1029 = CARTESIAN_POINT ( 'NONE',  ( 6.557203957057568644, 44.58415717979257664, 74.29072276455319468 ) ) ;
#1030 = EDGE_CURVE ( 'NONE', #1503, #946, #1990, .T. ) ;
#1031 = DIRECTION ( 'NONE',  ( 0.3747742497349331181, 0.9271160993832531227, 0.000000000000000000 ) ) ;
#1032 = EDGE_CURVE ( 'NONE', #1942, #870, #85, .T. ) ;
#1033 = AXIS2_PLACEMENT_3D ( 'NONE', #912, #1060, #2049 ) ;
#1034 = CARTESIAN_POINT ( 'NONE',  ( 6.557203957057597954, 47.65276746465207225, 74.29072276455332258 ) ) ;
#1035 = CARTESIAN_POINT ( 'NONE',  ( 5.435101206941491014, -43.58845770576579071, 74.59509400894940256 ) ) ;
#1036 = EDGE_CURVE ( 'NONE', #1685, #304, #1817, .T. ) ;
#1037 = DIRECTION ( 'NONE',  ( -1.000000000000000000, 1.387778780781445676E-14, 0.000000000000000000 ) ) ;
#1038 = ORIENTED_EDGE ( 'NONE', *, *, #1581, .F. ) ;
#1039 = CARTESIAN_POINT ( 'NONE',  ( 7.136020088029507491, -47.07932322934979652, 73.10035326928306176 ) ) ;
#1040 = FACE_OUTER_BOUND ( 'NONE', #338, .T. ) ;
#1041 = EDGE_CURVE ( 'NONE', #1248, #803, #1473, .T. ) ;
#1042 = DATE_AND_TIME ( #401, #1565 ) ;
#1043 = CARTESIAN_POINT ( 'NONE',  ( 9.129880811546561503, -44.65752619221620989, 83.89208349696311018 ) ) ;
#1044 = CARTESIAN_POINT ( 'NONE',  ( 8.200315121704441879, -49.36673207937192132, 80.42289711342623093 ) ) ;
#1045 = CARTESIAN_POINT ( 'NONE',  ( 18.44740165269897858, -41.55118822616850593, 80.02851162516299155 ) ) ;
#1046 = CARTESIAN_POINT ( 'NONE',  ( 8.123520770975208194, -48.97690960944933636, 85.00000000000000000 ) ) ;
#1047 = EDGE_LOOP ( 'NONE', ( #630, #1410, #1240, #1054 ) ) ;
#1048 = CARTESIAN_POINT ( 'NONE',  ( 15.75430053516719830, 40.19633440899836785, 70.32609192269656262 ) ) ;
#1049 = FACE_OUTER_BOUND ( 'NONE', #1753, .T. ) ;
#1050 = CARTESIAN_POINT ( 'NONE',  ( 7.469858235955022963, -48.14868352715567568, 73.01090160714373667 ) ) ;
#1051 = CARTESIAN_POINT ( 'NONE',  ( 17.33860757690966281, 45.10913475022751129, 70.75672604937861365 ) ) ;
#1052 = CARTESIAN_POINT ( 'NONE',  ( 5.463489214879379219, -43.42403308290061403, 73.68977379765192381 ) ) ;
#1053 = CARTESIAN_POINT ( 'NONE',  ( 6.486081294497711092, 44.50765673651189758, 74.02528937431020495 ) ) ;
#1054 = ORIENTED_EDGE ( 'NONE', *, *, #1601, .F. ) ;
#1055 = CARTESIAN_POINT ( 'NONE',  ( 15.63746274544725345, -45.76277768908884269, 70.95264353217031328 ) ) ;
#1056 = CARTESIAN_POINT ( 'NONE',  ( 9.089446597264281280, 44.77917471665166005, 83.74118095489748725 ) ) ;
#1057 = CARTESIAN_POINT ( 'NONE',  ( 7.137509722676658619, -47.07873711940005990, 73.09995412288235173 ) ) ;
#1058 = CARTESIAN_POINT ( 'NONE',  ( 8.233909767003897429, -48.54812525537454349, 80.54827403661916208 ) ) ;
#1059 = CARTESIAN_POINT ( 'NONE',  ( 7.097535394929328056, -43.08413953775743721, 73.11066521172021737 ) ) ;
#1060 = DIRECTION ( 'NONE',  ( 0.000000000000000000, 0.000000000000000000, 1.000000000000000000 ) ) ;
#1061 = EDGE_CURVE ( 'NONE', #491, #827, #457, .T. ) ;
#1062 = ORIENTED_EDGE ( 'NONE', *, *, #1184, .T. ) ;
#1063 = CARTESIAN_POINT ( 'NONE',  ( 12.48980946386895852, 42.61619514744821657, 71.66580972958067264 ) ) ;
#1064 = ORIENTED_EDGE ( 'NONE', *, *, #1443, .T. ) ;
#1065 = CARTESIAN_POINT ( 'NONE',  ( 14.66832183109433885, -40.74737846092380522, 71.08207910008141539 ) ) ;
#1066 = CARTESIAN_POINT ( 'NONE',  ( 0.000000000000000000, 0.000000000000000000, 85.00000000000000000 ) ) ;
#1067 = CARTESIAN_POINT ( 'NONE',  ( 5.401803297321623454, -43.50010861273698026, 74.07459502887340363 ) ) ;
#1068 = EDGE_CURVE ( 'NONE', #870, #948, #2054, .T. ) ;
#1069 = AXIS2_PLACEMENT_3D ( 'NONE', #622, #1886, #611 ) ;
#1070 = PLANE ( 'NONE',  #488 ) ;
#1071 = ORIENTED_EDGE ( 'NONE', *, *, #1581, .T. ) ;
#1072 = DIRECTION ( 'NONE',  ( -0.2588190451025078054, 0.000000000000000000, -0.9659258262890717539 ) ) ;
#1073 = ORIENTED_EDGE ( 'NONE', *, *, #1686, .F. ) ;
#1074 = CARTESIAN_POINT ( 'NONE',  ( 6.850461729271425604, 42.97408250521630180, 72.27370024453951203 ) ) ;
#1075 = AXIS2_PLACEMENT_3D ( 'NONE', #672, #822, #1140 ) ;
#1076 = AXIS2_PLACEMENT_3D ( 'NONE', #50, #1218, #1537 ) ;
#1077 = CARTESIAN_POINT ( 'NONE',  ( 18.44723262754970250, -44.89055043004714207, 80.02788081471814507 ) ) ;
#1078 = CARTESIAN_POINT ( 'NONE',  ( 7.469858235955022074, 48.14868352715566147, 73.01090160714376509 ) ) ;
#1079 = CARTESIAN_POINT ( 'NONE',  ( 6.514641863448982662, 44.50162326408091218, 74.02859074434260833 ) ) ;
#1080 = DIRECTION ( 'NONE',  ( -0.9103375655167245117, -0.4138665446844952411, 0.000000000000000000 ) ) ;
#1081 = ORIENTED_EDGE ( 'NONE', *, *, #61, .F. ) ;
#1082 = DIRECTION ( 'NONE',  ( 1.000000000000000000, 0.000000000000000000, 0.000000000000000000 ) ) ;
#1083 = EDGE_LOOP ( 'NONE', ( #1992, #1758, #2042, #1756 ) ) ;
#1084 = CC_DESIGN_PERSON_AND_ORGANIZATION_ASSIGNMENT ( #1180, #239, ( #165 ) ) ;
#1085 = AXIS2_PLACEMENT_3D ( 'NONE', #990, #1463, #506 ) ;
#1086 = CARTESIAN_POINT ( 'NONE',  ( 6.298384911955061227, 74.99999999999998579, 73.32479693826411449 ) ) ;
#1087 = ADVANCED_FACE ( 'NONE', ( #655 ), #116, .T. ) ;
#1088 = EDGE_LOOP ( 'NONE', ( #1419 ) ) ;
#1089 = DIRECTION ( 'NONE',  ( 0.000000000000000000, 1.000000000000000000, -0.000000000000000000 ) ) ;
#1090 = TOROIDAL_SURFACE ( 'NONE', #1649, 30.10000000000000142, 1.000000000000000000 ) ;
#1091 = CARTESIAN_POINT ( 'NONE',  ( 16.99966133617304820, -45.15877625542265861, 70.33640815073648866 ) ) ;
#1092 = CARTESIAN_POINT ( 'NONE',  ( 6.893707444571238518, 48.05319172006687722, 71.99382893232424863 ) ) ;
#1093 = CARTESIAN_POINT ( 'NONE',  ( 6.704496727986475335, 43.20558454286673822, 73.41649021887464244 ) ) ;
#1094 = DIRECTION ( 'NONE',  ( 0.9846881041930617418, 0.1743253781314526296, -2.419250607225316173E-15 ) ) ;
#1095 = B_SPLINE_CURVE_WITH_KNOTS ( 'NONE', 3,
 ( #1267, #802, #1927, #785, #1430, #1602, #956, #947, #1439, #173, #335, #1450 ),
 .UNSPECIFIED., .F., .F.,
 ( 4, 2, 2, 2, 2, 4 ),
 ( 0.000000000000000000, 0.0004435065070057927963, 0.0006652597605086713051, 0.0008870130140115497054, 0.001330519521017313120, 0.001774026028023076643 ),
 .UNSPECIFIED. ) ;
#1096 = VERTEX_POINT ( 'NONE', #2006 ) ;
#1097 = ORIENTED_EDGE ( 'NONE', *, *, #124, .F. ) ;
#1098 = EDGE_CURVE ( 'NONE', #1655, #1248, #1710, .T. ) ;
#1099 = CARTESIAN_POINT ( 'NONE',  ( 16.11997303806895232, 44.18968135672483299, 71.44954173996953273 ) ) ;
#1100 = ORIENTED_EDGE ( 'NONE', *, *, #179, .F. ) ;
#1101 = CARTESIAN_POINT ( 'NONE',  ( 6.373393214961597053, 43.08288949169394044, 72.47178089670869383 ) ) ;
#1102 = AXIS2_PLACEMENT_3D ( 'NONE', #1507, #1698, #719 ) ;
#1103 = ORIENTED_EDGE ( 'NONE', *, *, #788, .T. ) ;
#1104 = CARTESIAN_POINT ( 'NONE',  ( 6.548187320555983071, -48.13544853052473371, 72.18794597455355699 ) ) ;
#1105 = CARTESIAN_POINT ( 'NONE',  ( 6.575875235345187697, 48.40150930596922763, 73.65735053915372532 ) ) ;
#1106 = CARTESIAN_POINT ( 'NONE',  ( 16.28497408452328798, 40.05312667600193777, 70.68691592201919605 ) ) ;
#1107 = ORIENTED_EDGE ( 'NONE', *, *, #512, .F. ) ;
#1108 = CC_DESIGN_SECURITY_CLASSIFICATION ( #165, ( #416 ) ) ;
#1109 = CARTESIAN_POINT ( 'NONE',  ( 15.67949264933532483, 44.37048509887741687, 71.05564306686426335 ) ) ;
#1110 =( BOUNDED_CURVE ( )  B_SPLINE_CURVE ( 3, ( #731, #554, #566, #1202 ),
 .UNSPECIFIED., .F., .F. ) 
 B_SPLINE_CURVE_WITH_KNOTS ( ( 4, 4 ),
 ( 4.085653257003495575, 4.125111966267496655 ),
 .UNSPECIFIED. ) 
 CURVE ( )  GEOMETRIC_REPRESENTATION_ITEM ( )  RATIONAL_B_SPLINE_CURVE ( ( 1.000000000000000000, 0.9998702550639237963, 0.9998702550639237963, 1.000000000000000000 ) ) 
 REPRESENTATION_ITEM ( '' )  );
#1111 = ORIENTED_EDGE ( 'NONE', *, *, #259, .T. ) ;
#1112 = CARTESIAN_POINT ( 'NONE',  ( 5.724353142826356766, 43.28499787390286713, 73.09690689974145528 ) ) ;
#1113 = VERTEX_POINT ( 'NONE', #373 ) ;
#1114 = CARTESIAN_POINT ( 'NONE',  ( 19.80452695725875500, 45.79453679964660751, 79.59597690992561070 ) ) ;
#1115 = CARTESIAN_POINT ( 'NONE',  ( 6.056872161047503589, 48.27941013928707292, 72.63648762821543414 ) ) ;
#1116 = CARTESIAN_POINT ( 'NONE',  ( 15.88013050554560479, 40.30744268278932196, 71.15928779708174545 ) ) ;
#1117 = VERTEX_POINT ( 'NONE', #1785 ) ;
#1118 = EDGE_LOOP ( 'NONE', ( #801, #1594, #1073, #1772 ) ) ;
#1119 = CARTESIAN_POINT ( 'NONE',  ( 17.09064431705568410, 45.14531908976968566, 70.44849274627196678 ) ) ;
#1120 = EDGE_LOOP ( 'NONE', ( #765, #1111, #1157, #1131 ) ) ;
#1121 = CARTESIAN_POINT ( 'NONE',  ( 5.637298071862799631, 48.52219886748195421, 73.71853490044262003 ) ) ;
#1122 = DIRECTION ( 'NONE',  ( -1.000000000000000000, 0.000000000000000000, 0.000000000000000000 ) ) ;
#1123 = AXIS2_PLACEMENT_3D ( 'NONE', #1275, #1935, #1301 ) ;
#1124 = ORIENTED_EDGE ( 'NONE', *, *, #333, .F. ) ;
#1125 = FACE_OUTER_BOUND ( 'NONE', #1016, .T. ) ;
#1126 = PERSON ( 'UNSPECIFIED', 'UNSPECIFIED', 'UNSPECIFIED', ('UNSPECIFIED'), ('UNSPECIFIED'), ('UNSPECIFIED') ) ;
#1127 = DIRECTION ( 'NONE',  ( -0.9659258262890706437, -6.938893903907223644E-15, 0.2588190451025122463 ) ) ;
#1128 = CARTESIAN_POINT ( 'NONE',  ( 14.66832183109433529, 40.74737846092379101, 71.08207910008140118 ) ) ;
#1129 = CYLINDRICAL_SURFACE ( 'NONE', #855, 1.000000000000000888 ) ;
#1130 = VECTOR ( 'NONE', #1505, 1000.000000000000000 ) ;
#1131 = ORIENTED_EDGE ( 'NONE', *, *, #1924, .F. ) ;
#1132 = ADVANCED_FACE ( 'NONE', ( #1708, #1210 ), #1090, .T. ) ;
#1133 = CARTESIAN_POINT ( 'NONE',  ( 15.79423363458482754, 44.31050427707063477, 71.11950559528207805 ) ) ;
#1134 = CIRCLE ( 'NONE', #224, 1.000000000000000888 ) ;
#1135 = EDGE_CURVE ( 'NONE', #129, #776, #190, .T. ) ;
#1136 = ORIENTED_EDGE ( 'NONE', *, *, #1235, .T. ) ;
#1137 = DIRECTION ( 'NONE',  ( 0.000000000000000000, 0.000000000000000000, 1.000000000000000000 ) ) ;
#1138 = CARTESIAN_POINT ( 'NONE',  ( 20.95441391781382379, -46.09116247198566896, 83.82635182233306637 ) ) ;
#1139 = EDGE_LOOP ( 'NONE', ( #2089, #478, #1336, #133 ) ) ;
#1140 = DIRECTION ( 'NONE',  ( -0.9659258262890705327, 0.000000000000000000, 0.2588190451025124683 ) ) ;
#1141 = CARTESIAN_POINT ( 'NONE',  ( 6.513584877009503060, -43.31820667447987461, 73.84980513232041233 ) ) ;
#1142 = CARTESIAN_POINT ( 'NONE',  ( 17.50354634053672243, -45.11745283195569556, 71.13930489037876725 ) ) ;
#1143 = CARTESIAN_POINT ( 'NONE',  ( 14.99171734855670302, 44.82349222196219785, 70.99542553234154241 ) ) ;
#1144 = DIRECTION ( 'NONE',  ( 1.000000000000000000, 0.000000000000000000, 0.000000000000000000 ) ) ;
#1145 = ADVANCED_FACE ( 'NONE', ( #1518 ), #2031, .T. ) ;
#1146 = CARTESIAN_POINT ( 'NONE',  ( 16.99434963274614674, 45.16321114721337437, 70.35035229554129899 ) ) ;
#1147 = EDGE_LOOP ( 'NONE', ( #1448, #159, #2078, #468, #657, #1763, #1455, #345, #1908, #6, #214, #1752 ) ) ;
#1148 = CARTESIAN_POINT ( 'NONE',  ( 5.673889494175266002, 48.47146295879574041, 73.45677176195174241 ) ) ;
#1149 = CARTESIAN_POINT ( 'NONE',  ( 16.27355136406294989, -40.05900465861964221, 70.69443454293461571 ) ) ;
#1150 = CARTESIAN_POINT ( 'NONE',  ( 9.895834284050685881, 46.51114758351602063, 72.36086328419929714 ) ) ;
#1151 = CARTESIAN_POINT ( 'NONE',  ( 6.550714607685543811, -43.40634116331862913, 74.34853673202511004 ) ) ;
#1152 = CARTESIAN_POINT ( 'NONE',  ( 16.44458484375745400, -45.29616790047832353, 69.97636238321986468 ) ) ;
#1153 = CARTESIAN_POINT ( 'NONE',  ( 6.850461729271535738, -42.97408250521628759, 72.27370024453946940 ) ) ;
#1154 = CARTESIAN_POINT ( 'NONE',  ( 12.48070975446377595, 45.77370862399815366, 71.66824798936713137 ) ) ;
#1155 = CARTESIAN_POINT ( 'NONE',  ( 16.17185525414494407, -44.19337598906117393, 71.56585554135325822 ) ) ;
#1156 = DIRECTION ( 'NONE',  ( 0.000000000000000000, -1.000000000000000000, 0.000000000000000000 ) ) ;
#1157 = ORIENTED_EDGE ( 'NONE', *, *, #441, .F. ) ;
#1158 = CARTESIAN_POINT ( 'NONE',  ( 18.43329242294716863, -46.46055433221361852, 79.97585526299428693 ) ) ;
#1159 = CARTESIAN_POINT ( 'NONE',  ( 15.50353654086307209, -40.41669546325557150, 70.97163741621878330 ) ) ;
#1160 = CARTESIAN_POINT ( 'NONE',  ( 5.803904355274170257, -43.25418015088183665, 72.98302242735911705 ) ) ;
#1161 = CARTESIAN_POINT ( 'NONE',  ( 16.06669016469045275, -45.69000136510796750, 71.31828445882651124 ) ) ;
#1162 = CARTESIAN_POINT ( 'NONE',  ( 18.99628232432205976, 40.65896883072471013, 79.94399818248793110 ) ) ;
#1163 = CARTESIAN_POINT ( 'NONE',  ( 0.000000000000000000, 0.000000000000000000, 0.000000000000000000 ) ) ;
#1164 = EDGE_CURVE ( 'NONE', #87, #1506, #993, .T. ) ;
#1165 = CARTESIAN_POINT ( 'NONE',  ( 14.99171734855670479, 41.60483243784422314, 70.99542553234154241 ) ) ;
#1166 = CARTESIAN_POINT ( 'NONE',  ( 5.632293159989193221, 48.54656151393779595, 73.85253100350236366 ) ) ;
#1167 = CARTESIAN_POINT ( 'NONE',  ( 15.94737017057670414, -40.97140162646662276, 71.24106886104979708 ) ) ;
#1168 = CARTESIAN_POINT ( 'NONE',  ( 6.498846659171933382, -43.35728131403475771, 74.04320819657556285 ) ) ;
#1169 = DIRECTION ( 'NONE',  ( 0.9489445942675276413, 0.1866854689938708123, -0.2542689376958496839 ) ) ;
#1170 = CARTESIAN_POINT ( 'NONE',  ( 18.44757781059654178, 41.55123084331018646, 80.02916905538687331 ) ) ;
#1171 = CARTESIAN_POINT ( 'NONE',  ( 7.354562931974850670, -48.93723715084443882, 77.26650697071657703 ) ) ;
#1172 = VECTOR ( 'NONE', #1265, 1000.000000000000000 ) ;
#1173 = CARTESIAN_POINT ( 'NONE',  ( 8.123520770975208194, 48.97690960944933636, 85.00000000000000000 ) ) ;
#1174 = ORIENTED_EDGE ( 'NONE', *, *, #1687, .F. ) ;
#1175 = CARTESIAN_POINT ( 'NONE',  ( 0.000000000000000000, 0.000000000000000000, 85.00000000000000000 ) ) ;
#1176 = CARTESIAN_POINT ( 'NONE',  ( 17.53913747917041732, -45.12835700417870299, 71.27006509075866347 ) ) ;
#1177 = DIRECTION ( 'NONE',  ( -0.000000000000000000, 1.000000000000000000, 0.000000000000000000 ) ) ;
#1178 = CIRCLE ( 'NONE', #266, 30.05876752725377443 ) ;
#1179 = CARTESIAN_POINT ( 'NONE',  ( 17.53913747917041732, -45.12835700417869589, 71.27006509075867768 ) ) ;
#1180 = PERSON_AND_ORGANIZATION ( #1126, #1224 ) ;
#1181 = CARTESIAN_POINT ( 'NONE',  ( 6.513684676028806741, -48.44741198846889318, 73.86862751549647044 ) ) ;
#1182 = APPROVAL ( #524, 'UNSPECIFIED' ) ;
#1183 = DIRECTION ( 'NONE',  ( -0.000000000000000000, -0.000000000000000000, -1.000000000000000000 ) ) ;
#1184 = EDGE_CURVE ( 'NONE', #1421, #275, #1371, .T. ) ;
#1185 = DIRECTION ( 'NONE',  ( -1.436734315421572622E-14, -1.000000000000000000, 0.000000000000000000 ) ) ;
#1186 = CIRCLE ( 'NONE', #2013, 50.63084752063755900 ) ;
#1187 = CIRCLE ( 'NONE', #2014, 0.9999999999999996669 ) ;
#1188 = VERTEX_POINT ( 'NONE', #1859 ) ;
#1189 = CARTESIAN_POINT ( 'NONE',  ( 16.60434502786456434, 40.00513719835429782, 71.12493722194716383 ) ) ;
#1190 = DIRECTION ( 'NONE',  ( 0.2588190451025081940, 0.000000000000000000, 0.9659258262890716429 ) ) ;
#1191 = FACE_OUTER_BOUND ( 'NONE', #174, .T. ) ;
#1192 = ADVANCED_FACE ( 'NONE', ( #398 ), #1470, .T. ) ;
#1193 = CARTESIAN_POINT ( 'NONE',  ( 5.703518323756388675, -48.44636868281941844, 73.33491866362946610 ) ) ;
#1194 = CARTESIAN_POINT ( 'NONE',  ( 6.526295134310587720, 48.49902163888106799, 74.17536946765933692 ) ) ;
#1195 = AXIS2_PLACEMENT_3D ( 'NONE', #1980, #1183, #1144 ) ;
#1196 = CARTESIAN_POINT ( 'NONE',  ( 20.95441391781382379, 46.09116247198566896, 83.82635182233306637 ) ) ;
#1197 =( BOUNDED_CURVE ( )  B_SPLINE_CURVE ( 3, ( #2041, #1892, #1742, #431 ),
 .UNSPECIFIED., .F., .T. ) 
 B_SPLINE_CURVE_WITH_KNOTS ( ( 4, 4 ),
 ( 1.913031436687749443, 1.969686622917542262 ),
 .UNSPECIFIED. ) 
 CURVE ( )  GEOMETRIC_REPRESENTATION_ITEM ( )  RATIONAL_B_SPLINE_CURVE ( ( 1.000000000000000000, 0.9997325337092402009, 0.9997325337092402009, 1.000000000000000000 ) ) 
 REPRESENTATION_ITEM ( '' )  );
#1198 = CARTESIAN_POINT ( 'NONE',  ( 8.123520770975208194, 45.88622926326149098, 84.00000000000000000 ) ) ;
#1199 = AXIS2_PLACEMENT_3D ( 'NONE', #832, #961, #804 ) ;
#1200 = EDGE_LOOP ( 'NONE', ( #449, #926, #1723 ) ) ;
#1201 = DIRECTION ( 'NONE',  ( 1.000000000000000000, 0.000000000000000000, 0.000000000000000000 ) ) ;
#1202 = CARTESIAN_POINT ( 'NONE',  ( 9.089446597264279504, 48.97690960944934346, 83.74118095489748725 ) ) ;
#1203 = EDGE_CURVE ( 'NONE', #1096, #1248, #1695, .T. ) ;
#1204 = SPHERICAL_SURFACE ( 'NONE', #1553, 1.000000000000000000 ) ;
#1205 = LINE ( 'NONE', #1531, #169 ) ;
#1206 = CARTESIAN_POINT ( 'NONE',  ( 14.99171734855670479, 41.60483243784422314, 70.99542553234154241 ) ) ;
#1207 = AXIS2_PLACEMENT_3D ( 'NONE', #934, #486, #798 ) ;
#1208 = CARTESIAN_POINT ( 'NONE',  ( 20.11261204774665501, -40.94150337866540212, 84.17364817766693363 ) ) ;
#1209 = ORIENTED_EDGE ( 'NONE', *, *, #1352, .T. ) ;
#1210 = FACE_OUTER_BOUND ( 'NONE', #706, .T. ) ;
#1211 = CARTESIAN_POINT ( 'NONE',  ( 9.895834284052551055, -46.51114758349259404, 72.36086328419878555 ) ) ;
#1212 = CARTESIAN_POINT ( 'NONE',  ( 6.575503018466385186, -48.40175397852384975, 73.65844160827023757 ) ) ;
#1213 = CARTESIAN_POINT ( 'NONE',  ( 20.54683493589615750, 41.82541332532288436, 84.00000000000000000 ) ) ;
#1214 = DIRECTION ( 'NONE',  ( -0.2562797748112423113, -0.1397344573391853528, -0.9564491405479029762 ) ) ;
#1215 = CARTESIAN_POINT ( 'NONE',  ( 16.80115420878928845, -40.01703155575294346, 71.61736144609253074 ) ) ;
#1216 = ORIENTED_EDGE ( 'NONE', *, *, #646, .F. ) ;
#1217 = CARTESIAN_POINT ( 'NONE',  ( 14.99171734855670479, -44.82349222196219785, 70.99542553234154241 ) ) ;
#1218 = DIRECTION ( 'NONE',  ( 0.000000000000000000, 0.000000000000000000, 1.000000000000000000 ) ) ;
#1219 = B_SPLINE_CURVE_WITH_KNOTS ( 'NONE', 3,
 ( #279, #1242, #452, #293, #154, #921, #1399, #1899, #1434, #1573, #951, #1104, #780, #123, #1560, #909 ),
 .UNSPECIFIED., .F., .F.,
 ( 4, 2, 2, 2, 2, 2, 2, 4 ),
 ( 0.000000000000000000, 0.0008103131399889718089, 0.001215469709983475928, 0.001620626279977980264, 0.002025782849972484600, 0.002430939419966988719, 0.002836095989961492838, 0.003241252559955997391 ),
 .UNSPECIFIED. ) ;
#1220 = CARTESIAN_POINT ( 'NONE',  ( 6.971130353587686734, -48.25578703567631322, 73.16678451397226013 ) ) ;
#1221 = CARTESIAN_POINT ( 'NONE',  ( 15.93598014665781726, 45.44770700377697636, 69.81615218223576846 ) ) ;
#1222 = CARTESIAN_POINT ( 'NONE',  ( 6.604743494061222187, -43.02527625524169963, 72.34104158282316632 ) ) ;
#1223 = B_SPLINE_CURVE_WITH_KNOTS ( 'NONE', 3,
 ( #2033, #725, #1051, #557, #241, #714, #232, #83, #2039, #1389, #1221, #1515, #1361, #1863 ),
 .UNSPECIFIED., .F., .F.,
 ( 4, 2, 2, 2, 2, 2, 4 ),
 ( 0.000000000000000000, 0.0008232984134929629367, 0.001234947620239443267, 0.001646596826985923705, 0.002058246033732404143, 0.002469895240478884365, 0.003293193653971845242 ),
 .UNSPECIFIED. ) ;
#1224 = ORGANIZATION ( 'UNSPECIFIED', 'UNSPECIFIED', '' ) ;
#1225 = DIRECTION ( 'NONE',  ( 0.2588190451025083050, 0.000000000000000000, 0.9659258262890716429 ) ) ;
#1226 = ORIENTED_EDGE ( 'NONE', *, *, #507, .T. ) ;
#1227 = PLANE ( 'NONE',  #501 ) ;
#1228 = ORIENTED_EDGE ( 'NONE', *, *, #1002, .F. ) ;
#1229 = AXIS2_PLACEMENT_3D ( 'NONE', #840, #717, #1654 ) ;
#1230 = CARTESIAN_POINT ( 'NONE',  ( 6.603366319513265914, 43.02744659334356925, 72.35521308745373403 ) ) ;
#1231 = CARTESIAN_POINT ( 'NONE',  ( 19.58090910960693876, 45.19465497960656819, 84.25881904510193010 ) ) ;
#1232 = ADVANCED_FACE ( 'NONE', ( #790 ), #1435, .T. ) ;
#1233 = DIRECTION ( 'NONE',  ( 0.000000000000000000, 0.000000000000000000, -1.000000000000000000 ) ) ;
#1234 = CIRCLE ( 'NONE', #865, 1.000000000000000666 ) ;
#1235 = EDGE_CURVE ( 'NONE', #1685, #948, #467, .T. ) ;
#1236 = EDGE_CURVE ( 'NONE', #1503, #1506, #197, .T. ) ;
#1237 = CARTESIAN_POINT ( 'NONE',  ( 8.123520770975208194, 48.97690960944934346, 84.00000000000000000 ) ) ;
#1238 = EDGE_LOOP ( 'NONE', ( #463, #2064, #1228, #78 ) ) ;
#1239 = DIRECTION ( 'NONE',  ( 0.000000000000000000, 0.000000000000000000, 1.000000000000000000 ) ) ;
#1240 = ORIENTED_EDGE ( 'NONE', *, *, #104, .F. ) ;
#1241 = CARTESIAN_POINT ( 'NONE',  ( 5.966954756433874962, 43.19808591168045808, 72.79256520325400004 ) ) ;
#1242 = CARTESIAN_POINT ( 'NONE',  ( 5.635253477645773224, -48.59314085516604109, 74.11662075270874084 ) ) ;
#1243 = CARTESIAN_POINT ( 'NONE',  ( 6.501891366313786058, 48.47590225080250548, 74.02271718966591152 ) ) ;
#1244 = CARTESIAN_POINT ( 'NONE',  ( 6.815363950723208220, 44.17177190075313575, 73.32246814660098266 ) ) ;
#1245 = APPROVAL ( #43, 'UNSPECIFIED' ) ;
#1246 = ORIENTED_EDGE ( 'NONE', *, *, #981, .F. ) ;
#1247 = CARTESIAN_POINT ( 'NONE',  ( 0.000000000000000000, 0.000000000000000000, 85.00000000000000000 ) ) ;
#1248 = VERTEX_POINT ( 'NONE', #1933 ) ;
#1249 = CARTESIAN_POINT ( 'NONE',  ( 15.43298282746120620, -44.51668649649608511, 70.97605418466628180 ) ) ;
#1250 = ORIENTED_EDGE ( 'NONE', *, *, #1558, .T. ) ;
#1251 = EDGE_CURVE ( 'NONE', #318, #1431, #298, .T. ) ;
#1252 = CARTESIAN_POINT ( 'NONE',  ( 18.44738356633411058, 44.89059091884283959, 80.02844412593039181 ) ) ;
#1253 = DIRECTION ( 'NONE',  ( 0.07186717128177327885, -0.1580784593137339600, 0.9848077530122071321 ) ) ;
#1254 = CARTESIAN_POINT ( 'NONE',  ( 6.598336851238293832, 44.34452025543799891, 73.64583562394368244 ) ) ;
#1255 = CARTESIAN_POINT ( 'NONE',  ( 15.26398163993178336, 40.35454038129173426, 70.16386608082970611 ) ) ;
#1256 = ADVANCED_FACE ( 'NONE', ( #1622 ), #260, .T. ) ;
#1257 = ORIENTED_EDGE ( 'NONE', *, *, #863, .F. ) ;
#1258 = CARTESIAN_POINT ( 'NONE',  ( 12.48070975446376529, -45.77370862399815366, 71.66824798936713137 ) ) ;
#1259 = EDGE_LOOP ( 'NONE', ( #244, #1619, #332, #1610 ) ) ;
#1260 =( BOUNDED_SURFACE ( )  B_SPLINE_SURFACE ( 3, 2, ( 
 ( #1757, #1065, #451 ),
 ( #2044, #929, #1584 ),
 ( #593, #134, #779 ),
 ( #1919, #1724, #268 ),
 ( #940, #787, #1432 ),
 ( #176, #529, #1794 ),
 ( #152, #1159, #796 ),
 ( #820, #8, #805 ),
 ( #1453, #656, #1983 ),
 ( #1167, #1294, #1149 ),
 ( #1951, #498, #337 ),
 ( #39, #985, #641 ),
 ( #688, #1492, #1310 ),
 ( #324, #1779, #1963 ) ),
 .UNSPECIFIED., .F., .F., .F. ) 
 B_SPLINE_SURFACE_WITH_KNOTS ( ( 4, 2, 2, 2, 2, 2, 4 ),
 ( 3, 3 ),
 ( 0.001541792377404577153, 0.002348772736712354588, 0.002752262916366243414, 0.003155753096020131807, 0.003559243275674020199, 0.003962733455327908591, 0.004769713814635686243 ),
 ( 0.000000000000000000, 1.000000000000000000 ),
 .UNSPECIFIED. ) 
 GEOMETRIC_REPRESENTATION_ITEM ( )  RATIONAL_B_SPLINE_SURFACE ( (
 ( 1.000000000000000000, 0.7357475711170604615, 1.000000000000000000),
 ( 1.000000000000000000, 0.7508230634498179734, 1.000000000000000000),
 ( 1.000000000000000000, 0.7653244287584695105, 1.000000000000000000),
 ( 1.000000000000000000, 0.7855837575429290842, 1.000000000000000000),
 ( 1.000000000000000000, 0.7919434194052001885, 1.000000000000000000),
 ( 1.000000000000000000, 0.8038854487073692212, 1.000000000000000000),
 ( 1.000000000000000000, 0.8095246846056030066, 1.000000000000000000),
 ( 1.000000000000000000, 0.8196236475285576528, 1.000000000000000000),
 ( 1.000000000000000000, 0.8240616506722150403, 1.000000000000000000),
 ( 1.000000000000000000, 0.8316490797617198671, 1.000000000000000000),
 ( 1.000000000000000000, 0.8348156712950259850, 1.000000000000000000),
 ( 1.000000000000000000, 0.8417205556329845351, 1.000000000000000000),
 ( 1.000000000000000000, 0.8430567474768551062, 1.000000000000000000),
 ( 1.000000000000000000, 0.8405911803528284265, 1.000000000000000000) ) ) 
 REPRESENTATION_ITEM ( '' )  SURFACE ( )  );
#1261 = ORIENTED_EDGE ( 'NONE', *, *, #1893, .T. ) ;
#1262 = ORIENTED_EDGE ( 'NONE', *, *, #646, .T. ) ;
#1263 = DIRECTION ( 'NONE',  ( -0.000000000000000000, 1.000000000000000000, -0.000000000000000000 ) ) ;
#1264 = CARTESIAN_POINT ( 'NONE',  ( 6.604136896899301057, 48.38565612570275931, 73.59022816655631516 ) ) ;
#1265 = DIRECTION ( 'NONE',  ( -0.000000000000000000, -1.000000000000000000, 0.000000000000000000 ) ) ;
#1266 = EDGE_LOOP ( 'NONE', ( #472, #354, #1816, #1590, #2017, #1064, #372, #2035, #1100, #1804, #423, #970 ) ) ;
#1267 = CARTESIAN_POINT ( 'NONE',  ( 16.21646221994828707, -40.92505527327224257, 71.70253231352810985 ) ) ;
#1268 = EDGE_LOOP ( 'NONE', ( #1668, #1904, #1866, #1673 ) ) ;
#1269 = DIRECTION ( 'NONE',  ( 0.9471335043812387777, 0.1962956443780746463, -0.2537836576233988839 ) ) ;
#1270 = AXIS2_PLACEMENT_3D ( 'NONE', #1890, #430, #1728 ) ;
#1271 = VERTEX_POINT ( 'NONE', #1330 ) ;
#1272 = CARTESIAN_POINT ( 'NONE',  ( 17.53913747917041732, -45.12835700417870299, 71.27006509075866347 ) ) ;
#1273 = CARTESIAN_POINT ( 'NONE',  ( 5.979474645242510711, 48.30777408972612363, 72.74203523942885852 ) ) ;
#1274 = CARTESIAN_POINT ( 'NONE',  ( 15.38614429483009971, 40.31319673171063300, 70.19084733188508096 ) ) ;
#1275 = CARTESIAN_POINT ( 'NONE',  ( 0.000000000000000000, 0.000000000000000000, 10.00000000000000000 ) ) ;
#1276 = VERTEX_POINT ( 'NONE', #1647 ) ;
#1277 = AXIS2_PLACEMENT_3D ( 'NONE', #64, #1711, #248 ) ;
#1278 = CARTESIAN_POINT ( 'NONE',  ( 15.94109005296747483, 45.69882703175211702, 71.15780724077389152 ) ) ;
#1279 = ORIENTED_EDGE ( 'NONE', *, *, #917, .F. ) ;
#1280 = CARTESIAN_POINT ( 'NONE',  ( 6.514503540700993689, -44.49970775724699479, 74.02309807337745440 ) ) ;
#1281 = CARTESIAN_POINT ( 'NONE',  ( 0.000000000000000000, 0.000000000000000000, 4.002551260034540981 ) ) ;
#1282 = ORIENTED_EDGE ( 'NONE', *, *, #492, .T. ) ;
#1283 = CARTESIAN_POINT ( 'NONE',  ( 7.150589229617944298, -48.00290616615534134, 71.92640388920560213 ) ) ;
#1284 = DIRECTION ( 'NONE',  ( -0.2580737051343884314, 0.07583700882134102039, -0.9631441796591209137 ) ) ;
#1285 = CARTESIAN_POINT ( 'NONE',  ( 16.52889150445465916, 40.01317803659237171, 71.00313188003691778 ) ) ;
#1286 = AXIS2_PLACEMENT_3D ( 'NONE', #1839, #1702, #418 ) ;
#1287 = AXIS2_PLACEMENT_3D ( 'NONE', #2007, #1665, #1993 ) ;
#1288 = DATE_AND_TIME ( #649, #385 ) ;
#1289 = ADVANCED_FACE ( 'NONE', ( #358 ), #484, .T. ) ;
#1290 = ORIENTED_EDGE ( 'NONE', *, *, #1576, .F. ) ;
#1291 = CARTESIAN_POINT ( 'NONE',  ( 15.50236643294390859, 45.80107947164046323, 70.90900005904927639 ) ) ;
#1292 = EDGE_LOOP ( 'NONE', ( #459, #277, #1961, #1038 ) ) ;
#1293 = CARTESIAN_POINT ( 'NONE',  ( 7.264310738244137866, -43.94661117867295985, 73.06597789316160174 ) ) ;
#1294 = CARTESIAN_POINT ( 'NONE',  ( 15.87187753882652075, -40.31194078980809081, 71.16647962926215598 ) ) ;
#1295 = AXIS2_PLACEMENT_3D ( 'NONE', #728, #1363, #588 ) ;
#1296 = LINE ( 'NONE', #505, #1841 ) ;
#1297 = CARTESIAN_POINT ( 'NONE',  ( 5.401584984231874387, -43.56997598341449418, 74.46744103479261412 ) ) ;
#1298 = SPHERICAL_SURFACE ( 'NONE', #1307, 1.000000000000000000 ) ;
#1299 = EDGE_CURVE ( 'NONE', #304, #870, #1481, .T. ) ;
#1300 = EDGE_CURVE ( 'NONE', #913, #311, #1926, .T. ) ;
#1301 = DIRECTION ( 'NONE',  ( -1.000000000000000000, 0.000000000000000000, 0.000000000000000000 ) ) ;
#1302 = CARTESIAN_POINT ( 'NONE',  ( 17.32539522664754372, 41.25092404852681227, 75.84112663672004828 ) ) ;
#1303 = VECTOR ( 'NONE', #864, 1000.000000000000000 ) ;
#1304 = B_SPLINE_CURVE_WITH_KNOTS ( 'NONE', 3,
 ( #665, #1802, #1155, #204, #27, #517, #1813, #1488, #676, #36, #343, #980 ),
 .UNSPECIFIED., .F., .F.,
 ( 4, 2, 2, 2, 2, 4 ),
 ( 0.000000000000000000, 0.0002160212550337630127, 0.0004320425100675260254, 0.0008640850201350178984, 0.001296127530202509934, 0.001728170040270001970 ),
 .UNSPECIFIED. ) ;
#1305 = DIRECTION ( 'NONE',  ( 0.2588190451025083050, 0.000000000000000000, 0.9659258262890716429 ) ) ;
#1306 = CARTESIAN_POINT ( 'NONE',  ( 15.55149870794685718, 45.57296586836482533, 69.77129136019678413 ) ) ;
#1307 = AXIS2_PLACEMENT_3D ( 'NONE', #515, #1472, #350 ) ;
#1308 = ORIENTED_EDGE ( 'NONE', *, *, #1576, .T. ) ;
#1309 = CARTESIAN_POINT ( 'NONE',  ( 6.551295721954474516, -44.39767902431460556, 73.76182411290058383 ) ) ;
#1310 = CARTESIAN_POINT ( 'NONE',  ( 16.73230824660193505, -39.99597448321381421, 71.35610485098121103 ) ) ;
#1311 = CARTESIAN_POINT ( 'NONE',  ( 15.35396837484351629, 45.84949272056065439, 70.89836066239064394 ) ) ;
#1312 = CARTESIAN_POINT ( 'NONE',  ( 5.972897707191882510, -43.19617187899646638, 72.78641743575619216 ) ) ;
#1313 = CARTESIAN_POINT ( 'NONE',  ( 13.17931787065474580, 41.17306272105804510, 70.53895584257703888 ) ) ;
#1314 = VERTEX_POINT ( 'NONE', #193 ) ;
#1315 = CARTESIAN_POINT ( 'NONE',  ( 6.514530630945568390, 47.56808649318136162, 74.02414512838775806 ) ) ;
#1316 = DIRECTION ( 'NONE',  ( -0.000000000000000000, -0.000000000000000000, -1.000000000000000000 ) ) ;
#1317 = ADVANCED_FACE ( 'NONE', ( #65 ), #2015, .T. ) ;
#1318 = DIRECTION ( 'NONE',  ( 0.2581975185419300156, 0.06926053536108515984, 0.9636062575867208047 ) ) ;
#1319 = VERTEX_POINT ( 'NONE', #580 ) ;
#1320 = CARTESIAN_POINT ( 'NONE',  ( 9.089446597264279504, -45.88622926326149098, 83.74118095489748725 ) ) ;
#1321 = CARTESIAN_POINT ( 'NONE',  ( 7.951843787044579059, 44.91650078395333168, 84.17364817766694784 ) ) ;
#1322 = CARTESIAN_POINT ( 'NONE',  ( 12.23934818293978743, -41.74374376515911678, 71.73292062766464028 ) ) ;
#1323 = CARTESIAN_POINT ( 'NONE',  ( 16.11522793927025532, -44.19497571199639196, 71.45459660956090886 ) ) ;
#1324 = APPLICATION_PROTOCOL_DEFINITION ( 'international standard', 'config_control_design', 1994, #128 ) ;
#1325 = CARTESIAN_POINT ( 'NONE',  ( 14.40416560662532852, -40.67651076707025481, 70.20314788371941006 ) ) ;
#1326 = FACE_OUTER_BOUND ( 'NONE', #267, .T. ) ;
#1327 = CARTESIAN_POINT ( 'NONE',  ( 16.21646221994828707, 44.21043753467449022, 71.70253231352810985 ) ) ;
#1328 = CARTESIAN_POINT ( 'NONE',  ( 17.32556913936615572, 41.25097515413697380, 75.84177568782199330 ) ) ;
#1329 = DIRECTION ( 'NONE',  ( -0.000000000000000000, 1.000000000000000000, -0.000000000000000000 ) ) ;
#1330 = CARTESIAN_POINT ( 'NONE',  ( 15.04040685334880401, 45.75905878941459548, 69.85585152838554279 ) ) ;
#1331 = CARTESIAN_POINT ( 'NONE',  ( 19.00750302720140894, 40.66180870515339763, 79.98651218617834502 ) ) ;
#1332 = DATE_TIME_ROLE ( 'creation_date' ) ;
#1333 = CARTESIAN_POINT ( 'NONE',  ( 16.80115420878928845, -40.01703155575294346, 71.61736144609253074 ) ) ;
#1334 = DIRECTION ( 'NONE',  ( 1.000000000000000000, 0.000000000000000000, 0.000000000000000000 ) ) ;
#1335 = CARTESIAN_POINT ( 'NONE',  ( 5.468733756667671031, 43.60700356506805520, 74.72318998732264106 ) ) ;
#1336 = ORIENTED_EDGE ( 'NONE', *, *, #1098, .F. ) ;
#1337 = CARTESIAN_POINT ( 'NONE',  ( 16.21646221994823023, -44.21043753467453996, 71.70253231352786827 ) ) ;
#1338 = DIRECTION ( 'NONE',  ( 0.2583131626808432557, -0.06249270987795170484, 0.9640378473887478705 ) ) ;
#1339 = AXIS2_PLACEMENT_3D ( 'NONE', #13, #531, #966 ) ;
#1340 = DIRECTION ( 'NONE',  ( 0.9072188937047361845, -0.3433101019141133192, -0.2430885699264279387 ) ) ;
#1341 = CARTESIAN_POINT ( 'NONE',  ( 17.33011621437740857, 40.61977524537033446, 75.85874560297393998 ) ) ;
#1342 = FACE_OUTER_BOUND ( 'NONE', #1083, .T. ) ;
#1343 = CARTESIAN_POINT ( 'NONE',  ( 16.19745228947952143, 40.91388283504259959, 71.63158628717030751 ) ) ;
#1344 = ORIENTED_EDGE ( 'NONE', *, *, #1544, .T. ) ;
#1345 = CARTESIAN_POINT ( 'NONE',  ( 6.529690687732445653, -47.46777868885565255, 73.74937724830186880 ) ) ;
#1346 = FACE_OUTER_BOUND ( 'NONE', #1365, .T. ) ;
#1347 = DIRECTION ( 'NONE',  ( 0.9072188937047356294, 0.3433101019141140964, -0.2430885699264286048 ) ) ;
#1348 = AXIS2_PLACEMENT_3D ( 'NONE', #680, #1806, #1617 ) ;
#1349 = APPROVAL_STATUS ( 'not_yet_approved' ) ;
#1350 = CARTESIAN_POINT ( 'NONE',  ( 20.54683493589616106, 41.82541332532288436, 84.00000000000000000 ) ) ;
#1351 = CARTESIAN_POINT ( 'NONE',  ( 5.397700609480827083, -43.52405621580868456, 74.20653191036248586 ) ) ;
#1352 = EDGE_CURVE ( 'NONE', #5, #902, #98, .T. ) ;
#1353 = CARTESIAN_POINT ( 'NONE',  ( 6.295209164349600428, 44.06274351795384803, 77.87097916210609583 ) ) ;
#1354 = AXIS2_PLACEMENT_3D ( 'NONE', #675, #1625, #1009 ) ;
#1355 = AXIS2_PLACEMENT_3D ( 'NONE', #399, #1717, #873 ) ;
#1356 = ORIENTED_EDGE ( 'NONE', *, *, #1386, .F. ) ;
#1357 = CARTESIAN_POINT ( 'NONE',  ( 6.725558989448754410, -47.30102347787848771, 73.41500304704045732 ) ) ;
#1358 = CARTESIAN_POINT ( 'NONE',  ( 7.150589229617946962, -48.00290616615534844, 71.92640388920560213 ) ) ;
#1359 = APPROVAL_DATE_TIME ( #1987, #1245 ) ;
#1360 = CARTESIAN_POINT ( 'NONE',  ( 6.330072013843518697, -48.19364791972937923, 72.35117998411182327 ) ) ;
#1361 = CARTESIAN_POINT ( 'NONE',  ( 15.29025666626787583, 45.66476825629024461, 69.79029301283318887 ) ) ;
#1362 = CARTESIAN_POINT ( 'NONE',  ( 5.797096313096950837, -43.25671073854334026, 72.99212094115411276 ) ) ;
#1363 = DIRECTION ( 'NONE',  ( 6.702456827663778402E-15, 1.000000000000000000, -1.795917894276910557E-15 ) ) ;
#1364 = AXIS2_PLACEMENT_3D ( 'NONE', #679, #1466, #199 ) ;
#1365 = EDGE_LOOP ( 'NONE', ( #445, #299, #768, #879 ) ) ;
#1366 = CARTESIAN_POINT ( 'NONE',  ( 15.27095206548468909, 40.35214423181508892, 70.16513020174544124 ) ) ;
#1367 = CARTESIAN_POINT ( 'NONE',  ( 14.73289830345419560, 41.60483243784422314, 70.02949970605247643 ) ) ;
#1368 = CARTESIAN_POINT ( 'NONE',  ( 5.845270706129956473, -48.36445840589199463, 72.96872163762938612 ) ) ;
#1369 = CARTESIAN_POINT ( 'NONE',  ( 7.424963150346527208, -49.52754710476153832, 80.67370957767634820 ) ) ;
#1370 = CARTESIAN_POINT ( 'NONE',  ( 20.54683493589615750, 74.99999999999998579, 84.00000000000000000 ) ) ;
#1371 = CIRCLE ( 'NONE', #1754, 46.59975993196810151 ) ;
#1372 = CC_DESIGN_PERSON_AND_ORGANIZATION_ASSIGNMENT ( #1598, #978, ( #1669 ) ) ;
#1373 = CARTESIAN_POINT ( 'NONE',  ( 20.54683493589615750, -41.82541332532288436, 85.00000000000000000 ) ) ;
#1374 = ORIENTED_EDGE ( 'NONE', *, *, #1736, .F. ) ;
#1375 = CARTESIAN_POINT ( 'NONE',  ( 19.59069121447740969, -41.22180248235973465, 84.29532635748351765 ) ) ;
#1376 = CARTESIAN_POINT ( 'NONE',  ( 14.73289830345419560, -44.82349222196219785, 70.02949970605247643 ) ) ;
#1377 = EDGE_CURVE ( 'NONE', #2080, #304, #1891, .T. ) ;
#1378 = CARTESIAN_POINT ( 'NONE',  ( 5.706042033192264107, -48.63086539282350174, 74.37589363198875958 ) ) ;
#1379 = CARTESIAN_POINT ( 'NONE',  ( 6.554223259249647882, -49.08287694123448830, 77.48247473017873688 ) ) ;
#1380 = CARTESIAN_POINT ( 'NONE',  ( 6.369241996706590747, -43.08170939451877501, 72.45981600165485759 ) ) ;
#1381 = FACE_OUTER_BOUND ( 'NONE', #806, .T. ) ;
#1382 = VERTEX_POINT ( 'NONE', #1206 ) ;
#1383 = AXIS2_PLACEMENT_3D ( 'NONE', #1376, #1347, #2008 ) ;
#1384 = CARTESIAN_POINT ( 'NONE',  ( 17.89175065709895662, -40.35059893922044694, 75.75595578282120357 ) ) ;
#1385 = DIRECTION ( 'NONE',  ( 0.000000000000000000, 0.000000000000000000, 1.000000000000000000 ) ) ;
#1386 = EDGE_CURVE ( 'NONE', #1578, #318, #1556, .T. ) ;
#1387 = CARTESIAN_POINT ( 'NONE',  ( 6.604192018303705503, -48.38562048574784313, 73.59006962034308685 ) ) ;
#1388 = EDGE_CURVE ( 'NONE', #1746, #1319, #551, .T. ) ;
#1389 = CARTESIAN_POINT ( 'NONE',  ( 16.06296953103178993, 45.40796951756390598, 69.84293201340456392 ) ) ;
#1390 = CARTESIAN_POINT ( 'NONE',  ( 20.54683493589615750, -45.19465497960653977, 84.00000000000000000 ) ) ;
#1391 = AXIS2_PLACEMENT_3D ( 'NONE', #1882, #250, #892 ) ;
#1392 = PLANE ( 'NONE',  #1033 ) ;
#1393 = ORIENTED_EDGE ( 'NONE', *, *, #450, .T. ) ;
#1394 =( BOUNDED_SURFACE ( )  B_SPLINE_SURFACE ( 3, 2, ( 
 ( #377, #229, #1510 ),
 ( #740, #246, #854 ),
 ( #379, #1879, #585 ),
 ( #723, #1043, #1547 ) ),
 .UNSPECIFIED., .F., .F., .F. ) 
 B_SPLINE_SURFACE_WITH_KNOTS ( ( 4, 4 ),
 ( 3, 3 ),
 ( 4.092161775567404014, 4.134306093028436990 ),
 ( 0.000000000000000000, 1.000000000000000000 ),
 .UNSPECIFIED. ) 
 GEOMETRIC_REPRESENTATION_ITEM ( )  RATIONAL_B_SPLINE_SURFACE ( (
 ( 1.000000000000000000, 0.6467950868173144574, 1.000000000000000000),
 ( 1.000000000000000000, 0.6405459308723756573, 1.000000000000000000),
 ( 1.000000000000000000, 0.6343406499481754057, 1.000000000000000000),
 ( 1.000000000000000000, 0.6281836164348947316, 1.000000000000000000) ) ) 
 REPRESENTATION_ITEM ( '' )  SURFACE ( )  );
#1395 = FACE_BOUND ( 'NONE', #1974, .T. ) ;
#1396 = EDGE_LOOP ( 'NONE', ( #1406, #640, #185, #2004 ) ) ;
#1397 = CIRCLE ( 'NONE', #1952, 45.61495217895589604 ) ;
#1398 = CARTESIAN_POINT ( 'NONE',  ( 7.005491693141630449, -43.94661117867295985, 72.10005206687253576 ) ) ;
#1399 = CARTESIAN_POINT ( 'NONE',  ( 5.849888008269041428, -48.36228707883586253, 72.95963433332303794 ) ) ;
#1400 = EDGE_CURVE ( 'NONE', #2080, #1113, #1869, .T. ) ;
#1401 = CARTESIAN_POINT ( 'NONE',  ( 6.498894731438082495, 43.35745754253339612, 74.04418035287224598 ) ) ;
#1402 = SPHERICAL_SURFACE ( 'NONE', #1827, 1.000000000000000000 ) ;
#1403 = B_SPLINE_CURVE_WITH_KNOTS ( 'NONE', 3,
 ( #1551, #1053, #101, #405, #886, #753, #413, #1713 ),
 .UNSPECIFIED., .F., .F.,
 ( 4, 2, 2, 4 ),
 ( 0.000000000000000000, 0.0008518883404492022223, 0.001277832510673807074, 0.001703776680898412034 ),
 .UNSPECIFIED. ) ;
#1404 = AXIS2_PLACEMENT_3D ( 'NONE', #33, #1169, #660 ) ;
#1405 = LINE ( 'NONE', #1874, #2055 ) ;
#1406 = ORIENTED_EDGE ( 'NONE', *, *, #1652, .T. ) ;
#1407 = ADVANCED_FACE ( 'NONE', ( #1550 ), #2047, .T. ) ;
#1408 = CARTESIAN_POINT ( 'NONE',  ( 15.94140555342340626, -45.44598383892338234, 69.81710883255195199 ) ) ;
#1409 =( BOUNDED_CURVE ( )  B_SPLINE_CURVE ( 3, ( #130, #2075, #1258, #775 ),
 .UNSPECIFIED., .F., .F. ) 
 B_SPLINE_CURVE_WITH_KNOTS ( ( 4, 4 ),
 ( 1.765257019812060735, 1.932932318095144764 ),
 .UNSPECIFIED. ) 
 CURVE ( )  GEOMETRIC_REPRESENTATION_ITEM ( )  RATIONAL_B_SPLINE_CURVE ( ( 1.000000000000000000, 0.9976584548558369292, 0.9976584548558369292, 1.000000000000000000 ) ) 
 REPRESENTATION_ITEM ( '' )  );
#1410 = ORIENTED_EDGE ( 'NONE', *, *, #1796, .F. ) ;
#1411 = EDGE_CURVE ( 'NONE', #756, #1834, #1541, .T. ) ;
#1412 = CARTESIAN_POINT ( 'NONE',  ( 12.49311699241279427, 42.61485812339263646, 71.66492347997841250 ) ) ;
#1413 = CARTESIAN_POINT ( 'NONE',  ( 16.43719693747609512, -45.29821416053443528, 69.97297628204772479 ) ) ;
#1414 = CARTESIAN_POINT ( 'NONE',  ( 6.557203957057575749, 44.58415717979256954, 74.29072276455319468 ) ) ;
#1415 = CARTESIAN_POINT ( 'NONE',  ( 14.94338927930682104, 40.62265482080356094, 70.95284532187673676 ) ) ;
#1416 = EDGE_LOOP ( 'NONE', ( #1920, #119, #212, #619 ) ) ;
#1417 = CARTESIAN_POINT ( 'NONE',  ( 9.089446597264279504, 45.88622926326149098, 83.74118095489748725 ) ) ;
#1418 = ADVANCED_FACE ( 'NONE', ( #936 ), #1784, .T. ) ;
#1419 = ORIENTED_EDGE ( 'NONE', *, *, #357, .F. ) ;
#1420 = FACE_OUTER_BOUND ( 'NONE', #1147, .T. ) ;
#1421 = VERTEX_POINT ( 'NONE', #1934 ) ;
#1422 = CARTESIAN_POINT ( 'NONE',  ( 6.059552128771371393, 43.16931448772994884, 72.70315705365962344 ) ) ;
#1423 = ADVANCED_FACE ( 'NONE', ( #1428 ), #1402, .T. ) ;
#1424 = EDGE_LOOP ( 'NONE', ( #606, #151, #1290, #925 ) ) ;
#1425 = CARTESIAN_POINT ( 'NONE',  ( 8.284663659198672647, 49.94844410701901438, 83.82635182233306637 ) ) ;
#1426 = CARTESIAN_POINT ( 'NONE',  ( 6.557203957057573085, 47.65276746465197988, 74.29072276455318047 ) ) ;
#1427 = CARTESIAN_POINT ( 'NONE',  ( 6.568377358022344126, 43.27277971995228967, 73.65663625071148601 ) ) ;
#1428 = FACE_OUTER_BOUND ( 'NONE', #831, .T. ) ;
#1429 = ORIENTED_EDGE ( 'NONE', *, *, #179, .T. ) ;
#1430 = CARTESIAN_POINT ( 'NONE',  ( 15.91644591134464015, -40.98553402719980454, 71.21227219887073545 ) ) ;
#1431 = VERTEX_POINT ( 'NONE', #616 ) ;
#1432 = CARTESIAN_POINT ( 'NONE',  ( 15.38723947995213948, -40.31283791135110306, 70.19117184662262332 ) ) ;
#1433 = ORIENTED_EDGE ( 'NONE', *, *, #136, .T. ) ;
#1434 = CARTESIAN_POINT ( 'NONE',  ( 6.064161188284177939, -48.27687765278420073, 72.62738942154112465 ) ) ;
#1435 = SPHERICAL_SURFACE ( 'NONE', #255, 1.000000000000000000 ) ;
#1436 = CARTESIAN_POINT ( 'NONE',  ( 15.42268643454477939, 40.44353657880181885, 70.95146176579709163 ) ) ;
#1437 = VERTEX_POINT ( 'NONE', #504 ) ;
#1438 = ORIENTED_EDGE ( 'NONE', *, *, #642, .T. ) ;
#1439 = CARTESIAN_POINT ( 'NONE',  ( 15.45977516387205064, -41.25488833710234360, 70.97610689136651274 ) ) ;
#1440 = ORIENTED_EDGE ( 'NONE', *, *, #1235, .F. ) ;
#1441 = CYLINDRICAL_SURFACE ( 'NONE', #643, 1.000000000000000888 ) ;
#1442 = ORIENTED_EDGE ( 'NONE', *, *, #1061, .T. ) ;
#1443 = EDGE_CURVE ( 'NONE', #754, #913, #748, .T. ) ;
#1444 = CARTESIAN_POINT ( 'NONE',  ( 7.469858235954943027, 48.14868352715568278, 73.01090160714377930 ) ) ;
#1445 = CARTESIAN_POINT ( 'NONE',  ( 7.030704426877448121, 48.24022656794038255, 73.13133287562801854 ) ) ;
#1446 = CARTESIAN_POINT ( 'NONE',  ( 16.71942268450062130, 40.00211177419954822, 71.36002513543365922 ) ) ;
#1447 = CARTESIAN_POINT ( 'NONE',  ( 8.123520770975208194, 74.99999999999998579, 84.00000000000000000 ) ) ;
#1448 = ORIENTED_EDGE ( 'NONE', *, *, #1377, .F. ) ;
#1449 = AXIS2_PLACEMENT_3D ( 'NONE', #1593, #1089, #291 ) ;
#1450 = CARTESIAN_POINT ( 'NONE',  ( 14.99171734855670479, -41.60483243784422314, 70.99542553234154241 ) ) ;
#1451 = EDGE_LOOP ( 'NONE', ( #745, #172, #668, #509 ) ) ;
#1452 = CARTESIAN_POINT ( 'NONE',  ( 18.44740165269895016, 41.55118822616849883, 80.02851162516286365 ) ) ;
#1453 = CARTESIAN_POINT ( 'NONE',  ( 15.84631866721756666, -41.02040875152997756, 71.15548060504291072 ) ) ;
#1454 = EDGE_CURVE ( 'NONE', #1685, #1421, #894, .T. ) ;
#1455 = ORIENTED_EDGE ( 'NONE', *, *, #1164, .F. ) ;
#1456 = CARTESIAN_POINT ( 'NONE',  ( 14.99171734855671900, 44.82349222196219074, 70.99542553234154241 ) ) ;
#1457 = CARTESIAN_POINT ( 'NONE',  ( 6.527471682979233414, -43.30342582913683458, 73.78369953490391708 ) ) ;
#1458 = CYLINDRICAL_SURFACE ( 'NONE', #1339, 1.000000000000000888 ) ;
#1459 = AXIS2_PLACEMENT_3D ( 'NONE', #1066, #1725, #269 ) ;
#1460 = VECTOR ( 'NONE', #539, 1000.000000000000000 ) ;
#1461 =( LENGTH_UNIT ( ) NAMED_UNIT ( * ) SI_UNIT ( .MILLI., .METRE. ) );
#1462 = CARTESIAN_POINT ( 'NONE',  ( 15.97739234103889494, -40.13240286686112768, 70.45370224834758233 ) ) ;
#1463 = DIRECTION ( 'NONE',  ( 0.000000000000000000, 0.000000000000000000, 1.000000000000000000 ) ) ;
#1464 = DIRECTION ( 'NONE',  ( 0.000000000000000000, 0.000000000000000000, 1.000000000000000000 ) ) ;
#1465 = ORIENTED_EDGE ( 'NONE', *, *, #1386, .T. ) ;
#1466 = DIRECTION ( 'NONE',  ( 0.2567519959249167649, 0.1261314626085384971, 0.9582114937365354690 ) ) ;
#1467 = LINE ( 'NONE', #21, #1726 ) ;
#1468 = ORIENTED_EDGE ( 'NONE', *, *, #762, .T. ) ;
#1469 = DIRECTION ( 'NONE',  ( -0.000000000000000000, 1.000000000000000000, 0.000000000000000000 ) ) ;
#1470 =( BOUNDED_SURFACE ( )  B_SPLINE_SURFACE ( 3, 2, ( 
 ( #1426, #294, #603 ),
 ( #1587, #1243, #952 ),
 ( #315, #1770, #781 ),
 ( #2082, #1105, #625 ),
 ( #453, #1264, #809 ),
 ( #1607, #1944, #614 ),
 ( #2, #1738, #1900 ),
 ( #167, #439, #1273 ),
 ( #280, #1574, #1115 ),
 ( #2058, #156, #306 ),
 ( #965, #1445, #943 ),
 ( #2069, #1596, #771 ),
 ( #1749, #1760, #1092 ),
 ( #328, #1078, #138 ) ),
 .UNSPECIFIED., .F., .F., .F. ) 
 B_SPLINE_SURFACE_WITH_KNOTS ( ( 4, 2, 2, 2, 2, 2, 4 ),
 ( 3, 3 ),
 ( 0.001329337955637415001, 0.002126806504024211439, 0.002525540778217609441, 0.002924275052411007443, 0.003323009326604405879, 0.003721743600797803881, 0.004519212149184600319 ),
 ( 0.000000000000000000, 1.000000000000000000 ),
 .UNSPECIFIED. ) 
 GEOMETRIC_REPRESENTATION_ITEM ( )  RATIONAL_B_SPLINE_SURFACE ( (
 ( 1.000000000000000000, 0.7601963143834523651, 1.000000000000000000),
 ( 1.000000000000000000, 0.7537788903782045580, 1.000000000000000000),
 ( 1.000000000000000000, 0.7462785809398327919, 1.000000000000000000),
 ( 1.000000000000000000, 0.7341980541842169083, 1.000000000000000000),
 ( 1.000000000000000000, 0.7300795040595744467, 1.000000000000000000),
 ( 1.000000000000000000, 0.7216032724342456017, 1.000000000000000000),
 ( 1.000000000000000000, 0.7172164533930365238, 1.000000000000000000),
 ( 1.000000000000000000, 0.7084694906081983046, 1.000000000000000000),
 ( 1.000000000000000000, 0.7040690630667073568, 1.000000000000000000),
 ( 1.000000000000000000, 0.6951058435425702120, 1.000000000000000000),
 ( 1.000000000000000000, 0.6905900321870345193, 1.000000000000000000),
 ( 1.000000000000000000, 0.6771823112052557381, 1.000000000000000000),
 ( 1.000000000000000000, 0.6681052537851083217, 1.000000000000000000),
 ( 1.000000000000000000, 0.6594781066650359236, 1.000000000000000000) ) ) 
 REPRESENTATION_ITEM ( '' )  SURFACE ( )  );
#1471 = CARTESIAN_POINT ( 'NONE',  ( 6.522940613903096541, -44.54730308790393423, 74.16285022706351526 ) ) ;
#1472 = DIRECTION ( 'NONE',  ( -6.702456827663778402E-15, 1.000000000000000000, 1.795917894276910557E-15 ) ) ;
#1473 = CIRCLE ( 'NONE', #828, 0.9999999999999998890 ) ;
#1474 = EDGE_CURVE ( 'NONE', #1883, #1834, #783, .T. ) ;
#1475 = PERSON_AND_ORGANIZATION_ROLE ( 'creator' ) ;
#1476 = CARTESIAN_POINT ( 'NONE',  ( 7.264310738244137866, 47.02884609855096443, 73.06597789316160174 ) ) ;
#1477 = CARTESIAN_POINT ( 'NONE',  ( 15.94902768370664425, 44.24149572316347445, 71.24267591500853314 ) ) ;
#1478 = ORIENTED_EDGE ( 'NONE', *, *, #412, .F. ) ;
#1479 = CARTESIAN_POINT ( 'NONE',  ( 5.591278130768496446, -47.65276746465197988, 74.54954180965570743 ) ) ;
#1480 = CARTESIAN_POINT ( 'NONE',  ( 19.81617320821938577, -45.79754107497124949, 79.63882286746702732 ) ) ;
#1481 = CIRCLE ( 'NONE', #574, 1.000000000000000666 ) ;
#1482 = CARTESIAN_POINT ( 'NONE',  ( 5.602073177708118301, -43.33952026707327576, 73.31359321584928068 ) ) ;
#1483 = CARTESIAN_POINT ( 'NONE',  ( 0.000000000000000000, 0.000000000000000000, 6.652703644666137173 ) ) ;
#1484 = EDGE_CURVE ( 'NONE', #1096, #414, #1028, .T. ) ;
#1485 =( BOUNDED_SURFACE ( )  B_SPLINE_SURFACE ( 3, 2, ( 
 ( #1358, #73, #1860 ),
 ( #584, #722, #1211 ),
 ( #709, #2021, #1677 ),
 ( #896, #1529, #254 ) ),
 .UNSPECIFIED., .F., .F., .F. ) 
 B_SPLINE_SURFACE_WITH_KNOTS ( ( 4, 4 ),
 ( 3, 3 ),
 ( 1.765257019812060735, 1.932932318095144764 ),
 ( 0.000000000000000000, 1.000000000000000000 ),
 .UNSPECIFIED. ) 
 GEOMETRIC_REPRESENTATION_ITEM ( )  RATIONAL_B_SPLINE_SURFACE ( (
 ( 1.000000000000000000, 0.6594781066650355905, 1.000000000000000000),
 ( 1.000000000000000000, 0.6648629653657576188, 1.000000000000000000),
 ( 1.000000000000000000, 0.6701347209309505004, 1.000000000000000000),
 ( 1.000000000000000000, 0.6752250771957658548, 1.000000000000000000) ) ) 
 REPRESENTATION_ITEM ( '' )  SURFACE ( )  );
#1486 = VERTEX_POINT ( 'NONE', #477 ) ;
#1487 = CARTESIAN_POINT ( 'NONE',  ( 6.850461729271535738, 42.97408250521628759, 72.27370024453946940 ) ) ;
#1488 = CARTESIAN_POINT ( 'NONE',  ( 15.58657981079722354, -44.42111759758167011, 71.01059103751940427 ) ) ;
#1489 = CARTESIAN_POINT ( 'NONE',  ( 14.99171734855670302, 44.82349222196219785, 70.99542553234154241 ) ) ;
#1490 = APPROVAL_PERSON_ORGANIZATION ( #732, #659, #998 ) ;
#1491 = CARTESIAN_POINT ( 'NONE',  ( 6.650679105345523645, 48.10810695035781492, 72.11128232041912156 ) ) ;
#1492 = CARTESIAN_POINT ( 'NONE',  ( 16.19033262187792488, -40.26538326854986138, 71.57954175602773716 ) ) ;
#1493 = CARTESIAN_POINT ( 'NONE',  ( 9.703441535216571268, -42.53007785305115362, 72.41241476595176607 ) ) ;
#1494 = CARTESIAN_POINT ( 'NONE',  ( 15.85426063646767858, -45.71321231308883171, 71.08124458536110524 ) ) ;
#1495 = CARTESIAN_POINT ( 'NONE',  ( 20.54683493589616106, -45.19465497960653977, 84.00000000000000000 ) ) ;
#1496 = CARTESIAN_POINT ( 'NONE',  ( 20.54683493589616106, 45.19465497960653977, 84.00000000000000000 ) ) ;
#1497 = DIRECTION ( 'NONE',  ( -0.9659258262890706437, 0.000000000000000000, 0.2588190451025122463 ) ) ;
#1498 = DIRECTION ( 'NONE',  ( -0.9659258262890705327, 0.000000000000000000, 0.2588190451025124683 ) ) ;
#1499 = DIRECTION ( 'NONE',  ( -0.9659258262890717539, 0.000000000000000000, 0.2588190451025078054 ) ) ;
#1500 = TOROIDAL_SURFACE ( 'NONE', #1391, 29.97630258175903606, 2.000000000000000000 ) ;
#1501 = CARTESIAN_POINT ( 'NONE',  ( 20.11261204774665501, 40.94150337866540212, 84.17364817766693363 ) ) ;
#1502 = CARTESIAN_POINT ( 'NONE',  ( 20.11261204774652711, 40.94150337866542344, 84.17364817766640783 ) ) ;
#1503 = VERTEX_POINT ( 'NONE', #851 ) ;
#1504 = AXIS2_PLACEMENT_3D ( 'NONE', #599, #1239, #927 ) ;
#1505 = DIRECTION ( 'NONE',  ( -0.000000000000000000, 1.000000000000000000, 0.000000000000000000 ) ) ;
#1506 = VERTEX_POINT ( 'NONE', #1956 ) ;
#1507 = CARTESIAN_POINT ( 'NONE',  ( 0.000000000000000000, 0.000000000000000000, 84.00000000000000000 ) ) ;
#1508 = DIRECTION ( 'NONE',  ( 0.9659258262890706437, 0.000000000000000000, -0.2588190451025122463 ) ) ;
#1509 = CIRCLE ( 'NONE', #1780, 1.000000000000000000 ) ;
#1510 = CARTESIAN_POINT ( 'NONE',  ( 6.557203957057542887, -44.58415717979261927, 74.29072276455308099 ) ) ;
#1511 = CARTESIAN_POINT ( 'NONE',  ( 18.44757781059598756, -41.55123084335424721, 80.02916905538479853 ) ) ;
#1512 = ADVANCED_FACE ( 'NONE', ( #1799 ), #1298, .T. ) ;
#1513 = COORDINATED_UNIVERSAL_TIME_OFFSET ( 3, 0, .AHEAD. ) ;
#1514 = CARTESIAN_POINT ( 'NONE',  ( 6.625119057584815785, -47.38676420846770299, 73.58713676760767441 ) ) ;
#1515 = CARTESIAN_POINT ( 'NONE',  ( 15.54757117325376115, 45.57434624643899923, 69.77156874991342761 ) ) ;
#1516 = CARTESIAN_POINT ( 'NONE',  ( 16.18449572552219351, 45.71408212701815899, 71.58323173219007174 ) ) ;
#1517 = ORIENTED_EDGE ( 'NONE', *, *, #1764, .F. ) ;
#1518 = FACE_OUTER_BOUND ( 'NONE', #1268, .T. ) ;
#1519 = DIRECTION ( 'NONE',  ( 0.000000000000000000, -1.000000000000000000, 0.000000000000000000 ) ) ;
#1520 = FACE_OUTER_BOUND ( 'NONE', #2073, .T. ) ;
#1521 = EDGE_CURVE ( 'NONE', #776, #1506, #914, .T. ) ;
#1522 = EDGE_CURVE ( 'NONE', #87, #950, #1994, .T. ) ;
#1523 = CARTESIAN_POINT ( 'NONE',  ( 6.860540690224707028, -48.28748272210767567, 73.24976355333073741 ) ) ;
#1524 = CARTESIAN_POINT ( 'NONE',  ( 8.233909767003996905, 48.54812525538491741, 80.54827403661951735 ) ) ;
#1525 = CARTESIAN_POINT ( 'NONE',  ( 6.059077913005229910, -43.16947023927829008, 72.70366919660075666 ) ) ;
#1526 = CARTESIAN_POINT ( 'NONE',  ( 7.264310738244136978, 0.000000000000000000, 73.06597789316160174 ) ) ;
#1527 = EDGE_LOOP ( 'NONE', ( #1081 ) ) ;
#1528 = CARTESIAN_POINT ( 'NONE',  ( 7.018477640637486914, -47.13301215854500015, 73.15888154555003098 ) ) ;
#1529 = CARTESIAN_POINT ( 'NONE',  ( 15.35396837484351629, -45.84949272056065439, 70.89836066239064394 ) ) ;
#1530 = CARTESIAN_POINT ( 'NONE',  ( 7.018229041307715299, -47.13308059966713870, 73.15886057258281028 ) ) ;
#1531 = CARTESIAN_POINT ( 'NONE',  ( 16.21646221994828707, 74.99999999999998579, 71.70253231352810985 ) ) ;
#1532 = DIRECTION ( 'NONE',  ( -0.9659258262890705327, 0.000000000000000000, 0.2588190451025124683 ) ) ;
#1533 = CARTESIAN_POINT ( 'NONE',  ( 0.000000000000000000, 0.000000000000000000, 0.000000000000000000 ) ) ;
#1534 = ORIENTED_EDGE ( 'NONE', *, *, #1443, .F. ) ;
#1535 = ADVANCED_FACE ( 'NONE', ( #1810 ), #1458, .T. ) ;
#1536 = UNCERTAINTY_MEASURE_WITH_UNIT (LENGTH_MEASURE( 1.000000000000000082E-05 ), #1461, 'distance_accuracy_value', 'NONE');
#1537 = DIRECTION ( 'NONE',  ( 1.000000000000000000, 0.000000000000000000, 0.000000000000000000 ) ) ;
#1538 = FACE_OUTER_BOUND ( 'NONE', #325, .T. ) ;
#1539 = CARTESIAN_POINT ( 'NONE',  ( 7.137624412123010131, 43.99912325655400025, 73.09992339193782129 ) ) ;
#1540 = CARTESIAN_POINT ( 'NONE',  ( 19.58090910960708797, -41.82541332532289147, 84.25881904510251275 ) ) ;
#1541 = CIRCLE ( 'NONE', #635, 1.000000000000002665 ) ;
#1542 = CARTESIAN_POINT ( 'NONE',  ( 18.75311102225985493, 0.000000000000000000, 69.98756313505730020 ) ) ;
#1543 = ORIENTED_EDGE ( 'NONE', *, *, #1300, .F. ) ;
#1544 = EDGE_CURVE ( 'NONE', #1650, #1650, #391, .T. ) ;
#1545 = CARTESIAN_POINT ( 'NONE',  ( 19.58090910960709152, 45.19465497960653977, 84.25881904510251275 ) ) ;
#1546 = CARTESIAN_POINT ( 'NONE',  ( 5.597963283395486656, 43.34157135810551154, 73.32214866485013260 ) ) ;
#1547 = CARTESIAN_POINT ( 'NONE',  ( 9.089446597264135619, -45.88622926326148388, 83.74118095489694724 ) ) ;
#1548 = AXIS2_PLACEMENT_3D ( 'NONE', #1398, #1269, #2088 ) ;
#1549 = CARTESIAN_POINT ( 'NONE',  ( 8.284663659198383101, -49.94844410701895043, 83.82635182233202897 ) ) ;
#1550 = FACE_OUTER_BOUND ( 'NONE', #813, .T. ) ;
#1551 = CARTESIAN_POINT ( 'NONE',  ( 6.557203957057568644, 44.58415717979257664, 74.29072276455319468 ) ) ;
#1552 = EDGE_LOOP ( 'NONE', ( #610, #638, #1071, #120 ) ) ;
#1553 = AXIS2_PLACEMENT_3D ( 'NONE', #146, #305, #1912 ) ;
#1554 = CIRCLE ( 'NONE', #815, 1.000000000000000666 ) ;
#1555 = CARTESIAN_POINT ( 'NONE',  ( 17.33011621443733574, -40.61977524541258333, 75.85874560295260949 ) ) ;
#1556 =( BOUNDED_CURVE ( )  B_SPLINE_CURVE ( 3, ( #1540, #1045, #715, #726 ),
 .UNSPECIFIED., .F., .F. ) 
 B_SPLINE_CURVE_WITH_KNOTS ( ( 4, 4 ),
 ( 1.881676495877901756, 1.942885038036841205 ),
 .UNSPECIFIED. ) 
 CURVE ( )  GEOMETRIC_REPRESENTATION_ITEM ( )  RATIONAL_B_SPLINE_CURVE ( ( 1.000000000000000000, 0.9996878172314611621, 0.9996878172314611621, 1.000000000000000000 ) ) 
 REPRESENTATION_ITEM ( '' )  );
#1557 = ORIENTED_EDGE ( 'NONE', *, *, #906, .T. ) ;
#1558 = EDGE_CURVE ( 'NONE', #1655, #426, #395, .T. ) ;
#1559 = CARTESIAN_POINT ( 'NONE',  ( 5.385478597131019285, 43.52454028150538079, 74.20063895625752082 ) ) ;
#1560 = CARTESIAN_POINT ( 'NONE',  ( 7.021719347466778061, -48.02813291914353044, 71.96022900832818436 ) ) ;
#1561 =( BOUNDED_SURFACE ( )  B_SPLINE_SURFACE ( 3, 2, ( 
 ( #1022, #1050, #402 ),
 ( #1057, #883, #392 ),
 ( #1530, #1718, #1862 ),
 ( #1852, #256, #1360 ),
 ( #2032, #1220, #222 ),
 ( #1709, #1523, #231 ),
 ( #88, #733, #867 ),
 ( #1514, #578, #1368 ),
 ( #247, #96, #751 ),
 ( #2022, #1387, #1193 ),
 ( #542, #1212, #409 ),
 ( #567, #1181, #1681 ),
 ( #63, #889, #874 ),
 ( #741, #2010, #1378 ) ),
 .UNSPECIFIED., .F., .F., .F. ) 
 B_SPLINE_SURFACE_WITH_KNOTS ( ( 4, 2, 2, 2, 2, 2, 4 ),
 ( 3, 3 ),
 ( 0.001365934169074484953, 0.002163297171635870236, 0.002561978672916563095, 0.002960660174197255953, 0.003359341675477948812, 0.003758023176758641237, 0.004555386179320026520 ),
 ( 0.000000000000000000, 1.000000000000000000 ),
 .UNSPECIFIED. ) 
 GEOMETRIC_REPRESENTATION_ITEM ( )  RATIONAL_B_SPLINE_SURFACE ( (
 ( 1.000000000000000000, 0.6594781066650354795, 1.000000000000000000),
 ( 1.000000000000000000, 0.6681760940803029847, 1.000000000000000000),
 ( 1.000000000000000000, 0.6771553560543712713, 1.000000000000000000),
 ( 1.000000000000000000, 0.6906634309949961636, 1.000000000000000000),
 ( 1.000000000000000000, 0.6951146120632190062, 1.000000000000000000),
 ( 1.000000000000000000, 0.7040249243545135815, 1.000000000000000000),
 ( 1.000000000000000000, 0.7085211465922782725, 1.000000000000000000),
 ( 1.000000000000000000, 0.7172733091262359917, 1.000000000000000000),
 ( 1.000000000000000000, 0.7215659625319814641, 1.000000000000000000),
 ( 1.000000000000000000, 0.7300704378784983462, 1.000000000000000000),
 ( 1.000000000000000000, 0.7342615775917444854, 1.000000000000000000),
 ( 1.000000000000000000, 0.7462605002894731054, 1.000000000000000000),
 ( 1.000000000000000000, 0.7538152721511111043, 1.000000000000000000),
 ( 1.000000000000000000, 0.7601963143834543635, 1.000000000000000000) ) ) 
 REPRESENTATION_ITEM ( '' )  SURFACE ( )  );
#1562 = PRODUCT_DEFINITION_SHAPE ( 'NONE', 'NONE',  #570 ) ;
#1563 = CARTESIAN_POINT ( 'NONE',  ( 5.548564442769149174, 43.36767459324025253, 73.43341570542452246 ) ) ;
#1564 = TOROIDAL_SURFACE ( 'NONE', #2020, 46.59975993196810151, 1.000000000000000000 ) ;
#1565 = LOCAL_TIME ( 23, 18, 45.00000000000000000, #210 ) ;
#1566 = FACE_OUTER_BOUND ( 'NONE', #1585, .T. ) ;
#1567 = ADVANCED_FACE ( 'NONE', ( #810 ), #2005, .T. ) ;
#1568 = VERTEX_POINT ( 'NONE', #1545 ) ;
#1569 = CARTESIAN_POINT ( 'NONE',  ( 15.80443227402124329, -45.72331603176156989, 71.04537984921920213 ) ) ;
#1570 = ORIENTED_EDGE ( 'NONE', *, *, #1895, .F. ) ;
#1571 = CONICAL_SURFACE ( 'NONE', #219, 30.92596123493895988, 0.1745329251994333364 ) ;
#1572 = CARTESIAN_POINT ( 'NONE',  ( 5.464215897854685089, 43.42342647444884562, 73.68687292274752565 ) ) ;
#1573 = CARTESIAN_POINT ( 'NONE',  ( 6.240075737667851286, -48.21995886178878976, 72.43336878977338245 ) ) ;
#1574 = CARTESIAN_POINT ( 'NONE',  ( 6.860005868635735027, 48.28763990430232411, 73.25018862697925215 ) ) ;
#1575 = CARTESIAN_POINT ( 'NONE',  ( 5.972713254250347603, 43.19624319741517127, 72.78668075066174481 ) ) ;
#1576 = EDGE_CURVE ( 'NONE', #1792, #1276, #1509, .T. ) ;
#1577 = CARTESIAN_POINT ( 'NONE',  ( 15.24124122645714863, 41.40976364573912605, 70.95327346036216909 ) ) ;
#1578 = VERTEX_POINT ( 'NONE', #2065 ) ;
#1579 = SPHERICAL_SURFACE ( 'NONE', #1295, 1.000000000000000000 ) ;
#1580 = EDGE_LOOP ( 'NONE', ( #481, #483, #1743, #236 ) ) ;
#1581 = EDGE_CURVE ( 'NONE', #68, #1382, #111, .T. ) ;
#1582 = DIRECTION ( 'NONE',  ( -7.183671577107863109E-15, 1.000000000000000000, 0.000000000000000000 ) ) ;
#1583 = EDGE_LOOP ( 'NONE', ( #1706 ) ) ;
#1584 = CARTESIAN_POINT ( 'NONE',  ( 14.64281339967900486, -40.57976321012502297, 70.13771949134266492 ) ) ;
#1585 = EDGE_LOOP ( 'NONE', ( #1440, #91, #718 ) ) ;
#1586 = CARTESIAN_POINT ( 'NONE',  ( 17.45389918895713066, -45.11246553956133454, 71.01106543268552684 ) ) ;
#1587 = CARTESIAN_POINT ( 'NONE',  ( 6.522978409820560763, 47.61544506090309881, 74.16299128334779311 ) ) ;
#1588 = CARTESIAN_POINT ( 'NONE',  ( 6.065385689010068582, 43.16757027436086247, 72.69796570292193394 ) ) ;
#1589 = CARTESIAN_POINT ( 'NONE',  ( 16.08085503173395026, 40.10253659230244239, 70.51148818449649980 ) ) ;
#1590 = ORIENTED_EDGE ( 'NONE', *, *, #124, .T. ) ;
#1591 = CARTESIAN_POINT ( 'NONE',  ( 16.15518931819837078, 45.71504877001761002, 71.53818778917506904 ) ) ;
#1592 = ORIENTED_EDGE ( 'NONE', *, *, #1807, .F. ) ;
#1593 = CARTESIAN_POINT ( 'NONE',  ( 20.54683493589616106, -41.82541332532288436, 84.00000000000000000 ) ) ;
#1594 = ORIENTED_EDGE ( 'NONE', *, *, #981, .T. ) ;
#1595 = CARTESIAN_POINT ( 'NONE',  ( 15.04040685334880401, -45.75905878941459548, 69.85585152838554279 ) ) ;
#1596 = CARTESIAN_POINT ( 'NONE',  ( 7.214559287186404823, 48.19601780383970890, 73.04533818746190832 ) ) ;
#1597 = CARTESIAN_POINT ( 'NONE',  ( 16.80115420878928489, 40.01703155575293636, 71.61736144609251653 ) ) ;
#1598 = PERSON_AND_ORGANIZATION ( #1126, #1224 ) ;
#1599 = ORIENTED_EDGE ( 'NONE', *, *, #1068, .T. ) ;
#1600 = LOCAL_TIME ( 23, 18, 45.00000000000000000, #713 ) ;
#1601 = EDGE_CURVE ( 'NONE', #946, #1568, #1722, .T. ) ;
#1602 = CARTESIAN_POINT ( 'NONE',  ( 15.80975274549736120, -41.03983162452826150, 71.12958688164964371 ) ) ;
#1603 = ORIENTED_EDGE ( 'NONE', *, *, #1558, .F. ) ;
#1604 = CYLINDRICAL_SURFACE ( 'NONE', #1901, 1.000000000000000888 ) ;
#1605 = AXIS2_PLACEMENT_3D ( 'NONE', #1086, #583, #1884 ) ;
#1606 = CARTESIAN_POINT ( 'NONE',  ( 17.32545029203645015, -44.56239017659736135, 75.84133214354916674 ) ) ;
#1607 = CARTESIAN_POINT ( 'NONE',  ( 6.597943720732605932, 47.41446963431170047, 73.64681490558663768 ) ) ;
#1608 = CARTESIAN_POINT ( 'NONE',  ( 16.11456744257838736, 40.91496499863155378, 71.45342856068648985 ) ) ;
#1609 = APPROVAL_ROLE ( '' ) ;
#1610 = ORIENTED_EDGE ( 'NONE', *, *, #1905, .F. ) ;
#1611 = CIRCLE ( 'NONE', #701, 1.000000000000000666 ) ;
#1612 = ADVANCED_FACE ( 'NONE', ( #264 ), #973, .T. ) ;
#1613 = CARTESIAN_POINT ( 'NONE',  ( 14.99171734855670479, 44.82349222196219074, 70.99542553234154241 ) ) ;
#1614 = ADVANCED_FACE ( 'NONE', ( #590 ), #1227, .F. ) ;
#1615 = ORIENTED_EDGE ( 'NONE', *, *, #1041, .F. ) ;
#1616 = CARTESIAN_POINT ( 'NONE',  ( 16.21646221994828707, 40.92505527327224257, 71.70253231352810985 ) ) ;
#1617 = DIRECTION ( 'NONE',  ( 0.000000000000000000, 0.000000000000000000, -1.000000000000000000 ) ) ;
#1618 = ADVANCED_FACE ( 'NONE', ( #1745 ), #2037, .F. ) ;
#1619 = ORIENTED_EDGE ( 'NONE', *, *, #1352, .F. ) ;
#1620 = FACE_OUTER_BOUND ( 'NONE', #1910, .T. ) ;
#1621 =( BOUNDED_SURFACE ( )  B_SPLINE_SURFACE ( 3, 2, ( 
 ( #1321, #1975, #1836 ),
 ( #216, #49, #1006 ),
 ( #1019, #374, #861 ),
 ( #228, #1675, #549 ) ),
 .UNSPECIFIED., .F., .F., .F. ) 
 B_SPLINE_SURFACE_WITH_KNOTS ( ( 4, 4 ),
 ( 3, 3 ),
 ( 2.148879214151149686, 2.191023531612182218 ),
 ( 0.000000000000000000, 1.000000000000000000 ),
 .UNSPECIFIED. ) 
 GEOMETRIC_REPRESENTATION_ITEM ( )  RATIONAL_B_SPLINE_SURFACE ( (
 ( 1.000000000000000000, 0.6281836164348909568, 1.000000000000000000),
 ( 1.000000000000000000, 0.6343406499481786254, 1.000000000000000000),
 ( 1.000000000000000000, 0.6405459308723756573, 1.000000000000000000),
 ( 1.000000000000000000, 0.6467950868173147905, 1.000000000000000000) ) ) 
 REPRESENTATION_ITEM ( '' )  SURFACE ( )  );
#1622 = FACE_OUTER_BOUND ( 'NONE', #1847, .T. ) ;
#1623 = DIRECTION ( 'NONE',  ( -0.000000000000000000, -0.000000000000000000, -1.000000000000000000 ) ) ;
#1624 = FACE_OUTER_BOUND ( 'NONE', #1424, .T. ) ;
#1625 = DIRECTION ( 'NONE',  ( 0.8997682353063867211, 0.3637192424407204583, -0.2410921720255126133 ) ) ;
#1626 = ORIENTED_EDGE ( 'NONE', *, *, #1832, .F. ) ;
#1627 = CIRCLE ( 'NONE', #1277, 1.000000000000000666 ) ;
#1628 = CARTESIAN_POINT ( 'NONE',  ( 15.11412435930985332, 44.73084961236044421, 70.96262667266232427 ) ) ;
#1629 = ORIENTED_EDGE ( 'NONE', *, *, #357, .T. ) ;
#1630 = FACE_OUTER_BOUND ( 'NONE', #1894, .T. ) ;
#1631 = DIRECTION ( 'NONE',  ( 0.000000000000000000, -1.000000000000000000, 0.000000000000000000 ) ) ;
#1632 = CARTESIAN_POINT ( 'NONE',  ( 12.47916540450650125, 46.72564274979161070, 70.52790000979739204 ) ) ;
#1633 = CARTESIAN_POINT ( 'NONE',  ( 6.815458325847603582, -44.17170001161648685, 73.32233648815004301 ) ) ;
#1634 = CARTESIAN_POINT ( 'NONE',  ( 14.40416560662532852, 40.67651076707025481, 70.20314788371941006 ) ) ;
#1635 = CIRCLE ( 'NONE', #1286, 1.000000000000000888 ) ;
#1636 =( BOUNDED_CURVE ( )  B_SPLINE_CURVE ( 3, ( #1417, #945, #1811, #490 ),
 .UNSPECIFIED., .F., .T. ) 
 B_SPLINE_CURVE_WITH_KNOTS ( ( 4, 4 ),
 ( 2.148879214151150574, 2.191023531612182662 ),
 .UNSPECIFIED. ) 
 CURVE ( )  GEOMETRIC_REPRESENTATION_ITEM ( )  RATIONAL_B_SPLINE_CURVE ( ( 1.000000000000000000, 0.9998519935189490448, 0.9998519935189490448, 1.000000000000000000 ) ) 
 REPRESENTATION_ITEM ( '' )  );
#1637 = APPROVAL_DATE_TIME ( #1288, #1182 ) ;
#1638 = CARTESIAN_POINT ( 'NONE',  ( 14.64551587390026910, -40.57866762845686992, 70.13697856467410929 ) ) ;
#1639 = EDGE_CURVE ( 'NONE', #1978, #1978, #695, .T. ) ;
#1640 = CARTESIAN_POINT ( 'NONE',  ( 14.40416560662532852, 40.67651076707025481, 70.20314788371941006 ) ) ;
#1641 = CARTESIAN_POINT ( 'NONE',  ( 16.05869555905122681, 45.69259224419747767, 71.31591686971798083 ) ) ;
#1642 = ORIENTED_EDGE ( 'NONE', *, *, #1411, .T. ) ;
#1643 = CARTESIAN_POINT ( 'NONE',  ( 7.150589229617944298, 48.00290616615534134, 71.92640388920560213 ) ) ;
#1644 = CARTESIAN_POINT ( 'NONE',  ( 15.25053639365921399, 0.000000000000000000, 71.96135135863062260 ) ) ;
#1645 = ADVANCED_FACE ( 'NONE', ( #1395, #2051 ), #759, .T. ) ;
#1646 = ADVANCED_BREP_SHAPE_REPRESENTATION ( 'cupshot_in_bus_v2', ( #383, #109 ), #47 ) ;
#1647 = CARTESIAN_POINT ( 'NONE',  ( 9.089446597264279504, 48.97690960944934346, 83.74118095489748725 ) ) ;
#1648 = CARTESIAN_POINT ( 'NONE',  ( 15.97765484813256620, -45.69474610942236126, 71.19865338657008635 ) ) ;
#1649 = AXIS2_PLACEMENT_3D ( 'NONE', #860, #70, #1674 ) ;
#1650 = VERTEX_POINT ( 'NONE', #1957 ) ;
#1651 = CARTESIAN_POINT ( 'NONE',  ( 9.089446597264279504, -45.88622926326149098, 83.74118095489748725 ) ) ;
#1652 = EDGE_CURVE ( 'NONE', #1766, #776, #1683, .T. ) ;
#1653 = DIRECTION ( 'NONE',  ( 0.000000000000000000, 1.000000000000000000, 0.000000000000000000 ) ) ;
#1654 = DIRECTION ( 'NONE',  ( -0.9659258262890706437, 0.000000000000000000, 0.2588190451025122463 ) ) ;
#1655 = VERTEX_POINT ( 'NONE', #132 ) ;
#1656 = CARTESIAN_POINT ( 'NONE',  ( 20.54683493589615750, 45.19465497960653977, 84.00000000000000000 ) ) ;
#1657 = DIRECTION ( 'NONE',  ( -0.000000000000000000, -0.000000000000000000, -1.000000000000000000 ) ) ;
#1658 = VECTOR ( 'NONE', #876, 1000.000000000000000 ) ;
#1659 = CARTESIAN_POINT ( 'NONE',  ( 12.49311699243229512, -42.61485812339345358, 71.66492347997316870 ) ) ;
#1660 = CARTESIAN_POINT ( 'NONE',  ( 16.16971844652699986, -45.71456954067090805, 71.56051905641028554 ) ) ;
#1661 = CARTESIAN_POINT ( 'NONE',  ( 6.557203957057568644, 47.65276746465197988, 74.29072276455319468 ) ) ;
#1662 = CARTESIAN_POINT ( 'NONE',  ( 15.04040685334880401, 45.75905878941459548, 69.85585152838554279 ) ) ;
#1663 = CARTESIAN_POINT ( 'NONE',  ( 15.92385899365878288, 40.97835881431898031, 71.20850809662343295 ) ) ;
#1664 = CARTESIAN_POINT ( 'NONE',  ( 17.32530130072728625, -44.56234289211964494, 75.84077610041347839 ) ) ;
#1665 = DIRECTION ( 'NONE',  ( 0.9865219831972912301, 0.1636287770182360268, -0.000000000000000000 ) ) ;
#1666 = DIRECTION ( 'NONE',  ( 0.9659258262890706437, 0.000000000000000000, -0.2588190451025122463 ) ) ;
#1667 = DIRECTION ( 'NONE',  ( 0.9659258262890706437, 0.000000000000000000, -0.2588190451025122463 ) ) ;
#1668 = ORIENTED_EDGE ( 'NONE', *, *, #1687, .T. ) ;
#1669 = PRODUCT ( 'cupshot_in_bus_v2', 'cupshot_in_bus_v2', '', ( #1762 ) ) ;
#1670 = VECTOR ( 'NONE', #1263, 1000.000000000000000 ) ;
#1671 = TOROIDAL_SURFACE ( 'NONE', #1076, 35.01090036882271761, 1.000000000000000000 ) ;
#1672 = CARTESIAN_POINT ( 'NONE',  ( 15.22210409262796915, 44.65484954814805008, 70.95438796730319098 ) ) ;
#1673 = ORIENTED_EDGE ( 'NONE', *, *, #1814, .F. ) ;
#1674 = DIRECTION ( 'NONE',  ( -1.000000000000000000, 0.000000000000000000, 0.000000000000000000 ) ) ;
#1675 = CARTESIAN_POINT ( 'NONE',  ( 6.599278347548089840, 43.41627394864758571, 74.44774652756130706 ) ) ;
#1676 = ADVANCED_FACE ( 'NONE', ( #777, #1420 ), #1571, .F. ) ;
#1677 = CARTESIAN_POINT ( 'NONE',  ( 12.48359921557386976, -45.77261519307423754, 71.66747376059612407 ) ) ;
#1678 = TOROIDAL_SURFACE ( 'NONE', #317, 49.64603976762533932, 1.000000000000000000 ) ;
#1679 = CARTESIAN_POINT ( 'NONE',  ( 19.58090910960708797, -41.82541332532295542, 84.25881904510248432 ) ) ;
#1680 = DATE_AND_TIME ( #1701, #2036 ) ;
#1681 = CARTESIAN_POINT ( 'NONE',  ( 5.619410778719152511, -48.54801036299735983, 73.85218773977389617 ) ) ;
#1682 = CARTESIAN_POINT ( 'NONE',  ( 0.000000000000000000, 0.000000000000000000, 84.00000000000000000 ) ) ;
#1683 = CIRCLE ( 'NONE', #327, 1.000000000000001554 ) ;
#1684 = CARTESIAN_POINT ( 'NONE',  ( 15.75958751858329698, 44.32796921599148732, 71.09813104133581874 ) ) ;
#1685 = VERTEX_POINT ( 'NONE', #982 ) ;
#1686 = EDGE_CURVE ( 'NONE', #318, #902, #1095, .T. ) ;
#1687 = EDGE_CURVE ( 'NONE', #491, #275, #1788, .T. ) ;
#1688 = CARTESIAN_POINT ( 'NONE',  ( 17.53913747917036403, -45.12835700417874563, 71.27006509075842189 ) ) ;
#1689 = LINE ( 'NONE', #872, #652 ) ;
#1690 = VECTOR ( 'NONE', #46, 1000.000000000000000 ) ;
#1691 = CARTESIAN_POINT ( 'NONE',  ( 14.99171734855670302, 44.82349222196219785, 70.99542553234154241 ) ) ;
#1692 = CARTESIAN_POINT ( 'NONE',  ( 0.000000000000000000, 0.000000000000000000, 83.82635182233306637 ) ) ;
#1693 = DIRECTION ( 'NONE',  ( 7.183671577107863109E-15, 1.000000000000000000, -0.000000000000000000 ) ) ;
#1694 = CARTESIAN_POINT ( 'NONE',  ( 6.963063770774583716, -43.11754570144076126, 73.17021472630908363 ) ) ;
#1695 =( BOUNDED_CURVE ( )  B_SPLINE_CURVE ( 3, ( #465, #147, #922, #125 ),
 .UNSPECIFIED., .F., .F. ) 
 B_SPLINE_CURVE_WITH_KNOTS ( ( 4, 4 ),
 ( 2.158073340912090021, 2.197532050176091101 ),
 .UNSPECIFIED. ) 
 CURVE ( )  GEOMETRIC_REPRESENTATION_ITEM ( )  RATIONAL_B_SPLINE_CURVE ( ( 1.000000000000000000, 0.9998702550639237963, 0.9998702550639237963, 1.000000000000000000 ) ) 
 REPRESENTATION_ITEM ( '' )  );
#1696 = CARTESIAN_POINT ( 'NONE',  ( 7.122958513614502607, 44.49874306903902266, 81.02122766439190116 ) ) ;
#1697 = ORIENTED_EDGE ( 'NONE', *, *, #1041, .T. ) ;
#1698 = DIRECTION ( 'NONE',  ( 0.000000000000000000, 0.000000000000000000, 1.000000000000000000 ) ) ;
#1699 = CARTESIAN_POINT ( 'NONE',  ( 8.123520770975208194, 74.99999999999998579, 84.00000000000000000 ) ) ;
#1700 = EDGE_CURVE ( 'NONE', #902, #1942, #555, .T. ) ;
#1701 = CALENDAR_DATE ( 2025, 22, 6 ) ;
#1702 = DIRECTION ( 'NONE',  ( 1.859271017917114691E-15, -1.000000000000000000, 6.938893903907222067E-15 ) ) ;
#1703 = CARTESIAN_POINT ( 'NONE',  ( 9.089446597264267069, 48.97690960944942162, 83.74118095489744462 ) ) ;
#1704 = CARTESIAN_POINT ( 'NONE',  ( 5.414461938063944046, -43.56810027024360465, 74.46612645112072926 ) ) ;
#1705 = FACE_OUTER_BOUND ( 'NONE', #608, .T. ) ;
#1706 = ORIENTED_EDGE ( 'NONE', *, *, #61, .T. ) ;
#1707 =( BOUNDED_SURFACE ( )  B_SPLINE_SURFACE ( 3, 2, ( 
 ( #1932, #1759, #594 ),
 ( #624, #613, #473 ),
 ( #1252, #314, #1114 ),
 ( #1231, #1888, #428 ) ),
 .UNSPECIFIED., .F., .F., .F. ) 
 B_SPLINE_SURFACE_WITH_KNOTS ( ( 4, 4 ),
 ( 3, 3 ),
 ( 4.313498684262045302, 4.370153870491837012 ),
 ( 0.000000000000000000, 1.000000000000000000 ),
 .UNSPECIFIED. ) 
 GEOMETRIC_REPRESENTATION_ITEM ( )  RATIONAL_B_SPLINE_SURFACE ( (
 ( 1.000000000000000000, 0.5524776256503228788, 1.000000000000000000),
 ( 1.000000000000000000, 0.5448136353468149284, 1.000000000000000000),
 ( 1.000000000000000000, 0.5372525292415913922, 1.000000000000000000),
 ( 1.000000000000000000, 0.5297949978933254034, 1.000000000000000000) ) ) 
 REPRESENTATION_ITEM ( '' )  SURFACE ( )  );
#1708 = FACE_OUTER_BOUND ( 'NONE', #1088, .T. ) ;
#1709 = CARTESIAN_POINT ( 'NONE',  ( 6.729121007244670771, -47.30197905201082875, 73.42052355807311415 ) ) ;
#1710 = B_SPLINE_CURVE_WITH_KNOTS ( 'NONE', 3,
 ( #79, #1039, #1528, #564, #1357, #1345, #227, #2029 ),
 .UNSPECIFIED., .F., .F.,
 ( 4, 2, 2, 4 ),
 ( 0.000000000000000000, 0.0004206801705769187914, 0.0008413603411538375827, 0.001682720682307676250 ),
 .UNSPECIFIED. ) ;
#1711 = DIRECTION ( 'NONE',  ( 0.2583131626808436998, 0.06249270987795196158, 0.9640378473887475375 ) ) ;
#1712 = DIRECTION ( 'NONE',  ( -0.9659258262890706437, 0.000000000000000000, 0.2588190451025122463 ) ) ;
#1713 = CARTESIAN_POINT ( 'NONE',  ( 7.264310738244137866, 43.94661117867295985, 73.06597789316160174 ) ) ;
#1714 = ORIENTED_EDGE ( 'NONE', *, *, #1652, .F. ) ;
#1715 = B_SPLINE_CURVE_WITH_KNOTS ( 'NONE', 3,
 ( #568, #257, #1369, #579 ),
 .UNSPECIFIED., .F., .F.,
 ( 4, 4 ),
 ( 0.000000000000000000, 0.009884253991049193194 ),
 .UNSPECIFIED. ) ;
#1716 = CARTESIAN_POINT ( 'NONE',  ( 7.264310738244137866, 43.94661117867295985, 73.06597789316160174 ) ) ;
#1717 = DIRECTION ( 'NONE',  ( 0.9659258262890717539, 0.000000000000000000, -0.2588190451025078054 ) ) ;
#1718 = CARTESIAN_POINT ( 'NONE',  ( 7.214925593842372642, -48.19591478502641024, 73.04507531305560519 ) ) ;
#1719 = CARTESIAN_POINT ( 'NONE',  ( 9.089446597263997063, -48.97690960944927951, 83.74118095489644986 ) ) ;
#1720 = DIRECTION ( 'NONE',  ( 0.000000000000000000, -1.000000000000000000, 0.000000000000000000 ) ) ;
#1721 = EDGE_LOOP ( 'NONE', ( #1734, #1209, #141, #793 ) ) ;
#1722 = LINE ( 'NONE', #253, #1303 ) ;
#1723 = ORIENTED_EDGE ( 'NONE', *, *, #1906, .F. ) ;
#1724 = CARTESIAN_POINT ( 'NONE',  ( 15.18266842571451392, -40.52943257580286485, 70.92924842147291997 ) ) ;
#1725 = DIRECTION ( 'NONE',  ( -0.000000000000000000, -0.000000000000000000, -1.000000000000000000 ) ) ;
#1726 = VECTOR ( 'NONE', #1329, 1000.000000000000000 ) ;
#1727 = CARTESIAN_POINT ( 'NONE',  ( 7.097535394929330721, 43.08413953775743011, 73.11066521172021737 ) ) ;
#1728 = DIRECTION ( 'NONE',  ( 0.000000000000000000, -1.000000000000000000, 0.000000000000000000 ) ) ;
#1729 = DIRECTION ( 'NONE',  ( 0.2566686402793095234, 0.1286391108398602656, 0.9579004062320365387 ) ) ;
#1730 = ORIENTED_EDGE ( 'NONE', *, *, #1164, .T. ) ;
#1731 = AXIS2_PLACEMENT_3D ( 'NONE', #862, #576, #1870 ) ;
#1732 = CIRCLE ( 'NONE', #1731, 1.000000000000000444 ) ;
#1733 = CARTESIAN_POINT ( 'NONE',  ( 15.24231618021868861, -44.64071371868576676, 70.95322372930597510 ) ) ;
#1734 = ORIENTED_EDGE ( 'NONE', *, *, #2024, .T. ) ;
#1735 = ADVANCED_FACE ( 'NONE', ( #666 ), #763, .T. ) ;
#1736 = EDGE_CURVE ( 'NONE', #275, #827, #954, .T. ) ;
#1737 = CARTESIAN_POINT ( 'NONE',  ( 6.557203957057568644, 74.99999999999998579, 74.29072276455319468 ) ) ;
#1738 = CARTESIAN_POINT ( 'NONE',  ( 6.715793591677407193, 48.33651889404973900, 73.40407934526155032 ) ) ;
#1739 = CARTESIAN_POINT ( 'NONE',  ( 5.804726024419866626, 43.25389013339014355, 72.98201796668173813 ) ) ;
#1740 = CARTESIAN_POINT ( 'NONE',  ( 16.19885047121538335, 40.91470457138932915, 71.63680437244678956 ) ) ;
#1741 = EDGE_LOOP ( 'NONE', ( #226, #397, #597, #1429 ) ) ;
#1742 = CARTESIAN_POINT ( 'NONE',  ( 17.32545029203644305, 44.56239017659736135, 75.84133214354913832 ) ) ;
#1743 = ORIENTED_EDGE ( 'NONE', *, *, #667, .F. ) ;
#1744 = AXIS2_PLACEMENT_3D ( 'NONE', #1656, #994, #20 ) ;
#1745 = FACE_OUTER_BOUND ( 'NONE', #628, .T. ) ;
#1746 = VERTEX_POINT ( 'NONE', #77 ) ;
#1747 = CARTESIAN_POINT ( 'NONE',  ( 6.850461729271535738, 42.97408250521628759, 72.27370024453946940 ) ) ;
#1748 = CARTESIAN_POINT ( 'NONE',  ( 16.21646221994828707, -44.21043753467449022, 71.70253231352810985 ) ) ;
#1749 = CARTESIAN_POINT ( 'NONE',  ( 7.138505519697764257, 47.07834531313879722, 73.09968729987471647 ) ) ;
#1750 = CARTESIAN_POINT ( 'NONE',  ( 6.596116797666929266, 43.25627809913623167, 73.59293245552039764 ) ) ;
#1751 = DIRECTION ( 'NONE',  ( -0.1743253781314527961, 0.9846881041930617418, 0.000000000000000000 ) ) ;
#1752 = ORIENTED_EDGE ( 'NONE', *, *, #1036, .T. ) ;
#1753 = EDGE_LOOP ( 'NONE', ( #1136, #1947, #2093, #1831 ) ) ;
#1754 = AXIS2_PLACEMENT_3D ( 'NONE', #1175, #2018, #1201 ) ;
#1755 = CARTESIAN_POINT ( 'NONE',  ( 16.18172021498481072, 44.18838582724031738, 71.57287338584761471 ) ) ;
#1756 = ORIENTED_EDGE ( 'NONE', *, *, #671, .F. ) ;
#1757 = CARTESIAN_POINT ( 'NONE',  ( 14.99171734855670834, -41.60483243784421603, 70.99542553234154241 ) ) ;
#1758 = ORIENTED_EDGE ( 'NONE', *, *, #492, .F. ) ;
#1759 = CARTESIAN_POINT ( 'NONE',  ( 16.18449572552221483, 45.71408212701822293, 71.58323173219008595 ) ) ;
#1760 = CARTESIAN_POINT ( 'NONE',  ( 7.346424203814424736, 48.16950277283601167, 73.01567704370640399 ) ) ;
#1761 = CARTESIAN_POINT ( 'NONE',  ( 15.18194193856290575, 40.52971108759215468, 70.92929299133757581 ) ) ;
#1762 = MECHANICAL_CONTEXT ( 'NONE', #153, 'mechanical' ) ;
#1763 = ORIENTED_EDGE ( 'NONE', *, *, #1521, .T. ) ;
#1764 = EDGE_CURVE ( 'NONE', #967, #458, #766, .T. ) ;
#1765 = CARTESIAN_POINT ( 'NONE',  ( 15.97765473962292226, 45.69474059352658202, 71.19863173087317421 ) ) ;
#1766 = VERTEX_POINT ( 'NONE', #686 ) ;
#1767 = CARTESIAN_POINT ( 'NONE',  ( 5.468733756667671031, 43.60700356506805520, 74.72318998732264106 ) ) ;
#1768 = ORIENTED_EDGE ( 'NONE', *, *, #2019, .F. ) ;
#1769 = CARTESIAN_POINT ( 'NONE',  ( 16.78659953593296095, -45.20586000284406936, 70.16162103470549027 ) ) ;
#1770 = CARTESIAN_POINT ( 'NONE',  ( 6.513515694222188124, 48.44747769410979288, 73.86886104596308655 ) ) ;
#1771 = CARTESIAN_POINT ( 'NONE',  ( 15.84896517297717011, 41.01660630954832243, 71.14959568208595897 ) ) ;
#1772 = ORIENTED_EDGE ( 'NONE', *, *, #1251, .T. ) ;
#1773 = EDGE_CURVE ( 'NONE', #1319, #1568, #320, .T. ) ;
#1774 = CC_DESIGN_APPROVAL ( #1182, ( #570 ) ) ;
#1775 = EDGE_CURVE ( 'NONE', #572, #678, #1823, .T. ) ;
#1776 = CARTESIAN_POINT ( 'NONE',  ( 7.264310738244137866, -43.94661117867295985, 73.06597789316160174 ) ) ;
#1777 = ORIENTED_EDGE ( 'NONE', *, *, #1484, .F. ) ;
#1778 = CARTESIAN_POINT ( 'NONE',  ( 5.792489472242443149, 48.39082163510632739, 73.08157367486172973 ) ) ;
#1779 = CARTESIAN_POINT ( 'NONE',  ( 16.22911038248942361, -40.28251916462477311, 71.74973589875403945 ) ) ;
#1780 = AXIS2_PLACEMENT_3D ( 'NONE', #712, #1582, #1876 ) ;
#1781 = FACE_OUTER_BOUND ( 'NONE', #1527, .T. ) ;
#1782 = CARTESIAN_POINT ( 'NONE',  ( 17.18238804623735660, -40.92505527327224257, 71.44371326842559711 ) ) ;
#1783 = CARTESIAN_POINT ( 'NONE',  ( 20.54683493589616106, 45.19465497960653977, 84.00000000000000000 ) ) ;
#1784 =( BOUNDED_SURFACE ( )  B_SPLINE_SURFACE ( 3, 2, ( 
 ( #2061, #791, #1597 ),
 ( #1740, #634, #773 ),
 ( #476, #1923, #1446 ),
 ( #1608, #466, #297 ),
 ( #127, #1915, #1285 ),
 ( #148, #1116, #1106 ),
 ( #1771, #605, #1589 ),
 ( #3, #316, #647 ),
 ( #114, #1436, #329 ),
 ( #157, #799, #1274 ),
 ( #2092, #1761, #1255 ),
 ( #1577, #1415, #487 ),
 ( #307, #282, #1945 ),
 ( #944, #1128, #761 ) ),
 .UNSPECIFIED., .F., .F., .T. ) 
 B_SPLINE_SURFACE_WITH_KNOTS ( ( 4, 2, 2, 2, 2, 2, 4 ),
 ( 3, 3 ),
 ( 0.001967936563395996947, 0.002371128585543654486, 0.002774320607691312460, 0.003580704651986628406, 0.003983896674134286379, 0.004387088696281944353, 0.005193472740577260299 ),
 ( 0.000000000000000000, 1.000000000000000000 ),
 .UNSPECIFIED. ) 
 GEOMETRIC_REPRESENTATION_ITEM ( )  RATIONAL_B_SPLINE_SURFACE ( (
 ( 1.000000000000000000, 0.8405911803528286486, 1.000000000000000000),
 ( 1.000000000000000000, 0.8418179854164130616, 1.000000000000000000),
 ( 1.000000000000000000, 0.8421080689854957280, 1.000000000000000000),
 ( 1.000000000000000000, 0.8409229140647712653, 1.000000000000000000),
 ( 1.000000000000000000, 0.8394127397554220771, 1.000000000000000000),
 ( 1.000000000000000000, 0.8325063689441185577, 1.000000000000000000),
 ( 1.000000000000000000, 0.8246051897132824493, 1.000000000000000000),
 ( 1.000000000000000000, 0.8095365270028020976, 1.000000000000000000),
 ( 1.000000000000000000, 0.8038939574860879400, 1.000000000000000000),
 ( 1.000000000000000000, 0.7918880597815343148, 1.000000000000000000),
 ( 1.000000000000000000, 0.7855226434871619423, 1.000000000000000000),
 ( 1.000000000000000000, 0.7653560010373191558, 1.000000000000000000),
 ( 1.000000000000000000, 0.7507102338459075153, 1.000000000000000000),
 ( 1.000000000000000000, 0.7357475711170600174, 1.000000000000000000) ) ) 
 REPRESENTATION_ITEM ( '' )  SURFACE ( )  );
#1785 = CARTESIAN_POINT ( 'NONE',  ( -29.10000000000000142, 0.000000000000000000, 4.002551260034540981 ) ) ;
#1786 = CARTESIAN_POINT ( 'NONE',  ( 7.150589229617944298, 48.00290616615534134, 71.92640388920560213 ) ) ;
#1787 = EDGE_LOOP ( 'NONE', ( #928 ) ) ;
#1788 = CIRCLE ( 'NONE', #494, 0.9999999999999998890 ) ;
#1789 = CC_DESIGN_DATE_AND_TIME_ASSIGNMENT ( #1042, #1332, ( #570 ) ) ;
#1790 = EDGE_CURVE ( 'NONE', #1382, #572, #1981, .T. ) ;
#1791 = CARTESIAN_POINT ( 'NONE',  ( 15.84817013101164740, 44.28459040426117355, 71.15685251368695674 ) ) ;
#1792 = VERTEX_POINT ( 'NONE', #1173 ) ;
#1793 = CARTESIAN_POINT ( 'NONE',  ( 5.670649431763515658, 48.61200401734993193, 74.24626333219241303 ) ) ;
#1794 = CARTESIAN_POINT ( 'NONE',  ( 15.62656040188560880, -40.23550267322698915, 70.26956104240147738 ) ) ;
#1795 = ORIENTED_EDGE ( 'NONE', *, *, #881, .T. ) ;
#1796 = EDGE_CURVE ( 'NONE', #983, #1766, #527, .T. ) ;
#1797 = CARTESIAN_POINT ( 'NONE',  ( 13.75654309890707161, -46.24357465296874636, 70.19272671323867030 ) ) ;
#1798 = CARTESIAN_POINT ( 'NONE',  ( 9.903552877007843591, -43.39962204370228704, 72.35879509344974281 ) ) ;
#1799 = FACE_OUTER_BOUND ( 'NONE', #795, .T. ) ;
#1800 = DIRECTION ( 'NONE',  ( 0.000000000000000000, 1.000000000000000000, -0.000000000000000000 ) ) ;
#1801 = EDGE_CURVE ( 'NONE', #948, #1421, #2048, .T. ) ;
#1802 = CARTESIAN_POINT ( 'NONE',  ( 16.19779526225942234, -44.19858910232322557, 71.63286627901058523 ) ) ;
#1803 = CARTESIAN_POINT ( 'NONE',  ( 14.99171734855670479, -41.60483243784422314, 70.99542553234154241 ) ) ;
#1804 = ORIENTED_EDGE ( 'NONE', *, *, #1388, .T. ) ;
#1805 = DIRECTION ( 'NONE',  ( 1.000000000000000000, 0.000000000000000000, -0.000000000000000000 ) ) ;
#1806 = DIRECTION ( 'NONE',  ( 0.000000000000000000, -1.000000000000000000, 0.000000000000000000 ) ) ;
#1807 = EDGE_CURVE ( 'NONE', #1382, #1503, #1998, .T. ) ;
#1808 = CARTESIAN_POINT ( 'NONE',  ( 7.150589229617863474, 48.00290616615536265, 71.92640388920563055 ) ) ;
#1809 = CARTESIAN_POINT ( 'NONE',  ( 6.555840455332446304, -44.39942806117840490, 73.76995410831405309 ) ) ;
#1810 = FACE_OUTER_BOUND ( 'NONE', #1047, .T. ) ;
#1811 = CARTESIAN_POINT ( 'NONE',  ( 7.389075042387162284, 45.03154275627133529, 77.39530792035085938 ) ) ;
#1812 = DIRECTION ( 'NONE',  ( 0.000000000000000000, 0.000000000000000000, 1.000000000000000000 ) ) ;
#1813 = CARTESIAN_POINT ( 'NONE',  ( 15.81831289939943019, -44.29639384564602267, 71.12798456907714240 ) ) ;
#1814 = EDGE_CURVE ( 'NONE', #491, #1685, #1397, .T. ) ;
#1815 = CARTESIAN_POINT ( 'NONE',  ( 17.18238804623735660, 44.21043753467449022, 71.44371326842559711 ) ) ;
#1816 = ORIENTED_EDGE ( 'NONE', *, *, #762, .F. ) ;
#1817 = B_SPLINE_CURVE_WITH_KNOTS ( 'NONE', 3,
 ( #188, #206, #1005, #687 ),
 .UNSPECIFIED., .F., .F.,
 ( 4, 4 ),
 ( 0.000000000000000000, 0.009858695037052778165 ),
 .UNSPECIFIED. ) ;
#1818 = CARTESIAN_POINT ( 'NONE',  ( 5.705044980315874703, 48.44521040496422160, 73.32940510830259484 ) ) ;
#1819 = CARTESIAN_POINT ( 'NONE',  ( 5.468733756667671031, -43.60700356506805520, 74.72318998732264106 ) ) ;
#1820 = CARTESIAN_POINT ( 'NONE',  ( 6.863599033774510083, -44.14232397930291540, 73.27742884161571624 ) ) ;
#1821 = CARTESIAN_POINT ( 'NONE',  ( 16.79414995375153197, -45.20406048783264907, 70.16696248198316255 ) ) ;
#1822 = CARTESIAN_POINT ( 'NONE',  ( 19.58090910960695652, 41.82541332532291989, 84.25881904510198694 ) ) ;
#1823 = B_SPLINE_CURVE_WITH_KNOTS ( 'NONE', 3,
 ( #1489, #1003, #1672, #362, #847, #1684, #1846, #856, #37, #2016, #396, #1327 ),
 .UNSPECIFIED., .F., .F.,
 ( 4, 2, 2, 2, 2, 4 ),
 ( 0.000000000000000000, 0.0004313369010353877860, 0.0008626738020707755720, 0.001078342252588469601, 0.001294010703106163304, 0.001725347604141555047 ),
 .UNSPECIFIED. ) ;
#1824 = CARTESIAN_POINT ( 'NONE',  ( 15.10410554069748912, 41.51396959894703542, 70.96531120701865802 ) ) ;
#1825 = CARTESIAN_POINT ( 'NONE',  ( 8.233280870389911854, -45.46563103197243549, 80.54592696250304584 ) ) ;
#1826 = CARTESIAN_POINT ( 'NONE',  ( 6.557203957057568644, 47.65276746465197988, 74.29072276455319468 ) ) ;
#1827 = AXIS2_PLACEMENT_3D ( 'NONE', #1783, #1903, #442 ) ;
#1828 = CARTESIAN_POINT ( 'NONE',  ( 6.850461729271539291, -42.97408250521627338, 72.27370024453948361 ) ) ;
#1829 = CARTESIAN_POINT ( 'NONE',  ( 15.85085506163996527, -44.28089330113151334, 71.15098100848855722 ) ) ;
#1830 = CARTESIAN_POINT ( 'NONE',  ( 15.63384271405978154, -40.23322283916777309, 70.27245670007043543 ) ) ;
#1831 = ORIENTED_EDGE ( 'NONE', *, *, #1036, .F. ) ;
#1832 = EDGE_CURVE ( 'NONE', #302, #491, #400, .T. ) ;
#1833 = CARTESIAN_POINT ( 'NONE',  ( 17.53913747917041377, 45.12835700417869589, 71.27006509075866347 ) ) ;
#1834 = VERTEX_POINT ( 'NONE', #1991 ) ;
#1835 = CIRCLE ( 'NONE', #900, 1.000000000000000888 ) ;
#1836 = CARTESIAN_POINT ( 'NONE',  ( 9.089446597264288386, 45.88622926326155493, 83.74118095489750146 ) ) ;
#1837 = FACE_OUTER_BOUND ( 'NONE', #937, .T. ) ;
#1838 = CARTESIAN_POINT ( 'NONE',  ( 17.45506983045967786, -45.11257242567439363, 71.01403217043116456 ) ) ;
#1839 = CARTESIAN_POINT ( 'NONE',  ( 8.123520770975208194, -48.97690960944934346, 84.00000000000000000 ) ) ;
#1840 = FACE_OUTER_BOUND ( 'NONE', #1721, .T. ) ;
#1841 = VECTOR ( 'NONE', #1800, 1000.000000000000000 ) ;
#1842 = AXIS2_PLACEMENT_3D ( 'NONE', #849, #697, #538 ) ;
#1843 = EDGE_CURVE ( 'NONE', #105, #68, #205, .T. ) ;
#1844 = B_SPLINE_CURVE_WITH_KNOTS ( 'NONE', 3,
 ( #964, #1797, #326, #644, #11, #1283 ),
 .UNSPECIFIED., .F., .F.,
 ( 4, 2, 4 ),
 ( 0.000000000000000000, 0.004238185758499232389, 0.008476371516998464778 ),
 .UNSPECIFIED. ) ;
#1845 =( BOUNDED_CURVE ( )  B_SPLINE_CURVE ( 3, ( #1143, #1154, #516, #1476 ),
 .UNSPECIFIED., .F., .F. ) 
 B_SPLINE_CURVE_WITH_KNOTS ( ( 4, 4 ),
 ( 4.350252989084441246, 4.517928287367525719 ),
 .UNSPECIFIED. ) 
 CURVE ( )  GEOMETRIC_REPRESENTATION_ITEM ( )  RATIONAL_B_SPLINE_CURVE ( ( 1.000000000000000000, 0.9976584548558369292, 0.9976584548558369292, 1.000000000000000000 ) ) 
 REPRESENTATION_ITEM ( '' )  );
#1846 = CARTESIAN_POINT ( 'NONE',  ( 15.81546154677510430, 44.30004280322665267, 71.13344646423118434 ) ) ;
#1847 = EDGE_LOOP ( 'NONE', ( #536, #1964, #1246, #893 ) ) ;
#1848 = CARTESIAN_POINT ( 'NONE',  ( 16.72071133866321802, 40.00222155765101917, 71.36342483204069254 ) ) ;
#1849 = CARTESIAN_POINT ( 'NONE',  ( 6.298384911955061227, 74.99999999999998579, 73.32479693826411449 ) ) ;
#1850 = AXIS2_PLACEMENT_3D ( 'NONE', #54, #846, #1334 ) ;
#1851 = LINE ( 'NONE', #882, #1460 ) ;
#1852 = CARTESIAN_POINT ( 'NONE',  ( 6.862476250179754267, -47.21722419367546308, 73.27836594135642656 ) ) ;
#1853 = CARTESIAN_POINT ( 'NONE',  ( 6.850461729271536626, 42.97408250521627338, 72.27370024453946940 ) ) ;
#1854 = CARTESIAN_POINT ( 'NONE',  ( 7.138654933543375769, -43.99869609983786489, 73.09964726455545758 ) ) ;
#1855 = CARTESIAN_POINT ( 'NONE',  ( 20.54683493589615750, 45.19465497960653977, 84.00000000000000000 ) ) ;
#1856 = ORIENTED_EDGE ( 'NONE', *, *, #1012, .T. ) ;
#1857 =( BOUNDED_SURFACE ( )  B_SPLINE_SURFACE ( 3, 2, ( 
 ( #361, #45, #1989 ),
 ( #534, #1171, #1379 ),
 ( #1058, #1044, #734 ),
 ( #1719, #595, #1549 ) ),
 .UNSPECIFIED., .F., .F., .F. ) 
 B_SPLINE_SURFACE_WITH_KNOTS ( ( 4, 4 ),
 ( 3, 3 ),
 ( 4.085653257003496464, 4.125111966267496655 ),
 ( 0.000000000000000000, 1.000000000000000000 ),
 .UNSPECIFIED. ) 
 GEOMETRIC_REPRESENTATION_ITEM ( )  RATIONAL_B_SPLINE_SURFACE ( (
 ( 1.000000000000000000, 0.7601963143834540304, 1.000000000000000000),
 ( 1.000000000000000000, 0.7652074543624090008, 1.000000000000000000),
 ( 1.000000000000000000, 0.7700690086162893522, 1.000000000000000000),
 ( 1.000000000000000000, 0.7747888528448892975, 1.000000000000000000) ) ) 
 REPRESENTATION_ITEM ( '' )  SURFACE ( )  );
#1858 = EDGE_CURVE ( 'NONE', #1746, #678, #1611, .T. ) ;
#1859 = CARTESIAN_POINT ( 'NONE',  ( 19.58090910960709152, -45.19465497960653977, 84.25881904510251275 ) ) ;
#1860 = CARTESIAN_POINT ( 'NONE',  ( 7.264310738244139642, -47.02884609855096443, 73.06597789316160174 ) ) ;
#1861 = COORDINATED_UNIVERSAL_TIME_OFFSET ( 3, 0, .AHEAD. ) ;
#1862 = CARTESIAN_POINT ( 'NONE',  ( 6.648136711843880775, -48.10862786487574283, 72.11216925101490460 ) ) ;
#1863 = CARTESIAN_POINT ( 'NONE',  ( 15.04040685334880401, 45.75905878941459548, 69.85585152838554279 ) ) ;
#1864 = CARTESIAN_POINT ( 'NONE',  ( 6.850461729271535738, -42.97408250521628759, 72.27370024453946940 ) ) ;
#1865 = ADVANCED_FACE ( 'NONE', ( #535 ), #353, .T. ) ;
#1866 = ORIENTED_EDGE ( 'NONE', *, *, #1454, .F. ) ;
#1867 = CARTESIAN_POINT ( 'NONE',  ( 14.52472056820353608, 40.62763791538707636, 70.17009617093191309 ) ) ;
#1868 = LOCAL_TIME ( 23, 18, 45.00000000000000000, #1513 ) ;
#1869 = B_SPLINE_CURVE_WITH_KNOTS ( 'NONE', 3,
 ( #1864, #2040, #242, #394, #587, #899 ),
 .UNSPECIFIED., .F., .F.,
 ( 4, 2, 4 ),
 ( 0.000000000000000000, 0.004090053285106287281, 0.008180106570212574563 ),
 .UNSPECIFIED. ) ;
#1870 = DIRECTION ( 'NONE',  ( 0.1636287770182368595, 0.9865219831972911191, 0.000000000000000000 ) ) ;
#1871 = CARTESIAN_POINT ( 'NONE',  ( 16.21646221994828707, 44.21043753467449022, 71.70253231352810985 ) ) ;
#1872 = CARTESIAN_POINT ( 'NONE',  ( 6.554223259259031487, 49.08287694123303169, 77.48247473017681841 ) ) ;
#1873 = CARTESIAN_POINT ( 'NONE',  ( 5.597473173550049808, -43.34181764369461121, 73.32317867903553577 ) ) ;
#1874 = CARTESIAN_POINT ( 'NONE',  ( 16.21646221994828707, 74.99999999999998579, 71.70253231352810985 ) ) ;
#1875 = ORIENTED_EDGE ( 'NONE', *, *, #1796, .T. ) ;
#1876 = DIRECTION ( 'NONE',  ( -1.000000000000000000, -6.938893903907228378E-15, 0.000000000000000000 ) ) ;
#1877 = FACE_OUTER_BOUND ( 'NONE', #1580, .T. ) ;
#1878 = CC_DESIGN_APPROVAL ( #1245, ( #416 ) ) ;
#1879 = CARTESIAN_POINT ( 'NONE',  ( 8.282648906518643273, -44.26133521902545453, 80.73017098161926697 ) ) ;
#1880 = CARTESIAN_POINT ( 'NONE',  ( 6.602740548522969100, 43.02569355713231403, 72.34159051734680190 ) ) ;
#1881 = CARTESIAN_POINT ( 'NONE',  ( 6.597523253018138689, -43.02678054360139726, 72.34302035311326051 ) ) ;
#1882 = CARTESIAN_POINT ( 'NONE',  ( 0.000000000000000000, 0.000000000000000000, 7.000000000000000000 ) ) ;
#1883 = VERTEX_POINT ( 'NONE', #1373 ) ;
#1884 = DIRECTION ( 'NONE',  ( 0.2588190451025078054, 0.000000000000000000, 0.9659258262890717539 ) ) ;
#1885 = ORIENTED_EDGE ( 'NONE', *, *, #1203, .F. ) ;
#1886 = DIRECTION ( 'NONE',  ( 0.9489445942675274193, -0.1866854689938713396, -0.2542689376958501279 ) ) ;
#1887 = AXIS2_PLACEMENT_3D ( 'NONE', #1247, #261, #901 ) ;
#1888 = CARTESIAN_POINT ( 'NONE',  ( 19.55221224412735381, 46.79166713119267484, 84.15172088511417314 ) ) ;
#1889 = CARTESIAN_POINT ( 'NONE',  ( 9.062278815251740838, 49.78612009780918868, 83.63978941209772699 ) ) ;
#1890 = CARTESIAN_POINT ( 'NONE',  ( 8.123520770975208194, 48.97690960944934346, 84.00000000000000000 ) ) ;
#1891 = B_SPLINE_CURVE_WITH_KNOTS ( 'NONE', 3,
 ( #84, #1881, #736, #1525, #569, #1362, #743, #1873, #233, #1052, #249, #1067, #1351, #1704, #1035, #76 ),
 .UNSPECIFIED., .F., .F.,
 ( 4, 2, 2, 2, 2, 2, 2, 4 ),
 ( 0.000000000000000000, 0.0007982880916750451300, 0.001197432137512569918, 0.001596576183350094814, 0.001995720229187619710, 0.002394864275025144606, 0.002794008320862669502, 0.003193152366700193964 ),
 .UNSPECIFIED. ) ;
#1892 = CARTESIAN_POINT ( 'NONE',  ( 18.44723262754970250, 44.89055043004714207, 80.02788081471814507 ) ) ;
#1893 = EDGE_CURVE ( 'NONE', #1437, #1437, #958, .T. ) ;
#1894 = EDGE_LOOP ( 'NONE', ( #496 ) ) ;
#1895 = EDGE_CURVE ( 'NONE', #1276, #754, #1234, .T. ) ;
#1896 = CARTESIAN_POINT ( 'NONE',  ( 20.54683493589615750, 41.82541332532289857, 84.00000000000000000 ) ) ;
#1897 = ORIENTED_EDGE ( 'NONE', *, *, #104, .T. ) ;
#1898 = CARTESIAN_POINT ( 'NONE',  ( 7.097535394929222363, 43.08413953775745853, 73.11066521172026000 ) ) ;
#1899 = CARTESIAN_POINT ( 'NONE',  ( 5.984530057146732140, -48.30583910171387885, 72.73466302130482575 ) ) ;
#1900 = CARTESIAN_POINT ( 'NONE',  ( 5.846051676608359671, 48.36409257485328084, 72.96719300441907308 ) ) ;
#1901 = AXIS2_PLACEMENT_3D ( 'NONE', #1644, #189, #2097 ) ;
#1902 = CARTESIAN_POINT ( 'NONE',  ( 6.515261324478093918, 43.39029198166799972, 74.23197593064647037 ) ) ;
#1903 = DIRECTION ( 'NONE',  ( 0.07186717128177327885, 0.1580784593137339600, 0.9848077530122071321 ) ) ;
#1904 = ORIENTED_EDGE ( 'NONE', *, *, #1184, .F. ) ;
#1905 = EDGE_CURVE ( 'NONE', #318, #967, #1405, .T. ) ;
#1906 = EDGE_CURVE ( 'NONE', #1883, #1578, #1134, .T. ) ;
#1907 = DIRECTION ( 'NONE',  ( 0.000000000000000000, 0.000000000000000000, 1.000000000000000000 ) ) ;
#1908 = ORIENTED_EDGE ( 'NONE', *, *, #259, .F. ) ;
#1909 = CARTESIAN_POINT ( 'NONE',  ( 17.32539522664781018, -41.25092404850962424, 75.84112663672102883 ) ) ;
#1910 = EDGE_LOOP ( 'NONE', ( #520, #447, #623, #290 ) ) ;
#1911 = CARTESIAN_POINT ( 'NONE',  ( 5.401461206274582594, 43.56990773782180071, 74.46696965224771247 ) ) ;
#1912 = DIRECTION ( 'NONE',  ( 0.000000000000000000, -1.000000000000000000, 0.000000000000000000 ) ) ;
#1913 = DIRECTION ( 'NONE',  ( 0.9103375655167261771, 0.4138665446844915774, 0.000000000000000000 ) ) ;
#1914 = CARTESIAN_POINT ( 'NONE',  ( 5.728982834565143456, 43.28311505608263587, 73.08975934093822957 ) ) ;
#1915 = CARTESIAN_POINT ( 'NONE',  ( 16.05080097357969748, 40.27753906360779723, 71.35390130041963630 ) ) ;
#1916 = ORIENTED_EDGE ( 'NONE', *, *, #1484, .T. ) ;
#1917 = ORIENTED_EDGE ( 'NONE', *, *, #1601, .T. ) ;
#1918 = ORIENTED_EDGE ( 'NONE', *, *, #234, .T. ) ;
#1919 = CARTESIAN_POINT ( 'NONE',  ( 15.43204864704121881, -41.27525523835596033, 70.97587230926227164 ) ) ;
#1920 = ORIENTED_EDGE ( 'NONE', *, *, #1377, .T. ) ;
#1921 = CARTESIAN_POINT ( 'NONE',  ( 20.11261204774665501, 40.94150337866540212, 84.17364817766693363 ) ) ;
#1922 =( BOUNDED_SURFACE ( )  B_SPLINE_SURFACE ( 3, 2, ( 
 ( #26, #837, #684 ),
 ( #533, #1341, #1302 ),
 ( #1162, #351, #1170 ),
 ( #1502, #1958, #1822 ) ),
 .UNSPECIFIED., .F., .F., .F. ) 
 B_SPLINE_SURFACE_WITH_KNOTS ( ( 4, 4 ),
 ( 3, 3 ),
 ( 4.340300269142745471, 4.401508811301685142 ),
 ( 0.000000000000000000, 1.000000000000000000 ),
 .UNSPECIFIED. ) 
 GEOMETRIC_REPRESENTATION_ITEM ( )  RATIONAL_B_SPLINE_SURFACE ( (
 ( 1.000000000000000000, 0.8405911803528284265, 1.000000000000000000),
 ( 1.000000000000000000, 0.8458587982361945867, 1.000000000000000000),
 ( 1.000000000000000000, 0.8508801997524354510, 1.000000000000000000),
 ( 1.000000000000000000, 0.8556782565769039950, 1.000000000000000000) ) ) 
 REPRESENTATION_ITEM ( '' )  SURFACE ( )  );
#1923 = CARTESIAN_POINT ( 'NONE',  ( 16.17964980642232931, 40.27009439617859243, 71.58190373608299240 ) ) ;
#1924 = EDGE_CURVE ( 'NONE', #461, #68, #1403, .T. ) ;
#1925 = ORIENTED_EDGE ( 'NONE', *, *, #700, .T. ) ;
#1926 = CIRCLE ( 'NONE', #1001, 0.9999999999999998890 ) ;
#1927 = CARTESIAN_POINT ( 'NONE',  ( 16.10665112747502192, -40.91108344950367837, 71.42507718798285055 ) ) ;
#1928 = DESIGN_CONTEXT ( 'detailed design', #128, 'design' ) ;
#1929 = ORIENTED_EDGE ( 'NONE', *, *, #727, .T. ) ;
#1930 = CARTESIAN_POINT ( 'NONE',  ( 14.66832183109434062, 40.74737846092379101, 71.08207910008142960 ) ) ;
#1931 = ORIENTED_EDGE ( 'NONE', *, *, #648, .T. ) ;
#1932 = CARTESIAN_POINT ( 'NONE',  ( 16.21646221994829418, 44.21043753467456128, 71.70253231352812406 ) ) ;
#1933 = CARTESIAN_POINT ( 'NONE',  ( 6.557203957057568644, -47.65276746465197988, 74.29072276455319468 ) ) ;
#1934 = CARTESIAN_POINT ( 'NONE',  ( 8.123520770975209970, -45.88622926326148388, 85.00000000000000000 ) ) ;
#1935 = DIRECTION ( 'NONE',  ( -0.000000000000000000, -0.000000000000000000, -1.000000000000000000 ) ) ;
#1936 = VERTEX_POINT ( 'NONE', #1046 ) ;
#1937 = CARTESIAN_POINT ( 'NONE',  ( 16.03659623785230792, 45.69161075471110678, 71.27787124438634692 ) ) ;
#1938 = ORIENTED_EDGE ( 'NONE', *, *, #94, .F. ) ;
#1939 = CARTESIAN_POINT ( 'NONE',  ( 17.30998483161299006, -46.10192160586022680, 75.78361425939201013 ) ) ;
#1940 = DIRECTION ( 'NONE',  ( 0.000000000000000000, 0.000000000000000000, 1.000000000000000000 ) ) ;
#1941 = AXIS2_PLACEMENT_3D ( 'NONE', #698, #1340, #888 ) ;
#1942 = VERTEX_POINT ( 'NONE', #86 ) ;
#1943 = CARTESIAN_POINT ( 'NONE',  ( 6.557203957057568644, -44.58415717979257664, 74.29072276455319468 ) ) ;
#1944 = CARTESIAN_POINT ( 'NONE',  ( 6.673807117990461002, 48.35322124227419494, 73.46367966583477482 ) ) ;
#1945 = CARTESIAN_POINT ( 'NONE',  ( 14.64098309241885154, 40.58050521444759795, 70.13822129246703696 ) ) ;
#1946 = ADVANCED_FACE ( 'NONE', ( #2063 ), #1392, .T. ) ;
#1947 = ORIENTED_EDGE ( 'NONE', *, *, #1068, .F. ) ;
#1948 = CARTESIAN_POINT ( 'NONE',  ( 15.61878477691309008, 44.40456535672562666, 71.02939531742509871 ) ) ;
#1949 = ORIENTED_EDGE ( 'NONE', *, *, #1521, .F. ) ;
#1950 = CARTESIAN_POINT ( 'NONE',  ( 6.557203957057568644, -44.58415717979257664, 74.29072276455319468 ) ) ;
#1951 = CARTESIAN_POINT ( 'NONE',  ( 15.99482731548875591, -40.95136123291531050, 71.29013240429175369 ) ) ;
#1952 = AXIS2_PLACEMENT_3D ( 'NONE', #1973, #2003, #519 ) ;
#1953 = ADVANCED_FACE ( 'NONE', ( #607 ), #1678, .T. ) ;
#1954 = CARTESIAN_POINT ( 'NONE',  ( 10.13513312867345206, 47.60771523226217283, 72.29674335191225509 ) ) ;
#1955 = CARTESIAN_POINT ( 'NONE',  ( 5.465564331141154142, -43.42232952053518602, 73.68165267455165690 ) ) ;
#1956 = CARTESIAN_POINT ( 'NONE',  ( 16.80115420878928845, 40.01703155575294346, 71.61736144609253074 ) ) ;
#1957 = CARTESIAN_POINT ( 'NONE',  ( 31.94591808778345765, 0.000000000000000000, 6.652703644666137173 ) ) ;
#1958 = CARTESIAN_POINT ( 'NONE',  ( 19.59069121447728179, 41.22180248235969913, 84.29532635748302027 ) ) ;
#1959 = AXIS2_PLACEMENT_3D ( 'NONE', #1855, #1318, #869 ) ;
#1960 = CARTESIAN_POINT ( 'NONE',  ( 15.49617906190866812, 44.47729385802980318, 70.98985322994285241 ) ) ;
#1961 = ORIENTED_EDGE ( 'NONE', *, *, #642, .F. ) ;
#1962 = CARTESIAN_POINT ( 'NONE',  ( 5.706042033192258778, 48.63086539282350174, 74.37589363198875958 ) ) ;
#1963 = CARTESIAN_POINT ( 'NONE',  ( 16.80115420878928845, -40.01703155575294346, 71.61736144609253074 ) ) ;
#1964 = ORIENTED_EDGE ( 'NONE', *, *, #1700, .F. ) ;
#1965 = CARTESIAN_POINT ( 'NONE',  ( 12.77753831458431932, 46.84070524881135356, 71.58871301638119178 ) ) ;
#1966 = ADVANCED_FACE ( 'NONE', ( #1705, #1381 ), #1500, .F. ) ;
#1967 = CARTESIAN_POINT ( 'NONE',  ( 6.598132663185090507, -44.34475754840410389, 73.64635661395301724 ) ) ;
#1968 = CARTESIAN_POINT ( 'NONE',  ( 15.95476513021299603, -44.23592829277861682, 71.23888387791878074 ) ) ;
#1969 = DIRECTION ( 'NONE',  ( 1.000000000000000000, 0.000000000000000000, 0.000000000000000000 ) ) ;
#1970 = CARTESIAN_POINT ( 'NONE',  ( 16.08277288980190889, -40.10448294679599002, 70.52864888078556760 ) ) ;
#1971 = B_SPLINE_CURVE_WITH_KNOTS ( 'NONE', 3,
 ( #1767, #1911, #1559, #631, #1572, #121, #1546, #1112, #747, #1241, #1422, #601, #1101, #1230, #757, #1747 ),
 .UNSPECIFIED., .F., .F.,
 ( 4, 2, 2, 2, 2, 2, 2, 4 ),
 ( 0.000000000000000000, 0.0007990181137840612468, 0.001198527170676091762, 0.001598036227568122494, 0.001997545284460153225, 0.002397054341352183524, 0.002796563398244214255, 0.003196072455136244987 ),
 .UNSPECIFIED. ) ;
#1972 = DIRECTION ( 'NONE',  ( 1.000000000000000000, 0.000000000000000000, 0.000000000000000000 ) ) ;
#1973 = CARTESIAN_POINT ( 'NONE',  ( 0.000000000000000000, 0.000000000000000000, 84.17364817766693363 ) ) ;
#1974 = EDGE_LOOP ( 'NONE', ( #563 ) ) ;
#1975 = CARTESIAN_POINT ( 'NONE',  ( 9.129880811546721375, 44.65752619221626674, 83.89208349696369282 ) ) ;
#1976 = CARTESIAN_POINT ( 'NONE',  ( 6.595788257923970832, -43.25644692559624360, 73.59354704262381119 ) ) ;
#1977 = CARTESIAN_POINT ( 'NONE',  ( 17.90361025134148321, 40.35422628812246870, 75.80096055951088374 ) ) ;
#1978 = VERTEX_POINT ( 'NONE', #330 ) ;
#1979 = CARTESIAN_POINT ( 'NONE',  ( 20.54683493589615750, -45.19465497960653977, 84.00000000000000000 ) ) ;
#1980 = CARTESIAN_POINT ( 'NONE',  ( 0.000000000000000000, 0.000000000000000000, 83.82635182233306637 ) ) ;
#1981 = LINE ( 'NONE', #213, #1130 ) ;
#1982 = CARTESIAN_POINT ( 'NONE',  ( 7.389075042387120540, -45.03154275627131398, 77.39530792035071727 ) ) ;
#1983 = CARTESIAN_POINT ( 'NONE',  ( 16.07569894130476840, -40.10629653971363240, 70.52325802732342197 ) ) ;
#1984 = CARTESIAN_POINT ( 'NONE',  ( 6.557203957057574861, -44.58415717979256954, 74.29072276455319468 ) ) ;
#1985 = CARTESIAN_POINT ( 'NONE',  ( 6.850461729271535738, 42.97408250521628759, 72.27370024453946940 ) ) ;
#1986 = EDGE_CURVE ( 'NONE', #1568, #678, #1197, .T. ) ;
#1987 = DATE_AND_TIME ( #221, #1600 ) ;
#1988 = CARTESIAN_POINT ( 'NONE',  ( 16.37157246027232915, -40.03880827474878146, 70.79842894470895942 ) ) ;
#1989 = CARTESIAN_POINT ( 'NONE',  ( 5.706042033192242791, -48.63086539282357990, 74.37589363198873116 ) ) ;
#1990 =( BOUNDED_CURVE ( )  B_SPLINE_CURVE ( 3, ( #1616, #1328, #1452, #323 ),
 .UNSPECIFIED., .F., .T. ) 
 B_SPLINE_CURVE_WITH_KNOTS ( ( 4, 4 ),
 ( 4.340300269142744582, 4.401508811301684254 ),
 .UNSPECIFIED. ) 
 CURVE ( )  GEOMETRIC_REPRESENTATION_ITEM ( )  RATIONAL_B_SPLINE_CURVE ( ( 1.000000000000000000, 0.9996878172314611621, 0.9996878172314611621, 1.000000000000000000 ) ) 
 REPRESENTATION_ITEM ( '' )  );
#1991 = CARTESIAN_POINT ( 'NONE',  ( 20.54683493589615750, -45.19465497960653977, 85.00000000000000000 ) ) ;
#1992 = ORIENTED_EDGE ( 'NONE', *, *, #1017, .T. ) ;
#1993 = DIRECTION ( 'NONE',  ( -0.1636287770182351664, 0.9865219831972913411, 0.000000000000000000 ) ) ;
#1994 = B_SPLINE_CURVE_WITH_KNOTS ( 'NONE', 3,
 ( #1634, #1313, #699, #835, #997, #1985 ),
 .UNSPECIFIED., .F., .F.,
 ( 4, 2, 4 ),
 ( 0.000000000000000000, 0.004090054617273750429, 0.008180109234547500857 ),
 .UNSPECIFIED. ) ;
#1995 = PLANE ( 'NONE',  #1355 ) ;
#1996 = ADVANCED_FACE ( 'NONE', ( #737 ), #1070, .T. ) ;
#1997 = CARTESIAN_POINT ( 'NONE',  ( 16.13684978424339533, -45.71038553468989818, 71.49716310192779645 ) ) ;
#1998 = B_SPLINE_CURVE_WITH_KNOTS ( 'NONE', 3,
 ( #1165, #1824, #56, #196, #1026, #705, #1663, #561, #878, #225, #1343, #67 ),
 .UNSPECIFIED., .F., .F.,
 ( 4, 2, 2, 2, 2, 4 ),
 ( 0.000000000000000000, 0.0004392743292854753745, 0.0008785486585709507490, 0.001317822987856426178, 0.001537460152499181944, 0.001757097317141937494 ),
 .UNSPECIFIED. ) ;
#1999 = PERSON_AND_ORGANIZATION ( #1126, #1224 ) ;
#2000 = DIRECTION ( 'NONE',  ( -0.2581975185419291829, 0.06926053536108660313, -0.9636062575867210267 ) ) ;
#2001 = CARTESIAN_POINT ( 'NONE',  ( 7.150589229617944298, 48.00290616615534134, 71.92640388920560213 ) ) ;
#2002 = ADVANCED_FACE ( 'NONE', ( #1566 ), #1579, .T. ) ;
#2003 = DIRECTION ( 'NONE',  ( 0.000000000000000000, 0.000000000000000000, 1.000000000000000000 ) ) ;
#2004 = ORIENTED_EDGE ( 'NONE', *, *, #816, .F. ) ;
#2005 =( BOUNDED_SURFACE ( )  B_SPLINE_SURFACE ( 3, 2, ( 
 ( #24, #183, #1179 ),
 ( #202, #1660, #1142 ),
 ( #42, #824, #1838 ),
 ( #1323, #1997, #540 ),
 ( #523, #987, #1008 ),
 ( #1968, #341, #682 ),
 ( #1829, #1161, #1821 ),
 ( #977, #1648, #1152 ),
 ( #209, #192, #359 ),
 ( #843, #1494, #690 ),
 ( #1249, #1569, #1408 ),
 ( #1733, #1055, #1021 ),
 ( #425, #746, #220 ),
 ( #1217, #289, #767 ) ),
 .UNSPECIFIED., .F., .F., .F. ) 
 B_SPLINE_SURFACE_WITH_KNOTS ( ( 4, 2, 2, 2, 2, 2, 4 ),
 ( 3, 3 ),
 ( 0.001983460340422163373, 0.002384738084634106976, 0.002786015828846050146, 0.003588571317269936486, 0.003989849061481879657, 0.004391126805693822827, 0.005193682294117709167 ),
 ( 0.000000000000000000, 1.000000000000000000 ),
 .UNSPECIFIED. ) 
 GEOMETRIC_REPRESENTATION_ITEM ( )  RATIONAL_B_SPLINE_SURFACE ( (
 ( 1.000000000000000000, 0.5524776256503188820, 1.000000000000000000),
 ( 1.000000000000000000, 0.5504129078021040566, 1.000000000000000000),
 ( 1.000000000000000000, 0.5496772905781327490, 1.000000000000000000),
 ( 1.000000000000000000, 0.5507401421797500918, 1.000000000000000000),
 ( 1.000000000000000000, 0.5525860902993156021, 1.000000000000000000),
 ( 1.000000000000000000, 0.5614495335484072092, 1.000000000000000000),
 ( 1.000000000000000000, 0.5719429157941198216, 1.000000000000000000),
 ( 1.000000000000000000, 0.5910898969433210359, 1.000000000000000000),
 ( 1.000000000000000000, 0.5981387713196845146, 1.000000000000000000),
 ( 1.000000000000000000, 0.6127872996440774100, 1.000000000000000000),
 ( 1.000000000000000000, 0.6203709354174331558, 1.000000000000000000),
 ( 1.000000000000000000, 0.6437037146246105124, 1.000000000000000000),
 ( 1.000000000000000000, 0.6598287316619584342, 1.000000000000000000),
 ( 1.000000000000000000, 0.6752250771957654107, 1.000000000000000000) ) ) 
 REPRESENTATION_ITEM ( '' )  SURFACE ( )  );
#2006 = CARTESIAN_POINT ( 'NONE',  ( 9.089446597264279504, -48.97690960944934346, 83.74118095489748725 ) ) ;
#2007 = CARTESIAN_POINT ( 'NONE',  ( 8.123520770975208194, -48.97690960944933636, 84.00000000000000000 ) ) ;
#2008 = DIRECTION ( 'NONE',  ( -0.3539264454274057559, 0.9352732601903689380, 0.000000000000000000 ) ) ;
#2009 =( BOUNDED_SURFACE ( )  B_SPLINE_SURFACE ( 3, 2, ( 
 ( #1703, #1889, #403 ),
 ( #1524, #429, #89 ),
 ( #586, #884, #1872 ),
 ( #1034, #1194, #410 ) ),
 .UNSPECIFIED., .F., .F., .F. ) 
 B_SPLINE_SURFACE_WITH_KNOTS ( ( 4, 4 ),
 ( 3, 3 ),
 ( 2.158073340912089133, 2.197532050176089768 ),
 ( 0.000000000000000000, 1.000000000000000000 ),
 .UNSPECIFIED. ) 
 GEOMETRIC_REPRESENTATION_ITEM ( )  RATIONAL_B_SPLINE_SURFACE ( (
 ( 1.000000000000000000, 0.7747888528448908518, 1.000000000000000000),
 ( 1.000000000000000000, 0.7700690086162930159, 1.000000000000000000),
 ( 1.000000000000000000, 0.7652074543624068914, 1.000000000000000000),
 ( 1.000000000000000000, 0.7601963143834542525, 1.000000000000000000) ) ) 
 REPRESENTATION_ITEM ( '' )  SURFACE ( )  );
#2010 = CARTESIAN_POINT ( 'NONE',  ( 6.526295134310562851, -48.49902163888096851, 74.17536946765919481 ) ) ;
#2011 = PRODUCT_RELATED_PRODUCT_CATEGORY ( 'detail', '', ( #1669 ) ) ;
#2012 = FACE_OUTER_BOUND ( 'NONE', #322, .T. ) ;
#2013 = AXIS2_PLACEMENT_3D ( 'NONE', #1692, #75, #897 ) ;
#2014 = AXIS2_PLACEMENT_3D ( 'NONE', #59, #387, #1190 ) ;
#2015 = CYLINDRICAL_SURFACE ( 'NONE', #839, 1.000000000000000888 ) ;
#2016 = CARTESIAN_POINT ( 'NONE',  ( 16.10921736427744122, 44.19046411374279160, 71.42955605066067903 ) ) ;
#2017 = ORIENTED_EDGE ( 'NONE', *, *, #15, .T. ) ;
#2018 = DIRECTION ( 'NONE',  ( -0.000000000000000000, -0.000000000000000000, -1.000000000000000000 ) ) ;
#2019 = EDGE_CURVE ( 'NONE', #1431, #129, #474, .T. ) ;
#2020 = AXIS2_PLACEMENT_3D ( 'NONE', #1682, #704, #1000 ) ;
#2021 = CARTESIAN_POINT ( 'NONE',  ( 12.77753831457867584, -46.84070524880237940, 71.58871301637492479 ) ) ;
#2022 = CARTESIAN_POINT ( 'NONE',  ( 6.555751868138311345, -47.46831502585581575, 73.77023528003232400 ) ) ;
#2023 = DIRECTION ( 'NONE',  ( -0.000000000000000000, -1.000000000000000000, -0.000000000000000000 ) ) ;
#2024 = EDGE_CURVE ( 'NONE', #1655, #5, #1409, .T. ) ;
#2025 = CIRCLE ( 'NONE', #1744, 1.000000000000002665 ) ;
#2026 = CARTESIAN_POINT ( 'NONE',  ( 17.53913747917041732, 45.12835700417870299, 71.27006509075866347 ) ) ;
#2027 = CARTESIAN_POINT ( 'NONE',  ( 17.90361028762540130, -40.35422629922019411, 75.80096069720109142 ) ) ;
#2028 = EDGE_LOOP ( 'NONE', ( #1438, #1730, #650, #1592 ) ) ;
#2029 = CARTESIAN_POINT ( 'NONE',  ( 6.557203957057568644, -47.65276746465197988, 74.29072276455319468 ) ) ;
#2030 = DIRECTION ( 'NONE',  ( 0.8997682353063864991, -0.3637192424407217906, -0.2410921720255108924 ) ) ;
#2031 = TOROIDAL_SURFACE ( 'NONE', #1102, 46.59975993196810151, 1.000000000000000000 ) ;
#2032 = CARTESIAN_POINT ( 'NONE',  ( 6.815062677176711325, -47.24533380060029941, 73.32276578405790701 ) ) ;
#2033 = CARTESIAN_POINT ( 'NONE',  ( 17.53913747917041732, 45.12835700417870299, 71.27006509075866347 ) ) ;
#2034 = CARTESIAN_POINT ( 'NONE',  ( 6.067004039102281254, -43.16709826069316591, 72.69660214160181511 ) ) ;
#2035 = ORIENTED_EDGE ( 'NONE', *, *, #72, .T. ) ;
#2036 = LOCAL_TIME ( 23, 18, 45.00000000000000000, #1861 ) ;
#2037 = PLANE ( 'NONE',  #1605 ) ;
#2038 = DIRECTION ( 'NONE',  ( 0.000000000000000000, 1.000000000000000000, -0.000000000000000000 ) ) ;
#2039 = CARTESIAN_POINT ( 'NONE',  ( 16.31199645233021300, 45.33364727407295192, 69.92052284337687240 ) ) ;
#2040 = CARTESIAN_POINT ( 'NONE',  ( 8.139853383740451420, -42.70544638505334945, 71.92033063938535520 ) ) ;
#2041 = CARTESIAN_POINT ( 'NONE',  ( 19.58090910960709152, 45.19465497960653977, 84.25881904510251275 ) ) ;
#2042 = ORIENTED_EDGE ( 'NONE', *, *, #1411, .F. ) ;
#2043 = CARTESIAN_POINT ( 'NONE',  ( 16.80115420878931687, -40.01703155575300741, 71.61736144609260180 ) ) ;
#2044 = CARTESIAN_POINT ( 'NONE',  ( 15.11379674757984581, -41.50613451904884954, 70.96271445596082117 ) ) ;
#2045 = CIRCLE ( 'NONE', #208, 35.01090036882271761 ) ;
#2046 = FACE_OUTER_BOUND ( 'NONE', #149, .T. ) ;
#2047 = SPHERICAL_SURFACE ( 'NONE', #1270, 1.000000000000000000 ) ;
#2048 = CIRCLE ( 'NONE', #155, 1.000000000000000000 ) ;
#2049 = DIRECTION ( 'NONE',  ( 1.000000000000000000, 0.000000000000000000, -0.000000000000000000 ) ) ;
#2050 = EDGE_LOOP ( 'NONE', ( #887, #1393, #1777 ) ) ;
#2051 = FACE_OUTER_BOUND ( 'NONE', #1266, .T. ) ;
#2052 = ORIENTED_EDGE ( 'NONE', *, *, #15, .F. ) ;
#2053 = CARTESIAN_POINT ( 'NONE',  ( 9.903552877010724842, 43.39962204364240250, 72.35879509344896121 ) ) ;
#2054 =( BOUNDED_CURVE ( )  B_SPLINE_CURVE ( 3, ( #175, #1982, #1825, #1320 ),
 .UNSPECIFIED., .F., .T. ) 
 B_SPLINE_CURVE_WITH_KNOTS ( ( 4, 4 ),
 ( 4.092161775567403126, 4.134306093028435214 ),
 .UNSPECIFIED. ) 
 CURVE ( )  GEOMETRIC_REPRESENTATION_ITEM ( )  RATIONAL_B_SPLINE_CURVE ( ( 1.000000000000000000, 0.9998519935189490448, 0.9998519935189490448, 1.000000000000000000 ) ) 
 REPRESENTATION_ITEM ( '' )  );
#2055 = VECTOR ( 'NONE', #274, 1000.000000000000000 ) ;
#2056 = CARTESIAN_POINT ( 'NONE',  ( 20.95441391781382379, -46.09116247198566896, 83.82635182233306637 ) ) ;
#2057 = EDGE_CURVE ( 'NONE', #827, #461, #1636, .T. ) ;
#2058 = CARTESIAN_POINT ( 'NONE',  ( 6.815135235502225441, 47.24527755246212735, 73.32265768313673959 ) ) ;
#2059 = ADVANCED_FACE ( 'NONE', ( #637, #988 ), #25, .F. ) ;
#2060 = CARTESIAN_POINT ( 'NONE',  ( 6.625336219519982528, 44.31657895994123919, 73.58669755978341698 ) ) ;
#2061 = CARTESIAN_POINT ( 'NONE',  ( 16.21646221994828352, 40.92505527327224257, 71.70253231352810985 ) ) ;
#2062 = ORIENTED_EDGE ( 'NONE', *, *, #283, .F. ) ;
#2063 = FACE_OUTER_BOUND ( 'NONE', #285, .T. ) ;
#2064 = ORIENTED_EDGE ( 'NONE', *, *, #1843, .F. ) ;
#2065 = CARTESIAN_POINT ( 'NONE',  ( 19.58090910960708797, -41.82541332532289147, 84.25881904510251275 ) ) ;
#2066 = ORIENTED_EDGE ( 'NONE', *, *, #112, .F. ) ;
#2067 = CARTESIAN_POINT ( 'NONE',  ( 9.703441535233919168, 42.53007785294823151, 72.41241476593245352 ) ) ;
#2068 = FACE_OUTER_BOUND ( 'NONE', #164, .T. ) ;
#2069 = CARTESIAN_POINT ( 'NONE',  ( 7.017964705687987248, 47.13325304522012971, 73.15915866577252302 ) ) ;
#2070 = CARTESIAN_POINT ( 'NONE',  ( 6.599278347548200863, 43.41627394864757150, 74.44774652756167654 ) ) ;
#2071 = CARTESIAN_POINT ( 'NONE',  ( 7.424962948252791684, 49.52754700581934344, 80.67370883657031300 ) ) ;
#2072 = CC_DESIGN_PERSON_AND_ORGANIZATION_ASSIGNMENT ( #541, #844, ( #416 ) ) ;
#2073 = EDGE_LOOP ( 'NONE', ( #1250, #1257, #262, #187 ) ) ;
#2074 = ADVANCED_FACE ( 'NONE', ( #1624 ), #1129, .T. ) ;
#2075 = CARTESIAN_POINT ( 'NONE',  ( 9.898862038042885558, -46.51055193473735727, 72.36005199996222359 ) ) ;
#2076 = ORIENTED_EDGE ( 'NONE', *, *, #1773, .T. ) ;
#2077 = CARTESIAN_POINT ( 'NONE',  ( 0.000000000000000000, 0.000000000000000000, 0.8682408883346536266 ) ) ;
#2078 = ORIENTED_EDGE ( 'NONE', *, *, #960, .F. ) ;
#2079 = CARTESIAN_POINT ( 'NONE',  ( 7.264310738244025067, 43.94661117867297406, 73.06597789316164437 ) ) ;
#2080 = VERTEX_POINT ( 'NONE', #1153 ) ;
#2081 = CARTESIAN_POINT ( 'NONE',  ( 17.25463358452323348, -45.12148311300374814, 70.65287131703583157 ) ) ;
#2082 = CARTESIAN_POINT ( 'NONE',  ( 6.540747769685661517, 47.49439454382403625, 73.83381177285060915 ) ) ;
#2083 = CARTESIAN_POINT ( 'NONE',  ( 6.513670750986658931, 43.31808770465825376, 73.84925113166569588 ) ) ;
#2084 = CARTESIAN_POINT ( 'NONE',  ( 20.54683493589615750, -46.83217162458586103, 85.00000000000000000 ) ) ;
#2085 = ORIENTED_EDGE ( 'NONE', *, *, #1639, .F. ) ;
#2086 = CARTESIAN_POINT ( 'NONE',  ( 15.29042867061674116, 45.66470334529831376, 69.79024788857029193 ) ) ;
#2087 = ORIENTED_EDGE ( 'NONE', *, *, #727, .F. ) ;
#2088 = DIRECTION ( 'NONE',  ( 0.2588190451025081940, 0.000000000000000000, 0.9659258262890716429 ) ) ;
#2089 = ORIENTED_EDGE ( 'NONE', *, *, #1032, .T. ) ;
#2090 = CARTESIAN_POINT ( 'NONE',  ( 15.54779154258919149, -45.57594968092894305, 69.78386086338672101 ) ) ;
#2091 = CARTESIAN_POINT ( 'NONE',  ( 20.54683493589616106, -45.19465497960653977, 84.00000000000000000 ) ) ;
#2092 = CARTESIAN_POINT ( 'NONE',  ( 15.43146479936020476, 41.27566181403939538, 70.97578463116457215 ) ) ;
#2093 = ORIENTED_EDGE ( 'NONE', *, *, #1299, .F. ) ;
#2094 = AXIS2_PLACEMENT_3D ( 'NONE', #924, #1094, #1751 ) ;
#2095 = CARTESIAN_POINT ( 'NONE',  ( 15.04040685334880578, 45.75905878941459548, 69.85585152838554279 ) ) ;
#2096 = EDGE_LOOP ( 'NONE', ( #300, #1768, #336, #1356 ) ) ;
#2097 = DIRECTION ( 'NONE',  ( 0.000000000000000000, 0.000000000000000000, 1.000000000000000000 ) ) ;
ENDSEC;
END-ISO-10303-21;
