ISO-10303-21;
HEADER;
FILE_DESCRIPTION (( 'STEP AP203' ),
    '1' );
FILE_NAME ('G_281-01.STEP',
    '2026-08-08T09:39:40',
    ( 'TMP' ),
    ( '' ),
    'SwSTEP 2.0',
    'SolidWorks 2018',
    '' );
FILE_SCHEMA (( 'CONFIG_CONTROL_DESIGN' ));
ENDSEC;

DATA;
#1 = CARTESIAN_POINT ( 'NONE',  ( 73.00000000000000000, -50.75000000000000000, -189.4665844472575031 ) ) ;
#2 = DIRECTION ( 'NONE',  ( 0.000000000000000000, 0.000000000000000000, 1.000000000000000000 ) ) ;
#3 = VECTOR ( 'NONE', #1437, 1000.000000000000114 ) ;
#4 = CARTESIAN_POINT ( 'NONE',  ( -73.00000000000000000, -61.75000000000000000, 0.000000000000000000 ) ) ;
#5 = AXIS2_PLACEMENT_3D ( 'NONE', #435, #826, #1006 ) ;
#6 = CARTESIAN_POINT ( 'NONE',  ( 45.75000000000000711, -50.75000000000000000, 40.00000000000000000 ) ) ;
#7 = EDGE_CURVE ( 'NONE', #991, #1064, #179, .T. ) ;
#8 = DIRECTION ( 'NONE',  ( 0.000000000000000000, 0.000000000000000000, -1.000000000000000000 ) ) ;
#9 = DIRECTION ( 'NONE',  ( 0.000000000000000000, 0.000000000000000000, 1.000000000000000000 ) ) ;
#10 = CYLINDRICAL_SURFACE ( 'NONE', #1101, 4.999999999999997335 ) ;
#11 = FACE_OUTER_BOUND ( 'NONE', #86, .T. ) ;
#12 = LINE ( 'NONE', #1051, #594 ) ;
#13 = CARTESIAN_POINT ( 'NONE',  ( -73.00000000000000000, -50.75000000000000000, 20.00000000000000000 ) ) ;
#14 = LINE ( 'NONE', #1816, #1313 ) ;
#15 = AXIS2_PLACEMENT_3D ( 'NONE', #1179, #788, #266 ) ;
#16 = ORIENTED_EDGE ( 'NONE', *, *, #1265, .F. ) ;
#17 = DIRECTION ( 'NONE',  ( 0.000000000000000000, 0.000000000000000000, 1.000000000000000000 ) ) ;
#18 = AXIS2_PLACEMENT_3D ( 'NONE', #1380, #112, #1338 ) ;
#19 = CIRCLE ( 'NONE', #298, 11.00000000000000533 ) ;
#20 = EDGE_LOOP ( 'NONE', ( #387, #1253 ) ) ;
#21 = ORIENTED_EDGE ( 'NONE', *, *, #978, .T. ) ;
#22 = CARTESIAN_POINT ( 'NONE',  ( -67.49999999999998579, -50.75000000000000000, -189.4665844472575031 ) ) ;
#23 = ORIENTED_EDGE ( 'NONE', *, *, #120, .F. ) ;
#24 = ORIENTED_EDGE ( 'NONE', *, *, #738, .T. ) ;
#25 = FACE_BOUND ( 'NONE', #1661, .T. ) ;
#26 = ORIENTED_EDGE ( 'NONE', *, *, #274, .F. ) ;
#27 = CARTESIAN_POINT ( 'NONE',  ( 80.77817459305201453, -58.52817459305203585, 0.000000000000000000 ) ) ;
#28 = ORIENTED_EDGE ( 'NONE', *, *, #1068, .F. ) ;
#29 = CARTESIAN_POINT ( 'NONE',  ( -50.75000000000000000, -50.75000000000000000, 27.50000000000000000 ) ) ;
#30 = EDGE_CURVE ( 'NONE', #2042, #337, #971, .T. ) ;
#31 = EDGE_LOOP ( 'NONE', ( #1944, #1432, #1035, #218 ) ) ;
#32 = AXIS2_PLACEMENT_3D ( 'NONE', #1523, #1030, #1177 ) ;
#33 = VERTEX_POINT ( 'NONE', #1007 ) ;
#34 = DIRECTION ( 'NONE',  ( 0.000000000000000000, 0.000000000000000000, 1.000000000000000000 ) ) ;
#35 = CIRCLE ( 'NONE', #2026, 8.999999999999994671 ) ;
#36 = DIRECTION ( 'NONE',  ( 0.000000000000000000, 0.000000000000000000, -1.000000000000000000 ) ) ;
#37 = APPROVAL_PERSON_ORGANIZATION ( #1579, #468, #1485 ) ;
#38 = CARTESIAN_POINT ( 'NONE',  ( -61.75000000000000000, -56.75000000000000000, 20.00000000000000000 ) ) ;
#39 = DIRECTION ( 'NONE',  ( -0.7071067811865470176, -0.7071067811865480168, 0.000000000000000000 ) ) ;
#40 = DIRECTION ( 'NONE',  ( 0.000000000000000000, 0.000000000000000000, -1.000000000000000000 ) ) ;
#41 = CIRCLE ( 'NONE', #1404, 8.999999999999994671 ) ;
#42 = AXIS2_PLACEMENT_3D ( 'NONE', #2131, #1471, #172 ) ;
#43 = CARTESIAN_POINT ( 'NONE',  ( 73.00000000000000000, 50.75000000000000000, 19.00000000000000000 ) ) ;
#44 = CARTESIAN_POINT ( 'NONE',  ( -73.00000000000000000, -50.75000000000000000, 19.50000000000000000 ) ) ;
#45 = ADVANCED_FACE ( 'NONE', ( #861 ), #2090, .T. ) ;
#46 = CARTESIAN_POINT ( 'NONE',  ( 24.25000000000000000, 39.75000000000000000, 39.00000000000000000 ) ) ;
#47 = CIRCLE ( 'NONE', #1785, 5.500000000000005329 ) ;
#48 = DIRECTION ( 'NONE',  ( 0.000000000000000000, 0.000000000000000000, -1.000000000000000000 ) ) ;
#49 = DIRECTION ( 'NONE',  ( 1.000000000000000000, 0.000000000000000000, 0.000000000000000000 ) ) ;
#50 = LINE ( 'NONE', #1513, #1605 ) ;
#51 = ORIENTED_EDGE ( 'NONE', *, *, #577, .F. ) ;
#52 = EDGE_CURVE ( 'NONE', #1320, #743, #1270, .T. ) ;
#53 = DIRECTION ( 'NONE',  ( 0.000000000000000000, 0.000000000000000000, -1.000000000000000000 ) ) ;
#54 = VERTEX_POINT ( 'NONE', #638 ) ;
#55 = ORIENTED_EDGE ( 'NONE', *, *, #440, .T. ) ;
#56 = ORIENTED_EDGE ( 'NONE', *, *, #2083, .T. ) ;
#57 = CARTESIAN_POINT ( 'NONE',  ( 73.00000000000000000, 50.75000000000000000, 19.00000000000000000 ) ) ;
#58 = VERTEX_POINT ( 'NONE', #1910 ) ;
#59 = VERTEX_POINT ( 'NONE', #133 ) ;
#60 = DIRECTION ( 'NONE',  ( 0.000000000000000000, 0.000000000000000000, -1.000000000000000000 ) ) ;
#61 = AXIS2_PLACEMENT_3D ( 'NONE', #508, #1704, #1443 ) ;
#62 = CIRCLE ( 'NONE', #245, 23.50000000000000000 ) ;
#63 = ORIENTED_EDGE ( 'NONE', *, *, #1594, .T. ) ;
#64 = DIRECTION ( 'NONE',  ( 0.000000000000000000, 0.000000000000000000, -1.000000000000000000 ) ) ;
#65 = ORIENTED_EDGE ( 'NONE', *, *, #783, .F. ) ;
#66 = CARTESIAN_POINT ( 'NONE',  ( 45.75000000000000711, -50.75000000000000000, 15.00000000000000000 ) ) ;
#67 = ORIENTED_EDGE ( 'NONE', *, *, #1578, .F. ) ;
#68 = ADVANCED_FACE ( 'NONE', ( #437 ), #639, .F. ) ;
#69 = DIRECTION ( 'NONE',  ( 1.224606353822375779E-16, -1.000000000000000000, 0.000000000000000000 ) ) ;
#70 = DIRECTION ( 'NONE',  ( 0.000000000000000000, 0.000000000000000000, 1.000000000000000000 ) ) ;
#71 = DIRECTION ( 'NONE',  ( 0.000000000000000000, 0.000000000000000000, -1.000000000000000000 ) ) ;
#72 = EDGE_CURVE ( 'NONE', #1023, #696, #1047, .T. ) ;
#73 = CARTESIAN_POINT ( 'NONE',  ( 45.75000000000000711, 50.75000000000000000, 40.00000000000000000 ) ) ;
#74 = DIRECTION ( 'NONE',  ( 0.000000000000000000, 1.000000000000000000, 0.000000000000000000 ) ) ;
#75 = CONICAL_SURFACE ( 'NONE', #806, 2.500000000000002220, 1.029744258676654534 ) ;
#76 = CARTESIAN_POINT ( 'NONE',  ( 73.00000000000000000, -50.75000000000000000, 19.00000000000000000 ) ) ;
#77 = DIRECTION ( 'NONE',  ( 0.000000000000000000, 0.000000000000000000, 1.000000000000000000 ) ) ;
#78 = AXIS2_PLACEMENT_3D ( 'NONE', #837, #877, #913 ) ;
#79 = CARTESIAN_POINT ( 'NONE',  ( 84.00000000000000000, -54.50320094911329960, 0.000000000000000000 ) ) ;
#80 = EDGE_CURVE ( 'NONE', #1717, #1427, #1445, .T. ) ;
#81 = CARTESIAN_POINT ( 'NONE',  ( -73.00000000000000000, 50.75000000000000000, 19.00000000000000000 ) ) ;
#82 = EDGE_CURVE ( 'NONE', #743, #1320, #283, .T. ) ;
#83 = CIRCLE ( 'NONE', #138, 11.00000000000000533 ) ;
#84 = VERTEX_POINT ( 'NONE', #1599 ) ;
#85 = DIRECTION ( 'NONE',  ( 0.000000000000000000, 0.000000000000000000, -1.000000000000000000 ) ) ;
#86 = EDGE_LOOP ( 'NONE', ( #700, #1316, #1424, #1149 ) ) ;
#87 = AXIS2_PLACEMENT_3D ( 'NONE', #1818, #1095, #880 ) ;
#88 = PERSON_AND_ORGANIZATION_ROLE ( 'design_supplier' ) ;
#89 = ORIENTED_EDGE ( 'NONE', *, *, #1799, .F. ) ;
#90 = ORIENTED_EDGE ( 'NONE', *, *, #2113, .T. ) ;
#91 = DIRECTION ( 'NONE',  ( 0.000000000000000000, 0.000000000000000000, 1.000000000000000000 ) ) ;
#92 = ORIENTED_EDGE ( 'NONE', *, *, #1849, .T. ) ;
#93 = CARTESIAN_POINT ( 'NONE',  ( 84.00000000000000000, -54.50320094911329960, 20.00000000000000000 ) ) ;
#94 = VERTEX_POINT ( 'NONE', #203 ) ;
#95 = DIRECTION ( 'NONE',  ( 0.7071067811865480168, -0.7071067811865470176, 0.000000000000000000 ) ) ;
#96 = EDGE_CURVE ( 'NONE', #1863, #494, #540, .T. ) ;
#97 = AXIS2_PLACEMENT_3D ( 'NONE', #1847, #836, #1712 ) ;
#98 = ORIENTED_EDGE ( 'NONE', *, *, #1543, .T. ) ;
#99 = VERTEX_POINT ( 'NONE', #1438 ) ;
#100 = ORIENTED_EDGE ( 'NONE', *, *, #635, .F. ) ;
#101 = EDGE_CURVE ( 'NONE', #893, #1000, #1120, .T. ) ;
#102 = VECTOR ( 'NONE', #1383, 1000.000000000000000 ) ;
#103 = VECTOR ( 'NONE', #522, 1000.000000000000000 ) ;
#104 = CARTESIAN_POINT ( 'NONE',  ( 73.00000000000000000, -50.75000000000000000, 0.000000000000000000 ) ) ;
#105 = DIRECTION ( 'NONE',  ( 0.000000000000000000, 0.000000000000000000, -1.000000000000000000 ) ) ;
#106 = CYLINDRICAL_SURFACE ( 'NONE', #768, 11.00000000000000533 ) ;
#107 = CYLINDRICAL_SURFACE ( 'NONE', #216, 10.00000000000000178 ) ;
#108 = CARTESIAN_POINT ( 'NONE',  ( -20.24999999999999645, -35.75000000000000000, 39.00000000000000000 ) ) ;
#109 = EDGE_CURVE ( 'NONE', #1147, #1242, #1815, .T. ) ;
#110 = CARTESIAN_POINT ( 'NONE',  ( 50.75000000000000000, 50.75000000000000000, 40.00000000000000000 ) ) ;
#111 = AXIS2_PLACEMENT_3D ( 'NONE', #1747, #482, #1677 ) ;
#112 = DIRECTION ( 'NONE',  ( 0.000000000000000000, 0.000000000000000000, -1.000000000000000000 ) ) ;
#113 = EDGE_CURVE ( 'NONE', #1216, #2042, #1767, .T. ) ;
#114 = PLANE ( 'NONE',  #1498 ) ;
#115 = CYLINDRICAL_SURFACE ( 'NONE', #612, 5.500000000000005329 ) ;
#116 = FACE_BOUND ( 'NONE', #967, .T. ) ;
#117 = DIRECTION ( 'NONE',  ( 0.000000000000000000, 0.000000000000000000, 1.000000000000000000 ) ) ;
#118 = PERSON_AND_ORGANIZATION ( #1299, #1159 ) ;
#119 = VERTEX_POINT ( 'NONE', #2058 ) ;
#120 = EDGE_CURVE ( 'NONE', #2044, #759, #930, .T. ) ;
#121 = CARTESIAN_POINT ( 'NONE',  ( 45.75000000000000711, 50.75000000000000000, 15.00000000000000000 ) ) ;
#122 = VERTEX_POINT ( 'NONE', #572 ) ;
#123 = DIRECTION ( 'NONE',  ( -1.000000000000000000, 0.000000000000000000, 0.000000000000000000 ) ) ;
#124 = EDGE_LOOP ( 'NONE', ( #1582, #55, #1592, #1903 ) ) ;
#125 = CIRCLE ( 'NONE', #1089, 10.00000000000000178 ) ;
#126 = CYLINDRICAL_SURFACE ( 'NONE', #1307, 4.999999999999997335 ) ;
#127 = ORIENTED_EDGE ( 'NONE', *, *, #618, .T. ) ;
#128 = EDGE_CURVE ( 'NONE', #2109, #1396, #433, .T. ) ;
#129 = ORIENTED_EDGE ( 'NONE', *, *, #906, .T. ) ;
#130 = ORIENTED_EDGE ( 'NONE', *, *, #2031, .T. ) ;
#131 = EDGE_LOOP ( 'NONE', ( #261, #1855 ) ) ;
#132 = ORIENTED_EDGE ( 'NONE', *, *, #1407, .F. ) ;
#133 = CARTESIAN_POINT ( 'NONE',  ( -67.49999999999998579, -50.75000000000000000, 0.000000000000000000 ) ) ;
#134 = CARTESIAN_POINT ( 'NONE',  ( 34.25000000000000000, 39.75000000000000000, 40.00000000000000000 ) ) ;
#135 = CARTESIAN_POINT ( 'NONE',  ( -67.49999999999998579, 50.75000000000000000, -189.4665844472575031 ) ) ;
#136 = DIRECTION ( 'NONE',  ( 0.000000000000000000, 0.000000000000000000, -1.000000000000000000 ) ) ;
#137 = EDGE_CURVE ( 'NONE', #459, #1178, #1671, .T. ) ;
#138 = AXIS2_PLACEMENT_3D ( 'NONE', #912, #838, #582 ) ;
#139 = AXIS2_PLACEMENT_3D ( 'NONE', #1634, #36, #1296 ) ;
#140 = AXIS2_PLACEMENT_3D ( 'NONE', #1196, #279, #1473 ) ;
#141 = DIRECTION ( 'NONE',  ( 0.000000000000000000, 0.000000000000000000, -1.000000000000000000 ) ) ;
#142 = CYLINDRICAL_SURFACE ( 'NONE', #1952, 11.00000000000000533 ) ;
#143 = LINE ( 'NONE', #1738, #661 ) ;
#144 = EDGE_CURVE ( 'NONE', #825, #84, #125, .T. ) ;
#145 = CARTESIAN_POINT ( 'NONE',  ( -73.00000000000000000, -50.75000000000000000, 19.00000000000000000 ) ) ;
#146 = CYLINDRICAL_SURFACE ( 'NONE', #18, 23.50000000000000000 ) ;
#147 = VECTOR ( 'NONE', #1778, 1000.000000000000000 ) ;
#148 = ADVANCED_FACE ( 'NONE', ( #1696 ), #106, .T. ) ;
#149 = CIRCLE ( 'NONE', #1882, 5.500000000000005329 ) ;
#150 = VECTOR ( 'NONE', #1381, 1000.000000000000000 ) ;
#151 = VERTEX_POINT ( 'NONE', #1435 ) ;
#152 = CALENDAR_DATE ( 2026, 8, 8 ) ;
#153 = VERTEX_POINT ( 'NONE', #766 ) ;
#154 = ORIENTED_EDGE ( 'NONE', *, *, #352, .T. ) ;
#155 = ORIENTED_EDGE ( 'NONE', *, *, #611, .T. ) ;
#156 = FACE_OUTER_BOUND ( 'NONE', #1328, .T. ) ;
#157 = ORIENTED_EDGE ( 'NONE', *, *, #96, .T. ) ;
#158 = EDGE_CURVE ( 'NONE', #1135, #395, #970, .T. ) ;
#159 = ORIENTED_EDGE ( 'NONE', *, *, #164, .T. ) ;
#160 = ORIENTED_EDGE ( 'NONE', *, *, #742, .T. ) ;
#161 = DIRECTION ( 'NONE',  ( 1.000000000000000000, 0.000000000000000000, 0.000000000000000000 ) ) ;
#162 = EDGE_LOOP ( 'NONE', ( #565, #627, #1526, #2082 ) ) ;
#163 = DIRECTION ( 'NONE',  ( 0.000000000000000000, 0.000000000000000000, 1.000000000000000000 ) ) ;
#164 = EDGE_CURVE ( 'NONE', #759, #2044, #1132, .T. ) ;
#165 = EDGE_LOOP ( 'NONE', ( #1826, #857, #1499, #359 ) ) ;
#166 = DIRECTION ( 'NONE',  ( 1.000000000000000000, 0.000000000000000000, 0.000000000000000000 ) ) ;
#167 = EDGE_LOOP ( 'NONE', ( #257, #1939 ) ) ;
#168 = DIRECTION ( 'NONE',  ( 0.000000000000000000, 0.000000000000000000, -1.000000000000000000 ) ) ;
#169 = DIRECTION ( 'NONE',  ( 1.000000000000000000, 0.000000000000000000, 0.000000000000000000 ) ) ;
#170 = CARTESIAN_POINT ( 'NONE',  ( 61.75000000000000000, 27.87500000000000000, 20.00000000000000000 ) ) ;
#171 = AXIS2_PLACEMENT_3D ( 'NONE', #704, #1010, #1564 ) ;
#172 = DIRECTION ( 'NONE',  ( 1.000000000000000000, 0.000000000000000000, 0.000000000000000000 ) ) ;
#173 = DIRECTION ( 'NONE',  ( 0.000000000000000000, 0.000000000000000000, -1.000000000000000000 ) ) ;
#174 = EDGE_CURVE ( 'NONE', #1433, #1793, #1115, .T. ) ;
#175 = DIRECTION ( 'NONE',  ( -1.000000000000000000, 0.000000000000000000, 0.000000000000000000 ) ) ;
#176 = VECTOR ( 'NONE', #1660, 1000.000000000000114 ) ;
#177 = VECTOR ( 'NONE', #74, 1000.000000000000000 ) ;
#178 = DIRECTION ( 'NONE',  ( 1.000000000000000000, 0.000000000000000000, 0.000000000000000000 ) ) ;
#179 = CIRCLE ( 'NONE', #1537, 5.500000000000005329 ) ;
#180 = AXIS2_PLACEMENT_3D ( 'NONE', #1314, #781, #1789 ) ;
#181 = DIRECTION ( 'NONE',  ( 0.000000000000000000, 0.000000000000000000, 1.000000000000000000 ) ) ;
#182 = LINE ( 'NONE', #1164, #1174 ) ;
#183 = LINE ( 'NONE', #316, #1322 ) ;
#184 = ORIENTED_EDGE ( 'NONE', *, *, #158, .T. ) ;
#185 = ORIENTED_EDGE ( 'NONE', *, *, #1374, .T. ) ;
#186 = CIRCLE ( 'NONE', #537, 8.999999999999994671 ) ;
#187 = VERTEX_POINT ( 'NONE', #503 ) ;
#188 = EDGE_CURVE ( 'NONE', #329, #1976, #2127, .T. ) ;
#189 = CARTESIAN_POINT ( 'NONE',  ( 78.50000000000000000, 50.75000000000000000, 0.000000000000000000 ) ) ;
#190 = AXIS2_PLACEMENT_3D ( 'NONE', #767, #1080, #1871 ) ;
#191 = EDGE_LOOP ( 'NONE', ( #418, #159 ) ) ;
#192 = ORIENTED_EDGE ( 'NONE', *, *, #1531, .F. ) ;
#193 = CARTESIAN_POINT ( 'NONE',  ( 89.42478834996289550, -61.75000000000000000, 20.00000000000000000 ) ) ;
#194 = ORIENTED_EDGE ( 'NONE', *, *, #101, .T. ) ;
#195 = VERTEX_POINT ( 'NONE', #1220 ) ;
#196 = EDGE_LOOP ( 'NONE', ( #363, #1038, #1434 ) ) ;
#197 = FACE_OUTER_BOUND ( 'NONE', #1853, .T. ) ;
#198 = APPROVAL_PERSON_ORGANIZATION ( #1391, #1143, #1654 ) ;
#199 = CARTESIAN_POINT ( 'NONE',  ( -61.75000000000000000, -56.75000000000000000, 20.00000000000000000 ) ) ;
#200 = LINE ( 'NONE', #1073, #1569 ) ;
#201 = CARTESIAN_POINT ( 'NONE',  ( -60.96806870125670486, -57.53193129874329514, 40.00000000000000000 ) ) ;
#202 = CIRCLE ( 'NONE', #1558, 4.999999999999997335 ) ;
#203 = CARTESIAN_POINT ( 'NONE',  ( -80.77817459305201453, 58.52817459305202874, 0.000000000000000000 ) ) ;
#204 = CARTESIAN_POINT ( 'NONE',  ( -84.00000000000000000, 61.75000000000000000, 0.000000000000000000 ) ) ;
#205 = EDGE_CURVE ( 'NONE', #58, #99, #795, .T. ) ;
#206 = FACE_OUTER_BOUND ( 'NONE', #430, .T. ) ;
#207 = FACE_OUTER_BOUND ( 'NONE', #1715, .T. ) ;
#208 = FACE_BOUND ( 'NONE', #1528, .T. ) ;
#209 = LINE ( 'NONE', #711, #235 ) ;
#210 = AXIS2_PLACEMENT_3D ( 'NONE', #1278, #1581, #1515 ) ;
#211 = VECTOR ( 'NONE', #1743, 1000.000000000000000 ) ;
#212 = DIRECTION ( 'NONE',  ( 1.000000000000000000, 0.000000000000000000, 0.000000000000000000 ) ) ;
#213 = DIRECTION ( 'NONE',  ( -0.7071067811865472397, -0.7071067811865477948, 0.000000000000000000 ) ) ;
#214 = DIRECTION ( 'NONE',  ( 0.000000000000000000, 0.000000000000000000, 1.000000000000000000 ) ) ;
#215 = EDGE_CURVE ( 'NONE', #228, #1686, #1409, .T. ) ;
#216 = AXIS2_PLACEMENT_3D ( 'NONE', #799, #2132, #1302 ) ;
#217 = DIRECTION ( 'NONE',  ( 0.000000000000000000, 0.000000000000000000, 1.000000000000000000 ) ) ;
#218 = ORIENTED_EDGE ( 'NONE', *, *, #304, .F. ) ;
#219 = PLANE ( 'NONE',  #1990 ) ;
#220 = DIRECTION ( 'NONE',  ( 0.000000000000000000, 0.000000000000000000, -1.000000000000000000 ) ) ;
#221 = ORIENTED_EDGE ( 'NONE', *, *, #72, .F. ) ;
#222 = DIRECTION ( 'NONE',  ( 0.000000000000000000, 0.000000000000000000, 1.000000000000000000 ) ) ;
#223 = DATE_AND_TIME ( #655, #354 ) ;
#224 = ORIENTED_EDGE ( 'NONE', *, *, #614, .F. ) ;
#225 = CARTESIAN_POINT ( 'NONE',  ( 64.00000000000000000, -50.75000000000000000, 20.00000000000000000 ) ) ;
#226 = EDGE_LOOP ( 'NONE', ( #1559, #398, #1548, #1206 ) ) ;
#227 = AXIS2_PLACEMENT_3D ( 'NONE', #2059, #1672, #732 ) ;
#228 = VERTEX_POINT ( 'NONE', #1008 ) ;
#229 = VECTOR ( 'NONE', #568, 1000.000000000000000 ) ;
#230 = AXIS2_PLACEMENT_3D ( 'NONE', #1086, #1995, #1641 ) ;
#231 = AXIS2_PLACEMENT_3D ( 'NONE', #557, #721, #992 ) ;
#232 = EDGE_CURVE ( 'NONE', #1433, #1825, #401, .T. ) ;
#233 = ORIENTED_EDGE ( 'NONE', *, *, #1110, .T. ) ;
#234 = VERTEX_POINT ( 'NONE', #239 ) ;
#235 = VECTOR ( 'NONE', #576, 1000.000000000000000 ) ;
#236 = ORIENTED_EDGE ( 'NONE', *, *, #1447, .T. ) ;
#237 = ADVANCED_FACE ( 'NONE', ( #1562 ), #1469, .T. ) ;
#238 = ORIENTED_EDGE ( 'NONE', *, *, #1749, .T. ) ;
#239 = CARTESIAN_POINT ( 'NONE',  ( 64.00000000000000000, -50.75000000000000000, 19.00000000000000000 ) ) ;
#240 = CIRCLE ( 'NONE', #2048, 4.999999999999997335 ) ;
#241 = DIRECTION ( 'NONE',  ( 0.000000000000000000, 0.000000000000000000, -1.000000000000000000 ) ) ;
#242 = VECTOR ( 'NONE', #246, 1000.000000000000000 ) ;
#243 = DIRECTION ( 'NONE',  ( 0.000000000000000000, 0.000000000000000000, -1.000000000000000000 ) ) ;
#244 = ADVANCED_FACE ( 'NONE', ( #1225 ), #609, .F. ) ;
#245 = AXIS2_PLACEMENT_3D ( 'NONE', #322, #296, #357 ) ;
#246 = DIRECTION ( 'NONE',  ( 0.000000000000000000, 0.000000000000000000, 1.000000000000000000 ) ) ;
#247 = DIRECTION ( 'NONE',  ( 1.000000000000000000, 0.000000000000000000, 0.000000000000000000 ) ) ;
#248 = CARTESIAN_POINT ( 'NONE',  ( -55.75000000000000000, -50.75000000000000000, 27.50000000000000000 ) ) ;
#249 = CARTESIAN_POINT ( 'NONE',  ( -55.75000000000000000, 50.75000000000000000, 40.00000000000000000 ) ) ;
#250 = EDGE_CURVE ( 'NONE', #1519, #1064, #1868, .T. ) ;
#251 = DIRECTION ( 'NONE',  ( 0.000000000000000000, 0.000000000000000000, -1.000000000000000000 ) ) ;
#252 = DIRECTION ( 'NONE',  ( 0.000000000000000000, 0.000000000000000000, 1.000000000000000000 ) ) ;
#253 = CYLINDRICAL_SURFACE ( 'NONE', #1947, 23.50000000000000000 ) ;
#254 = CIRCLE ( 'NONE', #1850, 11.00000000000000533 ) ;
#255 = AXIS2_PLACEMENT_3D ( 'NONE', #110, #2100, #376 ) ;
#256 = LINE ( 'NONE', #1450, #371 ) ;
#257 = ORIENTED_EDGE ( 'NONE', *, *, #1374, .F. ) ;
#258 = ADVANCED_FACE ( 'NONE', ( #403 ), #1502, .T. ) ;
#259 = DIRECTION ( 'NONE',  ( 1.000000000000000000, 0.000000000000000000, 0.000000000000000000 ) ) ;
#260 = EDGE_LOOP ( 'NONE', ( #1356, #1022, #1727, #1212 ) ) ;
#261 = ORIENTED_EDGE ( 'NONE', *, *, #1945, .F. ) ;
#262 = ORIENTED_EDGE ( 'NONE', *, *, #863, .F. ) ;
#263 = ADVANCED_FACE ( 'NONE', ( #472 ), #1300, .T. ) ;
#264 = DIRECTION ( 'NONE',  ( 1.000000000000000000, 0.000000000000000000, 0.000000000000000000 ) ) ;
#265 = ORIENTED_EDGE ( 'NONE', *, *, #596, .T. ) ;
#266 = DIRECTION ( 'NONE',  ( 1.000000000000000000, 0.000000000000000000, 0.000000000000000000 ) ) ;
#267 = ORIENTED_EDGE ( 'NONE', *, *, #1197, .T. ) ;
#268 = LINE ( 'NONE', #1361, #1298 ) ;
#269 = VECTOR ( 'NONE', #554, 1000.000000000000000 ) ;
#270 = EDGE_LOOP ( 'NONE', ( #1493, #466 ) ) ;
#271 = DIRECTION ( 'NONE',  ( 0.000000000000000000, 0.000000000000000000, -1.000000000000000000 ) ) ;
#272 = CARTESIAN_POINT ( 'NONE',  ( -30.25000000000000000, -26.84999999999999787, 1.000000000000000000 ) ) ;
#273 = FACE_OUTER_BOUND ( 'NONE', #960, .T. ) ;
#274 = EDGE_CURVE ( 'NONE', #962, #337, #1359, .T. ) ;
#275 = LINE ( 'NONE', #1042, #1235 ) ;
#276 = CARTESIAN_POINT ( 'NONE',  ( 61.75000000000000000, 56.75000000000000000, 20.00000000000000000 ) ) ;
#277 = ADVANCED_FACE ( 'NONE', ( #1735 ), #707, .F. ) ;
#278 = CARTESIAN_POINT ( 'NONE',  ( -53.25000000000000711, 50.75000000000000000, 13.49784845243110176 ) ) ;
#279 = DIRECTION ( 'NONE',  ( 0.000000000000000000, 0.000000000000000000, 1.000000000000000000 ) ) ;
#280 = PRODUCT_DEFINITION ( 'UNKNOWN', '', #294, #777 ) ;
#281 = DIRECTION ( 'NONE',  ( 0.000000000000000000, 0.000000000000000000, -1.000000000000000000 ) ) ;
#282 = DIRECTION ( 'NONE',  ( 1.000000000000000000, 0.000000000000000000, 0.000000000000000000 ) ) ;
#283 = CIRCLE ( 'NONE', #1988, 10.00000000000000178 ) ;
#284 = AXIS2_PLACEMENT_3D ( 'NONE', #1923, #1335, #833 ) ;
#285 = DIRECTION ( 'NONE',  ( -0.7071067811865472397, -0.7071067811865477948, 0.000000000000000000 ) ) ;
#286 = EDGE_CURVE ( 'NONE', #1825, #1793, #1293, .T. ) ;
#287 = CARTESIAN_POINT ( 'NONE',  ( -45.75000000000000711, -50.75000000000000000, 40.00000000000000000 ) ) ;
#288 = DIRECTION ( 'NONE',  ( 0.000000000000000000, 0.000000000000000000, 1.000000000000000000 ) ) ;
#289 = DIRECTION ( 'NONE',  ( -0.7071067811865472397, 0.7071067811865477948, 0.000000000000000000 ) ) ;
#290 = PLANE ( 'NONE',  #647 ) ;
#291 = VERTEX_POINT ( 'NONE', #865 ) ;
#292 = DIRECTION ( 'NONE',  ( 0.000000000000000000, 0.000000000000000000, 1.000000000000000000 ) ) ;
#293 = CIRCLE ( 'NONE', #1828, 5.500000000000005329 ) ;
#294 = PRODUCT_DEFINITION_FORMATION_WITH_SPECIFIED_SOURCE ( 'ANY', '', #1016, .NOT_KNOWN. ) ;
#295 = ORIENTED_EDGE ( 'NONE', *, *, #2123, .T. ) ;
#296 = DIRECTION ( 'NONE',  ( 0.000000000000000000, 0.000000000000000000, 1.000000000000000000 ) ) ;
#297 = ORIENTED_EDGE ( 'NONE', *, *, #1799, .T. ) ;
#298 = AXIS2_PLACEMENT_3D ( 'NONE', #506, #1119, #574 ) ;
#299 = ORIENTED_EDGE ( 'NONE', *, *, #1849, .F. ) ;
#300 = DIRECTION ( 'NONE',  ( 0.000000000000000000, 0.000000000000000000, 1.000000000000000000 ) ) ;
#301 = AXIS2_PLACEMENT_3D ( 'NONE', #44, #801, #1505 ) ;
#302 = VERTEX_POINT ( 'NONE', #1044 ) ;
#303 = ORIENTED_EDGE ( 'NONE', *, *, #367, .F. ) ;
#304 = EDGE_CURVE ( 'NONE', #500, #1686, #959, .T. ) ;
#305 = EDGE_LOOP ( 'NONE', ( #592, #491, #502, #993, #391, #267, #428, #1561, #132, #628 ) ) ;
#306 = EDGE_LOOP ( 'NONE', ( #1800, #1655, #1209, #590 ) ) ;
#307 = CARTESIAN_POINT ( 'NONE',  ( 80.77817459305201453, 58.52817459305202874, 20.00000000000000000 ) ) ;
#308 = DIRECTION ( 'NONE',  ( 1.000000000000000000, 0.000000000000000000, 0.000000000000000000 ) ) ;
#309 = CARTESIAN_POINT ( 'NONE',  ( 78.50000000000000000, -50.75000000000000000, 19.00000000000000000 ) ) ;
#310 = VECTOR ( 'NONE', #1096, 1000.000000000000000 ) ;
#311 = CIRCLE ( 'NONE', #284, 5.500000000000005329 ) ;
#312 = CARTESIAN_POINT ( 'NONE',  ( -73.00000000000000000, 50.75000000000000000, 20.00000000000000000 ) ) ;
#313 = ADVANCED_FACE ( 'NONE', ( #1773 ), #1806, .T. ) ;
#314 = CARTESIAN_POINT ( 'NONE',  ( -67.49999999999998579, 50.75000000000000000, 19.00000000000000000 ) ) ;
#315 = LINE ( 'NONE', #478, #412 ) ;
#316 = CARTESIAN_POINT ( 'NONE',  ( 53.25000000000000711, -50.75000000000000000, 13.49784845243110176 ) ) ;
#317 = VECTOR ( 'NONE', #1363, 1000.000000000000000 ) ;
#318 = CARTESIAN_POINT ( 'NONE',  ( -30.25000000000000000, -26.84999999999999787, 0.000000000000000000 ) ) ;
#319 = EDGE_CURVE ( 'NONE', #595, #54, #1917, .T. ) ;
#320 = ORIENTED_EDGE ( 'NONE', *, *, #724, .F. ) ;
#321 = VERTEX_POINT ( 'NONE', #979 ) ;
#322 = CARTESIAN_POINT ( 'NONE',  ( 24.25000000000000000, 27.15000000000000213, 0.000000000000000000 ) ) ;
#323 = DIRECTION ( 'NONE',  ( 1.000000000000000000, 0.000000000000000000, 0.000000000000000000 ) ) ;
#324 = ORIENTED_EDGE ( 'NONE', *, *, #1765, .F. ) ;
#325 = EDGE_CURVE ( 'NONE', #1357, #637, #734, .T. ) ;
#326 = DIRECTION ( 'NONE',  ( 1.000000000000000000, 0.000000000000000000, 0.000000000000000000 ) ) ;
#327 = FACE_OUTER_BOUND ( 'NONE', #2039, .T. ) ;
#328 = VECTOR ( 'NONE', #1224, 1000.000000000000000 ) ;
#329 = VERTEX_POINT ( 'NONE', #276 ) ;
#330 = DIRECTION ( 'NONE',  ( 0.000000000000000000, 0.000000000000000000, -1.000000000000000000 ) ) ;
#331 = CONICAL_SURFACE ( 'NONE', #1682, 2.500000000000002220, 1.029744258676654534 ) ;
#332 = EDGE_LOOP ( 'NONE', ( #2124, #1166 ) ) ;
#333 = DIRECTION ( 'NONE',  ( 1.000000000000000000, 0.000000000000000000, 0.000000000000000000 ) ) ;
#334 = VERTEX_POINT ( 'NONE', #1333 ) ;
#335 = AXIS2_PLACEMENT_3D ( 'NONE', #1680, #1511, #839 ) ;
#336 = AXIS2_PLACEMENT_3D ( 'NONE', #312, #348, #1504 ) ;
#337 = VERTEX_POINT ( 'NONE', #1736 ) ;
#338 = CARTESIAN_POINT ( 'NONE',  ( -84.00000000000000000, -54.50320094911329960, 20.00000000000000000 ) ) ;
#339 = ORIENTED_EDGE ( 'NONE', *, *, #1586, .T. ) ;
#340 = CARTESIAN_POINT ( 'NONE',  ( 81.99999999999998579, 50.75000000000000000, 20.00000000000000000 ) ) ;
#341 = ADVANCED_FACE ( 'NONE', ( #206 ), #107, .F. ) ;
#342 = ORIENTED_EDGE ( 'NONE', *, *, #809, .T. ) ;
#343 = LINE ( 'NONE', #400, #841 ) ;
#344 = CARTESIAN_POINT ( 'NONE',  ( 53.25000000000000711, 50.75000000000000000, 13.49784845243110176 ) ) ;
#345 = CARTESIAN_POINT ( 'NONE',  ( -6.749999999999999112, -26.84999999999999432, 0.000000000000000000 ) ) ;
#346 = DIRECTION ( 'NONE',  ( 1.000000000000000000, 0.000000000000000000, 0.000000000000000000 ) ) ;
#347 = DIRECTION ( 'NONE',  ( 0.000000000000000000, 0.000000000000000000, 1.000000000000000000 ) ) ;
#348 = DIRECTION ( 'NONE',  ( 0.000000000000000000, 0.000000000000000000, -1.000000000000000000 ) ) ;
#349 =( GEOMETRIC_REPRESENTATION_CONTEXT ( 3 ) GLOBAL_UNCERTAINTY_ASSIGNED_CONTEXT ( ( #2108 ) ) GLOBAL_UNIT_ASSIGNED_CONTEXT ( ( #1418, #1204, #778 ) ) REPRESENTATION_CONTEXT ( 'NONE', 'WORKASPACE' ) );
#350 = VECTOR ( 'NONE', #2122, 1000.000000000000000 ) ;
#351 = AXIS2_PLACEMENT_3D ( 'NONE', #76, #141, #1570 ) ;
#352 = EDGE_CURVE ( 'NONE', #1139, #1972, #1163, .T. ) ;
#353 = DIRECTION ( 'NONE',  ( 1.000000000000000000, 0.000000000000000000, 0.000000000000000000 ) ) ;
#354 = LOCAL_TIME ( 12, 39, 40.00000000000000000, #1208 ) ;
#355 = AXIS2_PLACEMENT_3D ( 'NONE', #318, #1480, #485 ) ;
#356 = ORIENTED_EDGE ( 'NONE', *, *, #440, .F. ) ;
#357 = DIRECTION ( 'NONE',  ( -1.000000000000000000, 0.000000000000000000, 0.000000000000000000 ) ) ;
#358 = LINE ( 'NONE', #1390, #2036 ) ;
#359 = ORIENTED_EDGE ( 'NONE', *, *, #1620, .F. ) ;
#360 = CARTESIAN_POINT ( 'NONE',  ( 50.75000000000000000, 50.75000000000000000, 13.49784845243110176 ) ) ;
#361 = ORIENTED_EDGE ( 'NONE', *, *, #1709, .T. ) ;
#362 = ORIENTED_EDGE ( 'NONE', *, *, #1118, .T. ) ;
#363 = ORIENTED_EDGE ( 'NONE', *, *, #232, .F. ) ;
#364 = ORIENTED_EDGE ( 'NONE', *, *, #1110, .F. ) ;
#365 = EDGE_LOOP ( 'NONE', ( #1552, #564, #1176, #623, #2073, #2013, #558, #890 ) ) ;
#366 = VECTOR ( 'NONE', #95, 1000.000000000000000 ) ;
#367 = EDGE_CURVE ( 'NONE', #665, #531, #1192, .T. ) ;
#368 = ORIENTED_EDGE ( 'NONE', *, *, #1401, .T. ) ;
#369 = AXIS2_PLACEMENT_3D ( 'NONE', #798, #977, #504 ) ;
#370 = DIRECTION ( 'NONE',  ( 0.000000000000000000, 0.000000000000000000, 1.000000000000000000 ) ) ;
#371 = VECTOR ( 'NONE', #519, 1000.000000000000000 ) ;
#372 = CARTESIAN_POINT ( 'NONE',  ( 56.75000000000000000, 61.75000000000000000, 20.00000000000000000 ) ) ;
#373 = DIRECTION ( 'NONE',  ( 1.000000000000000000, 0.000000000000000000, 0.000000000000000000 ) ) ;
#374 = DIRECTION ( 'NONE',  ( 1.000000000000000000, 0.000000000000000000, 0.000000000000000000 ) ) ;
#375 = EDGE_CURVE ( 'NONE', #234, #595, #1094, .T. ) ;
#376 = DIRECTION ( 'NONE',  ( 1.000000000000000000, 0.000000000000000000, 0.000000000000000000 ) ) ;
#377 = CARTESIAN_POINT ( 'NONE',  ( -1.478967689115030072E-15, -1.000000000000000000, 20.00000000000000000 ) ) ;
#378 = ADVANCED_FACE ( 'NONE', ( #546, #944 ), #1775, .F. ) ;
#379 = CARTESIAN_POINT ( 'NONE',  ( -6.749999999999999112, -26.84999999999999432, 0.000000000000000000 ) ) ;
#380 = CARTESIAN_POINT ( 'NONE',  ( -50.75000000000000000, -50.75000000000000000, 27.50000000000000000 ) ) ;
#381 = LINE ( 'NONE', #2035, #448 ) ;
#382 = CARTESIAN_POINT ( 'NONE',  ( -80.77817459305201453, -58.52817459305203585, 0.000000000000000000 ) ) ;
#383 = CARTESIAN_POINT ( 'NONE',  ( -32.38636363636364734, -26.84999999999999787, 1.000000000000000000 ) ) ;
#384 = CARTESIAN_POINT ( 'NONE',  ( 73.00000000000000000, -50.75000000000000000, 20.00000000000000000 ) ) ;
#385 = AXIS2_PLACEMENT_3D ( 'NONE', #616, #1337, #1162 ) ;
#386 = MANIFOLD_SOLID_BREP ( 'Imported1', #548 ) ;
#387 = ORIENTED_EDGE ( 'NONE', *, *, #2098, .T. ) ;
#388 = ADVANCED_FACE ( 'NONE', ( #207 ), #142, .T. ) ;
#389 = DIRECTION ( 'NONE',  ( -0.7071067811865472397, 0.7071067811865477948, 0.000000000000000000 ) ) ;
#390 = EDGE_LOOP ( 'NONE', ( #356, #1720, #2121, #786 ) ) ;
#391 = ORIENTED_EDGE ( 'NONE', *, *, #2028, .F. ) ;
#392 = ORIENTED_EDGE ( 'NONE', *, *, #1401, .F. ) ;
#393 = ADVANCED_FACE ( 'NONE', ( #445 ), #905, .F. ) ;
#394 = CIRCLE ( 'NONE', #336, 8.999999999999994671 ) ;
#395 = VERTEX_POINT ( 'NONE', #1957 ) ;
#396 = FACE_BOUND ( 'NONE', #1428, .T. ) ;
#397 = ORIENTED_EDGE ( 'NONE', *, *, #416, .T. ) ;
#398 = ORIENTED_EDGE ( 'NONE', *, *, #375, .T. ) ;
#399 = EDGE_LOOP ( 'NONE', ( #1251, #1364 ) ) ;
#400 = CARTESIAN_POINT ( 'NONE',  ( 80.77817459305201453, 58.52817459305203585, 0.000000000000000000 ) ) ;
#401 = LINE ( 'NONE', #344, #1199 ) ;
#402 = EDGE_CURVE ( 'NONE', #1976, #927, #2097, .T. ) ;
#403 = FACE_OUTER_BOUND ( 'NONE', #1628, .T. ) ;
#404 = CYLINDRICAL_SURFACE ( 'NONE', #1150, 10.00000000000000178 ) ;
#405 = DIRECTION ( 'NONE',  ( 1.000000000000000000, 0.000000000000000000, 0.000000000000000000 ) ) ;
#406 = DIRECTION ( 'NONE',  ( 0.000000000000000000, 0.000000000000000000, -1.000000000000000000 ) ) ;
#407 = VECTOR ( 'NONE', #902, 1000.000000000000000 ) ;
#408 = ADVANCED_FACE ( 'NONE', ( #674, #1083, #769, #1121, #1157, #208, #1195 ), #981, .T. ) ;
#409 = VECTOR ( 'NONE', #1744, 1000.000000000000000 ) ;
#410 = VECTOR ( 'NONE', #542, 1000.000000000000000 ) ;
#411 = LINE ( 'NONE', #709, #102 ) ;
#412 = VECTOR ( 'NONE', #509, 1000.000000000000000 ) ;
#413 = FACE_OUTER_BOUND ( 'NONE', #162, .T. ) ;
#414 = EDGE_CURVE ( 'NONE', #882, #465, #689, .T. ) ;
#415 = CARTESIAN_POINT ( 'NONE',  ( 24.25000000000000000, 27.15000000000000213, 0.000000000000000000 ) ) ;
#416 = EDGE_CURVE ( 'NONE', #1630, #991, #209, .T. ) ;
#417 = LINE ( 'NONE', #586, #1791 ) ;
#418 = ORIENTED_EDGE ( 'NONE', *, *, #120, .T. ) ;
#419 = ORIENTED_EDGE ( 'NONE', *, *, #80, .T. ) ;
#420 = CARTESIAN_POINT ( 'NONE',  ( 34.25000000000000000, 39.75000000000000000, 39.00000000000000000 ) ) ;
#421 = EDGE_LOOP ( 'NONE', ( #1982, #265, #1755, #1105 ) ) ;
#422 = FACE_BOUND ( 'NONE', #692, .T. ) ;
#423 = ORIENTED_EDGE ( 'NONE', *, *, #608, .F. ) ;
#424 = ORIENTED_EDGE ( 'NONE', *, *, #414, .F. ) ;
#425 = ORIENTED_EDGE ( 'NONE', *, *, #1422, .F. ) ;
#426 = CARTESIAN_POINT ( 'NONE',  ( -59.48975959717680695, 59.01024040282310068, 40.00000000000000000 ) ) ;
#427 = EDGE_CURVE ( 'NONE', #1616, #1111, #1377, .T. ) ;
#428 = ORIENTED_EDGE ( 'NONE', *, *, #842, .T. ) ;
#429 = LINE ( 'NONE', #27, #1802 ) ;
#430 = EDGE_LOOP ( 'NONE', ( #1834, #2119, #1282, #425 ) ) ;
#431 = CARTESIAN_POINT ( 'NONE',  ( -84.00000000000000000, -50.75000000000000000, 0.000000000000000000 ) ) ;
#432 = DIRECTION ( 'NONE',  ( 0.000000000000000000, 0.000000000000000000, 1.000000000000000000 ) ) ;
#433 = CIRCLE ( 'NONE', #1506, 10.00000000000000178 ) ;
#434 = ORIENTED_EDGE ( 'NONE', *, *, #804, .F. ) ;
#435 = CARTESIAN_POINT ( 'NONE',  ( -73.00000000000000000, 50.75000000000000000, 19.00000000000000000 ) ) ;
#436 = ADVANCED_FACE ( 'NONE', ( #1085 ), #1303, .F. ) ;
#437 = FACE_OUTER_BOUND ( 'NONE', #1758, .T. ) ;
#438 = DIRECTION ( 'NONE',  ( 1.000000000000000000, 0.000000000000000000, 0.000000000000000000 ) ) ;
#439 = CARTESIAN_POINT ( 'NONE',  ( -61.75000000000000000, 56.75000000000000000, 20.00000000000000000 ) ) ;
#440 = EDGE_CURVE ( 'NONE', #653, #302, #739, .T. ) ;
#441 = DIRECTION ( 'NONE',  ( 0.7071067811865472397, 0.7071067811865477948, 0.000000000000000000 ) ) ;
#442 = DIRECTION ( 'NONE',  ( 1.000000000000000000, 0.000000000000000000, 0.000000000000000000 ) ) ;
#443 = CARTESIAN_POINT ( 'NONE',  ( 50.75000000000000000, -50.75000000000000000, 15.00000000000000000 ) ) ;
#444 = DIRECTION ( 'NONE',  ( 1.000000000000000000, 0.000000000000000000, 0.000000000000000000 ) ) ;
#445 = FACE_OUTER_BOUND ( 'NONE', #390, .T. ) ;
#446 = ADVANCED_FACE ( 'NONE', ( #11 ), #1710, .T. ) ;
#447 = CARTESIAN_POINT ( 'NONE',  ( -56.75000000000000000, -61.75000000000000000, 20.00000000000000000 ) ) ;
#448 = VECTOR ( 'NONE', #648, 1000.000000000000000 ) ;
#449 = DIRECTION ( 'NONE',  ( 1.000000000000000000, 0.000000000000000000, 0.000000000000000000 ) ) ;
#450 = DIRECTION ( 'NONE',  ( 0.000000000000000000, 0.000000000000000000, 1.000000000000000000 ) ) ;
#451 = DIRECTION ( 'NONE',  ( 0.000000000000000000, 0.000000000000000000, 1.000000000000000000 ) ) ;
#452 = FACE_OUTER_BOUND ( 'NONE', #1141, .T. ) ;
#453 = ADVANCED_FACE ( 'NONE', ( #1234 ), #1678, .F. ) ;
#454 = DIRECTION ( 'NONE',  ( 1.000000000000000000, 0.000000000000000000, 0.000000000000000000 ) ) ;
#455 = ORIENTED_EDGE ( 'NONE', *, *, #1531, .T. ) ;
#456 = CARTESIAN_POINT ( 'NONE',  ( -73.00000000000000000, -50.75000000000000000, -189.4665844472575031 ) ) ;
#457 = AXIS2_PLACEMENT_3D ( 'NONE', #875, #1198, #285 ) ;
#458 = APPROVAL_STATUS ( 'not_yet_approved' ) ;
#459 = VERTEX_POINT ( 'NONE', #1341 ) ;
#460 = EDGE_CURVE ( 'NONE', #1069, #492, #1583, .T. ) ;
#461 = CARTESIAN_POINT ( 'NONE',  ( 73.00000000000000000, 50.75000000000000000, 0.000000000000000000 ) ) ;
#462 = ORIENTED_EDGE ( 'NONE', *, *, #770, .T. ) ;
#463 = ORIENTED_EDGE ( 'NONE', *, *, #1724, .T. ) ;
#464 = ORIENTED_EDGE ( 'NONE', *, *, #1148, .F. ) ;
#465 = VERTEX_POINT ( 'NONE', #1575 ) ;
#466 = ORIENTED_EDGE ( 'NONE', *, *, #608, .T. ) ;
#467 = ORIENTED_EDGE ( 'NONE', *, *, #2038, .F. ) ;
#468 = APPROVAL ( #1205, 'UNSPECIFIED' ) ;
#469 = CARTESIAN_POINT ( 'NONE',  ( -81.99999999999998579, 50.75000000000000000, 19.00000000000000000 ) ) ;
#470 = AXIS2_PLACEMENT_3D ( 'NONE', #384, #517, #1310 ) ;
#471 = CARTESIAN_POINT ( 'NONE',  ( 48.25000000000000000, 50.75000000000000000, 13.49784845243110176 ) ) ;
#472 = FACE_OUTER_BOUND ( 'NONE', #818, .T. ) ;
#473 = EDGE_CURVE ( 'NONE', #2002, #935, #381, .T. ) ;
#474 = VECTOR ( 'NONE', #1842, 1000.000000000000000 ) ;
#475 = LINE ( 'NONE', #1673, #626 ) ;
#476 = LINE ( 'NONE', #1602, #1336 ) ;
#477 = AXIS2_PLACEMENT_3D ( 'NONE', #1784, #1125, #212 ) ;
#478 = CARTESIAN_POINT ( 'NONE',  ( -40.25000000000000000, -35.75000000000000000, 39.50000000000000000 ) ) ;
#479 = EDGE_CURVE ( 'NONE', #1819, #894, #1807, .T. ) ;
#480 = DIRECTION ( 'NONE',  ( 0.000000000000000000, 0.000000000000000000, -1.000000000000000000 ) ) ;
#481 = VECTOR ( 'NONE', #91, 1000.000000000000000 ) ;
#482 = DIRECTION ( 'NONE',  ( 0.000000000000000000, 0.000000000000000000, 1.000000000000000000 ) ) ;
#483 = DIRECTION ( 'NONE',  ( 0.000000000000000000, 0.000000000000000000, -1.000000000000000000 ) ) ;
#484 = EDGE_CURVE ( 'NONE', #1819, #195, #515, .T. ) ;
#485 = DIRECTION ( 'NONE',  ( -1.000000000000000000, 0.000000000000000000, 0.000000000000000000 ) ) ;
#486 = CARTESIAN_POINT ( 'NONE',  ( -64.00000000000000000, 50.75000000000000000, 19.00000000000000000 ) ) ;
#487 = DIRECTION ( 'NONE',  ( 0.000000000000000000, -1.000000000000000000, 0.000000000000000000 ) ) ;
#488 = CARTESIAN_POINT ( 'NONE',  ( -80.77817459305201453, 58.52817459305203585, 0.000000000000000000 ) ) ;
#489 = ORIENTED_EDGE ( 'NONE', *, *, #643, .T. ) ;
#490 = CALENDAR_DATE ( 2026, 8, 8 ) ;
#491 = ORIENTED_EDGE ( 'NONE', *, *, #1809, .F. ) ;
#492 = VERTEX_POINT ( 'NONE', #287 ) ;
#493 = EDGE_CURVE ( 'NONE', #2009, #59, #47, .T. ) ;
#494 = VERTEX_POINT ( 'NONE', #1271 ) ;
#495 = AXIS2_PLACEMENT_3D ( 'NONE', #2095, #243, #800 ) ;
#496 = ORIENTED_EDGE ( 'NONE', *, *, #72, .T. ) ;
#497 = CARTESIAN_POINT ( 'NONE',  ( 0.7500000000000006661, 27.15000000000000213, 0.000000000000000000 ) ) ;
#498 = ORIENTED_EDGE ( 'NONE', *, *, #7, .T. ) ;
#499 = ADVANCED_FACE ( 'NONE', ( #1236 ), #1613, .F. ) ;
#500 = VERTEX_POINT ( 'NONE', #1386 ) ;
#501 = VECTOR ( 'NONE', #2061, 1000.000000000000114 ) ;
#502 = ORIENTED_EDGE ( 'NONE', *, *, #479, .F. ) ;
#503 = CARTESIAN_POINT ( 'NONE',  ( 80.77817459305201453, -58.52817459305202874, 0.000000000000000000 ) ) ;
#504 = DIRECTION ( 'NONE',  ( 0.000000000000000000, 0.000000000000000000, -1.000000000000000000 ) ) ;
#505 = CIRCLE ( 'NONE', #1268, 5.500000000000005329 ) ;
#506 = CARTESIAN_POINT ( 'NONE',  ( -73.00000000000000000, 50.75000000000000000, 20.00000000000000000 ) ) ;
#507 = DIRECTION ( 'NONE',  ( 0.000000000000000000, 0.000000000000000000, -1.000000000000000000 ) ) ;
#508 = CARTESIAN_POINT ( 'NONE',  ( 73.00000000000000000, 50.75000000000000000, 19.00000000000000000 ) ) ;
#509 = DIRECTION ( 'NONE',  ( 0.000000000000000000, 0.000000000000000000, 1.000000000000000000 ) ) ;
#510 = CYLINDRICAL_SURFACE ( 'NONE', #230, 4.999999999999997335 ) ;
#511 = DIRECTION ( 'NONE',  ( 0.7071067811865472397, 0.7071067811865477948, 0.000000000000000000 ) ) ;
#512 = ADVANCED_FACE ( 'NONE', ( #1713 ), #1481, .F. ) ;
#513 = DIRECTION ( 'NONE',  ( 0.000000000000000000, 0.000000000000000000, 1.000000000000000000 ) ) ;
#514 = AXIS2_PLACEMENT_3D ( 'NONE', #1250, #1625, #1027 ) ;
#515 = LINE ( 'NONE', #382, #1339 ) ;
#516 = DIRECTION ( 'NONE',  ( 0.000000000000000000, 0.000000000000000000, 1.000000000000000000 ) ) ;
#517 = DIRECTION ( 'NONE',  ( 0.000000000000000000, 0.000000000000000000, -1.000000000000000000 ) ) ;
#518 = ORIENTED_EDGE ( 'NONE', *, *, #1913, .F. ) ;
#519 = DIRECTION ( 'NONE',  ( 0.000000000000000000, 0.000000000000000000, 1.000000000000000000 ) ) ;
#520 = PERSON_AND_ORGANIZATION_ROLE ( 'creator' ) ;
#521 = ORIENTED_EDGE ( 'NONE', *, *, #1805, .T. ) ;
#522 = DIRECTION ( 'NONE',  ( 0.000000000000000000, 0.000000000000000000, 1.000000000000000000 ) ) ;
#523 = VECTOR ( 'NONE', #1751, 1000.000000000000000 ) ;
#524 = EDGE_LOOP ( 'NONE', ( #236, #1596 ) ) ;
#525 = CARTESIAN_POINT ( 'NONE',  ( 58.25000000000000000, 60.25000000000000000, 20.00000000000000000 ) ) ;
#526 = ORIENTED_EDGE ( 'NONE', *, *, #906, .F. ) ;
#527 = CARTESIAN_POINT ( 'NONE',  ( 73.00000000000000000, 50.75000000000000000, 20.00000000000000000 ) ) ;
#528 = ORIENTED_EDGE ( 'NONE', *, *, #205, .F. ) ;
#529 = ORIENTED_EDGE ( 'NONE', *, *, #618, .F. ) ;
#530 = VECTOR ( 'NONE', #1116, 1000.000000000000000 ) ;
#531 = VERTEX_POINT ( 'NONE', #1448 ) ;
#532 = DIRECTION ( 'NONE',  ( 1.000000000000000000, 0.000000000000000000, 0.000000000000000000 ) ) ;
#533 = ORIENTED_EDGE ( 'NONE', *, *, #601, .F. ) ;
#534 = ORIENTED_EDGE ( 'NONE', *, *, #1683, .T. ) ;
#535 = DIRECTION ( 'NONE',  ( 0.000000000000000000, 0.000000000000000000, 1.000000000000000000 ) ) ;
#536 = DIRECTION ( 'NONE',  ( -1.000000000000000000, 0.000000000000000000, 0.000000000000000000 ) ) ;
#537 = AXIS2_PLACEMENT_3D ( 'NONE', #858, #271, #166 ) ;
#538 = EDGE_CURVE ( 'NONE', #1357, #1182, #14, .T. ) ;
#539 = DIRECTION ( 'NONE',  ( 0.000000000000000000, 0.000000000000000000, 1.000000000000000000 ) ) ;
#540 = LINE ( 'NONE', #201, #407 ) ;
#541 = DIRECTION ( 'NONE',  ( -1.000000000000000000, -1.224606353822375779E-16, 0.000000000000000000 ) ) ;
#542 = DIRECTION ( 'NONE',  ( 0.000000000000000000, 0.000000000000000000, 1.000000000000000000 ) ) ;
#543 = CARTESIAN_POINT ( 'NONE',  ( -30.25000000000000000, -26.84999999999999787, 0.000000000000000000 ) ) ;
#544 = DIRECTION ( 'NONE',  ( -0.7071067811865472397, -0.7071067811865477948, 0.000000000000000000 ) ) ;
#545 = EDGE_CURVE ( 'NONE', #787, #195, #703, .T. ) ;
#546 = FACE_OUTER_BOUND ( 'NONE', #1760, .T. ) ;
#547 = CONICAL_SURFACE ( 'NONE', #1663, 2.500000000000002220, 1.029744258676654534 ) ;
#548 = CLOSED_SHELL ( 'NONE', ( #244, #733, #1252, #1459, #68, #1305, #1973, #1756, #1959, #1637, #1490, #1273, #1239, #1859, #1155, #910, #341, #1966, #1319, #1309, #148, #1412, #313, #797, #388, #754, #45, #1013, #1553, #949, #446, #1893, #1771, #549, #1207, #561, #436, #453, #1954, #939, #645, #277, #2053, #1649, #1048, #1902, #1642, #1879, #650, #2068, #258, #764, #792, #237, #408, #1603, #512, #588, #1223, #1184, #499, #378, #1731, #876, #1294, #393, #1472, #263, #1549, #1702 ) ) ;
#549 = ADVANCED_FACE ( 'NONE', ( #1237 ), #290, .F. ) ;
#550 = AXIS2_PLACEMENT_3D ( 'NONE', #1054, #292, #1547 ) ;
#551 = CARTESIAN_POINT ( 'NONE',  ( 73.00000000000000000, 50.75000000000000000, 19.50000000000000000 ) ) ;
#552 = EDGE_CURVE ( 'NONE', #854, #122, #915, .T. ) ;
#553 = VERTEX_POINT ( 'NONE', #1277 ) ;
#554 = DIRECTION ( 'NONE',  ( 0.000000000000000000, 0.000000000000000000, 1.000000000000000000 ) ) ;
#555 = EDGE_LOOP ( 'NONE', ( #1764, #498 ) ) ;
#556 = EDGE_LOOP ( 'NONE', ( #154, #1488, #224, #100 ) ) ;
#557 = CARTESIAN_POINT ( 'NONE',  ( 61.75000000000000000, 56.75000000000000000, 20.00000000000000000 ) ) ;
#558 = ORIENTED_EDGE ( 'NONE', *, *, #427, .F. ) ;
#559 = CARTESIAN_POINT ( 'NONE',  ( 55.75000000000000000, 50.75000000000000000, 27.50000000000000000 ) ) ;
#560 = ORIENTED_EDGE ( 'NONE', *, *, #1366, .F. ) ;
#561 = ADVANCED_FACE ( 'NONE', ( #2104 ), #219, .F. ) ;
#562 = ORIENTED_EDGE ( 'NONE', *, *, #1875, .T. ) ;
#563 = AXIS2_PLACEMENT_3D ( 'NONE', #1014, #507, #644 ) ;
#564 = ORIENTED_EDGE ( 'NONE', *, *, #1697, .T. ) ;
#565 = ORIENTED_EDGE ( 'NONE', *, *, #484, .F. ) ;
#566 = ORIENTED_EDGE ( 'NONE', *, *, #1981, .F. ) ;
#567 = CARTESIAN_POINT ( 'NONE',  ( 73.00000000000000000, 50.75000000000000000, 20.00000000000000000 ) ) ;
#568 = DIRECTION ( 'NONE',  ( 0.000000000000000000, 0.000000000000000000, -1.000000000000000000 ) ) ;
#569 = LINE ( 'NONE', #1501, #573 ) ;
#570 = CARTESIAN_POINT ( 'NONE',  ( -73.00000000000000000, 50.75000000000000000, -189.4665844472575031 ) ) ;
#571 = APPROVAL_PERSON_ORGANIZATION ( #118, #2125, #2075 ) ;
#572 = CARTESIAN_POINT ( 'NONE',  ( 84.00000000000000000, -50.75000000000000000, 20.00000000000000000 ) ) ;
#573 = VECTOR ( 'NONE', #937, 1000.000000000000000 ) ;
#574 = DIRECTION ( 'NONE',  ( -0.7071067811865472397, 0.7071067811865477948, 0.000000000000000000 ) ) ;
#575 = CARTESIAN_POINT ( 'NONE',  ( 89.42478834996289550, 61.75000000000000000, 20.00000000000000000 ) ) ;
#576 = DIRECTION ( 'NONE',  ( 0.000000000000000000, 0.000000000000000000, 1.000000000000000000 ) ) ;
#577 = EDGE_CURVE ( 'NONE', #1972, #1135, #1617, .T. ) ;
#578 = FACE_OUTER_BOUND ( 'NONE', #1934, .T. ) ;
#579 = DIRECTION ( 'NONE',  ( 1.000000000000000000, 0.000000000000000000, 0.000000000000000000 ) ) ;
#580 = CARTESIAN_POINT ( 'NONE',  ( 73.00000000000000000, -50.75000000000000000, 19.00000000000000000 ) ) ;
#581 = CIRCLE ( 'NONE', #470, 8.999999999999994671 ) ;
#582 = DIRECTION ( 'NONE',  ( 0.7071067811865472397, -0.7071067811865477948, 0.000000000000000000 ) ) ;
#583 = AXIS2_PLACEMENT_3D ( 'NONE', #1573, #1740, #1414 ) ;
#584 = EDGE_CURVE ( 'NONE', #935, #94, #1572, .T. ) ;
#585 = CARTESIAN_POINT ( 'NONE',  ( -73.00000000000000000, 50.75000000000000000, 19.50000000000000000 ) ) ;
#586 = CARTESIAN_POINT ( 'NONE',  ( 34.25000000000000000, 39.75000000000000000, 39.50000000000000000 ) ) ;
#587 = EDGE_LOOP ( 'NONE', ( #467, #1822, #1142, #26 ) ) ;
#588 = ADVANCED_FACE ( 'NONE', ( #685 ), #1652, .F. ) ;
#589 = FACE_OUTER_BOUND ( 'NONE', #2049, .T. ) ;
#590 = ORIENTED_EDGE ( 'NONE', *, *, #1090, .F. ) ;
#591 = CARTESIAN_POINT ( 'NONE',  ( -73.00000000000000000, -50.75000000000000000, 20.00000000000000000 ) ) ;
#592 = ORIENTED_EDGE ( 'NONE', *, *, #80, .F. ) ;
#593 = DIRECTION ( 'NONE',  ( 0.000000000000000000, 0.000000000000000000, 1.000000000000000000 ) ) ;
#594 = VECTOR ( 'NONE', #1651, 1000.000000000000000 ) ;
#595 = VERTEX_POINT ( 'NONE', #744 ) ;
#596 = EDGE_CURVE ( 'NONE', #1793, #2080, #256, .T. ) ;
#597 = LINE ( 'NONE', #1796, #176 ) ;
#598 = ORIENTED_EDGE ( 'NONE', *, *, #52, .F. ) ;
#599 = LINE ( 'NONE', #1106, #964 ) ;
#600 = VERTEX_POINT ( 'NONE', #1851 ) ;
#601 = EDGE_CURVE ( 'NONE', #153, #787, #1134, .T. ) ;
#602 = EDGE_LOOP ( 'NONE', ( #822, #1937 ) ) ;
#603 = DIRECTION ( 'NONE',  ( 1.000000000000000000, 0.000000000000000000, 0.000000000000000000 ) ) ;
#604 = ORIENTED_EDGE ( 'NONE', *, *, #1045, .T. ) ;
#605 = CARTESIAN_POINT ( 'NONE',  ( -48.25000000000000000, -50.75000000000000000, 13.49784845243110176 ) ) ;
#606 = CARTESIAN_POINT ( 'NONE',  ( -78.50000000000000000, -50.75000000000000000, 0.000000000000000000 ) ) ;
#607 = DIRECTION ( 'NONE',  ( 1.000000000000000000, 0.000000000000000000, 0.000000000000000000 ) ) ;
#608 = EDGE_CURVE ( 'NONE', #1396, #2109, #1446, .T. ) ;
#609 = CYLINDRICAL_SURFACE ( 'NONE', #1607, 5.500000000000005329 ) ;
#610 = CARTESIAN_POINT ( 'NONE',  ( -30.25000000000000000, -26.84999999999999787, 1.000000000000000000 ) ) ;
#611 = EDGE_CURVE ( 'NONE', #747, #151, #1726, .T. ) ;
#612 = AXIS2_PLACEMENT_3D ( 'NONE', #1479, #513, #1812 ) ;
#613 = DIRECTION ( 'NONE',  ( 0.7071067811865472397, -0.7071067811865477948, 0.000000000000000000 ) ) ;
#614 = EDGE_CURVE ( 'NONE', #395, #1135, #1153, .T. ) ;
#615 = DIRECTION ( 'NONE',  ( 0.8571673007021122226, 0.000000000000000000, 0.5150380749100542666 ) ) ;
#616 = CARTESIAN_POINT ( 'NONE',  ( 73.00000000000000000, 50.75000000000000000, 20.00000000000000000 ) ) ;
#617 = DIRECTION ( 'NONE',  ( 1.000000000000000000, 0.000000000000000000, 0.000000000000000000 ) ) ;
#618 = EDGE_CURVE ( 'NONE', #1686, #500, #62, .T. ) ;
#619 = AXIS2_PLACEMENT_3D ( 'NONE', #856, #1067, #532 ) ;
#620 = ORIENTED_EDGE ( 'NONE', *, *, #1568, .T. ) ;
#621 = FACE_OUTER_BOUND ( 'NONE', #1659, .T. ) ;
#622 = LOCAL_TIME ( 12, 39, 40.00000000000000000, #779 ) ;
#623 = ORIENTED_EDGE ( 'NONE', *, *, #1714, .T. ) ;
#624 = ORIENTED_EDGE ( 'NONE', *, *, #1794, .T. ) ;
#625 = FACE_OUTER_BOUND ( 'NONE', #957, .T. ) ;
#626 = VECTOR ( 'NONE', #2, 1000.000000000000000 ) ;
#627 = ORIENTED_EDGE ( 'NONE', *, *, #479, .T. ) ;
#628 = ORIENTED_EDGE ( 'NONE', *, *, #809, .F. ) ;
#629 = VERTEX_POINT ( 'NONE', #1168 ) ;
#630 = DIRECTION ( 'NONE',  ( 1.224606353822375779E-16, -1.000000000000000000, 0.000000000000000000 ) ) ;
#631 = ORIENTED_EDGE ( 'NONE', *, *, #2083, .F. ) ;
#632 = FACE_BOUND ( 'NONE', #524, .T. ) ;
#633 = CARTESIAN_POINT ( 'NONE',  ( -50.75000000000000000, -50.75000000000000000, 40.00000000000000000 ) ) ;
#634 = ORIENTED_EDGE ( 'NONE', *, *, #402, .F. ) ;
#635 = EDGE_CURVE ( 'NONE', #1139, #395, #1454, .T. ) ;
#636 = VERTEX_POINT ( 'NONE', #1621 ) ;
#637 = VERTEX_POINT ( 'NONE', #189 ) ;
#638 = CARTESIAN_POINT ( 'NONE',  ( 81.99999999999998579, -50.75000000000000000, 20.00000000000000000 ) ) ;
#639 = CYLINDRICAL_SURFACE ( 'NONE', #796, 5.500000000000005329 ) ;
#640 = AXIS2_PLACEMENT_3D ( 'NONE', #580, #1708, #1996 ) ;
#641 = CARTESIAN_POINT ( 'NONE',  ( 24.25000000000000000, 39.75000000000000000, 39.00000000000000000 ) ) ;
#642 = CARTESIAN_POINT ( 'NONE',  ( -73.00000000000000000, -50.75000000000000000, 19.00000000000000000 ) ) ;
#643 = EDGE_CURVE ( 'NONE', #337, #962, #1640, .T. ) ;
#644 = DIRECTION ( 'NONE',  ( 1.000000000000000000, 0.000000000000000000, 0.000000000000000000 ) ) ;
#645 = ADVANCED_FACE ( 'NONE', ( #327 ), #1161, .F. ) ;
#646 = CARTESIAN_POINT ( 'NONE',  ( 14.25000000000000000, 39.75000000000000000, 39.00000000000000000 ) ) ;
#647 = AXIS2_PLACEMENT_3D ( 'NONE', #383, #1615, #49 ) ;
#648 = DIRECTION ( 'NONE',  ( 0.000000000000000000, 0.000000000000000000, -1.000000000000000000 ) ) ;
#649 = CYLINDRICAL_SURFACE ( 'NONE', #1916, 8.999999999999994671 ) ;
#650 = ADVANCED_FACE ( 'NONE', ( #848 ), #1936, .T. ) ;
#651 = ORIENTED_EDGE ( 'NONE', *, *, #1123, .T. ) ;
#652 = DATE_TIME_ROLE ( 'classification_date' ) ;
#653 = VERTEX_POINT ( 'NONE', #1585 ) ;
#654 = DIRECTION ( 'NONE',  ( 1.000000000000000000, 0.000000000000000000, 0.000000000000000000 ) ) ;
#655 = CALENDAR_DATE ( 2026, 8, 8 ) ;
#656 = ORIENTED_EDGE ( 'NONE', *, *, #1257, .T. ) ;
#657 = APPROVAL_DATE_TIME ( #1426, #1143 ) ;
#658 = VERTEX_POINT ( 'NONE', #1759 ) ;
#659 = ORIENTED_EDGE ( 'NONE', *, *, #1823, .F. ) ;
#660 = CARTESIAN_POINT ( 'NONE',  ( -84.00000000000000000, 50.75000000000000000, 20.00000000000000000 ) ) ;
#661 = VECTOR ( 'NONE', #1267, 1000.000000000000114 ) ;
#662 = EDGE_LOOP ( 'NONE', ( #2014, #295, #2086, #192 ) ) ;
#663 = PRODUCT_RELATED_PRODUCT_CATEGORY ( 'detail', '', ( #1016 ) ) ;
#664 = CARTESIAN_POINT ( 'NONE',  ( -45.75000000000000711, -50.75000000000000000, 15.00000000000000000 ) ) ;
#665 = VERTEX_POINT ( 'NONE', #1103 ) ;
#666 = ORIENTED_EDGE ( 'NONE', *, *, #897, .T. ) ;
#667 = CARTESIAN_POINT ( 'NONE',  ( 73.00000000000000000, 50.75000000000000000, 19.00000000000000000 ) ) ;
#668 = ORIENTED_EDGE ( 'NONE', *, *, #2038, .T. ) ;
#669 = CARTESIAN_POINT ( 'NONE',  ( 67.49999999999998579, -50.75000000000000000, 0.000000000000000000 ) ) ;
#670 = DIRECTION ( 'NONE',  ( 1.000000000000000000, 0.000000000000000000, 0.000000000000000000 ) ) ;
#671 = CARTESIAN_POINT ( 'NONE',  ( 81.99999999999998579, -50.75000000000000000, 19.50000000000000000 ) ) ;
#672 = DIRECTION ( 'NONE',  ( 0.000000000000000000, 0.000000000000000000, -1.000000000000000000 ) ) ;
#673 = CARTESIAN_POINT ( 'NONE',  ( 50.75000000000000000, -50.75000000000000000, 40.00000000000000000 ) ) ;
#674 = FACE_BOUND ( 'NONE', #1005, .T. ) ;
#675 = CARTESIAN_POINT ( 'NONE',  ( 24.25000000000000000, 39.75000000000000000, 39.00000000000000000 ) ) ;
#676 = CARTESIAN_POINT ( 'NONE',  ( 67.49999999999998579, 50.75000000000000000, 19.00000000000000000 ) ) ;
#677 = LINE ( 'NONE', #79, #150 ) ;
#678 = DIRECTION ( 'NONE',  ( 0.000000000000000000, 0.000000000000000000, 1.000000000000000000 ) ) ;
#679 = VECTOR ( 'NONE', #300, 1000.000000000000000 ) ;
#680 = DIRECTION ( 'NONE',  ( 0.000000000000000000, 0.000000000000000000, -1.000000000000000000 ) ) ;
#681 = EDGE_CURVE ( 'NONE', #531, #2112, #1997, .T. ) ;
#682 = AXIS2_PLACEMENT_3D ( 'NONE', #1699, #1918, #2133 ) ;
#683 = CARTESIAN_POINT ( 'NONE',  ( 84.00000000000000000, -50.75000000000000000, 0.000000000000000000 ) ) ;
#684 = DIRECTION ( 'NONE',  ( 0.000000000000000000, 0.000000000000000000, 1.000000000000000000 ) ) ;
#685 = FACE_OUTER_BOUND ( 'NONE', #260, .T. ) ;
#686 = PERSON_AND_ORGANIZATION ( #1299, #1159 ) ;
#687 = ORIENTED_EDGE ( 'NONE', *, *, #325, .T. ) ;
#688 = FACE_OUTER_BOUND ( 'NONE', #1689, .T. ) ;
#689 = CIRCLE ( 'NONE', #2040, 11.00000000000000533 ) ;
#690 = APPROVAL_DATE_TIME ( #223, #2125 ) ;
#691 = ORIENTED_EDGE ( 'NONE', *, *, #1865, .T. ) ;
#692 = EDGE_LOOP ( 'NONE', ( #1829, #1279 ) ) ;
#693 = DIRECTION ( 'NONE',  ( 0.000000000000000000, 0.000000000000000000, -1.000000000000000000 ) ) ;
#694 = VERTEX_POINT ( 'NONE', #1004 ) ;
#695 = EDGE_CURVE ( 'NONE', #894, #787, #1326, .T. ) ;
#696 = VERTEX_POINT ( 'NONE', #340 ) ;
#697 = ORIENTED_EDGE ( 'NONE', *, *, #1123, .F. ) ;
#698 = APPLICATION_CONTEXT ( 'configuration controlled 3d designs of mechanical parts and assemblies' ) ;
#699 = ORIENTED_EDGE ( 'NONE', *, *, #1919, .F. ) ;
#700 = ORIENTED_EDGE ( 'NONE', *, *, #1045, .F. ) ;
#701 = VECTOR ( 'NONE', #974, 1000.000000000000000 ) ;
#702 = CARTESIAN_POINT ( 'NONE',  ( -80.77817459305201453, -58.52817459305202874, 20.00000000000000000 ) ) ;
#703 = CIRCLE ( 'NONE', #1423, 11.00000000000000533 ) ;
#704 = CARTESIAN_POINT ( 'NONE',  ( 50.75000000000000000, -50.75000000000000000, 27.50000000000000000 ) ) ;
#705 = CYLINDRICAL_SURFACE ( 'NONE', #1985, 11.00000000000000533 ) ;
#706 = DIRECTION ( 'NONE',  ( 0.000000000000000000, 0.000000000000000000, -1.000000000000000000 ) ) ;
#707 = CYLINDRICAL_SURFACE ( 'NONE', #42, 4.999999999999997335 ) ;
#708 = EDGE_CURVE ( 'NONE', #595, #234, #186, .T. ) ;
#709 = CARTESIAN_POINT ( 'NONE',  ( 60.25000000000000000, -58.25000000000000000, 20.00000000000000000 ) ) ;
#710 = VECTOR ( 'NONE', #53, 1000.000000000000000 ) ;
#711 = CARTESIAN_POINT ( 'NONE',  ( -78.50000000000000000, 50.75000000000000000, -189.4665844472575031 ) ) ;
#712 = EDGE_CURVE ( 'NONE', #1693, #500, #824, .T. ) ;
#713 = CARTESIAN_POINT ( 'NONE',  ( 73.00000000000000000, 50.75000000000000000, 0.000000000000000000 ) ) ;
#714 = APPLICATION_PROTOCOL_DEFINITION ( 'international standard', 'config_control_design', 1994, #698 ) ;
#715 = ORIENTED_EDGE ( 'NONE', *, *, #1197, .F. ) ;
#716 = ORIENTED_EDGE ( 'NONE', *, *, #460, .T. ) ;
#717 = EDGE_CURVE ( 'NONE', #1178, #553, #1980, .T. ) ;
#718 = AXIS2_PLACEMENT_3D ( 'NONE', #2007, #1904, #2016 ) ;
#719 = PERSON_AND_ORGANIZATION ( #1299, #1159 ) ;
#720 = VERTEX_POINT ( 'NONE', #1668 ) ;
#721 = DIRECTION ( 'NONE',  ( 1.000000000000000000, 1.224606353822375779E-16, 0.000000000000000000 ) ) ;
#722 = ORIENTED_EDGE ( 'NONE', *, *, #473, .T. ) ;
#723 = EDGE_LOOP ( 'NONE', ( #2011, #1061, #28, #1318 ) ) ;
#724 = EDGE_CURVE ( 'NONE', #1793, #1825, #1854, .T. ) ;
#725 = ORIENTED_EDGE ( 'NONE', *, *, #352, .F. ) ;
#726 = ORIENTED_EDGE ( 'NONE', *, *, #113, .T. ) ;
#727 = EDGE_LOOP ( 'NONE', ( #1137, #892, #2087, #1907 ) ) ;
#728 = ORIENTED_EDGE ( 'NONE', *, *, #1193, .T. ) ;
#729 = DIRECTION ( 'NONE',  ( 0.000000000000000000, 0.000000000000000000, 1.000000000000000000 ) ) ;
#730 = CARTESIAN_POINT ( 'NONE',  ( -73.00000000000000000, 50.75000000000000000, 20.00000000000000000 ) ) ;
#731 = EDGE_CURVE ( 'NONE', #1064, #991, #1700, .T. ) ;
#732 = DIRECTION ( 'NONE',  ( 1.000000000000000000, 0.000000000000000000, 0.000000000000000000 ) ) ;
#733 = ADVANCED_FACE ( 'NONE', ( #760 ), #1633, .F. ) ;
#734 = CIRCLE ( 'NONE', #190, 5.500000000000005329 ) ;
#735 = AXIS2_PLACEMENT_3D ( 'NONE', #1887, #1276, #1999 ) ;
#736 = DIRECTION ( 'NONE',  ( 1.000000000000000000, 0.000000000000000000, 0.000000000000000000 ) ) ;
#737 = AXIS2_PLACEMENT_3D ( 'NONE', #2077, #2045, #820 ) ;
#738 = EDGE_CURVE ( 'NONE', #658, #291, #1930, .T. ) ;
#739 = LINE ( 'NONE', #1886, #1136 ) ;
#740 = FACE_OUTER_BOUND ( 'NONE', #1185, .T. ) ;
#741 = DIRECTION ( 'NONE',  ( -0.7071067811865472397, -0.7071067811865477948, 0.000000000000000000 ) ) ;
#742 = EDGE_CURVE ( 'NONE', #334, #600, #41, .T. ) ;
#743 = VERTEX_POINT ( 'NONE', #1041 ) ;
#744 = CARTESIAN_POINT ( 'NONE',  ( 81.99999999999998579, -50.75000000000000000, 19.00000000000000000 ) ) ;
#745 = ORIENTED_EDGE ( 'NONE', *, *, #2070, .F. ) ;
#746 = DIRECTION ( 'NONE',  ( 0.000000000000000000, 0.000000000000000000, 1.000000000000000000 ) ) ;
#747 = VERTEX_POINT ( 'NONE', #309 ) ;
#748 = DIRECTION ( 'NONE',  ( 0.000000000000000000, 0.000000000000000000, 1.000000000000000000 ) ) ;
#749 = CC_DESIGN_DATE_AND_TIME_ASSIGNMENT ( #1891, #954, ( #280 ) ) ;
#750 = ORIENTED_EDGE ( 'NONE', *, *, #681, .F. ) ;
#751 = VERTEX_POINT ( 'NONE', #2050 ) ;
#752 = ORIENTED_EDGE ( 'NONE', *, *, #1327, .T. ) ;
#753 = CIRCLE ( 'NONE', #816, 10.00000000000000178 ) ;
#754 = ADVANCED_FACE ( 'NONE', ( #1837, #862, #2091 ), #1113, .T. ) ;
#755 = VECTOR ( 'NONE', #541, 1000.000000000000000 ) ;
#756 = ORIENTED_EDGE ( 'NONE', *, *, #1056, .F. ) ;
#757 = EDGE_LOOP ( 'NONE', ( #1288, #496 ) ) ;
#758 = VECTOR ( 'NONE', #1889, 1000.000000000000000 ) ;
#759 = VERTEX_POINT ( 'NONE', #669 ) ;
#760 = FACE_OUTER_BOUND ( 'NONE', #124, .T. ) ;
#761 = LINE ( 'NONE', #605, #923 ) ;
#762 = LINE ( 'NONE', #941, #755 ) ;
#763 = CARTESIAN_POINT ( 'NONE',  ( -50.75000000000000000, 50.75000000000000000, 40.00000000000000000 ) ) ;
#764 = ADVANCED_FACE ( 'NONE', ( #972 ), #1983, .T. ) ;
#765 = CIRCLE ( 'NONE', #1694, 10.00000000000000178 ) ;
#766 = CARTESIAN_POINT ( 'NONE',  ( -84.00000000000000000, 50.75000000000000000, 0.000000000000000000 ) ) ;
#767 = CARTESIAN_POINT ( 'NONE',  ( 73.00000000000000000, 50.75000000000000000, 0.000000000000000000 ) ) ;
#768 = AXIS2_PLACEMENT_3D ( 'NONE', #1804, #173, #544 ) ;
#769 = FACE_BOUND ( 'NONE', #1456, .T. ) ;
#770 = EDGE_CURVE ( 'NONE', #2042, #1216, #1240, .T. ) ;
#771 = CARTESIAN_POINT ( 'NONE',  ( -56.75000000000000000, 61.75000000000000000, 20.00000000000000000 ) ) ;
#772 = DIRECTION ( 'NONE',  ( 0.000000000000000000, 0.000000000000000000, 1.000000000000000000 ) ) ;
#773 = CC_DESIGN_DATE_AND_TIME_ASSIGNMENT ( #1245, #652, ( #1866 ) ) ;
#774 = DIRECTION ( 'NONE',  ( 1.000000000000000000, 0.000000000000000000, 0.000000000000000000 ) ) ;
#775 = DIRECTION ( 'NONE',  ( 0.7071067811865472397, -0.7071067811865477948, 0.000000000000000000 ) ) ;
#776 = CC_DESIGN_APPROVAL ( #2125, ( #294 ) ) ;
#777 = DESIGN_CONTEXT ( 'detailed design', #2023, 'design' ) ;
#778 =( NAMED_UNIT ( * ) SI_UNIT ( $, .STERADIAN. ) SOLID_ANGLE_UNIT ( ) );
#779 = COORDINATED_UNIVERSAL_TIME_OFFSET ( 2, 0, .AHEAD. ) ;
#780 = ORIENTED_EDGE ( 'NONE', *, *, #708, .F. ) ;
#781 = DIRECTION ( 'NONE',  ( 0.000000000000000000, 0.000000000000000000, -1.000000000000000000 ) ) ;
#782 = ORIENTED_EDGE ( 'NONE', *, *, #367, .T. ) ;
#783 = EDGE_CURVE ( 'NONE', #1616, #636, #569, .T. ) ;
#784 = CARTESIAN_POINT ( 'NONE',  ( -50.75000000000000000, 50.75000000000000000, 15.00000000000000000 ) ) ;
#785 = EDGE_LOOP ( 'NONE', ( #1555, #668, #1792, #1797 ) ) ;
#786 = ORIENTED_EDGE ( 'NONE', *, *, #1563, .F. ) ;
#787 = VERTEX_POINT ( 'NONE', #1222 ) ;
#788 = DIRECTION ( 'NONE',  ( 0.000000000000000000, 0.000000000000000000, 1.000000000000000000 ) ) ;
#789 = ORIENTED_EDGE ( 'NONE', *, *, #1749, .F. ) ;
#790 = DIRECTION ( 'NONE',  ( 0.000000000000000000, 0.000000000000000000, -1.000000000000000000 ) ) ;
#791 = EDGE_LOOP ( 'NONE', ( #518, #656, #855, #423 ) ) ;
#792 = ADVANCED_FACE ( 'NONE', ( #2052 ), #1076, .T. ) ;
#793 = EDGE_LOOP ( 'NONE', ( #127, #1624 ) ) ;
#794 = CIRCLE ( 'NONE', #1725, 8.999999999999994671 ) ;
#795 = LINE ( 'NONE', #1040, #998 ) ;
#796 = AXIS2_PLACEMENT_3D ( 'NONE', #570, #973, #438 ) ;
#797 = ADVANCED_FACE ( 'NONE', ( #273 ), #705, .T. ) ;
#798 = CARTESIAN_POINT ( 'NONE',  ( 61.75000000000000000, -56.75000000000000000, 20.00000000000000000 ) ) ;
#799 = CARTESIAN_POINT ( 'NONE',  ( 24.25000000000000000, 39.75000000000000000, 39.50000000000000000 ) ) ;
#800 = DIRECTION ( 'NONE',  ( 1.000000000000000000, 0.000000000000000000, 0.000000000000000000 ) ) ;
#801 = DIRECTION ( 'NONE',  ( 0.000000000000000000, 0.000000000000000000, 1.000000000000000000 ) ) ;
#802 = VECTOR ( 'NONE', #1408, 1000.000000000000000 ) ;
#803 = CARTESIAN_POINT ( 'NONE',  ( -73.00000000000000000, -61.75000000000000000, 20.00000000000000000 ) ) ;
#804 = EDGE_CURVE ( 'NONE', #1723, #851, #202, .T. ) ;
#805 = AXIS2_PLACEMENT_3D ( 'NONE', #372, #1187, #241 ) ;
#806 = AXIS2_PLACEMENT_3D ( 'NONE', #1127, #214, #736 ) ;
#807 = CARTESIAN_POINT ( 'NONE',  ( -55.75000000000000000, -50.75000000000000000, 40.00000000000000000 ) ) ;
#808 = DIRECTION ( 'NONE',  ( 0.000000000000000000, 0.000000000000000000, 1.000000000000000000 ) ) ;
#809 = EDGE_CURVE ( 'NONE', #1427, #2002, #19, .T. ) ;
#810 = ORIENTED_EDGE ( 'NONE', *, *, #742, .F. ) ;
#811 = ORIENTED_EDGE ( 'NONE', *, *, #1233, .T. ) ;
#812 = ORIENTED_EDGE ( 'NONE', *, *, #174, .F. ) ;
#813 = DIRECTION ( 'NONE',  ( 0.000000000000000000, 0.000000000000000000, 1.000000000000000000 ) ) ;
#814 = ORIENTED_EDGE ( 'NONE', *, *, #2060, .T. ) ;
#815 = FACE_OUTER_BOUND ( 'NONE', #2037, .T. ) ;
#816 = AXIS2_PLACEMENT_3D ( 'NONE', #46, #1647, #1711 ) ;
#817 = AXIS2_PLACEMENT_3D ( 'NONE', #272, #1466, #536 ) ;
#818 = EDGE_LOOP ( 'NONE', ( #262, #1461, #933, #823, #1167, #955, #528, #666 ) ) ;
#819 = LINE ( 'NONE', #193, #1877 ) ;
#820 = DIRECTION ( 'NONE',  ( 0.000000000000000000, 0.000000000000000000, -1.000000000000000000 ) ) ;
#821 = AXIS2_PLACEMENT_3D ( 'NONE', #1927, #678, #878 ) ;
#822 = ORIENTED_EDGE ( 'NONE', *, *, #1215, .T. ) ;
#823 = ORIENTED_EDGE ( 'NONE', *, *, #1407, .T. ) ;
#824 = LINE ( 'NONE', #1497, #317 ) ;
#825 = VERTEX_POINT ( 'NONE', #108 ) ;
#826 = DIRECTION ( 'NONE',  ( 0.000000000000000000, 0.000000000000000000, -1.000000000000000000 ) ) ;
#827 = CARTESIAN_POINT ( 'NONE',  ( 73.00000000000000000, 61.75000000000000000, 20.00000000000000000 ) ) ;
#828 = DIRECTION ( 'NONE',  ( 0.000000000000000000, 0.000000000000000000, -1.000000000000000000 ) ) ;
#829 = DIRECTION ( 'NONE',  ( 0.000000000000000000, 0.000000000000000000, 1.000000000000000000 ) ) ;
#830 = AXIS2_PLACEMENT_3D ( 'NONE', #2088, #896, #1949 ) ;
#831 = AXIS2_PLACEMENT_3D ( 'NONE', #867, #1567, #441 ) ;
#832 = CARTESIAN_POINT ( 'NONE',  ( 84.00000000000000000, 50.75000000000000000, 0.000000000000000000 ) ) ;
#833 = DIRECTION ( 'NONE',  ( 1.000000000000000000, 0.000000000000000000, 0.000000000000000000 ) ) ;
#834 = EDGE_CURVE ( 'NONE', #99, #720, #1263, .T. ) ;
#835 = DIRECTION ( 'NONE',  ( 0.000000000000000000, 0.000000000000000000, 1.000000000000000000 ) ) ;
#836 = DIRECTION ( 'NONE',  ( 0.000000000000000000, 0.000000000000000000, 1.000000000000000000 ) ) ;
#837 = CARTESIAN_POINT ( 'NONE',  ( -50.75000000000000000, -50.75000000000000000, 40.00000000000000000 ) ) ;
#838 = DIRECTION ( 'NONE',  ( 0.000000000000000000, 0.000000000000000000, 1.000000000000000000 ) ) ;
#839 = DIRECTION ( 'NONE',  ( 1.000000000000000000, 0.000000000000000000, 0.000000000000000000 ) ) ;
#840 = CIRCLE ( 'NONE', #457, 11.00000000000000533 ) ;
#841 = VECTOR ( 'NONE', #1598, 1000.000000000000000 ) ;
#842 = EDGE_CURVE ( 'NONE', #1905, #459, #1920, .T. ) ;
#843 = CARTESIAN_POINT ( 'NONE',  ( -84.00000000000000000, -54.50320094911329960, 0.000000000000000000 ) ) ;
#844 = LINE ( 'NONE', #2072, #1034 ) ;
#845 = PERSON_AND_ORGANIZATION ( #1299, #1159 ) ;
#846 = VERTEX_POINT ( 'NONE', #1538 ) ;
#847 = ORIENTED_EDGE ( 'NONE', *, *, #712, .T. ) ;
#848 = FACE_OUTER_BOUND ( 'NONE', #1036, .T. ) ;
#849 = ORIENTED_EDGE ( 'NONE', *, *, #460, .F. ) ;
#850 = EDGE_CURVE ( 'NONE', #600, #334, #394, .T. ) ;
#851 = VERTEX_POINT ( 'NONE', #1839 ) ;
#852 = FACE_OUTER_BOUND ( 'NONE', #1033, .T. ) ;
#853 = CIRCLE ( 'NONE', #32, 11.00000000000000533 ) ;
#854 = VERTEX_POINT ( 'NONE', #1191 ) ;
#855 = ORIENTED_EDGE ( 'NONE', *, *, #1422, .T. ) ;
#856 = CARTESIAN_POINT ( 'NONE',  ( 73.00000000000000000, -50.75000000000000000, 19.50000000000000000 ) ) ;
#857 = ORIENTED_EDGE ( 'NONE', *, *, #1989, .T. ) ;
#858 = CARTESIAN_POINT ( 'NONE',  ( 73.00000000000000000, -50.75000000000000000, 19.00000000000000000 ) ) ;
#859 = EDGE_LOOP ( 'NONE', ( #1622, #1858, #1295, #1938, #1626, #620, #887, #1690, #1667, #1394 ) ) ;
#860 = AXIS2_PLACEMENT_3D ( 'NONE', #1352, #1520, #123 ) ;
#861 = FACE_OUTER_BOUND ( 'NONE', #895, .T. ) ;
#862 = FACE_BOUND ( 'NONE', #757, .T. ) ;
#863 = EDGE_CURVE ( 'NONE', #1389, #1801, #1840, .T. ) ;
#864 = DIRECTION ( 'NONE',  ( 0.000000000000000000, 0.000000000000000000, 1.000000000000000000 ) ) ;
#865 = CARTESIAN_POINT ( 'NONE',  ( 64.00000000000000000, 50.75000000000000000, 19.00000000000000000 ) ) ;
#866 = AXIS2_PLACEMENT_3D ( 'NONE', #1705, #1994, #909 ) ;
#867 = CARTESIAN_POINT ( 'NONE',  ( 73.00000000000000000, 50.75000000000000000, 0.000000000000000000 ) ) ;
#868 = DIRECTION ( 'NONE',  ( 0.7071067811865480168, -0.7071067811865470176, 0.000000000000000000 ) ) ;
#869 = DIRECTION ( 'NONE',  ( 1.000000000000000000, 0.000000000000000000, 0.000000000000000000 ) ) ;
#870 = CARTESIAN_POINT ( 'NONE',  ( -61.75000000000000000, 56.75000000000000000, 20.00000000000000000 ) ) ;
#871 = DIRECTION ( 'NONE',  ( 0.7071067811865472397, 0.7071067811865477948, 0.000000000000000000 ) ) ;
#872 = CARTESIAN_POINT ( 'NONE',  ( 55.75000000000000000, -50.75000000000000000, 15.00000000000000000 ) ) ;
#873 = DIRECTION ( 'NONE',  ( 0.000000000000000000, 0.000000000000000000, 1.000000000000000000 ) ) ;
#874 = AXIS2_PLACEMENT_3D ( 'NONE', #1334, #77, #247 ) ;
#875 = CARTESIAN_POINT ( 'NONE',  ( -73.00000000000000000, -50.75000000000000000, 0.000000000000000000 ) ) ;
#876 = ADVANCED_FACE ( 'NONE', ( #1843 ), #1541, .F. ) ;
#877 = DIRECTION ( 'NONE',  ( 0.000000000000000000, 0.000000000000000000, -1.000000000000000000 ) ) ;
#878 = DIRECTION ( 'NONE',  ( 1.000000000000000000, 0.000000000000000000, 0.000000000000000000 ) ) ;
#879 = EDGE_CURVE ( 'NONE', #2112, #1242, #476, .T. ) ;
#880 = DIRECTION ( 'NONE',  ( -0.7071067811865472397, 0.7071067811865477948, 0.000000000000000000 ) ) ;
#881 = LINE ( 'NONE', #488, #710 ) ;
#882 = VERTEX_POINT ( 'NONE', #1876 ) ;
#883 = CARTESIAN_POINT ( 'NONE',  ( 50.75000000000000000, 50.75000000000000000, 11.99569690486219997 ) ) ;
#884 = ORIENTED_EDGE ( 'NONE', *, *, #879, .F. ) ;
#885 = DIRECTION ( 'NONE',  ( 0.000000000000000000, 0.000000000000000000, 1.000000000000000000 ) ) ;
#886 = AXIS2_PLACEMENT_3D ( 'NONE', #29, #163, #1146 ) ;
#887 = ORIENTED_EDGE ( 'NONE', *, *, #188, .T. ) ;
#888 = AXIS2_PLACEMENT_3D ( 'NONE', #610, #1410, #1670 ) ;
#889 = ORIENTED_EDGE ( 'NONE', *, *, #1926, .F. ) ;
#890 = ORIENTED_EDGE ( 'NONE', *, *, #783, .T. ) ;
#891 = DIRECTION ( 'NONE',  ( 0.000000000000000000, 0.000000000000000000, 1.000000000000000000 ) ) ;
#892 = ORIENTED_EDGE ( 'NONE', *, *, #1981, .T. ) ;
#893 = VERTEX_POINT ( 'NONE', #2096 ) ;
#894 = VERTEX_POINT ( 'NONE', #1674 ) ;
#895 = EDGE_LOOP ( 'NONE', ( #969, #1718, #526, #90 ) ) ;
#896 = DIRECTION ( 'NONE',  ( 0.000000000000000000, 0.000000000000000000, -1.000000000000000000 ) ) ;
#897 = EDGE_CURVE ( 'NONE', #58, #1801, #1413, .T. ) ;
#898 = CARTESIAN_POINT ( 'NONE',  ( -1.478967689115030072E-15, -1.000000000000000000, 20.00000000000000000 ) ) ;
#899 = ADVANCED_BREP_SHAPE_REPRESENTATION ( 'G_281-01', ( #386, #1928 ), #349 ) ;
#900 = CIRCLE ( 'NONE', #1576, 5.500000000000005329 ) ;
#901 = DIRECTION ( 'NONE',  ( 0.000000000000000000, 0.000000000000000000, 1.000000000000000000 ) ) ;
#902 = DIRECTION ( 'NONE',  ( -0.7071067811865480168, 0.7071067811865470176, 0.000000000000000000 ) ) ;
#903 = CARTESIAN_POINT ( 'NONE',  ( -73.00000000000000000, -50.75000000000000000, -189.4665844472575031 ) ) ;
#904 = FACE_OUTER_BOUND ( 'NONE', #791, .T. ) ;
#905 = CYLINDRICAL_SURFACE ( 'NONE', #301, 8.999999999999994671 ) ;
#906 = EDGE_CURVE ( 'NONE', #694, #882, #1958, .T. ) ;
#907 = CIRCLE ( 'NONE', #477, 8.999999999999994671 ) ;
#908 = CARTESIAN_POINT ( 'NONE',  ( 61.75000000000000000, -56.75000000000000000, 40.00000000000000000 ) ) ;
#909 = DIRECTION ( 'NONE',  ( 1.000000000000000000, 0.000000000000000000, 0.000000000000000000 ) ) ;
#910 = ADVANCED_FACE ( 'NONE', ( #2063 ), #952, .F. ) ;
#911 = LINE ( 'NONE', #248, #474 ) ;
#912 = CARTESIAN_POINT ( 'NONE',  ( 73.00000000000000000, -50.75000000000000000, 0.000000000000000000 ) ) ;
#913 = DIRECTION ( 'NONE',  ( 1.000000000000000000, 0.000000000000000000, 0.000000000000000000 ) ) ;
#914 = CC_DESIGN_PERSON_AND_ORGANIZATION_ASSIGNMENT ( #990, #1281, ( #294 ) ) ;
#915 = LINE ( 'NONE', #683, #758 ) ;
#916 = CARTESIAN_POINT ( 'NONE',  ( -80.77817459305201453, 58.52817459305202874, 20.00000000000000000 ) ) ;
#917 = ORIENTED_EDGE ( 'NONE', *, *, #738, .F. ) ;
#918 = ORIENTED_EDGE ( 'NONE', *, *, #215, .F. ) ;
#919 = EDGE_CURVE ( 'NONE', #321, #1182, #1122, .T. ) ;
#920 = CARTESIAN_POINT ( 'NONE',  ( -45.75000000000000711, -50.75000000000000000, 27.50000000000000000 ) ) ;
#921 = ORIENTED_EDGE ( 'NONE', *, *, #1926, .T. ) ;
#922 = LINE ( 'NONE', #22, #950 ) ;
#923 = VECTOR ( 'NONE', #1836, 1000.000000000000114 ) ;
#924 = SHAPE_DEFINITION_REPRESENTATION ( #2062, #899 ) ;
#925 = VERTEX_POINT ( 'NONE', #1046 ) ;
#926 = LINE ( 'NONE', #999, #1658 ) ;
#927 = VERTEX_POINT ( 'NONE', #908 ) ;
#928 = FACE_OUTER_BOUND ( 'NONE', #1492, .T. ) ;
#929 = ORIENTED_EDGE ( 'NONE', *, *, #1540, .F. ) ;
#930 = CIRCLE ( 'NONE', #1883, 5.500000000000005329 ) ;
#931 = EDGE_LOOP ( 'NONE', ( #24, #1500, #1860, #1597 ) ) ;
#932 = EDGE_CURVE ( 'NONE', #1182, #321, #311, .T. ) ;
#933 = ORIENTED_EDGE ( 'NONE', *, *, #473, .F. ) ;
#934 = CC_DESIGN_PERSON_AND_ORGANIZATION_ASSIGNMENT ( #845, #1420, ( #1016 ) ) ;
#935 = VERTEX_POINT ( 'NONE', #982 ) ;
#936 = DIRECTION ( 'NONE',  ( 1.000000000000000000, 0.000000000000000000, 0.000000000000000000 ) ) ;
#937 = DIRECTION ( 'NONE',  ( 1.000000000000000000, 1.224606353822375779E-16, 0.000000000000000000 ) ) ;
#938 = CARTESIAN_POINT ( 'NONE',  ( 14.25000000000000000, 39.75000000000000000, 39.50000000000000000 ) ) ;
#939 = ADVANCED_FACE ( 'NONE', ( #1960 ), #1878, .F. ) ;
#940 = AXIS2_PLACEMENT_3D ( 'NONE', #984, #1467, #2022 ) ;
#941 = CARTESIAN_POINT ( 'NONE',  ( 89.42478834996289550, -61.75000000000000000, 20.00000000000000000 ) ) ;
#942 = AXIS2_PLACEMENT_3D ( 'NONE', #1065, #60, #161 ) ;
#943 = DIRECTION ( 'NONE',  ( 1.000000000000000000, 0.000000000000000000, 0.000000000000000000 ) ) ;
#944 = FACE_BOUND ( 'NONE', #1619, .T. ) ;
#945 = DIRECTION ( 'NONE',  ( 1.000000000000000000, 0.000000000000000000, 0.000000000000000000 ) ) ;
#946 = CARTESIAN_POINT ( 'NONE',  ( -6.749999999999999112, -26.84999999999999432, 1.000000000000000000 ) ) ;
#947 = CYLINDRICAL_SURFACE ( 'NONE', #1662, 11.00000000000000533 ) ;
#948 = DIRECTION ( 'NONE',  ( 0.8571673007021122226, 0.000000000000000000, 0.5150380749100542666 ) ) ;
#949 = ADVANCED_FACE ( 'NONE', ( #1376, #1158, #1231 ), #1304, .T. ) ;
#950 = VECTOR ( 'NONE', #813, 1000.000000000000000 ) ;
#951 = CIRCLE ( 'NONE', #210, 4.999999999999997335 ) ;
#952 = CONICAL_SURFACE ( 'NONE', #583, 2.500000000000002220, 1.029744258676654534 ) ;
#953 = AXIS2_PLACEMENT_3D ( 'NONE', #730, #136, #1869 ) ;
#954 = DATE_TIME_ROLE ( 'creation_date' ) ;
#955 = ORIENTED_EDGE ( 'NONE', *, *, #1823, .T. ) ;
#956 = PERSON_AND_ORGANIZATION ( #1299, #1159 ) ;
#957 = EDGE_LOOP ( 'NONE', ( #392, #342, #722, #1431 ) ) ;
#958 = CARTESIAN_POINT ( 'NONE',  ( 50.75000000000000000, -50.75000000000000000, 27.50000000000000000 ) ) ;
#959 = CIRCLE ( 'NONE', #1232, 23.50000000000000000 ) ;
#960 = EDGE_LOOP ( 'NONE', ( #1935, #238, #624, #1323 ) ) ;
#961 = EDGE_CURVE ( 'NONE', #33, #2080, #1881, .T. ) ;
#962 = VERTEX_POINT ( 'NONE', #379 ) ;
#963 = VERTEX_POINT ( 'NONE', #646 ) ;
#964 = VECTOR ( 'NONE', #1943, 1000.000000000000000 ) ;
#965 = ORIENTED_EDGE ( 'NONE', *, *, #2103, .T. ) ;
#966 = EDGE_CURVE ( 'NONE', #925, #653, #2029, .T. ) ;
#967 = EDGE_LOOP ( 'NONE', ( #463, #814 ) ) ;
#968 = AXIS2_PLACEMENT_3D ( 'NONE', #43, #1873, #943 ) ;
#969 = ORIENTED_EDGE ( 'NONE', *, *, #552, .F. ) ;
#970 = CIRCLE ( 'NONE', #1830, 4.999999999999997335 ) ;
#971 = LINE ( 'NONE', #1950, #1152 ) ;
#972 = FACE_OUTER_BOUND ( 'NONE', #1246, .T. ) ;
#973 = DIRECTION ( 'NONE',  ( 0.000000000000000000, 0.000000000000000000, 1.000000000000000000 ) ) ;
#974 = DIRECTION ( 'NONE',  ( 0.000000000000000000, 0.000000000000000000, 1.000000000000000000 ) ) ;
#975 = VECTOR ( 'NONE', #1015, 1000.000000000000000 ) ;
#976 = LINE ( 'NONE', #2094, #530 ) ;
#977 = DIRECTION ( 'NONE',  ( 0.7071067811865480168, -0.7071067811865470176, 0.000000000000000000 ) ) ;
#978 = EDGE_CURVE ( 'NONE', #665, #2112, #1542, .T. ) ;
#979 = CARTESIAN_POINT ( 'NONE',  ( 78.50000000000000000, 50.75000000000000000, 19.00000000000000000 ) ) ;
#980 = CONICAL_SURFACE ( 'NONE', #866, 2.500000000000002220, 1.029744258676654534 ) ;
#981 = PLANE ( 'NONE',  #874 ) ;
#982 = CARTESIAN_POINT ( 'NONE',  ( -73.00000000000000000, 61.75000000000000000, 0.000000000000000000 ) ) ;
#983 = AXIS2_PLACEMENT_3D ( 'NONE', #898, #1911, #2126 ) ;
#984 = CARTESIAN_POINT ( 'NONE',  ( -73.00000000000000000, -50.75000000000000000, 0.000000000000000000 ) ) ;
#985 = CARTESIAN_POINT ( 'NONE',  ( -84.00000000000000000, -61.75000000000000000, 0.000000000000000000 ) ) ;
#986 = CYLINDRICAL_SURFACE ( 'NONE', #355, 23.50000000000000000 ) ;
#987 = CYLINDRICAL_SURFACE ( 'NONE', #1721, 11.00000000000000533 ) ;
#988 = ORIENTED_EDGE ( 'NONE', *, *, #1118, .F. ) ;
#989 = LINE ( 'NONE', #920, #269 ) ;
#990 = PERSON_AND_ORGANIZATION ( #1299, #1159 ) ;
#991 = VERTEX_POINT ( 'NONE', #1676 ) ;
#992 = DIRECTION ( 'NONE',  ( 0.000000000000000000, 0.000000000000000000, -1.000000000000000000 ) ) ;
#993 = ORIENTED_EDGE ( 'NONE', *, *, #1193, .F. ) ;
#994 = EDGE_CURVE ( 'NONE', #927, #1398, #1783, .T. ) ;
#995 = DIRECTION ( 'NONE',  ( 0.000000000000000000, 0.000000000000000000, -1.000000000000000000 ) ) ;
#996 = CC_DESIGN_APPROVAL ( #468, ( #280 ) ) ;
#997 = ORIENTED_EDGE ( 'NONE', *, *, #994, .F. ) ;
#998 = VECTOR ( 'NONE', #729, 1000.000000000000000 ) ;
#999 = CARTESIAN_POINT ( 'NONE',  ( 64.00000000000000000, -50.75000000000000000, 19.50000000000000000 ) ) ;
#1000 = VERTEX_POINT ( 'NONE', #2065 ) ;
#1001 = ORIENTED_EDGE ( 'NONE', *, *, #717, .F. ) ;
#1002 = CARTESIAN_POINT ( 'NONE',  ( -73.00000000000000000, -50.75000000000000000, 19.00000000000000000 ) ) ;
#1003 = ORIENTED_EDGE ( 'NONE', *, *, #2089, .F. ) ;
#1004 = CARTESIAN_POINT ( 'NONE',  ( 84.00000000000000000, 50.75000000000000000, 20.00000000000000000 ) ) ;
#1005 = EDGE_LOOP ( 'NONE', ( #1595, #1580 ) ) ;
#1006 = DIRECTION ( 'NONE',  ( 1.000000000000000000, 0.000000000000000000, 0.000000000000000000 ) ) ;
#1007 = CARTESIAN_POINT ( 'NONE',  ( 55.75000000000000000, 50.75000000000000000, 40.00000000000000000 ) ) ;
#1008 = CARTESIAN_POINT ( 'NONE',  ( 0.7500000000000006661, 27.15000000000000213, 1.000000000000000000 ) ) ;
#1009 = CARTESIAN_POINT ( 'NONE',  ( 73.00000000000000000, -50.75000000000000000, 0.000000000000000000 ) ) ;
#1010 = DIRECTION ( 'NONE',  ( 0.000000000000000000, 0.000000000000000000, 1.000000000000000000 ) ) ;
#1011 = DIRECTION ( 'NONE',  ( 1.000000000000000000, 0.000000000000000000, 0.000000000000000000 ) ) ;
#1012 = CARTESIAN_POINT ( 'NONE',  ( 50.75000000000000000, 50.75000000000000000, 15.00000000000000000 ) ) ;
#1013 = ADVANCED_FACE ( 'NONE', ( #1962 ), #947, .T. ) ;
#1014 = CARTESIAN_POINT ( 'NONE',  ( 73.00000000000000000, -50.75000000000000000, 19.00000000000000000 ) ) ;
#1015 = DIRECTION ( 'NONE',  ( 0.000000000000000000, 0.000000000000000000, 1.000000000000000000 ) ) ;
#1016 = PRODUCT ( 'G_281-01', 'G_281-01', '', ( #1931 ) ) ;
#1017 = CARTESIAN_POINT ( 'NONE',  ( -57.75000000000000000, -60.75000000000000000, 20.00000000000000000 ) ) ;
#1018 = CARTESIAN_POINT ( 'NONE',  ( 56.31255176946479679, -62.18744823053520321, 40.00000000000000000 ) ) ;
#1019 = EDGE_CURVE ( 'NONE', #1496, #54, #794, .T. ) ;
#1020 = DIRECTION ( 'NONE',  ( -0.7071067811865472397, -0.7071067811865477948, 0.000000000000000000 ) ) ;
#1021 = FACE_OUTER_BOUND ( 'NONE', #1862, .T. ) ;
#1022 = ORIENTED_EDGE ( 'NONE', *, *, #1525, .F. ) ;
#1023 = VERTEX_POINT ( 'NONE', #1478 ) ;
#1024 = ORIENTED_EDGE ( 'NONE', *, *, #804, .T. ) ;
#1025 = CARTESIAN_POINT ( 'NONE',  ( -78.50000000000000000, 50.75000000000000000, 0.000000000000000000 ) ) ;
#1026 = ORIENTED_EDGE ( 'NONE', *, *, #1543, .F. ) ;
#1027 = DIRECTION ( 'NONE',  ( 1.000000000000000000, 0.000000000000000000, 0.000000000000000000 ) ) ;
#1028 = DIRECTION ( 'NONE',  ( 0.000000000000000000, 0.000000000000000000, -1.000000000000000000 ) ) ;
#1029 = CIRCLE ( 'NONE', #385, 11.00000000000000533 ) ;
#1030 = DIRECTION ( 'NONE',  ( 0.000000000000000000, 0.000000000000000000, 1.000000000000000000 ) ) ;
#1031 = ORIENTED_EDGE ( 'NONE', *, *, #1464, .F. ) ;
#1032 = EDGE_CURVE ( 'NONE', #854, #882, #677, .T. ) ;
#1033 = EDGE_LOOP ( 'NONE', ( #89, #534, #434 ) ) ;
#1034 = VECTOR ( 'NONE', #220, 1000.000000000000000 ) ;
#1035 = ORIENTED_EDGE ( 'NONE', *, *, #215, .T. ) ;
#1036 = EDGE_LOOP ( 'NONE', ( #130, #634, #1325, #521 ) ) ;
#1037 = CARTESIAN_POINT ( 'NONE',  ( -56.75000000000000000, 61.75000000000000000, 20.00000000000000000 ) ) ;
#1038 = ORIENTED_EDGE ( 'NONE', *, *, #174, .T. ) ;
#1039 = AXIS2_PLACEMENT_3D ( 'NONE', #1074, #1151, #1534 ) ;
#1040 = CARTESIAN_POINT ( 'NONE',  ( 56.75000000000000000, 61.75000000000000000, 20.00000000000000000 ) ) ;
#1041 = CARTESIAN_POINT ( 'NONE',  ( -40.25000000000000000, -35.75000000000000000, 40.00000000000000000 ) ) ;
#1042 = CARTESIAN_POINT ( 'NONE',  ( -64.00000000000000000, 50.75000000000000000, 19.50000000000000000 ) ) ;
#1043 = DIRECTION ( 'NONE',  ( 1.000000000000000000, 0.000000000000000000, 0.000000000000000000 ) ) ;
#1044 = CARTESIAN_POINT ( 'NONE',  ( -81.99999999999998579, -50.75000000000000000, 20.00000000000000000 ) ) ;
#1045 = EDGE_CURVE ( 'NONE', #153, #1717, #1611, .T. ) ;
#1046 = CARTESIAN_POINT ( 'NONE',  ( -64.00000000000000000, -50.75000000000000000, 19.00000000000000000 ) ) ;
#1047 = CIRCLE ( 'NONE', #1852, 8.999999999999994671 ) ;
#1048 = ADVANCED_FACE ( 'NONE', ( #578 ), #75, .F. ) ;
#1049 = CARTESIAN_POINT ( 'NONE',  ( -30.25000000000000000, -35.75000000000000000, 39.00000000000000000 ) ) ;
#1050 = FACE_OUTER_BOUND ( 'NONE', #587, .T. ) ;
#1051 = CARTESIAN_POINT ( 'NONE',  ( 89.42478834996289550, 61.75000000000000000, 0.000000000000000000 ) ) ;
#1052 = DIRECTION ( 'NONE',  ( 1.000000000000000000, 0.000000000000000000, 0.000000000000000000 ) ) ;
#1053 = ORIENTED_EDGE ( 'NONE', *, *, #82, .F. ) ;
#1054 = CARTESIAN_POINT ( 'NONE',  ( 73.00000000000000000, 50.75000000000000000, -189.4665844472575031 ) ) ;
#1055 = ORIENTED_EDGE ( 'NONE', *, *, #7, .F. ) ;
#1056 = EDGE_CURVE ( 'NONE', #851, #1069, #911, .T. ) ;
#1057 = DIRECTION ( 'NONE',  ( 1.000000000000000000, 0.000000000000000000, 0.000000000000000000 ) ) ;
#1058 = PERSON_AND_ORGANIZATION_ROLE ( 'classification_officer' ) ;
#1059 = ORIENTED_EDGE ( 'NONE', *, *, #1666, .T. ) ;
#1060 = EDGE_LOOP ( 'NONE', ( #2079, #1402, #1584, #1345 ) ) ;
#1061 = ORIENTED_EDGE ( 'NONE', *, *, #1283, .F. ) ;
#1062 = AXIS2_PLACEMENT_3D ( 'NONE', #1049, #483, #1128 ) ;
#1063 = ORIENTED_EDGE ( 'NONE', *, *, #584, .F. ) ;
#1064 = VERTEX_POINT ( 'NONE', #314 ) ;
#1065 = CARTESIAN_POINT ( 'NONE',  ( -73.00000000000000000, -50.75000000000000000, 20.00000000000000000 ) ) ;
#1066 = ORIENTED_EDGE ( 'NONE', *, *, #1464, .T. ) ;
#1067 = DIRECTION ( 'NONE',  ( 0.000000000000000000, 0.000000000000000000, 1.000000000000000000 ) ) ;
#1068 = EDGE_CURVE ( 'NONE', #1976, #1355, #411, .T. ) ;
#1069 = VERTEX_POINT ( 'NONE', #807 ) ;
#1070 = CYLINDRICAL_SURFACE ( 'NONE', #1623, 10.00000000000000178 ) ;
#1071 = EDGE_LOOP ( 'NONE', ( #1894, #160 ) ) ;
#1072 = CARTESIAN_POINT ( 'NONE',  ( -73.00000000000000000, -50.75000000000000000, 19.50000000000000000 ) ) ;
#1073 = CARTESIAN_POINT ( 'NONE',  ( -78.50000000000000000, -50.75000000000000000, -189.4665844472575031 ) ) ;
#1074 = CARTESIAN_POINT ( 'NONE',  ( 84.00000000000000000, 61.75000000000000000, 0.000000000000000000 ) ) ;
#1075 = DIRECTION ( 'NONE',  ( 1.000000000000000000, 0.000000000000000000, 0.000000000000000000 ) ) ;
#1076 = PLANE ( 'NONE',  #1269 ) ;
#1077 = EDGE_CURVE ( 'NONE', #925, #1249, #2034, .T. ) ;
#1078 = CARTESIAN_POINT ( 'NONE',  ( 81.99999999999998579, 50.75000000000000000, 19.50000000000000000 ) ) ;
#1079 = CARTESIAN_POINT ( 'NONE',  ( -30.25000000000000000, -35.75000000000000000, 39.00000000000000000 ) ) ;
#1080 = DIRECTION ( 'NONE',  ( 0.000000000000000000, 0.000000000000000000, 1.000000000000000000 ) ) ;
#1081 = CARTESIAN_POINT ( 'NONE',  ( -50.75000000000000000, -50.75000000000000000, 15.00000000000000000 ) ) ;
#1082 = DIRECTION ( 'NONE',  ( 0.000000000000000000, 0.000000000000000000, -1.000000000000000000 ) ) ;
#1083 = FACE_BOUND ( 'NONE', #270, .T. ) ;
#1084 = LINE ( 'NONE', #870, #1675 ) ;
#1085 = FACE_OUTER_BOUND ( 'NONE', #1514, .T. ) ;
#1086 = CARTESIAN_POINT ( 'NONE',  ( 50.75000000000000000, 50.75000000000000000, 27.50000000000000000 ) ) ;
#1087 = FACE_OUTER_BOUND ( 'NONE', #31, .T. ) ;
#1088 = CARTESIAN_POINT ( 'NONE',  ( -64.00000000000000000, -50.75000000000000000, 19.50000000000000000 ) ) ;
#1089 = AXIS2_PLACEMENT_3D ( 'NONE', #1079, #1701, #374 ) ;
#1090 = EDGE_CURVE ( 'NONE', #637, #321, #475, .T. ) ;
#1091 = FACE_OUTER_BOUND ( 'NONE', #1618, .T. ) ;
#1092 = DIRECTION ( 'NONE',  ( 0.000000000000000000, 0.000000000000000000, 1.000000000000000000 ) ) ;
#1093 = CARTESIAN_POINT ( 'NONE',  ( 56.75000000000000000, -61.75000000000000000, 20.00000000000000000 ) ) ;
#1094 = CIRCLE ( 'NONE', #351, 8.999999999999994671 ) ;
#1095 = DIRECTION ( 'NONE',  ( 0.000000000000000000, 0.000000000000000000, 1.000000000000000000 ) ) ;
#1096 = DIRECTION ( 'NONE',  ( 1.000000000000000000, 0.000000000000000000, 0.000000000000000000 ) ) ;
#1097 = CALENDAR_DATE ( 2026, 8, 8 ) ;
#1098 = EDGE_LOOP ( 'NONE', ( #728, #2076, #811, #1942 ) ) ;
#1099 = CALENDAR_DATE ( 2026, 8, 8 ) ;
#1100 = ORIENTED_EDGE ( 'NONE', *, *, #1737, .T. ) ;
#1101 = AXIS2_PLACEMENT_3D ( 'NONE', #380, #450, #579 ) ;
#1102 = ORIENTED_EDGE ( 'NONE', *, *, #1447, .F. ) ;
#1103 = CARTESIAN_POINT ( 'NONE',  ( -50.75000000000000000, 50.75000000000000000, 11.99569690486219997 ) ) ;
#1104 = ORIENTED_EDGE ( 'NONE', *, *, #966, .F. ) ;
#1105 = ORIENTED_EDGE ( 'NONE', *, *, #1631, .F. ) ;
#1106 = CARTESIAN_POINT ( 'NONE',  ( -4.493040663794625189, -61.75000000000000000, 40.00000000000000000 ) ) ;
#1107 = ORIENTED_EDGE ( 'NONE', *, *, #1228, .T. ) ;
#1108 = FACE_OUTER_BOUND ( 'NONE', #931, .T. ) ;
#1109 = LINE ( 'NONE', #338, #1227 ) ;
#1110 = EDGE_CURVE ( 'NONE', #1833, #1972, #143, .T. ) ;
#1111 = VERTEX_POINT ( 'NONE', #803 ) ;
#1112 = ORIENTED_EDGE ( 'NONE', *, *, #319, .F. ) ;
#1113 = PLANE ( 'NONE',  #983 ) ;
#1114 = DIRECTION ( 'NONE',  ( 1.000000000000000000, 0.000000000000000000, 0.000000000000000000 ) ) ;
#1115 = LINE ( 'NONE', #471, #3 ) ;
#1116 = DIRECTION ( 'NONE',  ( 1.000000000000000000, 0.000000000000000000, 0.000000000000000000 ) ) ;
#1117 = FACE_OUTER_BOUND ( 'NONE', #1284, .T. ) ;
#1118 = EDGE_CURVE ( 'NONE', #459, #1817, #1084, .T. ) ;
#1119 = DIRECTION ( 'NONE',  ( 0.000000000000000000, 0.000000000000000000, -1.000000000000000000 ) ) ;
#1120 = CIRCLE ( 'NONE', #1665, 11.00000000000000533 ) ;
#1121 = FACE_BOUND ( 'NONE', #20, .T. ) ;
#1122 = CIRCLE ( 'NONE', #61, 5.500000000000005329 ) ;
#1123 = EDGE_CURVE ( 'NONE', #2080, #33, #1373, .T. ) ;
#1124 = FACE_OUTER_BOUND ( 'NONE', #1486, .T. ) ;
#1125 = DIRECTION ( 'NONE',  ( 0.000000000000000000, 0.000000000000000000, -1.000000000000000000 ) ) ;
#1126 = FACE_BOUND ( 'NONE', #555, .T. ) ;
#1127 = CARTESIAN_POINT ( 'NONE',  ( 50.75000000000000000, -50.75000000000000000, 13.49784845243110176 ) ) ;
#1128 = DIRECTION ( 'NONE',  ( 1.000000000000000000, 0.000000000000000000, 0.000000000000000000 ) ) ;
#1129 = DIRECTION ( 'NONE',  ( 0.000000000000000000, 0.000000000000000000, 1.000000000000000000 ) ) ;
#1130 = EDGE_CURVE ( 'NONE', #751, #1863, #1742, .T. ) ;
#1131 = VECTOR ( 'NONE', #630, 1000.000000000000000 ) ;
#1132 = CIRCLE ( 'NONE', #2066, 5.500000000000005329 ) ;
#1133 = CIRCLE ( 'NONE', #1545, 11.00000000000000533 ) ;
#1134 = LINE ( 'NONE', #843, #1921 ) ;
#1135 = VERTEX_POINT ( 'NONE', #6 ) ;
#1136 = VECTOR ( 'NONE', #808, 1000.000000000000000 ) ;
#1137 = ORIENTED_EDGE ( 'NONE', *, *, #1614, .T. ) ;
#1138 = DIRECTION ( 'NONE',  ( 1.000000000000000000, 0.000000000000000000, 0.000000000000000000 ) ) ;
#1139 = VERTEX_POINT ( 'NONE', #872 ) ;
#1140 = CARTESIAN_POINT ( 'NONE',  ( -73.00000000000000000, -61.75000000000000000, 0.000000000000000000 ) ) ;
#1141 = EDGE_LOOP ( 'NONE', ( #324, #233, #725 ) ) ;
#1142 = ORIENTED_EDGE ( 'NONE', *, *, #30, .T. ) ;
#1143 = APPROVAL ( #458, 'UNSPECIFIED' ) ;
#1144 = DIRECTION ( 'NONE',  ( -1.000000000000000000, -1.224606353822375779E-16, 0.000000000000000000 ) ) ;
#1145 = ORIENTED_EDGE ( 'NONE', *, *, #1745, .T. ) ;
#1146 = DIRECTION ( 'NONE',  ( 1.000000000000000000, 0.000000000000000000, 0.000000000000000000 ) ) ;
#1147 = VERTEX_POINT ( 'NONE', #249 ) ;
#1148 = EDGE_CURVE ( 'NONE', #1693, #228, #1769, .T. ) ;
#1149 = ORIENTED_EDGE ( 'NONE', *, *, #1809, .T. ) ;
#1150 = AXIS2_PLACEMENT_3D ( 'NONE', #1772, #2057, #1953 ) ;
#1151 = DIRECTION ( 'NONE',  ( 1.000000000000000000, 1.224606353822375779E-16, 0.000000000000000000 ) ) ;
#1152 = VECTOR ( 'NONE', #1221, 1000.000000000000000 ) ;
#1153 = CIRCLE ( 'NONE', #1754, 4.999999999999997335 ) ;
#1154 = DIRECTION ( 'NONE',  ( 0.000000000000000000, 0.000000000000000000, -1.000000000000000000 ) ) ;
#1155 = ADVANCED_FACE ( 'NONE', ( #1444 ), #510, .F. ) ;
#1156 = DIRECTION ( 'NONE',  ( 0.000000000000000000, 0.000000000000000000, 1.000000000000000000 ) ) ;
#1157 = FACE_BOUND ( 'NONE', #1752, .T. ) ;
#1158 = FACE_BOUND ( 'NONE', #399, .T. ) ;
#1159 = ORGANIZATION ( 'UNSPECIFIED', 'UNSPECIFIED', '' ) ;
#1160 = DIRECTION ( 'NONE',  ( 0.000000000000000000, 0.000000000000000000, -1.000000000000000000 ) ) ;
#1161 = CONICAL_SURFACE ( 'NONE', #1832, 2.500000000000002220, 1.029744258676654534 ) ;
#1162 = DIRECTION ( 'NONE',  ( 0.7071067811865472397, 0.7071067811865477948, 0.000000000000000000 ) ) ;
#1163 = CIRCLE ( 'NONE', #1425, 4.999999999999997335 ) ;
#1164 = CARTESIAN_POINT ( 'NONE',  ( 56.75000000000000000, -61.75000000000000000, 20.00000000000000000 ) ) ;
#1165 = CARTESIAN_POINT ( 'NONE',  ( -73.00000000000000000, 50.75000000000000000, 0.000000000000000000 ) ) ;
#1166 = ORIENTED_EDGE ( 'NONE', *, *, #1019, .T. ) ;
#1167 = ORIENTED_EDGE ( 'NONE', *, *, #717, .T. ) ;
#1168 = CARTESIAN_POINT ( 'NONE',  ( -67.49999999999998579, -50.75000000000000000, 19.00000000000000000 ) ) ;
#1169 = CARTESIAN_POINT ( 'NONE',  ( -73.00000000000000000, 50.75000000000000000, 0.000000000000000000 ) ) ;
#1170 = AXIS2_PLACEMENT_3D ( 'NONE', #1455, #2004, #259 ) ;
#1171 = ORIENTED_EDGE ( 'NONE', *, *, #250, .F. ) ;
#1172 = DIRECTION ( 'NONE',  ( 0.000000000000000000, 0.000000000000000000, -1.000000000000000000 ) ) ;
#1173 = EDGE_LOOP ( 'NONE', ( #1489, #965, #1463, #221 ) ) ;
#1174 = VECTOR ( 'NONE', #252, 1000.000000000000000 ) ;
#1175 = AXIS2_PLACEMENT_3D ( 'NONE', #199, #1297, #2021 ) ;
#1176 = ORIENTED_EDGE ( 'NONE', *, *, #1283, .T. ) ;
#1177 = DIRECTION ( 'NONE',  ( 0.7071067811865472397, -0.7071067811865477948, 0.000000000000000000 ) ) ;
#1178 = VERTEX_POINT ( 'NONE', #771 ) ;
#1179 = CARTESIAN_POINT ( 'NONE',  ( 1.478967689115030072E-15, -1.000000000000000000, 0.000000000000000000 ) ) ;
#1180 = ORIENTED_EDGE ( 'NONE', *, *, #1714, .F. ) ;
#1181 = CYLINDRICAL_SURFACE ( 'NONE', #886, 4.999999999999997335 ) ;
#1182 = VERTEX_POINT ( 'NONE', #676 ) ;
#1183 = DIRECTION ( 'NONE',  ( 0.000000000000000000, 1.000000000000000000, 0.000000000000000000 ) ) ;
#1184 = ADVANCED_FACE ( 'NONE', ( #1124 ), #1643, .F. ) ;
#1185 = EDGE_LOOP ( 'NONE', ( #185, #339, #1529, #699 ) ) ;
#1186 = CYLINDRICAL_SURFACE ( 'NONE', #1244, 5.500000000000005329 ) ;
#1187 = DIRECTION ( 'NONE',  ( 0.7071067811865470176, 0.7071067811865480168, 0.000000000000000000 ) ) ;
#1188 = AXIS2_PLACEMENT_3D ( 'NONE', #675, #1604, #178 ) ;
#1189 = DIRECTION ( 'NONE',  ( -1.000000000000000000, 0.000000000000000000, 0.000000000000000000 ) ) ;
#1190 = DIRECTION ( 'NONE',  ( 1.000000000000000000, 0.000000000000000000, 0.000000000000000000 ) ) ;
#1191 = CARTESIAN_POINT ( 'NONE',  ( 84.00000000000000000, -50.75000000000000000, 0.000000000000000000 ) ) ;
#1192 = LINE ( 'NONE', #278, #501 ) ;
#1193 = EDGE_CURVE ( 'NONE', #1111, #1819, #1133, .T. ) ;
#1194 = DIRECTION ( 'NONE',  ( 0.000000000000000000, 0.000000000000000000, 1.000000000000000000 ) ) ;
#1195 = FACE_OUTER_BOUND ( 'NONE', #1632, .T. ) ;
#1196 = CARTESIAN_POINT ( 'NONE',  ( -30.25000000000000000, -35.75000000000000000, 39.50000000000000000 ) ) ;
#1197 = EDGE_CURVE ( 'NONE', #751, #1905, #1845, .T. ) ;
#1198 = DIRECTION ( 'NONE',  ( 0.000000000000000000, 0.000000000000000000, 1.000000000000000000 ) ) ;
#1199 = VECTOR ( 'NONE', #1535, 1000.000000000000114 ) ;
#1200 = AXIS2_PLACEMENT_3D ( 'NONE', #1609, #772, #1476 ) ;
#1201 = AXIS2_PLACEMENT_3D ( 'NONE', #1072, #1908, #1835 ) ;
#1202 = CARTESIAN_POINT ( 'NONE',  ( 67.49999999999998579, -50.75000000000000000, -189.4665844472575031 ) ) ;
#1203 = DIRECTION ( 'NONE',  ( 0.000000000000000000, 0.000000000000000000, -1.000000000000000000 ) ) ;
#1204 =( NAMED_UNIT ( * ) PLANE_ANGLE_UNIT ( ) SI_UNIT ( $, .RADIAN. ) );
#1205 = APPROVAL_STATUS ( 'not_yet_approved' ) ;
#1206 = ORIENTED_EDGE ( 'NONE', *, *, #1019, .F. ) ;
#1207 = ADVANCED_FACE ( 'NONE', ( #1087 ), #146, .F. ) ;
#1208 = COORDINATED_UNIVERSAL_TIME_OFFSET ( 2, 0, .AHEAD. ) ;
#1209 = ORIENTED_EDGE ( 'NONE', *, *, #919, .F. ) ;
#1210 = DIRECTION ( 'NONE',  ( 0.000000000000000000, 0.000000000000000000, -1.000000000000000000 ) ) ;
#1211 = CYLINDRICAL_SURFACE ( 'NONE', #1777, 4.999999999999997335 ) ;
#1212 = ORIENTED_EDGE ( 'NONE', *, *, #932, .F. ) ;
#1213 = DIRECTION ( 'NONE',  ( 1.000000000000000000, 0.000000000000000000, 0.000000000000000000 ) ) ;
#1214 = ORIENTED_EDGE ( 'NONE', *, *, #205, .T. ) ;
#1215 = EDGE_CURVE ( 'NONE', #228, #1693, #1557, .T. ) ;
#1216 = VERTEX_POINT ( 'NONE', #946 ) ;
#1217 = ORIENTED_EDGE ( 'NONE', *, *, #1794, .F. ) ;
#1218 = ORIENTED_EDGE ( 'NONE', *, *, #708, .T. ) ;
#1219 = CARTESIAN_POINT ( 'NONE',  ( 61.75000000000000000, -56.75000000000000000, 20.00000000000000000 ) ) ;
#1220 = CARTESIAN_POINT ( 'NONE',  ( -80.77817459305201453, -58.52817459305202874, 0.000000000000000000 ) ) ;
#1221 = DIRECTION ( 'NONE',  ( 0.000000000000000000, 0.000000000000000000, -1.000000000000000000 ) ) ;
#1222 = CARTESIAN_POINT ( 'NONE',  ( -84.00000000000000000, -50.75000000000000000, 0.000000000000000000 ) ) ;
#1223 = ADVANCED_FACE ( 'NONE', ( #1508, #1126 ), #114, .F. ) ;
#1224 = DIRECTION ( 'NONE',  ( 0.000000000000000000, 0.000000000000000000, 1.000000000000000000 ) ) ;
#1225 = FACE_OUTER_BOUND ( 'NONE', #165, .T. ) ;
#1226 = CARTESIAN_POINT ( 'NONE',  ( -53.75000000000000000, -26.84999999999999787, 1.000000000000000000 ) ) ;
#1227 = VECTOR ( 'NONE', #1183, 1000.000000000000000 ) ;
#1228 = EDGE_CURVE ( 'NONE', #151, #747, #1650, .T. ) ;
#1229 = CIRCLE ( 'NONE', #227, 8.999999999999994671 ) ;
#1230 = CARTESIAN_POINT ( 'NONE',  ( 61.75000000000000000, -56.75000000000000000, 20.00000000000000000 ) ) ;
#1231 = FACE_BOUND ( 'NONE', #1071, .T. ) ;
#1232 = AXIS2_PLACEMENT_3D ( 'NONE', #1955, #829, #175 ) ;
#1233 = EDGE_CURVE ( 'NONE', #195, #1616, #840, .T. ) ;
#1234 = FACE_OUTER_BOUND ( 'NONE', #1351, .T. ) ;
#1235 = VECTOR ( 'NONE', #1984, 1000.000000000000000 ) ;
#1236 = FACE_OUTER_BOUND ( 'NONE', #2117, .T. ) ;
#1237 = FACE_OUTER_BOUND ( 'NONE', #1657, .T. ) ;
#1238 = VECTOR ( 'NONE', #1761, 1000.000000000000000 ) ;
#1239 = ADVANCED_FACE ( 'NONE', ( #1963 ), #1477, .F. ) ;
#1240 = CIRCLE ( 'NONE', #817, 23.50000000000000000 ) ;
#1241 = APPROVAL_DATE_TIME ( #1452, #468 ) ;
#1242 = VERTEX_POINT ( 'NONE', #2033 ) ;
#1243 = DIRECTION ( 'NONE',  ( 0.000000000000000000, 0.000000000000000000, -1.000000000000000000 ) ) ;
#1244 = AXIS2_PLACEMENT_3D ( 'NONE', #1732, #34, #1114 ) ;
#1245 = DATE_AND_TIME ( #1099, #1779 ) ;
#1246 = EDGE_LOOP ( 'NONE', ( #1066, #988, #2106, #921 ) ) ;
#1247 = CARTESIAN_POINT ( 'NONE',  ( -67.49999999999998579, 50.75000000000000000, 0.000000000000000000 ) ) ;
#1248 = ORIENTED_EDGE ( 'NONE', *, *, #158, .F. ) ;
#1249 = VERTEX_POINT ( 'NONE', #1924 ) ;
#1250 = CARTESIAN_POINT ( 'NONE',  ( -50.75000000000000000, -50.75000000000000000, 13.49784845243110176 ) ) ;
#1251 = ORIENTED_EDGE ( 'NONE', *, *, #1482, .T. ) ;
#1252 = ADVANCED_FACE ( 'NONE', ( #1645 ), #115, .F. ) ;
#1253 = ORIENTED_EDGE ( 'NONE', *, *, #109, .T. ) ;
#1254 = ORIENTED_EDGE ( 'NONE', *, *, #731, .F. ) ;
#1255 = AXIS2_PLACEMENT_3D ( 'NONE', #1002, #64, #1692 ) ;
#1256 = ORIENTED_EDGE ( 'NONE', *, *, #1439, .F. ) ;
#1257 = EDGE_CURVE ( 'NONE', #963, #1517, #753, .T. ) ;
#1258 = AXIS2_PLACEMENT_3D ( 'NONE', #1306, #480, #282 ) ;
#1259 = DIRECTION ( 'NONE',  ( 0.000000000000000000, 0.000000000000000000, -1.000000000000000000 ) ) ;
#1260 = CC_DESIGN_PERSON_AND_ORGANIZATION_ASSIGNMENT ( #719, #88, ( #294 ) ) ;
#1261 = DIRECTION ( 'NONE',  ( 0.7071067811865474617, 0.7071067811865474617, 0.000000000000000000 ) ) ;
#1262 = CARTESIAN_POINT ( 'NONE',  ( -20.24999999999999645, -35.75000000000000000, 39.50000000000000000 ) ) ;
#1263 = LINE ( 'NONE', #1993, #1841 ) ;
#1264 = CARTESIAN_POINT ( 'NONE',  ( 73.00000000000000000, -50.75000000000000000, 0.000000000000000000 ) ) ;
#1265 = EDGE_CURVE ( 'NONE', #636, #187, #83, .T. ) ;
#1266 = FACE_OUTER_BOUND ( 'NONE', #1458, .T. ) ;
#1267 = DIRECTION ( 'NONE',  ( -0.8571673007021122226, 1.049727191138618696E-16, 0.5150380749100542666 ) ) ;
#1268 = AXIS2_PLACEMENT_3D ( 'NONE', #461, #748, #1974 ) ;
#1269 = AXIS2_PLACEMENT_3D ( 'NONE', #439, #1369, #370 ) ;
#1270 = CIRCLE ( 'NONE', #139, 10.00000000000000178 ) ;
#1271 = CARTESIAN_POINT ( 'NONE',  ( -61.75000000000000000, -56.75000000000000000, 40.00000000000000000 ) ) ;
#1272 = FACE_OUTER_BOUND ( 'NONE', #785, .T. ) ;
#1273 = ADVANCED_FACE ( 'NONE', ( #452 ), #1811, .F. ) ;
#1274 = CC_DESIGN_PERSON_AND_ORGANIZATION_ASSIGNMENT ( #686, #520, ( #280 ) ) ;
#1275 = CARTESIAN_POINT ( 'NONE',  ( 73.00000000000000000, -50.75000000000000000, 20.00000000000000000 ) ) ;
#1276 = DIRECTION ( 'NONE',  ( 0.000000000000000000, 0.000000000000000000, -1.000000000000000000 ) ) ;
#1277 = CARTESIAN_POINT ( 'NONE',  ( -56.75000000000000000, 61.75000000000000000, 40.00000000000000000 ) ) ;
#1278 = CARTESIAN_POINT ( 'NONE',  ( -50.75000000000000000, 50.75000000000000000, 15.00000000000000000 ) ) ;
#1279 = ORIENTED_EDGE ( 'NONE', *, *, #932, .T. ) ;
#1280 = CARTESIAN_POINT ( 'NONE',  ( 50.75000000000000000, -50.75000000000000000, 40.00000000000000000 ) ) ;
#1281 = PERSON_AND_ORGANIZATION_ROLE ( 'creator' ) ;
#1282 = ORIENTED_EDGE ( 'NONE', *, *, #128, .F. ) ;
#1283 = EDGE_CURVE ( 'NONE', #1355, #1398, #182, .T. ) ;
#1284 = EDGE_LOOP ( 'NONE', ( #1024, #1768, #67, #1256 ) ) ;
#1285 = CARTESIAN_POINT ( 'NONE',  ( -50.75000000000000000, -50.75000000000000000, 15.00000000000000000 ) ) ;
#1286 = EDGE_LOOP ( 'NONE', ( #1354, #23, #455, #1653 ) ) ;
#1287 = ORIENTED_EDGE ( 'NONE', *, *, #1525, .T. ) ;
#1288 = ORIENTED_EDGE ( 'NONE', *, *, #1998, .T. ) ;
#1289 = FACE_BOUND ( 'NONE', #1900, .T. ) ;
#1290 = AXIS2_PLACEMENT_3D ( 'NONE', #551, #1483, #1343 ) ;
#1291 = ORIENTED_EDGE ( 'NONE', *, *, #2103, .F. ) ;
#1292 = EDGE_LOOP ( 'NONE', ( #1691, #1421, #1824, #697 ) ) ;
#1293 = CIRCLE ( 'NONE', #1487, 4.999999999999997335 ) ;
#1294 = ADVANCED_FACE ( 'NONE', ( #1021, #116 ), #1308, .F. ) ;
#1295 = ORIENTED_EDGE ( 'NONE', *, *, #1865, .F. ) ;
#1296 = DIRECTION ( 'NONE',  ( 1.000000000000000000, 0.000000000000000000, 0.000000000000000000 ) ) ;
#1297 = DIRECTION ( 'NONE',  ( -1.000000000000000000, 0.000000000000000000, 0.000000000000000000 ) ) ;
#1298 = VECTOR ( 'NONE', #2085, 1000.000000000000000 ) ;
#1299 = PERSON ( 'UNSPECIFIED', 'UNSPECIFIED', 'UNSPECIFIED', ('UNSPECIFIED'), ('UNSPECIFIED'), ('UNSPECIFIED') ) ;
#1300 = PLANE ( 'NONE',  #1964 ) ;
#1301 = VECTOR ( 'NONE', #835, 1000.000000000000000 ) ;
#1302 = DIRECTION ( 'NONE',  ( 1.000000000000000000, 0.000000000000000000, 0.000000000000000000 ) ) ;
#1303 = CYLINDRICAL_SURFACE ( 'NONE', #140, 10.00000000000000178 ) ;
#1304 = PLANE ( 'NONE',  #1722 ) ;
#1305 = ADVANCED_FACE ( 'NONE', ( #740 ), #649, .F. ) ;
#1306 = CARTESIAN_POINT ( 'NONE',  ( 50.75000000000000000, 50.75000000000000000, 40.00000000000000000 ) ) ;
#1307 = AXIS2_PLACEMENT_3D ( 'NONE', #1397, #891, #333 ) ;
#1308 = PLANE ( 'NONE',  #335 ) ;
#1309 = ADVANCED_FACE ( 'NONE', ( #1272 ), #986, .F. ) ;
#1310 = DIRECTION ( 'NONE',  ( 1.000000000000000000, 0.000000000000000000, 0.000000000000000000 ) ) ;
#1311 = ORIENTED_EDGE ( 'NONE', *, *, #1568, .F. ) ;
#1312 = CARTESIAN_POINT ( 'NONE',  ( 89.42478834996289550, 61.75000000000000000, 20.00000000000000000 ) ) ;
#1313 = VECTOR ( 'NONE', #516, 1000.000000000000000 ) ;
#1314 = CARTESIAN_POINT ( 'NONE',  ( 73.00000000000000000, -50.75000000000000000, 19.00000000000000000 ) ) ;
#1315 = DIRECTION ( 'NONE',  ( 1.000000000000000000, 0.000000000000000000, 0.000000000000000000 ) ) ;
#1316 = ORIENTED_EDGE ( 'NONE', *, *, #601, .T. ) ;
#1317 = CARTESIAN_POINT ( 'NONE',  ( -81.99999999999998579, 50.75000000000000000, 19.50000000000000000 ) ) ;
#1318 = ORIENTED_EDGE ( 'NONE', *, *, #402, .T. ) ;
#1319 = ADVANCED_FACE ( 'NONE', ( #1091 ), #253, .F. ) ;
#1320 = VERTEX_POINT ( 'NONE', #2105 ) ;
#1321 = FACE_OUTER_BOUND ( 'NONE', #365, .T. ) ;
#1322 = VECTOR ( 'NONE', #948, 1000.000000000000114 ) ;
#1323 = ORIENTED_EDGE ( 'NONE', *, *, #552, .T. ) ;
#1324 = CYLINDRICAL_SURFACE ( 'NONE', #619, 8.999999999999994671 ) ;
#1325 = ORIENTED_EDGE ( 'NONE', *, *, #188, .F. ) ;
#1326 = LINE ( 'NONE', #431, #350 ) ;
#1327 = EDGE_CURVE ( 'NONE', #94, #153, #1399, .T. ) ;
#1328 = EDGE_LOOP ( 'NONE', ( #917, #1291 ) ) ;
#1329 = DIRECTION ( 'NONE',  ( 1.000000000000000000, 0.000000000000000000, 0.000000000000000000 ) ) ;
#1330 = VECTOR ( 'NONE', #535, 1000.000000000000000 ) ;
#1331 = CYLINDRICAL_SURFACE ( 'NONE', #171, 4.999999999999997335 ) ;
#1332 = DIRECTION ( 'NONE',  ( 0.000000000000000000, 0.000000000000000000, 1.000000000000000000 ) ) ;
#1333 = CARTESIAN_POINT ( 'NONE',  ( -81.99999999999998579, 50.75000000000000000, 20.00000000000000000 ) ) ;
#1334 = CARTESIAN_POINT ( 'NONE',  ( 8.881784197001249168E-15, -9.769962616701379133E-15, 40.00000000000000000 ) ) ;
#1335 = DIRECTION ( 'NONE',  ( 0.000000000000000000, 0.000000000000000000, -1.000000000000000000 ) ) ;
#1336 = VECTOR ( 'NONE', #1194, 1000.000000000000000 ) ;
#1337 = DIRECTION ( 'NONE',  ( 0.000000000000000000, 0.000000000000000000, -1.000000000000000000 ) ) ;
#1338 = DIRECTION ( 'NONE',  ( -1.000000000000000000, 0.000000000000000000, 0.000000000000000000 ) ) ;
#1339 = VECTOR ( 'NONE', #1787, 1000.000000000000000 ) ;
#1340 = CARTESIAN_POINT ( 'NONE',  ( -73.00000000000000000, 50.75000000000000000, 19.00000000000000000 ) ) ;
#1341 = CARTESIAN_POINT ( 'NONE',  ( -61.75000000000000000, 56.75000000000000000, 20.00000000000000000 ) ) ;
#1342 = DIRECTION ( 'NONE',  ( 0.000000000000000000, 0.000000000000000000, -1.000000000000000000 ) ) ;
#1343 = DIRECTION ( 'NONE',  ( 1.000000000000000000, 0.000000000000000000, 0.000000000000000000 ) ) ;
#1344 = CARTESIAN_POINT ( 'NONE',  ( 73.00000000000000000, 61.75000000000000000, 0.000000000000000000 ) ) ;
#1345 = ORIENTED_EDGE ( 'NONE', *, *, #109, .F. ) ;
#1346 = AXIS2_PLACEMENT_3D ( 'NONE', #527, #693, #1898 ) ;
#1347 = COORDINATED_UNIVERSAL_TIME_OFFSET ( 2, 0, .AHEAD. ) ;
#1348 = ORIENTED_EDGE ( 'NONE', *, *, #961, .T. ) ;
#1349 = AXIS2_PLACEMENT_3D ( 'NONE', #145, #1475, #1507 ) ;
#1350 = COORDINATED_UNIVERSAL_TIME_OFFSET ( 2, 0, .AHEAD. ) ;
#1351 = EDGE_LOOP ( 'NONE', ( #1763, #2001 ) ) ;
#1352 = CARTESIAN_POINT ( 'NONE',  ( -30.25000000000000000, -26.84999999999999787, 0.000000000000000000 ) ) ;
#1353 = DIRECTION ( 'NONE',  ( 1.000000000000000000, 0.000000000000000000, 0.000000000000000000 ) ) ;
#1354 = ORIENTED_EDGE ( 'NONE', *, *, #2123, .F. ) ;
#1355 = VERTEX_POINT ( 'NONE', #1093 ) ;
#1356 = ORIENTED_EDGE ( 'NONE', *, *, #538, .F. ) ;
#1357 = VERTEX_POINT ( 'NONE', #1449 ) ;
#1358 = LINE ( 'NONE', #426, #2092 ) ;
#1359 = CIRCLE ( 'NONE', #2128, 23.50000000000000000 ) ;
#1360 = EDGE_LOOP ( 'NONE', ( #303, #21, #750 ) ) ;
#1361 = CARTESIAN_POINT ( 'NONE',  ( -55.75000000000000000, 50.75000000000000000, 27.50000000000000000 ) ) ;
#1362 = ORIENTED_EDGE ( 'NONE', *, *, #1620, .T. ) ;
#1363 = DIRECTION ( 'NONE',  ( 0.000000000000000000, 0.000000000000000000, -1.000000000000000000 ) ) ;
#1364 = ORIENTED_EDGE ( 'NONE', *, *, #1563, .T. ) ;
#1365 = DIRECTION ( 'NONE',  ( 1.000000000000000000, 0.000000000000000000, 0.000000000000000000 ) ) ;
#1366 = EDGE_CURVE ( 'NONE', #54, #1496, #581, .T. ) ;
#1367 = CARTESIAN_POINT ( 'NONE',  ( -61.75000000000000000, 56.75000000000000000, 40.00000000000000000 ) ) ;
#1368 = CARTESIAN_POINT ( 'NONE',  ( -61.75000000000000000, -56.75000000000000000, 20.00000000000000000 ) ) ;
#1369 = DIRECTION ( 'NONE',  ( -0.7071067811865475727, 0.7071067811865475727, 0.000000000000000000 ) ) ;
#1370 = CIRCLE ( 'NONE', #495, 4.999999999999997335 ) ;
#1371 = DIRECTION ( 'NONE',  ( 0.000000000000000000, 0.000000000000000000, 1.000000000000000000 ) ) ;
#1372 = DIRECTION ( 'NONE',  ( 1.000000000000000000, 0.000000000000000000, 0.000000000000000000 ) ) ;
#1373 = CIRCLE ( 'NONE', #255, 4.999999999999997335 ) ;
#1374 = EDGE_CURVE ( 'NONE', #1392, #2006, #35, .T. ) ;
#1375 = CARTESIAN_POINT ( 'NONE',  ( 50.75000000000000000, -50.75000000000000000, 11.99569690486219997 ) ) ;
#1376 = FACE_OUTER_BOUND ( 'NONE', #305, .T. ) ;
#1377 = LINE ( 'NONE', #4, #2069 ) ;
#1378 = AXIS2_PLACEMENT_3D ( 'NONE', #641, #1154, #670 ) ;
#1379 = CARTESIAN_POINT ( 'NONE',  ( -48.25000000000000000, 50.75000000000000000, 13.49784845243110176 ) ) ;
#1380 = CARTESIAN_POINT ( 'NONE',  ( 24.25000000000000000, 27.15000000000000213, 0.000000000000000000 ) ) ;
#1381 = DIRECTION ( 'NONE',  ( -1.224606353822375779E-16, 1.000000000000000000, 0.000000000000000000 ) ) ;
#1382 = CIRCLE ( 'NONE', #1468, 4.999999999999997335 ) ;
#1383 = DIRECTION ( 'NONE',  ( -0.7071067811865470176, -0.7071067811865480168, 0.000000000000000000 ) ) ;
#1384 = EDGE_CURVE ( 'NONE', #291, #1023, #50, .T. ) ;
#1385 = CIRCLE ( 'NONE', #1750, 8.999999999999994671 ) ;
#1386 = CARTESIAN_POINT ( 'NONE',  ( 47.75000000000000000, 27.15000000000000568, 0.000000000000000000 ) ) ;
#1387 = DIRECTION ( 'NONE',  ( 1.000000000000000000, 0.000000000000000000, 0.000000000000000000 ) ) ;
#1388 = LINE ( 'NONE', #1202, #1606 ) ;
#1389 = VERTEX_POINT ( 'NONE', #1344 ) ;
#1390 = CARTESIAN_POINT ( 'NONE',  ( -61.75000000000000000, 7.350786999323809745, 40.00000000000000000 ) ) ;
#1391 = PERSON_AND_ORGANIZATION ( #1299, #1159 ) ;
#1392 = VERTEX_POINT ( 'NONE', #486 ) ;
#1393 = FACE_OUTER_BOUND ( 'NONE', #556, .T. ) ;
#1394 = ORIENTED_EDGE ( 'NONE', *, *, #101, .F. ) ;
#1395 = DIRECTION ( 'NONE',  ( 1.000000000000000000, 0.000000000000000000, 0.000000000000000000 ) ) ;
#1396 = VERTEX_POINT ( 'NONE', #1967 ) ;
#1397 = CARTESIAN_POINT ( 'NONE',  ( -50.75000000000000000, 50.75000000000000000, 27.50000000000000000 ) ) ;
#1398 = VERTEX_POINT ( 'NONE', #2107 ) ;
#1399 = CIRCLE ( 'NONE', #1880, 11.00000000000000533 ) ;
#1400 = LOCAL_TIME ( 12, 39, 40.00000000000000000, #1347 ) ;
#1401 = EDGE_CURVE ( 'NONE', #1427, #94, #881, .T. ) ;
#1402 = ORIENTED_EDGE ( 'NONE', *, *, #681, .T. ) ;
#1403 = CARTESIAN_POINT ( 'NONE',  ( -30.25000000000000000, -35.75000000000000000, 39.00000000000000000 ) ) ;
#1404 = AXIS2_PLACEMENT_3D ( 'NONE', #1951, #828, #169 ) ;
#1405 = ORIENTED_EDGE ( 'NONE', *, *, #2060, .F. ) ;
#1406 = ORIENTED_EDGE ( 'NONE', *, *, #1415, .T. ) ;
#1407 = EDGE_CURVE ( 'NONE', #2002, #1178, #1451, .T. ) ;
#1408 = DIRECTION ( 'NONE',  ( 0.000000000000000000, 0.000000000000000000, 1.000000000000000000 ) ) ;
#1409 = LINE ( 'NONE', #1635, #229 ) ;
#1410 = DIRECTION ( 'NONE',  ( 0.000000000000000000, 0.000000000000000000, -1.000000000000000000 ) ) ;
#1411 = DIRECTION ( 'NONE',  ( 0.000000000000000000, 0.000000000000000000, 1.000000000000000000 ) ) ;
#1412 = ADVANCED_FACE ( 'NONE', ( #621 ), #987, .T. ) ;
#1413 = LINE ( 'NONE', #575, #147 ) ;
#1414 = DIRECTION ( 'NONE',  ( 1.000000000000000000, 0.000000000000000000, 0.000000000000000000 ) ) ;
#1415 = EDGE_CURVE ( 'NONE', #2112, #531, #951, .T. ) ;
#1416 = DIRECTION ( 'NONE',  ( 0.000000000000000000, 0.000000000000000000, 1.000000000000000000 ) ) ;
#1417 = DIRECTION ( 'NONE',  ( 0.000000000000000000, 0.000000000000000000, -1.000000000000000000 ) ) ;
#1418 =( LENGTH_UNIT ( ) NAMED_UNIT ( * ) SI_UNIT ( .MILLI., .METRE. ) );
#1419 = DIRECTION ( 'NONE',  ( 0.000000000000000000, 0.000000000000000000, 1.000000000000000000 ) ) ;
#1420 = PERSON_AND_ORGANIZATION_ROLE ( 'design_owner' ) ;
#1421 = ORIENTED_EDGE ( 'NONE', *, *, #724, .T. ) ;
#1422 = EDGE_CURVE ( 'NONE', #1517, #2109, #417, .T. ) ;
#1423 = AXIS2_PLACEMENT_3D ( 'NONE', #1681, #117, #741 ) ;
#1424 = ORIENTED_EDGE ( 'NONE', *, *, #695, .F. ) ;
#1425 = AXIS2_PLACEMENT_3D ( 'NONE', #443, #1539, #1808 ) ;
#1426 = DATE_AND_TIME ( #490, #1648 ) ;
#1427 = VERTEX_POINT ( 'NONE', #916 ) ;
#1428 = EDGE_LOOP ( 'NONE', ( #92, #1946 ) ) ;
#1429 = EDGE_CURVE ( 'NONE', #1000, #636, #844, .T. ) ;
#1430 = DIRECTION ( 'NONE',  ( 0.000000000000000000, 0.000000000000000000, 1.000000000000000000 ) ) ;
#1431 = ORIENTED_EDGE ( 'NONE', *, *, #584, .T. ) ;
#1432 = ORIENTED_EDGE ( 'NONE', *, *, #1215, .F. ) ;
#1433 = VERTEX_POINT ( 'NONE', #883 ) ;
#1434 = ORIENTED_EDGE ( 'NONE', *, *, #286, .F. ) ;
#1435 = CARTESIAN_POINT ( 'NONE',  ( 67.49999999999998579, -50.75000000000000000, 19.00000000000000000 ) ) ;
#1436 = AXIS2_PLACEMENT_3D ( 'NONE', #667, #168, #1365 ) ;
#1437 = DIRECTION ( 'NONE',  ( -0.8571673007021122226, 1.049727191138618696E-16, 0.5150380749100542666 ) ) ;
#1438 = CARTESIAN_POINT ( 'NONE',  ( 56.75000000000000000, 61.75000000000000000, 40.00000000000000000 ) ) ;
#1439 = EDGE_CURVE ( 'NONE', #1723, #492, #989, .T. ) ;
#1440 = DIRECTION ( 'NONE',  ( 0.000000000000000000, 0.000000000000000000, -1.000000000000000000 ) ) ;
#1441 = AXIS2_PLACEMENT_3D ( 'NONE', #13, #48, #1020 ) ;
#1442 = CONICAL_SURFACE ( 'NONE', #514, 2.500000000000002220, 1.029744258676654534 ) ;
#1443 = DIRECTION ( 'NONE',  ( 1.000000000000000000, 0.000000000000000000, 0.000000000000000000 ) ) ;
#1444 = FACE_OUTER_BOUND ( 'NONE', #421, .T. ) ;
#1445 = CIRCLE ( 'NONE', #953, 11.00000000000000533 ) ;
#1446 = CIRCLE ( 'NONE', #1961, 10.00000000000000178 ) ;
#1447 = EDGE_CURVE ( 'NONE', #1519, #1630, #293, .T. ) ;
#1448 = CARTESIAN_POINT ( 'NONE',  ( -55.75000000000000000, 50.75000000000000000, 15.00000000000000000 ) ) ;
#1449 = CARTESIAN_POINT ( 'NONE',  ( 67.49999999999998579, 50.75000000000000000, 0.000000000000000000 ) ) ;
#1450 = CARTESIAN_POINT ( 'NONE',  ( 45.75000000000000711, 50.75000000000000000, 27.50000000000000000 ) ) ;
#1451 = LINE ( 'NONE', #1312, #310 ) ;
#1452 = DATE_AND_TIME ( #1097, #1400 ) ;
#1453 = ORIENTED_EDGE ( 'NONE', *, *, #1578, .T. ) ;
#1454 = LINE ( 'NONE', #2110, #103 ) ;
#1455 = CARTESIAN_POINT ( 'NONE',  ( 73.00000000000000000, -50.75000000000000000, 19.50000000000000000 ) ) ;
#1456 = EDGE_LOOP ( 'NONE', ( #1348, #651 ) ) ;
#1457 = CYLINDRICAL_SURFACE ( 'NONE', #718, 11.00000000000000533 ) ;
#1458 = EDGE_LOOP ( 'NONE', ( #1532, #782, #1762 ) ) ;
#1459 = ADVANCED_FACE ( 'NONE', ( #589 ), #1790, .F. ) ;
#1460 = DIRECTION ( 'NONE',  ( 1.000000000000000000, 0.000000000000000000, 0.000000000000000000 ) ) ;
#1461 = ORIENTED_EDGE ( 'NONE', *, *, #1782, .T. ) ;
#1462 = EDGE_LOOP ( 'NONE', ( #1491, #1979, #1311, #1214 ) ) ;
#1463 = ORIENTED_EDGE ( 'NONE', *, *, #2043, .T. ) ;
#1464 = EDGE_CURVE ( 'NONE', #494, #1817, #358, .T. ) ;
#1465 = EDGE_LOOP ( 'NONE', ( #361, #1001, #1589, #362 ) ) ;
#1466 = DIRECTION ( 'NONE',  ( 0.000000000000000000, 0.000000000000000000, -1.000000000000000000 ) ) ;
#1467 = DIRECTION ( 'NONE',  ( 0.000000000000000000, 0.000000000000000000, -1.000000000000000000 ) ) ;
#1468 = AXIS2_PLACEMENT_3D ( 'NONE', #633, #1895, #326 ) ;
#1469 = PLANE ( 'NONE',  #805 ) ;
#1470 = DIRECTION ( 'NONE',  ( 0.7071067811865472397, -0.7071067811865477948, 0.000000000000000000 ) ) ;
#1471 = DIRECTION ( 'NONE',  ( 0.000000000000000000, 0.000000000000000000, 1.000000000000000000 ) ) ;
#1472 = ADVANCED_FACE ( 'NONE', ( #688 ), #2111, .F. ) ;
#1473 = DIRECTION ( 'NONE',  ( 1.000000000000000000, 0.000000000000000000, 0.000000000000000000 ) ) ;
#1474 = DIRECTION ( 'NONE',  ( -1.000000000000000000, 0.000000000000000000, 0.000000000000000000 ) ) ;
#1475 = DIRECTION ( 'NONE',  ( 0.000000000000000000, 0.000000000000000000, -1.000000000000000000 ) ) ;
#1476 = DIRECTION ( 'NONE',  ( 1.000000000000000000, 0.000000000000000000, 0.000000000000000000 ) ) ;
#1477 = CYLINDRICAL_SURFACE ( 'NONE', #111, 4.999999999999997335 ) ;
#1478 = CARTESIAN_POINT ( 'NONE',  ( 64.00000000000000000, 50.75000000000000000, 20.00000000000000000 ) ) ;
#1479 = CARTESIAN_POINT ( 'NONE',  ( 73.00000000000000000, -50.75000000000000000, -189.4665844472575031 ) ) ;
#1480 = DIRECTION ( 'NONE',  ( 0.000000000000000000, 0.000000000000000000, -1.000000000000000000 ) ) ;
#1481 = CYLINDRICAL_SURFACE ( 'NONE', #1290, 8.999999999999994671 ) ;
#1482 = EDGE_CURVE ( 'NONE', #1249, #302, #1864, .T. ) ;
#1483 = DIRECTION ( 'NONE',  ( 0.000000000000000000, 0.000000000000000000, 1.000000000000000000 ) ) ;
#1484 = CARTESIAN_POINT ( 'NONE',  ( -73.00000000000000000, 50.75000000000000000, 0.000000000000000000 ) ) ;
#1485 = APPROVAL_ROLE ( '' ) ;
#1486 = EDGE_LOOP ( 'NONE', ( #1685, #562, #2084, #810 ) ) ;
#1487 = AXIS2_PLACEMENT_3D ( 'NONE', #1012, #105, #373 ) ;
#1488 = ORIENTED_EDGE ( 'NONE', *, *, #577, .T. ) ;
#1489 = ORIENTED_EDGE ( 'NONE', *, *, #1384, .F. ) ;
#1490 = ADVANCED_FACE ( 'NONE', ( #1393 ), #1211, .F. ) ;
#1491 = ORIENTED_EDGE ( 'NONE', *, *, #834, .T. ) ;
#1492 = EDGE_LOOP ( 'NONE', ( #16, #65, #1968, #2047, #533, #1524, #1063, #1664, #1003, #424, #2019, #1217 ) ) ;
#1493 = ORIENTED_EDGE ( 'NONE', *, *, #128, .T. ) ;
#1494 = AXIS2_PLACEMENT_3D ( 'NONE', #1590, #1028, #2012 ) ;
#1495 = CC_DESIGN_APPROVAL ( #1143, ( #1866 ) ) ;
#1496 = VERTEX_POINT ( 'NONE', #225 ) ;
#1497 = CARTESIAN_POINT ( 'NONE',  ( 47.75000000000000000, 27.15000000000000568, 0.000000000000000000 ) ) ;
#1498 = AXIS2_PLACEMENT_3D ( 'NONE', #1340, #1510, #449 ) ;
#1499 = ORIENTED_EDGE ( 'NONE', *, *, #1724, .F. ) ;
#1500 = ORIENTED_EDGE ( 'NONE', *, *, #1384, .T. ) ;
#1501 = CARTESIAN_POINT ( 'NONE',  ( 89.42478834996289550, -61.75000000000000000, 0.000000000000000000 ) ) ;
#1502 = PLANE ( 'NONE',  #2030 ) ;
#1503 = DIRECTION ( 'NONE',  ( 0.000000000000000000, 0.000000000000000000, -1.000000000000000000 ) ) ;
#1504 = DIRECTION ( 'NONE',  ( 1.000000000000000000, 0.000000000000000000, 0.000000000000000000 ) ) ;
#1505 = DIRECTION ( 'NONE',  ( 1.000000000000000000, 0.000000000000000000, 0.000000000000000000 ) ) ;
#1506 = AXIS2_PLACEMENT_3D ( 'NONE', #1636, #706, #405 ) ;
#1507 = DIRECTION ( 'NONE',  ( 1.000000000000000000, 0.000000000000000000, 0.000000000000000000 ) ) ;
#1508 = FACE_OUTER_BOUND ( 'NONE', #167, .T. ) ;
#1509 = DIRECTION ( 'NONE',  ( 1.000000000000000000, 0.000000000000000000, 0.000000000000000000 ) ) ;
#1510 = DIRECTION ( 'NONE',  ( 0.000000000000000000, 0.000000000000000000, -1.000000000000000000 ) ) ;
#1511 = DIRECTION ( 'NONE',  ( 0.000000000000000000, 0.000000000000000000, -1.000000000000000000 ) ) ;
#1512 = CIRCLE ( 'NONE', #1255, 5.500000000000005329 ) ;
#1513 = CARTESIAN_POINT ( 'NONE',  ( 64.00000000000000000, 50.75000000000000000, 19.50000000000000000 ) ) ;
#1514 = EDGE_LOOP ( 'NONE', ( #2017, #1145, #56, #1053 ) ) ;
#1515 = DIRECTION ( 'NONE',  ( 1.000000000000000000, 0.000000000000000000, 0.000000000000000000 ) ) ;
#1516 = CIRCLE ( 'NONE', #682, 11.00000000000000533 ) ;
#1517 = VERTEX_POINT ( 'NONE', #420 ) ;
#1518 = COORDINATED_UNIVERSAL_TIME_OFFSET ( 2, 0, .AHEAD. ) ;
#1519 = VERTEX_POINT ( 'NONE', #1247 ) ;
#1520 = DIRECTION ( 'NONE',  ( 0.000000000000000000, 0.000000000000000000, 1.000000000000000000 ) ) ;
#1521 = AXIS2_PLACEMENT_3D ( 'NONE', #2064, #281, #1474 ) ;
#1522 = ORIENTED_EDGE ( 'NONE', *, *, #1130, .T. ) ;
#1523 = CARTESIAN_POINT ( 'NONE',  ( 73.00000000000000000, -50.75000000000000000, 0.000000000000000000 ) ) ;
#1524 = ORIENTED_EDGE ( 'NONE', *, *, #1327, .F. ) ;
#1525 = EDGE_CURVE ( 'NONE', #637, #1357, #505, .T. ) ;
#1526 = ORIENTED_EDGE ( 'NONE', *, *, #695, .T. ) ;
#1527 = PLANE ( 'NONE',  #15 ) ;
#1528 = EDGE_LOOP ( 'NONE', ( #1453, #716 ) ) ;
#1529 = ORIENTED_EDGE ( 'NONE', *, *, #850, .F. ) ;
#1530 = FACE_OUTER_BOUND ( 'NONE', #306, .T. ) ;
#1531 = EDGE_CURVE ( 'NONE', #2044, #747, #1587, .T. ) ;
#1532 = ORIENTED_EDGE ( 'NONE', *, *, #978, .F. ) ;
#1533 = CARTESIAN_POINT ( 'NONE',  ( -73.00000000000000000, 61.75000000000000000, 20.00000000000000000 ) ) ;
#1534 = DIRECTION ( 'NONE',  ( 0.000000000000000000, 0.000000000000000000, -1.000000000000000000 ) ) ;
#1535 = DIRECTION ( 'NONE',  ( 0.8571673007021122226, 0.000000000000000000, 0.5150380749100542666 ) ) ;
#1536 = CARTESIAN_POINT ( 'NONE',  ( -30.25000000000000000, -35.75000000000000000, 40.00000000000000000 ) ) ;
#1537 = AXIS2_PLACEMENT_3D ( 'NONE', #1730, #2020, #308 ) ;
#1538 = CARTESIAN_POINT ( 'NONE',  ( -50.75000000000000000, -50.75000000000000000, 11.99569690486219997 ) ) ;
#1539 = DIRECTION ( 'NONE',  ( 0.000000000000000000, 0.000000000000000000, -1.000000000000000000 ) ) ;
#1540 = EDGE_CURVE ( 'NONE', #1630, #1519, #900, .T. ) ;
#1541 = CYLINDRICAL_SURFACE ( 'NONE', #1684, 5.500000000000005329 ) ;
#1542 = LINE ( 'NONE', #1379, #2054 ) ;
#1543 = EDGE_CURVE ( 'NONE', #1972, #1139, #1896, .T. ) ;
#1544 = CARTESIAN_POINT ( 'NONE',  ( -56.75000000000000000, -61.75000000000000000, 40.00000000000000000 ) ) ;
#1545 = AXIS2_PLACEMENT_3D ( 'NONE', #1574, #8, #213 ) ;
#1546 = DIRECTION ( 'NONE',  ( 0.000000000000000000, 0.000000000000000000, 1.000000000000000000 ) ) ;
#1547 = DIRECTION ( 'NONE',  ( 1.000000000000000000, 0.000000000000000000, 0.000000000000000000 ) ) ;
#1548 = ORIENTED_EDGE ( 'NONE', *, *, #319, .T. ) ;
#1549 = ADVANCED_FACE ( 'NONE', ( #1321 ), #2114, .T. ) ;
#1550 = DIRECTION ( 'NONE',  ( 0.000000000000000000, 1.000000000000000000, 0.000000000000000000 ) ) ;
#1551 = ORIENTED_EDGE ( 'NONE', *, *, #232, .T. ) ;
#1552 = ORIENTED_EDGE ( 'NONE', *, *, #1429, .F. ) ;
#1553 = ADVANCED_FACE ( 'NONE', ( #625 ), #1457, .T. ) ;
#1554 = LINE ( 'NONE', #559, #1238 ) ;
#1555 = ORIENTED_EDGE ( 'NONE', *, *, #113, .F. ) ;
#1556 = FACE_BOUND ( 'NONE', #793, .T. ) ;
#1557 = CIRCLE ( 'NONE', #1781, 23.50000000000000000 ) ;
#1558 = AXIS2_PLACEMENT_3D ( 'NONE', #1081, #1956, #442 ) ;
#1559 = ORIENTED_EDGE ( 'NONE', *, *, #1666, .F. ) ;
#1560 = EDGE_LOOP ( 'NONE', ( #51, #98, #1716, #1248 ) ) ;
#1561 = ORIENTED_EDGE ( 'NONE', *, *, #137, .T. ) ;
#1562 = FACE_OUTER_BOUND ( 'NONE', #1462, .T. ) ;
#1563 = EDGE_CURVE ( 'NONE', #302, #1249, #1706, .T. ) ;
#1564 = DIRECTION ( 'NONE',  ( 1.000000000000000000, 0.000000000000000000, 0.000000000000000000 ) ) ;
#1565 = CARTESIAN_POINT ( 'NONE',  ( 61.75000000000000000, -5.405702615715769710, 40.00000000000000000 ) ) ;
#1566 = CIRCLE ( 'NONE', #1346, 11.00000000000000533 ) ;
#1567 = DIRECTION ( 'NONE',  ( 0.000000000000000000, 0.000000000000000000, -1.000000000000000000 ) ) ;
#1568 = EDGE_CURVE ( 'NONE', #58, #329, #1821, .T. ) ;
#1569 = VECTOR ( 'NONE', #539, 1000.000000000000000 ) ;
#1570 = DIRECTION ( 'NONE',  ( 1.000000000000000000, 0.000000000000000000, 0.000000000000000000 ) ) ;
#1571 = AXIS2_PLACEMENT_3D ( 'NONE', #763, #1259, #346 ) ;
#1572 = CIRCLE ( 'NONE', #87, 11.00000000000000533 ) ;
#1573 = CARTESIAN_POINT ( 'NONE',  ( 50.75000000000000000, 50.75000000000000000, 13.49784845243110176 ) ) ;
#1574 = CARTESIAN_POINT ( 'NONE',  ( -73.00000000000000000, -50.75000000000000000, 20.00000000000000000 ) ) ;
#1575 = CARTESIAN_POINT ( 'NONE',  ( 80.77817459305201453, 58.52817459305202874, 0.000000000000000000 ) ) ;
#1576 = AXIS2_PLACEMENT_3D ( 'NONE', #1899, #593, #1460 ) ;
#1577 = DIRECTION ( 'NONE',  ( 0.000000000000000000, 0.000000000000000000, 1.000000000000000000 ) ) ;
#1578 = EDGE_CURVE ( 'NONE', #492, #1069, #1382, .T. ) ;
#1579 = PERSON_AND_ORGANIZATION ( #1299, #1159 ) ;
#1580 = ORIENTED_EDGE ( 'NONE', *, *, #82, .T. ) ;
#1581 = DIRECTION ( 'NONE',  ( 0.000000000000000000, 0.000000000000000000, -1.000000000000000000 ) ) ;
#1582 = ORIENTED_EDGE ( 'NONE', *, *, #966, .T. ) ;
#1583 = CIRCLE ( 'NONE', #78, 4.999999999999997335 ) ;
#1584 = ORIENTED_EDGE ( 'NONE', *, *, #879, .T. ) ;
#1585 = CARTESIAN_POINT ( 'NONE',  ( -81.99999999999998579, -50.75000000000000000, 19.00000000000000000 ) ) ;
#1586 = EDGE_CURVE ( 'NONE', #2006, #334, #1719, .T. ) ;
#1587 = LINE ( 'NONE', #1856, #679 ) ;
#1588 = CC_DESIGN_PERSON_AND_ORGANIZATION_ASSIGNMENT ( #956, #1058, ( #1866 ) ) ;
#1589 = ORIENTED_EDGE ( 'NONE', *, *, #137, .F. ) ;
#1590 = CARTESIAN_POINT ( 'NONE',  ( 50.75000000000000000, -50.75000000000000000, 15.00000000000000000 ) ) ;
#1591 = ORIENTED_EDGE ( 'NONE', *, *, #375, .F. ) ;
#1592 = ORIENTED_EDGE ( 'NONE', *, *, #1482, .F. ) ;
#1593 = LINE ( 'NONE', #1728, #802 ) ;
#1594 = EDGE_CURVE ( 'NONE', #851, #1723, #240, .T. ) ;
#1595 = ORIENTED_EDGE ( 'NONE', *, *, #52, .T. ) ;
#1596 = ORIENTED_EDGE ( 'NONE', *, *, #1540, .T. ) ;
#1597 = ORIENTED_EDGE ( 'NONE', *, *, #2043, .F. ) ;
#1598 = DIRECTION ( 'NONE',  ( 0.000000000000000000, 0.000000000000000000, -1.000000000000000000 ) ) ;
#1599 = CARTESIAN_POINT ( 'NONE',  ( -40.25000000000000000, -35.75000000000000000, 39.00000000000000000 ) ) ;
#1600 = CARTESIAN_POINT ( 'NONE',  ( -50.75000000000000000, 50.75000000000000000, 13.49784845243110176 ) ) ;
#1601 = DIRECTION ( 'NONE',  ( 0.000000000000000000, 0.000000000000000000, 1.000000000000000000 ) ) ;
#1602 = CARTESIAN_POINT ( 'NONE',  ( -45.75000000000000711, 50.75000000000000000, 27.50000000000000000 ) ) ;
#1603 = ADVANCED_FACE ( 'NONE', ( #156, #422 ), #2010, .F. ) ;
#1604 = DIRECTION ( 'NONE',  ( 0.000000000000000000, 0.000000000000000000, -1.000000000000000000 ) ) ;
#1605 = VECTOR ( 'NONE', #217, 1000.000000000000000 ) ;
#1606 = VECTOR ( 'NONE', #1092, 1000.000000000000000 ) ;
#1607 = AXIS2_PLACEMENT_3D ( 'NONE', #903, #1332, #1043 ) ;
#1608 = VECTOR ( 'NONE', #873, 1000.000000000000000 ) ;
#1609 = CARTESIAN_POINT ( 'NONE',  ( -73.00000000000000000, 50.75000000000000000, 19.50000000000000000 ) ) ;
#1610 = AXIS2_PLACEMENT_3D ( 'NONE', #784, #2008, #603 ) ;
#1611 = LINE ( 'NONE', #1810, #1608 ) ;
#1612 = VECTOR ( 'NONE', #1991, 1000.000000000000000 ) ;
#1613 = CYLINDRICAL_SURFACE ( 'NONE', #821, 5.500000000000005329 ) ;
#1614 = EDGE_CURVE ( 'NONE', #1801, #1795, #1566, .T. ) ;
#1615 = DIRECTION ( 'NONE',  ( 0.000000000000000000, 0.000000000000000000, 1.000000000000000000 ) ) ;
#1616 = VERTEX_POINT ( 'NONE', #1140 ) ;
#1617 = LINE ( 'NONE', #1753, #523 ) ;
#1618 = EDGE_LOOP ( 'NONE', ( #464, #847, #529, #918 ) ) ;
#1619 = EDGE_LOOP ( 'NONE', ( #155, #1107 ) ) ;
#1620 = EDGE_CURVE ( 'NONE', #59, #629, #922, .T. ) ;
#1621 = CARTESIAN_POINT ( 'NONE',  ( 73.00000000000000000, -61.75000000000000000, 0.000000000000000000 ) ) ;
#1622 = ORIENTED_EDGE ( 'NONE', *, *, #2130, .F. ) ;
#1623 = AXIS2_PLACEMENT_3D ( 'NONE', #1695, #432, #1329 ) ;
#1624 = ORIENTED_EDGE ( 'NONE', *, *, #304, .T. ) ;
#1625 = DIRECTION ( 'NONE',  ( 0.000000000000000000, 0.000000000000000000, 1.000000000000000000 ) ) ;
#1626 = ORIENTED_EDGE ( 'NONE', *, *, #897, .F. ) ;
#1627 = DIRECTION ( 'NONE',  ( 0.7071067811865474617, 0.7071067811865474617, 0.000000000000000000 ) ) ;
#1628 = EDGE_LOOP ( 'NONE', ( #157, #889, #715, #1522 ) ) ;
#1629 = DIRECTION ( 'NONE',  ( 0.000000000000000000, 0.000000000000000000, -1.000000000000000000 ) ) ;
#1630 = VERTEX_POINT ( 'NONE', #1025 ) ;
#1631 = EDGE_CURVE ( 'NONE', #1825, #33, #1554, .T. ) ;
#1632 = EDGE_LOOP ( 'NONE', ( #1798, #1892, #659, #2041, #1031, #1975, #1180, #997 ) ) ;
#1633 = CYLINDRICAL_SURFACE ( 'NONE', #1201, 8.999999999999994671 ) ;
#1634 = CARTESIAN_POINT ( 'NONE',  ( -30.25000000000000000, -35.75000000000000000, 40.00000000000000000 ) ) ;
#1635 = CARTESIAN_POINT ( 'NONE',  ( 0.7500000000000006661, 27.15000000000000213, 0.000000000000000000 ) ) ;
#1636 = CARTESIAN_POINT ( 'NONE',  ( 24.25000000000000000, 39.75000000000000000, 40.00000000000000000 ) ) ;
#1637 = ADVANCED_FACE ( 'NONE', ( #852 ), #1442, .F. ) ;
#1638 = DIRECTION ( 'NONE',  ( 0.000000000000000000, 1.000000000000000000, 0.000000000000000000 ) ) ;
#1639 = PLANE ( 'NONE',  #369 ) ;
#1640 = CIRCLE ( 'NONE', #860, 23.50000000000000000 ) ;
#1641 = DIRECTION ( 'NONE',  ( 1.000000000000000000, 0.000000000000000000, 0.000000000000000000 ) ) ;
#1642 = ADVANCED_FACE ( 'NONE', ( #815 ), #331, .F. ) ;
#1643 = CYLINDRICAL_SURFACE ( 'NONE', #1200, 8.999999999999994671 ) ;
#1644 = CARTESIAN_POINT ( 'NONE',  ( 73.00000000000000000, -50.75000000000000000, 20.00000000000000000 ) ) ;
#1645 = FACE_OUTER_BOUND ( 'NONE', #662, .T. ) ;
#1646 = AXIS2_PLACEMENT_3D ( 'NONE', #456, #746, #1315 ) ;
#1647 = DIRECTION ( 'NONE',  ( 0.000000000000000000, 0.000000000000000000, -1.000000000000000000 ) ) ;
#1648 = LOCAL_TIME ( 12, 39, 40.00000000000000000, #1518 ) ;
#1649 = ADVANCED_FACE ( 'NONE', ( #2081 ), #126, .F. ) ;
#1650 = CIRCLE ( 'NONE', #640, 5.500000000000005329 ) ;
#1651 = DIRECTION ( 'NONE',  ( -1.000000000000000000, 0.000000000000000000, 0.000000000000000000 ) ) ;
#1652 = CYLINDRICAL_SURFACE ( 'NONE', #550, 5.500000000000005329 ) ;
#1653 = ORIENTED_EDGE ( 'NONE', *, *, #1228, .F. ) ;
#1654 = APPROVAL_ROLE ( '' ) ;
#1655 = ORIENTED_EDGE ( 'NONE', *, *, #538, .T. ) ;
#1656 = ORIENTED_EDGE ( 'NONE', *, *, #1765, .T. ) ;
#1657 = EDGE_LOOP ( 'NONE', ( #462, #726 ) ) ;
#1658 = VECTOR ( 'NONE', #2118, 1000.000000000000000 ) ;
#1659 = EDGE_LOOP ( 'NONE', ( #419, #368, #752, #604 ) ) ;
#1660 = DIRECTION ( 'NONE',  ( -0.8571673007021122226, 1.049727191138618696E-16, 0.5150380749100542666 ) ) ;
#1661 = EDGE_LOOP ( 'NONE', ( #489, #1970 ) ) ;
#1662 = AXIS2_PLACEMENT_3D ( 'NONE', #713, #1417, #511 ) ;
#1663 = AXIS2_PLACEMENT_3D ( 'NONE', #1600, #1870, #1011 ) ;
#1664 = ORIENTED_EDGE ( 'NONE', *, *, #1782, .F. ) ;
#1665 = AXIS2_PLACEMENT_3D ( 'NONE', #1987, #71, #1470 ) ;
#1666 = EDGE_CURVE ( 'NONE', #234, #1496, #926, .T. ) ;
#1667 = ORIENTED_EDGE ( 'NONE', *, *, #1697, .F. ) ;
#1668 = CARTESIAN_POINT ( 'NONE',  ( 61.75000000000000000, 56.75000000000000000, 40.00000000000000000 ) ) ;
#1669 = LINE ( 'NONE', #1565, #2051 ) ;
#1670 = DIRECTION ( 'NONE',  ( -1.000000000000000000, 0.000000000000000000, 0.000000000000000000 ) ) ;
#1671 = LINE ( 'NONE', #1915, #1929 ) ;
#1672 = DIRECTION ( 'NONE',  ( 0.000000000000000000, 0.000000000000000000, -1.000000000000000000 ) ) ;
#1673 = CARTESIAN_POINT ( 'NONE',  ( 78.50000000000000000, 50.75000000000000000, -189.4665844472575031 ) ) ;
#1674 = CARTESIAN_POINT ( 'NONE',  ( -84.00000000000000000, -50.75000000000000000, 20.00000000000000000 ) ) ;
#1675 = VECTOR ( 'NONE', #2099, 1000.000000000000000 ) ;
#1676 = CARTESIAN_POINT ( 'NONE',  ( -78.50000000000000000, 50.75000000000000000, 19.00000000000000000 ) ) ;
#1677 = DIRECTION ( 'NONE',  ( 1.000000000000000000, 0.000000000000000000, 0.000000000000000000 ) ) ;
#1678 = PLANE ( 'NONE',  #1062 ) ;
#1679 = AXIS2_PLACEMENT_3D ( 'NONE', #2032, #1416, #869 ) ;
#1680 = CARTESIAN_POINT ( 'NONE',  ( -73.00000000000000000, -50.75000000000000000, 19.00000000000000000 ) ) ;
#1681 = CARTESIAN_POINT ( 'NONE',  ( -73.00000000000000000, -50.75000000000000000, 0.000000000000000000 ) ) ;
#1682 = AXIS2_PLACEMENT_3D ( 'NONE', #1688, #1430, #264 ) ;
#1683 = EDGE_CURVE ( 'NONE', #846, #851, #597, .T. ) ;
#1684 = AXIS2_PLACEMENT_3D ( 'NONE', #1, #1156, #444 ) ;
#1685 = ORIENTED_EDGE ( 'NONE', *, *, #1586, .F. ) ;
#1686 = VERTEX_POINT ( 'NONE', #497 ) ;
#1687 = ORIENTED_EDGE ( 'NONE', *, *, #1594, .F. ) ;
#1688 = CARTESIAN_POINT ( 'NONE',  ( -50.75000000000000000, -50.75000000000000000, 13.49784845243110176 ) ) ;
#1689 = EDGE_LOOP ( 'NONE', ( #1906, #299, #1362, #1405 ) ) ;
#1690 = ORIENTED_EDGE ( 'NONE', *, *, #1068, .T. ) ;
#1691 = ORIENTED_EDGE ( 'NONE', *, *, #596, .F. ) ;
#1692 = DIRECTION ( 'NONE',  ( 1.000000000000000000, 0.000000000000000000, 0.000000000000000000 ) ) ;
#1693 = VERTEX_POINT ( 'NONE', #2015 ) ;
#1694 = AXIS2_PLACEMENT_3D ( 'NONE', #1403, #790, #1861 ) ;
#1695 = CARTESIAN_POINT ( 'NONE',  ( -30.25000000000000000, -35.75000000000000000, 39.50000000000000000 ) ) ;
#1696 = FACE_OUTER_BOUND ( 'NONE', #1098, .T. ) ;
#1697 = EDGE_CURVE ( 'NONE', #1000, #1355, #819, .T. ) ;
#1698 = LINE ( 'NONE', #38, #328 ) ;
#1699 = CARTESIAN_POINT ( 'NONE',  ( 73.00000000000000000, 50.75000000000000000, 0.000000000000000000 ) ) ;
#1700 = CIRCLE ( 'NONE', #5, 5.500000000000005329 ) ;
#1701 = DIRECTION ( 'NONE',  ( 0.000000000000000000, 0.000000000000000000, -1.000000000000000000 ) ) ;
#1702 = ADVANCED_FACE ( 'NONE', ( #928, #25, #1556, #1289, #632, #1827, #396 ), #1527, .F. ) ;
#1703 = CARTESIAN_POINT ( 'NONE',  ( 73.00000000000000000, 61.75000000000000000, 0.000000000000000000 ) ) ;
#1704 = DIRECTION ( 'NONE',  ( 0.000000000000000000, 0.000000000000000000, -1.000000000000000000 ) ) ;
#1705 = CARTESIAN_POINT ( 'NONE',  ( -50.75000000000000000, 50.75000000000000000, 13.49784845243110176 ) ) ;
#1706 = CIRCLE ( 'NONE', #942, 8.999999999999994671 ) ;
#1707 = AXIS2_PLACEMENT_3D ( 'NONE', #1748, #1129, #617 ) ;
#1708 = DIRECTION ( 'NONE',  ( 0.000000000000000000, 0.000000000000000000, -1.000000000000000000 ) ) ;
#1709 = EDGE_CURVE ( 'NONE', #1817, #553, #1358, .T. ) ;
#1710 = PLANE ( 'NONE',  #1739 ) ;
#1711 = DIRECTION ( 'NONE',  ( 1.000000000000000000, 0.000000000000000000, 0.000000000000000000 ) ) ;
#1712 = DIRECTION ( 'NONE',  ( 1.000000000000000000, 0.000000000000000000, 0.000000000000000000 ) ) ;
#1713 = FACE_OUTER_BOUND ( 'NONE', #1173, .T. ) ;
#1714 = EDGE_CURVE ( 'NONE', #1398, #1863, #599, .T. ) ;
#1715 = EDGE_LOOP ( 'NONE', ( #789, #194, #2046, #1978 ) ) ;
#1716 = ORIENTED_EDGE ( 'NONE', *, *, #635, .T. ) ;
#1717 = VERTEX_POINT ( 'NONE', #660 ) ;
#1718 = ORIENTED_EDGE ( 'NONE', *, *, #1032, .T. ) ;
#1719 = LINE ( 'NONE', #1317, #481 ) ;
#1720 = ORIENTED_EDGE ( 'NONE', *, *, #2070, .T. ) ;
#1721 = AXIS2_PLACEMENT_3D ( 'NONE', #1484, #85, #389 ) ;
#1722 = AXIS2_PLACEMENT_3D ( 'NONE', #377, #9, #945 ) ;
#1723 = VERTEX_POINT ( 'NONE', #664 ) ;
#1724 = EDGE_CURVE ( 'NONE', #629, #119, #1512, .T. ) ;
#1725 = AXIS2_PLACEMENT_3D ( 'NONE', #1644, #251, #1509 ) ;
#1726 = CIRCLE ( 'NONE', #180, 5.500000000000005329 ) ;
#1727 = ORIENTED_EDGE ( 'NONE', *, *, #1090, .T. ) ;
#1728 = CARTESIAN_POINT ( 'NONE',  ( 61.75000000000000000, 56.75000000000000000, 20.00000000000000000 ) ) ;
#1729 = EDGE_LOOP ( 'NONE', ( #566, #691, #129, #2115 ) ) ;
#1730 = CARTESIAN_POINT ( 'NONE',  ( -73.00000000000000000, 50.75000000000000000, 19.00000000000000000 ) ) ;
#1731 = ADVANCED_FACE ( 'NONE', ( #2018 ), #1324, .F. ) ;
#1732 = CARTESIAN_POINT ( 'NONE',  ( 73.00000000000000000, 50.75000000000000000, -189.4665844472575031 ) ) ;
#1733 = CARTESIAN_POINT ( 'NONE',  ( 73.00000000000000000, -50.75000000000000000, 0.000000000000000000 ) ) ;
#1734 = FACE_OUTER_BOUND ( 'NONE', #1560, .T. ) ;
#1735 = FACE_OUTER_BOUND ( 'NONE', #1292, .T. ) ;
#1736 = CARTESIAN_POINT ( 'NONE',  ( -53.75000000000000000, -26.84999999999999787, 0.000000000000000000 ) ) ;
#1737 = EDGE_CURVE ( 'NONE', #531, #1147, #268, .T. ) ;
#1738 = CARTESIAN_POINT ( 'NONE',  ( 48.25000000000000000, -50.75000000000000000, 13.49784845243110176 ) ) ;
#1739 = AXIS2_PLACEMENT_3D ( 'NONE', #985, #1965, #451 ) ;
#1740 = DIRECTION ( 'NONE',  ( 0.000000000000000000, 0.000000000000000000, 1.000000000000000000 ) ) ;
#1741 = DIRECTION ( 'NONE',  ( 0.000000000000000000, 0.000000000000000000, 1.000000000000000000 ) ) ;
#1742 = LINE ( 'NONE', #447, #1301 ) ;
#1743 = DIRECTION ( 'NONE',  ( -0.7071067811865470176, -0.7071067811865480168, 0.000000000000000000 ) ) ;
#1744 = DIRECTION ( 'NONE',  ( -0.7071067811865480168, 0.7071067811865470176, 0.000000000000000000 ) ) ;
#1745 = EDGE_CURVE ( 'NONE', #84, #825, #765, .T. ) ;
#1746 = CIRCLE ( 'NONE', #1378, 10.00000000000000178 ) ;
#1747 = CARTESIAN_POINT ( 'NONE',  ( -50.75000000000000000, 50.75000000000000000, 27.50000000000000000 ) ) ;
#1748 = CARTESIAN_POINT ( 'NONE',  ( 50.75000000000000000, -50.75000000000000000, 13.49784845243110176 ) ) ;
#1749 = EDGE_CURVE ( 'NONE', #893, #187, #429, .T. ) ;
#1750 = AXIS2_PLACEMENT_3D ( 'NONE', #567, #1909, #1075 ) ;
#1751 = DIRECTION ( 'NONE',  ( 0.000000000000000000, 0.000000000000000000, 1.000000000000000000 ) ) ;
#1752 = EDGE_LOOP ( 'NONE', ( #1857, #184 ) ) ;
#1753 = CARTESIAN_POINT ( 'NONE',  ( 45.75000000000000711, -50.75000000000000000, 27.50000000000000000 ) ) ;
#1754 = AXIS2_PLACEMENT_3D ( 'NONE', #1280, #1210, #654 ) ;
#1755 = ORIENTED_EDGE ( 'NONE', *, *, #961, .F. ) ;
#1756 = ADVANCED_FACE ( 'NONE', ( #1108 ), #1885, .F. ) ;
#1757 = DIRECTION ( 'NONE',  ( 0.000000000000000000, 0.000000000000000000, 1.000000000000000000 ) ) ;
#1758 = EDGE_LOOP ( 'NONE', ( #929, #397, #1254, #1171 ) ) ;
#1759 = CARTESIAN_POINT ( 'NONE',  ( 81.99999999999998579, 50.75000000000000000, 19.00000000000000000 ) ) ;
#1760 = EDGE_LOOP ( 'NONE', ( #780, #1591 ) ) ;
#1761 = DIRECTION ( 'NONE',  ( 0.000000000000000000, 0.000000000000000000, 1.000000000000000000 ) ) ;
#1762 = ORIENTED_EDGE ( 'NONE', *, *, #1415, .F. ) ;
#1763 = ORIENTED_EDGE ( 'NONE', *, *, #144, .F. ) ;
#1764 = ORIENTED_EDGE ( 'NONE', *, *, #731, .T. ) ;
#1765 = EDGE_CURVE ( 'NONE', #1833, #1139, #183, .T. ) ;
#1766 = ORIENTED_EDGE ( 'NONE', *, *, #144, .T. ) ;
#1767 = CIRCLE ( 'NONE', #888, 23.50000000000000000 ) ;
#1768 = ORIENTED_EDGE ( 'NONE', *, *, #1056, .T. ) ;
#1769 = CIRCLE ( 'NONE', #1521, 23.50000000000000000 ) ;
#1770 = DIRECTION ( 'NONE',  ( 1.000000000000000000, 0.000000000000000000, 0.000000000000000000 ) ) ;
#1771 = ADVANCED_FACE ( 'NONE', ( #1050 ), #1848, .F. ) ;
#1772 = CARTESIAN_POINT ( 'NONE',  ( 24.25000000000000000, 39.75000000000000000, 39.50000000000000000 ) ) ;
#1773 = FACE_OUTER_BOUND ( 'NONE', #727, .T. ) ;
#1774 = FACE_OUTER_BOUND ( 'NONE', #723, .T. ) ;
#1775 = PLANE ( 'NONE',  #563 ) ;
#1776 = CARTESIAN_POINT ( 'NONE',  ( -45.75000000000000711, 50.75000000000000000, 15.00000000000000000 ) ) ;
#1777 = AXIS2_PLACEMENT_3D ( 'NONE', #958, #1757, #2078 ) ;
#1778 = DIRECTION ( 'NONE',  ( 1.000000000000000000, 0.000000000000000000, 0.000000000000000000 ) ) ;
#1779 = LOCAL_TIME ( 12, 39, 40.00000000000000000, #1350 ) ;
#1780 = CARTESIAN_POINT ( 'NONE',  ( 73.00000000000000000, 50.75000000000000000, 0.000000000000000000 ) ) ;
#1781 = AXIS2_PLACEMENT_3D ( 'NONE', #2067, #1160, #2101 ) ;
#1782 = EDGE_CURVE ( 'NONE', #1389, #935, #12, .T. ) ;
#1783 = LINE ( 'NONE', #1018, #211 ) ;
#1784 = CARTESIAN_POINT ( 'NONE',  ( -73.00000000000000000, 50.75000000000000000, 19.00000000000000000 ) ) ;
#1785 = AXIS2_PLACEMENT_3D ( 'NONE', #1814, #288, #774 ) ;
#1786 = FACE_OUTER_BOUND ( 'NONE', #1820, .T. ) ;
#1787 = DIRECTION ( 'NONE',  ( 0.000000000000000000, 0.000000000000000000, -1.000000000000000000 ) ) ;
#1788 = EDGE_LOOP ( 'NONE', ( #1406, #1100, #1977, #884 ) ) ;
#1789 = DIRECTION ( 'NONE',  ( 1.000000000000000000, 0.000000000000000000, 0.000000000000000000 ) ) ;
#1790 = CYLINDRICAL_SURFACE ( 'NONE', #1170, 8.999999999999994671 ) ;
#1791 = VECTOR ( 'NONE', #1577, 1000.000000000000000 ) ;
#1792 = ORIENTED_EDGE ( 'NONE', *, *, #643, .F. ) ;
#1793 = VERTEX_POINT ( 'NONE', #121 ) ;
#1794 = EDGE_CURVE ( 'NONE', #187, #854, #853, .T. ) ;
#1795 = VERTEX_POINT ( 'NONE', #307 ) ;
#1796 = CARTESIAN_POINT ( 'NONE',  ( -53.25000000000000711, -50.75000000000000000, 13.49784845243110176 ) ) ;
#1797 = ORIENTED_EDGE ( 'NONE', *, *, #30, .F. ) ;
#1798 = ORIENTED_EDGE ( 'NONE', *, *, #2031, .F. ) ;
#1799 = EDGE_CURVE ( 'NONE', #846, #1723, #761, .T. ) ;
#1800 = ORIENTED_EDGE ( 'NONE', *, *, #325, .F. ) ;
#1801 = VERTEX_POINT ( 'NONE', #827 ) ;
#1802 = VECTOR ( 'NONE', #1629, 1000.000000000000000 ) ;
#1803 = AXIS2_PLACEMENT_3D ( 'NONE', #591, #1172, #1353 ) ;
#1804 = CARTESIAN_POINT ( 'NONE',  ( -73.00000000000000000, -50.75000000000000000, 0.000000000000000000 ) ) ;
#1805 = EDGE_CURVE ( 'NONE', #329, #720, #1593, .T. ) ;
#1806 = CYLINDRICAL_SURFACE ( 'NONE', #831, 11.00000000000000533 ) ;
#1807 = CIRCLE ( 'NONE', #1441, 11.00000000000000533 ) ;
#1808 = DIRECTION ( 'NONE',  ( 1.000000000000000000, 0.000000000000000000, 0.000000000000000000 ) ) ;
#1809 = EDGE_CURVE ( 'NONE', #894, #1717, #1109, .T. ) ;
#1810 = CARTESIAN_POINT ( 'NONE',  ( -84.00000000000000000, 50.75000000000000000, 0.000000000000000000 ) ) ;
#1811 = CONICAL_SURFACE ( 'NONE', #1707, 2.500000000000002220, 1.029744258676654534 ) ;
#1812 = DIRECTION ( 'NONE',  ( 1.000000000000000000, 0.000000000000000000, 0.000000000000000000 ) ) ;
#1813 = VECTOR ( 'NONE', #1440, 1000.000000000000000 ) ;
#1814 = CARTESIAN_POINT ( 'NONE',  ( -73.00000000000000000, -50.75000000000000000, 0.000000000000000000 ) ) ;
#1815 = CIRCLE ( 'NONE', #1571, 4.999999999999997335 ) ;
#1816 = CARTESIAN_POINT ( 'NONE',  ( 67.49999999999998579, 50.75000000000000000, -189.4665844472575031 ) ) ;
#1817 = VERTEX_POINT ( 'NONE', #1367 ) ;
#1818 = CARTESIAN_POINT ( 'NONE',  ( -73.00000000000000000, 50.75000000000000000, 0.000000000000000000 ) ) ;
#1819 = VERTEX_POINT ( 'NONE', #702 ) ;
#1820 = EDGE_LOOP ( 'NONE', ( #756, #63, #2116, #849 ) ) ;
#1821 = LINE ( 'NONE', #525, #366 ) ;
#1822 = ORIENTED_EDGE ( 'NONE', *, *, #770, .F. ) ;
#1823 = EDGE_CURVE ( 'NONE', #553, #99, #976, .T. ) ;
#1824 = ORIENTED_EDGE ( 'NONE', *, *, #1631, .T. ) ;
#1825 = VERTEX_POINT ( 'NONE', #2025 ) ;
#1826 = ORIENTED_EDGE ( 'NONE', *, *, #493, .F. ) ;
#1827 = FACE_BOUND ( 'NONE', #191, .T. ) ;
#1828 = AXIS2_PLACEMENT_3D ( 'NONE', #1169, #222, #323 ) ;
#1829 = ORIENTED_EDGE ( 'NONE', *, *, #919, .T. ) ;
#1830 = AXIS2_PLACEMENT_3D ( 'NONE', #673, #406, #1872 ) ;
#1831 = VECTOR ( 'NONE', #181, 1000.000000000000000 ) ;
#1832 = AXIS2_PLACEMENT_3D ( 'NONE', #360, #885, #1213 ) ;
#1833 = VERTEX_POINT ( 'NONE', #1375 ) ;
#1834 = ORIENTED_EDGE ( 'NONE', *, *, #1945, .T. ) ;
#1835 = DIRECTION ( 'NONE',  ( 1.000000000000000000, 0.000000000000000000, 0.000000000000000000 ) ) ;
#1836 = DIRECTION ( 'NONE',  ( 0.8571673007021122226, 0.000000000000000000, 0.5150380749100542666 ) ) ;
#1837 = FACE_OUTER_BOUND ( 'NONE', #859, .T. ) ;
#1838 = CARTESIAN_POINT ( 'NONE',  ( 73.00000000000000000, 50.75000000000000000, 20.00000000000000000 ) ) ;
#1839 = CARTESIAN_POINT ( 'NONE',  ( -55.75000000000000000, -50.75000000000000000, 15.00000000000000000 ) ) ;
#1840 = LINE ( 'NONE', #1703, #242 ) ;
#1841 = VECTOR ( 'NONE', #868, 1000.000000000000000 ) ;
#1842 = DIRECTION ( 'NONE',  ( 0.000000000000000000, 0.000000000000000000, 1.000000000000000000 ) ) ;
#1843 = FACE_OUTER_BOUND ( 'NONE', #1286, .T. ) ;
#1844 = DIRECTION ( 'NONE',  ( 0.000000000000000000, 0.000000000000000000, 1.000000000000000000 ) ) ;
#1845 = LINE ( 'NONE', #1017, #409 ) ;
#1846 = EDGE_CURVE ( 'NONE', #84, #743, #315, .T. ) ;
#1847 = CARTESIAN_POINT ( 'NONE',  ( 73.00000000000000000, 50.75000000000000000, 19.50000000000000000 ) ) ;
#1848 = CYLINDRICAL_SURFACE ( 'NONE', #735, 23.50000000000000000 ) ;
#1849 = EDGE_CURVE ( 'NONE', #59, #2009, #2071, .T. ) ;
#1850 = AXIS2_PLACEMENT_3D ( 'NONE', #1275, #1342, #775 ) ;
#1851 = CARTESIAN_POINT ( 'NONE',  ( -64.00000000000000000, 50.75000000000000000, 20.00000000000000000 ) ) ;
#1852 = AXIS2_PLACEMENT_3D ( 'NONE', #1838, #40, #1770 ) ;
#1853 = EDGE_LOOP ( 'NONE', ( #1766, #1948, #598, #631 ) ) ;
#1854 = CIRCLE ( 'NONE', #830, 4.999999999999997335 ) ;
#1855 = ORIENTED_EDGE ( 'NONE', *, *, #1257, .F. ) ;
#1856 = CARTESIAN_POINT ( 'NONE',  ( 78.50000000000000000, -50.75000000000000000, -189.4665844472575031 ) ) ;
#1857 = ORIENTED_EDGE ( 'NONE', *, *, #614, .T. ) ;
#1858 = ORIENTED_EDGE ( 'NONE', *, *, #2113, .F. ) ;
#1859 = ADVANCED_FACE ( 'NONE', ( #1266 ), #980, .F. ) ;
#1860 = ORIENTED_EDGE ( 'NONE', *, *, #1998, .F. ) ;
#1861 = DIRECTION ( 'NONE',  ( 1.000000000000000000, 0.000000000000000000, 0.000000000000000000 ) ) ;
#1862 = EDGE_LOOP ( 'NONE', ( #1104, #745 ) ) ;
#1863 = VERTEX_POINT ( 'NONE', #1544 ) ;
#1864 = CIRCLE ( 'NONE', #1803, 8.999999999999994671 ) ;
#1865 = EDGE_CURVE ( 'NONE', #1795, #694, #1029, .T. ) ;
#1866 = SECURITY_CLASSIFICATION ( '', '', #2005 ) ;
#1867 = LINE ( 'NONE', #938, #1940 ) ;
#1868 = LINE ( 'NONE', #135, #410 ) ;
#1869 = DIRECTION ( 'NONE',  ( -0.7071067811865472397, 0.7071067811865477948, 0.000000000000000000 ) ) ;
#1870 = DIRECTION ( 'NONE',  ( 0.000000000000000000, 0.000000000000000000, 1.000000000000000000 ) ) ;
#1871 = DIRECTION ( 'NONE',  ( 1.000000000000000000, 0.000000000000000000, 0.000000000000000000 ) ) ;
#1872 = DIRECTION ( 'NONE',  ( 1.000000000000000000, 0.000000000000000000, 0.000000000000000000 ) ) ;
#1873 = DIRECTION ( 'NONE',  ( 0.000000000000000000, 0.000000000000000000, -1.000000000000000000 ) ) ;
#1874 = CARTESIAN_POINT ( 'NONE',  ( -61.75000000000000000, -28.87500000000000000, 20.00000000000000000 ) ) ;
#1875 = EDGE_CURVE ( 'NONE', #2006, #1392, #907, .T. ) ;
#1876 = CARTESIAN_POINT ( 'NONE',  ( 84.00000000000000000, 50.75000000000000000, 0.000000000000000000 ) ) ;
#1877 = VECTOR ( 'NONE', #1144, 1000.000000000000000 ) ;
#1878 = PLANE ( 'NONE',  #1188 ) ;
#1879 = ADVANCED_FACE ( 'NONE', ( #1786 ), #10, .F. ) ;
#1880 = AXIS2_PLACEMENT_3D ( 'NONE', #1165, #1419, #289 ) ;
#1881 = CIRCLE ( 'NONE', #1258, 4.999999999999997335 ) ;
#1882 = AXIS2_PLACEMENT_3D ( 'NONE', #642, #672, #1190 ) ;
#1883 = AXIS2_PLACEMENT_3D ( 'NONE', #104, #864, #1372 ) ;
#1884 = VECTOR ( 'NONE', #1082, 1000.000000000000000 ) ;
#1885 = CYLINDRICAL_SURFACE ( 'NONE', #97, 8.999999999999994671 ) ;
#1886 = CARTESIAN_POINT ( 'NONE',  ( -81.99999999999998579, -50.75000000000000000, 19.50000000000000000 ) ) ;
#1887 = CARTESIAN_POINT ( 'NONE',  ( -30.25000000000000000, -26.84999999999999787, 0.000000000000000000 ) ) ;
#1888 = DIRECTION ( 'NONE',  ( -1.000000000000000000, 0.000000000000000000, 0.000000000000000000 ) ) ;
#1889 = DIRECTION ( 'NONE',  ( 0.000000000000000000, 0.000000000000000000, 1.000000000000000000 ) ) ;
#1890 = ORIENTED_EDGE ( 'NONE', *, *, #1683, .F. ) ;
#1891 = DATE_AND_TIME ( #152, #622 ) ;
#1892 = ORIENTED_EDGE ( 'NONE', *, *, #834, .F. ) ;
#1893 = ADVANCED_FACE ( 'NONE', ( #413 ), #1925, .T. ) ;
#1894 = ORIENTED_EDGE ( 'NONE', *, *, #850, .T. ) ;
#1895 = DIRECTION ( 'NONE',  ( 0.000000000000000000, 0.000000000000000000, -1.000000000000000000 ) ) ;
#1896 = CIRCLE ( 'NONE', #1494, 4.999999999999997335 ) ;
#1897 = ORIENTED_EDGE ( 'NONE', *, *, #416, .F. ) ;
#1898 = DIRECTION ( 'NONE',  ( 0.7071067811865472397, 0.7071067811865477948, 0.000000000000000000 ) ) ;
#1899 = CARTESIAN_POINT ( 'NONE',  ( -73.00000000000000000, 50.75000000000000000, 0.000000000000000000 ) ) ;
#1900 = EDGE_LOOP ( 'NONE', ( #1287, #687 ) ) ;
#1901 = VECTOR ( 'NONE', #69, 1000.000000000000000 ) ;
#1902 = ADVANCED_FACE ( 'NONE', ( #1734 ), #1331, .F. ) ;
#1903 = ORIENTED_EDGE ( 'NONE', *, *, #1077, .F. ) ;
#1904 = DIRECTION ( 'NONE',  ( 0.000000000000000000, 0.000000000000000000, -1.000000000000000000 ) ) ;
#1905 = VERTEX_POINT ( 'NONE', #1368 ) ;
#1906 = ORIENTED_EDGE ( 'NONE', *, *, #1989, .F. ) ;
#1907 = ORIENTED_EDGE ( 'NONE', *, *, #863, .T. ) ;
#1908 = DIRECTION ( 'NONE',  ( 0.000000000000000000, 0.000000000000000000, 1.000000000000000000 ) ) ;
#1909 = DIRECTION ( 'NONE',  ( 0.000000000000000000, 0.000000000000000000, -1.000000000000000000 ) ) ;
#1910 = CARTESIAN_POINT ( 'NONE',  ( 56.75000000000000000, 61.75000000000000000, 20.00000000000000000 ) ) ;
#1911 = DIRECTION ( 'NONE',  ( 0.000000000000000000, 0.000000000000000000, 1.000000000000000000 ) ) ;
#1912 = DIRECTION ( 'NONE',  ( 0.000000000000000000, 0.000000000000000000, -1.000000000000000000 ) ) ;
#1913 = EDGE_CURVE ( 'NONE', #963, #1396, #1867, .T. ) ;
#1914 = DIRECTION ( 'NONE',  ( 1.224606353822375779E-16, -1.000000000000000000, 0.000000000000000000 ) ) ;
#1915 = CARTESIAN_POINT ( 'NONE',  ( -60.75000000000000000, 57.75000000000000000, 20.00000000000000000 ) ) ;
#1916 = AXIS2_PLACEMENT_3D ( 'NONE', #585, #1546, #1387 ) ;
#1917 = LINE ( 'NONE', #671, #1612 ) ;
#1918 = DIRECTION ( 'NONE',  ( 0.000000000000000000, 0.000000000000000000, 1.000000000000000000 ) ) ;
#1919 = EDGE_CURVE ( 'NONE', #1392, #600, #275, .T. ) ;
#1920 = LINE ( 'NONE', #1874, #177 ) ;
#1921 = VECTOR ( 'NONE', #487, 1000.000000000000000 ) ;
#1922 = DIRECTION ( 'NONE',  ( 0.000000000000000000, 0.000000000000000000, -1.000000000000000000 ) ) ;
#1923 = CARTESIAN_POINT ( 'NONE',  ( 73.00000000000000000, 50.75000000000000000, 19.00000000000000000 ) ) ;
#1924 = CARTESIAN_POINT ( 'NONE',  ( -64.00000000000000000, -50.75000000000000000, 20.00000000000000000 ) ) ;
#1925 = CYLINDRICAL_SURFACE ( 'NONE', #940, 11.00000000000000533 ) ;
#1926 = EDGE_CURVE ( 'NONE', #1905, #494, #1698, .T. ) ;
#1927 = CARTESIAN_POINT ( 'NONE',  ( -73.00000000000000000, 50.75000000000000000, -189.4665844472575031 ) ) ;
#1928 = AXIS2_PLACEMENT_3D ( 'NONE', #2000, #684, #1052 ) ;
#1929 = VECTOR ( 'NONE', #1261, 1000.000000000000114 ) ;
#1930 = CIRCLE ( 'NONE', #1436, 8.999999999999994671 ) ;
#1931 = MECHANICAL_CONTEXT ( 'NONE', #698, 'mechanical' ) ;
#1932 = CARTESIAN_POINT ( 'NONE',  ( 22.11363636363634910, 27.15000000000000213, 1.000000000000000000 ) ) ;
#1933 = APPLICATION_PROTOCOL_DEFINITION ( 'international standard', 'config_control_design', 1994, #2023 ) ;
#1934 = EDGE_LOOP ( 'NONE', ( #364, #1656, #1026 ) ) ;
#1935 = ORIENTED_EDGE ( 'NONE', *, *, #2130, .T. ) ;
#1936 = PLANE ( 'NONE',  #231 ) ;
#1937 = ORIENTED_EDGE ( 'NONE', *, *, #1148, .T. ) ;
#1938 = ORIENTED_EDGE ( 'NONE', *, *, #1614, .F. ) ;
#1939 = ORIENTED_EDGE ( 'NONE', *, *, #1875, .F. ) ;
#1940 = VECTOR ( 'NONE', #1371, 1000.000000000000000 ) ;
#1941 = LINE ( 'NONE', #93, #1131 ) ;
#1942 = ORIENTED_EDGE ( 'NONE', *, *, #427, .T. ) ;
#1943 = DIRECTION ( 'NONE',  ( -1.000000000000000000, -1.224606353822375779E-16, 0.000000000000000000 ) ) ;
#1944 = ORIENTED_EDGE ( 'NONE', *, *, #712, .F. ) ;
#1945 = EDGE_CURVE ( 'NONE', #1517, #963, #1746, .T. ) ;
#1946 = ORIENTED_EDGE ( 'NONE', *, *, #493, .T. ) ;
#1947 = AXIS2_PLACEMENT_3D ( 'NONE', #415, #680, #1888 ) ;
#1948 = ORIENTED_EDGE ( 'NONE', *, *, #1846, .T. ) ;
#1949 = DIRECTION ( 'NONE',  ( 1.000000000000000000, 0.000000000000000000, 0.000000000000000000 ) ) ;
#1950 = CARTESIAN_POINT ( 'NONE',  ( -53.75000000000000000, -26.84999999999999787, 0.000000000000000000 ) ) ;
#1951 = CARTESIAN_POINT ( 'NONE',  ( -73.00000000000000000, 50.75000000000000000, 20.00000000000000000 ) ) ;
#1952 = AXIS2_PLACEMENT_3D ( 'NONE', #1264, #1922, #613 ) ;
#1953 = DIRECTION ( 'NONE',  ( 1.000000000000000000, 0.000000000000000000, 0.000000000000000000 ) ) ;
#1954 = ADVANCED_FACE ( 'NONE', ( #904 ), #404, .F. ) ;
#1955 = CARTESIAN_POINT ( 'NONE',  ( 24.25000000000000000, 27.15000000000000213, 0.000000000000000000 ) ) ;
#1956 = DIRECTION ( 'NONE',  ( 0.000000000000000000, 0.000000000000000000, -1.000000000000000000 ) ) ;
#1957 = CARTESIAN_POINT ( 'NONE',  ( 55.75000000000000000, -50.75000000000000000, 40.00000000000000000 ) ) ;
#1958 = LINE ( 'NONE', #832, #1884 ) ;
#1959 = ADVANCED_FACE ( 'NONE', ( #1117 ), #1181, .F. ) ;
#1960 = FACE_OUTER_BOUND ( 'NONE', #131, .T. ) ;
#1961 = AXIS2_PLACEMENT_3D ( 'NONE', #2003, #1243, #1057 ) ;
#1962 = FACE_OUTER_BOUND ( 'NONE', #1729, .T. ) ;
#1963 = FACE_OUTER_BOUND ( 'NONE', #1788, .T. ) ;
#1964 = AXIS2_PLACEMENT_3D ( 'NONE', #204, #1638, #1601 ) ;
#1965 = DIRECTION ( 'NONE',  ( -1.000000000000000000, 0.000000000000000000, 0.000000000000000000 ) ) ;
#1966 = ADVANCED_FACE ( 'NONE', ( #197 ), #1070, .F. ) ;
#1967 = CARTESIAN_POINT ( 'NONE',  ( 14.25000000000000000, 39.75000000000000000, 40.00000000000000000 ) ) ;
#1968 = ORIENTED_EDGE ( 'NONE', *, *, #1233, .F. ) ;
#1969 = VECTOR ( 'NONE', #347, 1000.000000000000000 ) ;
#1970 = ORIENTED_EDGE ( 'NONE', *, *, #274, .T. ) ;
#1971 = APPROVAL_STATUS ( 'not_yet_approved' ) ;
#1972 = VERTEX_POINT ( 'NONE', #66 ) ;
#1973 = ADVANCED_FACE ( 'NONE', ( #1530 ), #1186, .F. ) ;
#1974 = DIRECTION ( 'NONE',  ( 1.000000000000000000, 0.000000000000000000, 0.000000000000000000 ) ) ;
#1975 = ORIENTED_EDGE ( 'NONE', *, *, #96, .F. ) ;
#1976 = VERTEX_POINT ( 'NONE', #1219 ) ;
#1977 = ORIENTED_EDGE ( 'NONE', *, *, #2098, .F. ) ;
#1978 = ORIENTED_EDGE ( 'NONE', *, *, #1265, .T. ) ;
#1979 = ORIENTED_EDGE ( 'NONE', *, *, #1805, .F. ) ;
#1980 = LINE ( 'NONE', #1037, #1330 ) ;
#1981 = EDGE_CURVE ( 'NONE', #1795, #465, #343, .T. ) ;
#1982 = ORIENTED_EDGE ( 'NONE', *, *, #286, .T. ) ;
#1983 = PLANE ( 'NONE',  #1175 ) ;
#1984 = DIRECTION ( 'NONE',  ( 0.000000000000000000, 0.000000000000000000, 1.000000000000000000 ) ) ;
#1985 = AXIS2_PLACEMENT_3D ( 'NONE', #1009, #1912, #2129 ) ;
#1986 = FACE_OUTER_BOUND ( 'NONE', #1360, .T. ) ;
#1987 = CARTESIAN_POINT ( 'NONE',  ( 73.00000000000000000, -50.75000000000000000, 20.00000000000000000 ) ) ;
#1988 = AXIS2_PLACEMENT_3D ( 'NONE', #1536, #1503, #607 ) ;
#1989 = EDGE_CURVE ( 'NONE', #2009, #119, #200, .T. ) ;
#1990 = AXIS2_PLACEMENT_3D ( 'NONE', #1932, #17, #454 ) ;
#1991 = DIRECTION ( 'NONE',  ( 0.000000000000000000, 0.000000000000000000, 1.000000000000000000 ) ) ;
#1992 = LINE ( 'NONE', #1262, #1969 ) ;
#1993 = CARTESIAN_POINT ( 'NONE',  ( 58.51094614780360104, 59.98905385219639896, 40.00000000000000000 ) ) ;
#1994 = DIRECTION ( 'NONE',  ( 0.000000000000000000, 0.000000000000000000, 1.000000000000000000 ) ) ;
#1995 = DIRECTION ( 'NONE',  ( 0.000000000000000000, 0.000000000000000000, 1.000000000000000000 ) ) ;
#1996 = DIRECTION ( 'NONE',  ( 1.000000000000000000, 0.000000000000000000, 0.000000000000000000 ) ) ;
#1997 = CIRCLE ( 'NONE', #1610, 4.999999999999997335 ) ;
#1998 = EDGE_CURVE ( 'NONE', #696, #1023, #1385, .T. ) ;
#1999 = DIRECTION ( 'NONE',  ( -1.000000000000000000, 0.000000000000000000, 0.000000000000000000 ) ) ;
#2000 = CARTESIAN_POINT ( 'NONE',  ( 0.000000000000000000, 0.000000000000000000, 0.000000000000000000 ) ) ;
#2001 = ORIENTED_EDGE ( 'NONE', *, *, #1745, .F. ) ;
#2002 = VERTEX_POINT ( 'NONE', #1533 ) ;
#2003 = CARTESIAN_POINT ( 'NONE',  ( 24.25000000000000000, 39.75000000000000000, 40.00000000000000000 ) ) ;
#2004 = DIRECTION ( 'NONE',  ( 0.000000000000000000, 0.000000000000000000, 1.000000000000000000 ) ) ;
#2005 = SECURITY_CLASSIFICATION_LEVEL ( 'unclassified' ) ;
#2006 = VERTEX_POINT ( 'NONE', #469 ) ;
#2007 = CARTESIAN_POINT ( 'NONE',  ( -73.00000000000000000, 50.75000000000000000, 0.000000000000000000 ) ) ;
#2008 = DIRECTION ( 'NONE',  ( 0.000000000000000000, 0.000000000000000000, -1.000000000000000000 ) ) ;
#2009 = VERTEX_POINT ( 'NONE', #606 ) ;
#2010 = PLANE ( 'NONE',  #2074 ) ;
#2011 = ORIENTED_EDGE ( 'NONE', *, *, #994, .T. ) ;
#2012 = DIRECTION ( 'NONE',  ( 1.000000000000000000, 0.000000000000000000, 0.000000000000000000 ) ) ;
#2013 = ORIENTED_EDGE ( 'NONE', *, *, #2028, .T. ) ;
#2014 = ORIENTED_EDGE ( 'NONE', *, *, #164, .F. ) ;
#2015 = CARTESIAN_POINT ( 'NONE',  ( 47.75000000000000000, 27.15000000000000568, 1.000000000000000000 ) ) ;
#2016 = DIRECTION ( 'NONE',  ( -0.7071067811865472397, 0.7071067811865477948, 0.000000000000000000 ) ) ;
#2017 = ORIENTED_EDGE ( 'NONE', *, *, #1846, .F. ) ;
#2018 = FACE_OUTER_BOUND ( 'NONE', #226, .T. ) ;
#2019 = ORIENTED_EDGE ( 'NONE', *, *, #1032, .F. ) ;
#2020 = DIRECTION ( 'NONE',  ( 0.000000000000000000, 0.000000000000000000, -1.000000000000000000 ) ) ;
#2021 = DIRECTION ( 'NONE',  ( 0.000000000000000000, 0.000000000000000000, 1.000000000000000000 ) ) ;
#2022 = DIRECTION ( 'NONE',  ( -0.7071067811865472397, -0.7071067811865477948, 0.000000000000000000 ) ) ;
#2023 = APPLICATION_CONTEXT ( 'configuration controlled 3d designs of mechanical parts and assemblies' ) ;
#2024 = LINE ( 'NONE', #345, #1813 ) ;
#2025 = CARTESIAN_POINT ( 'NONE',  ( 55.75000000000000000, 50.75000000000000000, 15.00000000000000000 ) ) ;
#2026 = AXIS2_PLACEMENT_3D ( 'NONE', #81, #1203, #353 ) ;
#2027 = CIRCLE ( 'NONE', #968, 8.999999999999994671 ) ;
#2028 = EDGE_CURVE ( 'NONE', #751, #1111, #762, .T. ) ;
#2029 = CIRCLE ( 'NONE', #1349, 8.999999999999994671 ) ;
#2030 = AXIS2_PLACEMENT_3D ( 'NONE', #2056, #39, #70 ) ;
#2031 = EDGE_CURVE ( 'NONE', #720, #927, #1669, .T. ) ;
#2032 = CARTESIAN_POINT ( 'NONE',  ( -73.00000000000000000, -50.75000000000000000, 0.000000000000000000 ) ) ;
#2033 = CARTESIAN_POINT ( 'NONE',  ( -45.75000000000000711, 50.75000000000000000, 40.00000000000000000 ) ) ;
#2034 = LINE ( 'NONE', #1088, #1831 ) ;
#2035 = CARTESIAN_POINT ( 'NONE',  ( -73.00000000000000000, 61.75000000000000000, 0.000000000000000000 ) ) ;
#2036 = VECTOR ( 'NONE', #1550, 1000.000000000000000 ) ;
#2037 = EDGE_LOOP ( 'NONE', ( #1890, #297, #1687 ) ) ;
#2038 = EDGE_CURVE ( 'NONE', #1216, #962, #2024, .T. ) ;
#2039 = EDGE_LOOP ( 'NONE', ( #812, #1551, #320 ) ) ;
#2040 = AXIS2_PLACEMENT_3D ( 'NONE', #1780, #1844, #871 ) ;
#2041 = ORIENTED_EDGE ( 'NONE', *, *, #1709, .F. ) ;
#2042 = VERTEX_POINT ( 'NONE', #1226 ) ;
#2043 = EDGE_CURVE ( 'NONE', #658, #696, #2055, .T. ) ;
#2044 = VERTEX_POINT ( 'NONE', #2093 ) ;
#2045 = DIRECTION ( 'NONE',  ( 1.224606353822375779E-16, -1.000000000000000000, 0.000000000000000000 ) ) ;
#2046 = ORIENTED_EDGE ( 'NONE', *, *, #1429, .T. ) ;
#2047 = ORIENTED_EDGE ( 'NONE', *, *, #545, .F. ) ;
#2048 = AXIS2_PLACEMENT_3D ( 'NONE', #1285, #330, #1395 ) ;
#2049 = EDGE_LOOP ( 'NONE', ( #1218, #1059, #560, #1112 ) ) ;
#2050 = CARTESIAN_POINT ( 'NONE',  ( -56.75000000000000000, -61.75000000000000000, 20.00000000000000000 ) ) ;
#2051 = VECTOR ( 'NONE', #1914, 1000.000000000000000 ) ;
#2052 = FACE_OUTER_BOUND ( 'NONE', #1465, .T. ) ;
#2053 = ADVANCED_FACE ( 'NONE', ( #1986 ), #547, .F. ) ;
#2054 = VECTOR ( 'NONE', #615, 1000.000000000000114 ) ;
#2055 = LINE ( 'NONE', #1078, #701 ) ;
#2056 = CARTESIAN_POINT ( 'NONE',  ( -56.75000000000000000, -61.75000000000000000, 20.00000000000000000 ) ) ;
#2057 = DIRECTION ( 'NONE',  ( 0.000000000000000000, 0.000000000000000000, 1.000000000000000000 ) ) ;
#2058 = CARTESIAN_POINT ( 'NONE',  ( -78.50000000000000000, -50.75000000000000000, 19.00000000000000000 ) ) ;
#2059 = CARTESIAN_POINT ( 'NONE',  ( -73.00000000000000000, -50.75000000000000000, 19.00000000000000000 ) ) ;
#2060 = EDGE_CURVE ( 'NONE', #119, #629, #149, .T. ) ;
#2061 = DIRECTION ( 'NONE',  ( -0.8571673007021122226, 1.049727191138618696E-16, 0.5150380749100542666 ) ) ;
#2062 = PRODUCT_DEFINITION_SHAPE ( 'NONE', 'NONE',  #280 ) ;
#2063 = FACE_OUTER_BOUND ( 'NONE', #196, .T. ) ;
#2064 = CARTESIAN_POINT ( 'NONE',  ( 24.25000000000000000, 27.15000000000000213, 1.000000000000000000 ) ) ;
#2065 = CARTESIAN_POINT ( 'NONE',  ( 73.00000000000000000, -61.75000000000000000, 20.00000000000000000 ) ) ;
#2066 = AXIS2_PLACEMENT_3D ( 'NONE', #1733, #901, #936 ) ;
#2067 = CARTESIAN_POINT ( 'NONE',  ( 24.25000000000000000, 27.15000000000000213, 1.000000000000000000 ) ) ;
#2068 = ADVANCED_FACE ( 'NONE', ( #1774 ), #1639, .T. ) ;
#2069 = VECTOR ( 'NONE', #1741, 1000.000000000000000 ) ;
#2070 = EDGE_CURVE ( 'NONE', #653, #925, #1229, .T. ) ;
#2071 = CIRCLE ( 'NONE', #1679, 5.500000000000005329 ) ;
#2072 = CARTESIAN_POINT ( 'NONE',  ( 73.00000000000000000, -61.75000000000000000, 0.000000000000000000 ) ) ;
#2073 = ORIENTED_EDGE ( 'NONE', *, *, #1130, .F. ) ;
#2074 = AXIS2_PLACEMENT_3D ( 'NONE', #57, #995, #1138 ) ;
#2075 = APPROVAL_ROLE ( '' ) ;
#2076 = ORIENTED_EDGE ( 'NONE', *, *, #484, .T. ) ;
#2077 = CARTESIAN_POINT ( 'NONE',  ( 84.00000000000000000, -61.75000000000000000, 0.000000000000000000 ) ) ;
#2078 = DIRECTION ( 'NONE',  ( 1.000000000000000000, 0.000000000000000000, 0.000000000000000000 ) ) ;
#2079 = ORIENTED_EDGE ( 'NONE', *, *, #1737, .F. ) ;
#2080 = VERTEX_POINT ( 'NONE', #73 ) ;
#2081 = FACE_OUTER_BOUND ( 'NONE', #1060, .T. ) ;
#2082 = ORIENTED_EDGE ( 'NONE', *, *, #545, .T. ) ;
#2083 = EDGE_CURVE ( 'NONE', #825, #1320, #1992, .T. ) ;
#2084 = ORIENTED_EDGE ( 'NONE', *, *, #1919, .T. ) ;
#2085 = DIRECTION ( 'NONE',  ( 0.000000000000000000, 0.000000000000000000, 1.000000000000000000 ) ) ;
#2086 = ORIENTED_EDGE ( 'NONE', *, *, #611, .F. ) ;
#2087 = ORIENTED_EDGE ( 'NONE', *, *, #2089, .T. ) ;
#2088 = CARTESIAN_POINT ( 'NONE',  ( 50.75000000000000000, 50.75000000000000000, 15.00000000000000000 ) ) ;
#2089 = EDGE_CURVE ( 'NONE', #465, #1389, #1516, .T. ) ;
#2090 = PLANE ( 'NONE',  #1039 ) ;
#2091 = FACE_BOUND ( 'NONE', #332, .T. ) ;
#2092 = VECTOR ( 'NONE', #1627, 1000.000000000000114 ) ;
#2093 = CARTESIAN_POINT ( 'NONE',  ( 78.50000000000000000, -50.75000000000000000, 0.000000000000000000 ) ) ;
#2094 = CARTESIAN_POINT ( 'NONE',  ( -0.7870476750314180370, 61.75000000000000000, 40.00000000000000000 ) ) ;
#2095 = CARTESIAN_POINT ( 'NONE',  ( -50.75000000000000000, 50.75000000000000000, 40.00000000000000000 ) ) ;
#2096 = CARTESIAN_POINT ( 'NONE',  ( 80.77817459305201453, -58.52817459305202874, 20.00000000000000000 ) ) ;
#2097 = LINE ( 'NONE', #1230, #975 ) ;
#2098 = EDGE_CURVE ( 'NONE', #1242, #1147, #1370, .T. ) ;
#2099 = DIRECTION ( 'NONE',  ( 0.000000000000000000, 0.000000000000000000, 1.000000000000000000 ) ) ;
#2100 = DIRECTION ( 'NONE',  ( 0.000000000000000000, 0.000000000000000000, -1.000000000000000000 ) ) ;
#2101 = DIRECTION ( 'NONE',  ( -1.000000000000000000, 0.000000000000000000, 0.000000000000000000 ) ) ;
#2102 = CC_DESIGN_SECURITY_CLASSIFICATION ( #1866, ( #294 ) ) ;
#2103 = EDGE_CURVE ( 'NONE', #291, #658, #2027, .T. ) ;
#2104 = FACE_OUTER_BOUND ( 'NONE', #602, .T. ) ;
#2105 = CARTESIAN_POINT ( 'NONE',  ( -20.24999999999999645, -35.75000000000000000, 40.00000000000000000 ) ) ;
#2106 = ORIENTED_EDGE ( 'NONE', *, *, #842, .F. ) ;
#2107 = CARTESIAN_POINT ( 'NONE',  ( 56.75000000000000000, -61.75000000000000000, 40.00000000000000000 ) ) ;
#2108 = UNCERTAINTY_MEASURE_WITH_UNIT (LENGTH_MEASURE( 1.000000000000000082E-05 ), #1418, 'distance_accuracy_value', 'NONE');
#2109 = VERTEX_POINT ( 'NONE', #134 ) ;
#2110 = CARTESIAN_POINT ( 'NONE',  ( 55.75000000000000000, -50.75000000000000000, 27.50000000000000000 ) ) ;
#2111 = CYLINDRICAL_SURFACE ( 'NONE', #1646, 5.500000000000005329 ) ;
#2112 = VERTEX_POINT ( 'NONE', #1776 ) ;
#2113 = EDGE_CURVE ( 'NONE', #694, #122, #1941, .T. ) ;
#2114 = PLANE ( 'NONE',  #737 ) ;
#2115 = ORIENTED_EDGE ( 'NONE', *, *, #414, .T. ) ;
#2116 = ORIENTED_EDGE ( 'NONE', *, *, #1439, .T. ) ;
#2117 = EDGE_LOOP ( 'NONE', ( #1897, #1102, #2120, #1055 ) ) ;
#2118 = DIRECTION ( 'NONE',  ( 0.000000000000000000, 0.000000000000000000, 1.000000000000000000 ) ) ;
#2119 = ORIENTED_EDGE ( 'NONE', *, *, #1913, .T. ) ;
#2120 = ORIENTED_EDGE ( 'NONE', *, *, #250, .T. ) ;
#2121 = ORIENTED_EDGE ( 'NONE', *, *, #1077, .T. ) ;
#2122 = DIRECTION ( 'NONE',  ( 0.000000000000000000, 0.000000000000000000, -1.000000000000000000 ) ) ;
#2123 = EDGE_CURVE ( 'NONE', #759, #151, #1388, .T. ) ;
#2124 = ORIENTED_EDGE ( 'NONE', *, *, #1366, .T. ) ;
#2125 = APPROVAL ( #1971, 'UNSPECIFIED' ) ;
#2126 = DIRECTION ( 'NONE',  ( 1.000000000000000000, 0.000000000000000000, 0.000000000000000000 ) ) ;
#2127 = LINE ( 'NONE', #170, #1901 ) ;
#2128 = AXIS2_PLACEMENT_3D ( 'NONE', #543, #1411, #1189 ) ;
#2129 = DIRECTION ( 'NONE',  ( 0.7071067811865472397, -0.7071067811865477948, 0.000000000000000000 ) ) ;
#2130 = EDGE_CURVE ( 'NONE', #122, #893, #254, .T. ) ;
#2131 = CARTESIAN_POINT ( 'NONE',  ( 50.75000000000000000, 50.75000000000000000, 27.50000000000000000 ) ) ;
#2132 = DIRECTION ( 'NONE',  ( 0.000000000000000000, 0.000000000000000000, 1.000000000000000000 ) ) ;
#2133 = DIRECTION ( 'NONE',  ( 0.7071067811865472397, 0.7071067811865477948, 0.000000000000000000 ) ) ;
ENDSEC;
END-ISO-10303-21;
