ISO-10303-21;
HEADER;
/* Generated by software containing ST-Developer
 * from STEP Tools, Inc. (www.steptools.com) 
 */
/* OPTION: using custom schema-name function */

FILE_DESCRIPTION(
/* description */ (''),
/* implementation_level */ '2;1');

FILE_NAME(
/* name */ 'Part3.stp',
/* time_stamp */ '2026-07-23T09:15:51+05:30',
/* author */ (''),
/* organization */ (''),
/* preprocessor_version */ 'ST-DEVELOPER v20',
/* originating_system */ 'SIEMENS PLM Software NX2412.7002',
/* authorisation */ '');

FILE_SCHEMA (('AUTOMOTIVE_DESIGN { 1 0 10303 214 3 1 1 1 }'));
ENDSEC;

DATA;
#10=SHAPE_REPRESENTATION_RELATIONSHIP('None',
'relationship between Part2-None and Part2-None',#22,#11);
#11=ADVANCED_BREP_SHAPE_REPRESENTATION('Part2-None',(#32),#14343);
#12=SHAPE_DEFINITION_REPRESENTATION(#13,#22);
#13=PRODUCT_DEFINITION_SHAPE('','',#14);
#14=PRODUCT_DEFINITION(' ','',#16,#15);
#15=PRODUCT_DEFINITION_CONTEXT('part definition',#21,'design');
#16=PRODUCT_DEFINITION_FORMATION_WITH_SPECIFIED_SOURCE(' ',' ',#18,
 .NOT_KNOWN.);
#17=PRODUCT_RELATED_PRODUCT_CATEGORY('part','',(#18));
#18=PRODUCT('Part2','Part2',' ',(#19));
#19=PRODUCT_CONTEXT(' ',#21,'mechanical');
#20=APPLICATION_PROTOCOL_DEFINITION('international standard',
'automotive_design',2010,#21);
#21=APPLICATION_CONTEXT(
'core data for automotive mechanical design processes');
#22=SHAPE_REPRESENTATION('Part2-None',(#6320),#14343);
#23=PRESENTATION_LAYER_ASSIGNMENT('1','Layer 1',(#32));
#24=STYLED_ITEM('',(#25),#32);
#25=PRESENTATION_STYLE_ASSIGNMENT((#26));
#26=SURFACE_STYLE_USAGE(.BOTH.,#27);
#27=SURFACE_SIDE_STYLE('',(#28));
#28=SURFACE_STYLE_FILL_AREA(#29);
#29=FILL_AREA_STYLE('',(#30));
#30=FILL_AREA_STYLE_COLOUR('',#31);
#31=COLOUR_RGB('medium steel',0.596078431372549,0.666666666666667,0.686274509803922);
#32=MANIFOLD_SOLID_BREP('',#33);
#33=CLOSED_SHELL('',(#535,#536,#537,#538,#539,#540,#541,#542,#543,#544,
#545,#546,#547,#548,#549,#550,#551,#552,#553,#554,#555,#556,#557,#558,#559,
#560,#561,#562,#563,#564,#565,#566,#567,#568,#569,#570,#571,#572,#573,#574,
#575,#576,#577,#578,#579,#580,#581,#582,#583,#584,#585,#586,#587,#588,#589,
#590,#591,#592,#593,#594,#595,#596,#597,#598,#599,#600,#601,#602,#603,#604,
#605,#606,#607,#608,#609,#610,#611,#612,#613,#614,#615,#616,#617,#618,#619,
#620,#621,#622,#623,#624,#625,#626,#627,#628,#629,#630,#631,#632,#633,#634,
#635,#636,#637,#638,#639,#640,#641,#642,#643,#644,#645,#646,#647,#648,#649,
#650,#651,#652,#653,#654,#655,#656,#657,#658,#659,#660,#661,#662,#663,#664,
#665,#666,#667,#668,#669,#670,#671,#672,#673,#674,#675,#676,#677,#678,#679,
#680,#681,#682,#683,#684,#685,#686,#687,#688,#689,#690,#691,#692,#693,#694,
#695,#696,#697,#698,#699,#700,#701,#702,#703,#704,#705,#706,#707,#708,#709,
#710,#711,#712,#713,#714,#715,#716,#717,#718,#719,#720,#721,#722,#723,#724,
#725,#726,#727,#728,#729,#730,#731,#732,#733,#734,#735,#736,#737,#738,#739,
#740,#741,#742,#743,#744,#745,#746,#747,#748,#749,#750,#751,#752,#753,#754,
#755,#756,#757,#758,#759,#760,#761,#762,#763,#764,#765,#766,#767,#768,#769,
#770,#771,#772,#773,#774,#775,#776,#777,#778,#779,#780,#781,#782,#783,#784,
#785,#786,#787,#788,#789,#790,#791,#792,#793,#794,#795,#796,#797,#798,#799,
#800,#801,#802,#803,#804,#805,#806,#807,#808,#809,#810,#811,#812,#813,#814,
#815,#816,#817,#818,#819,#820,#821,#822,#823,#824,#825,#826,#827,#828,#829,
#830,#831,#832,#833,#834,#835,#836,#837,#838,#839,#840,#841,#842,#843,#844,
#845,#846,#847,#848,#849,#850,#851,#852,#853,#854,#855,#856,#857,#858,#859,
#860,#861,#862,#863,#864,#865,#866,#867,#868,#869,#870,#871,#872,#873,#874,
#875,#876,#877,#878,#879,#880,#881,#882,#883,#884,#885,#886,#887,#888,#889,
#890,#891,#892,#893,#894,#895,#896,#897,#898,#899,#900,#901,#902,#903,#904,
#905,#906,#907,#908,#909,#910,#911,#912,#913,#914,#915,#916,#917,#918,#919,
#920,#921,#922,#923,#924,#925,#926,#927,#928,#929,#930,#931,#932,#933,#934,
#935,#936,#937,#938,#939,#940,#941,#942,#943,#944,#945,#946,#947,#948));
#34=SPHERICAL_SURFACE('',#6952,0.5);
#35=SPHERICAL_SURFACE('',#6959,0.5);
#36=SPHERICAL_SURFACE('',#6963,0.5);
#37=SPHERICAL_SURFACE('',#6973,0.5);
#38=SPHERICAL_SURFACE('',#6977,0.5);
#39=SPHERICAL_SURFACE('',#6984,0.5);
#40=SPHERICAL_SURFACE('',#6991,0.5);
#41=SPHERICAL_SURFACE('',#6995,0.5);
#42=SPHERICAL_SURFACE('',#7005,0.5);
#43=SPHERICAL_SURFACE('',#7009,0.5);
#44=SPHERICAL_SURFACE('',#7025,0.5);
#45=SPHERICAL_SURFACE('',#7032,0.5);
#46=SPHERICAL_SURFACE('',#7036,0.5);
#47=SPHERICAL_SURFACE('',#7046,0.5);
#48=SPHERICAL_SURFACE('',#7050,0.5);
#49=SPHERICAL_SURFACE('',#7057,0.5);
#50=SPHERICAL_SURFACE('',#7064,0.5);
#51=SPHERICAL_SURFACE('',#7068,0.5);
#52=SPHERICAL_SURFACE('',#7078,0.5);
#53=SPHERICAL_SURFACE('',#7082,0.5);
#54=ELLIPSE('',#6945,0.707106781186548,0.5);
#55=ELLIPSE('',#6946,0.707106781186548,0.5);
#56=ELLIPSE('',#6948,1.11803398874989,0.5);
#57=ELLIPSE('',#6980,1.11803398874989,0.5);
#58=ELLIPSE('',#7018,0.707106781186548,0.5);
#59=ELLIPSE('',#7019,0.707106781186548,0.5);
#60=ELLIPSE('',#7021,1.11803398874989,0.5);
#61=ELLIPSE('',#7053,1.11803398874989,0.5);
#62=ELLIPSE('',#7085,1.1180339887499,0.5);
#63=ELLIPSE('',#7086,1.11803398874989,0.5);
#64=ELLIPSE('',#7088,1.1180339887499,0.5);
#65=ELLIPSE('',#7089,1.11803398874989,0.5);
#66=(
BOUNDED_SURFACE()
B_SPLINE_SURFACE(3,2,((#11525,#11526,#11527),(#11528,#11529,#11530),(#11531,
#11532,#11533),(#11534,#11535,#11536)),.UNSPECIFIED.,.F.,.F.,.F.)
B_SPLINE_SURFACE_WITH_KNOTS((4,4),(3,3),(0.,1.),(0.,1.),.UNSPECIFIED.)
GEOMETRIC_REPRESENTATION_ITEM()
RATIONAL_B_SPLINE_SURFACE(((1.,0.653585485699685,1.),(1.,0.650208870278722,
1.),(1.,0.646236424533788,1.),(1.,0.641122205017214,1.)))
REPRESENTATION_ITEM('')
SURFACE()
);
#67=(
BOUNDED_SURFACE()
B_SPLINE_SURFACE(3,2,((#11575,#11576,#11577),(#11578,#11579,#11580),(#11581,
#11582,#11583),(#11584,#11585,#11586)),.UNSPECIFIED.,.F.,.F.,.F.)
B_SPLINE_SURFACE_WITH_KNOTS((4,4),(3,3),(0.,1.),(0.,1.),.UNSPECIFIED.)
GEOMETRIC_REPRESENTATION_ITEM()
RATIONAL_B_SPLINE_SURFACE(((1.,0.653585485699685,1.),(1.,0.650208870278723,
1.),(1.,0.646236424533787,1.),(1.,0.641122205017214,1.)))
REPRESENTATION_ITEM('')
SURFACE()
);
#68=(
BOUNDED_SURFACE()
B_SPLINE_SURFACE(3,2,((#11625,#11626,#11627),(#11628,#11629,#11630),(#11631,
#11632,#11633),(#11634,#11635,#11636)),.UNSPECIFIED.,.F.,.F.,.F.)
B_SPLINE_SURFACE_WITH_KNOTS((4,4),(3,3),(0.,1.),(0.,1.),.UNSPECIFIED.)
GEOMETRIC_REPRESENTATION_ITEM()
RATIONAL_B_SPLINE_SURFACE(((1.,0.653585485699685,1.),(1.,0.650208870278723,
1.),(1.,0.646236424533787,1.),(1.,0.641122205017214,1.)))
REPRESENTATION_ITEM('')
SURFACE()
);
#69=(
BOUNDED_SURFACE()
B_SPLINE_SURFACE(3,2,((#11675,#11676,#11677),(#11678,#11679,#11680),(#11681,
#11682,#11683),(#11684,#11685,#11686)),.UNSPECIFIED.,.F.,.F.,.F.)
B_SPLINE_SURFACE_WITH_KNOTS((4,4),(3,3),(0.,1.),(0.,1.),.UNSPECIFIED.)
GEOMETRIC_REPRESENTATION_ITEM()
RATIONAL_B_SPLINE_SURFACE(((1.,0.653585485699685,1.),(1.,0.650208870278722,
1.),(1.,0.646236424533787,1.),(1.,0.641122205017214,1.)))
REPRESENTATION_ITEM('')
SURFACE()
);
#70=(
BOUNDED_SURFACE()
B_SPLINE_SURFACE(3,2,((#11722,#11723,#11724),(#11725,#11726,#11727),(#11728,
#11729,#11730),(#11731,#11732,#11733)),.UNSPECIFIED.,.F.,.F.,.F.)
B_SPLINE_SURFACE_WITH_KNOTS((4,4),(3,3),(0.,1.),(0.,1.),.UNSPECIFIED.)
GEOMETRIC_REPRESENTATION_ITEM()
RATIONAL_B_SPLINE_SURFACE(((1.,0.64112220483591,1.),(1.,0.646236434458309,
1.),(1.,0.650208877156554,1.),(1.,0.653585493907132,1.)))
REPRESENTATION_ITEM('')
SURFACE()
);
#71=(
BOUNDED_SURFACE()
B_SPLINE_SURFACE(3,2,((#11772,#11773,#11774),(#11775,#11776,#11777),(#11778,
#11779,#11780),(#11781,#11782,#11783)),.UNSPECIFIED.,.F.,.F.,.F.)
B_SPLINE_SURFACE_WITH_KNOTS((4,4),(3,3),(0.,1.),(0.,1.),.UNSPECIFIED.)
GEOMETRIC_REPRESENTATION_ITEM()
RATIONAL_B_SPLINE_SURFACE(((1.,0.653585485699685,1.),(1.,0.650208870278722,
1.),(1.,0.646236424533787,1.),(1.,0.641122205017214,1.)))
REPRESENTATION_ITEM('')
SURFACE()
);
#72=(
BOUNDED_SURFACE()
B_SPLINE_SURFACE(3,2,((#11819,#11820,#11821),(#11822,#11823,#11824),(#11825,
#11826,#11827),(#11828,#11829,#11830)),.UNSPECIFIED.,.F.,.F.,.F.)
B_SPLINE_SURFACE_WITH_KNOTS((4,4),(3,3),(0.,1.),(0.,1.),.UNSPECIFIED.)
GEOMETRIC_REPRESENTATION_ITEM()
RATIONAL_B_SPLINE_SURFACE(((1.,0.64112220483591,1.),(1.,0.646236434458309,
1.),(1.,0.650208877156555,1.),(1.,0.653585493907132,1.)))
REPRESENTATION_ITEM('')
SURFACE()
);
#73=(
BOUNDED_SURFACE()
B_SPLINE_SURFACE(3,2,((#11866,#11867,#11868),(#11869,#11870,#11871),(#11872,
#11873,#11874),(#11875,#11876,#11877)),.UNSPECIFIED.,.F.,.F.,.F.)
B_SPLINE_SURFACE_WITH_KNOTS((4,4),(3,3),(0.,1.),(0.,1.),.UNSPECIFIED.)
GEOMETRIC_REPRESENTATION_ITEM()
RATIONAL_B_SPLINE_SURFACE(((1.,0.64112220483591,1.),(1.,0.646236434458308,
1.),(1.,0.650208877156555,1.),(1.,0.653585493907131,1.)))
REPRESENTATION_ITEM('')
SURFACE()
);
#74=(
BOUNDED_SURFACE()
B_SPLINE_SURFACE(3,2,((#11913,#11914,#11915),(#11916,#11917,#11918),(#11919,
#11920,#11921),(#11922,#11923,#11924)),.UNSPECIFIED.,.F.,.F.,.F.)
B_SPLINE_SURFACE_WITH_KNOTS((4,4),(3,3),(0.,1.),(0.,1.),.UNSPECIFIED.)
GEOMETRIC_REPRESENTATION_ITEM()
RATIONAL_B_SPLINE_SURFACE(((1.,0.64112220483591,1.),(1.,0.646236434458308,
1.),(1.,0.650208877156556,1.),(1.,0.653585493907132,1.)))
REPRESENTATION_ITEM('')
SURFACE()
);
#75=(
BOUNDED_SURFACE()
B_SPLINE_SURFACE(3,2,((#11963,#11964,#11965),(#11966,#11967,#11968),(#11969,
#11970,#11971),(#11972,#11973,#11974)),.UNSPECIFIED.,.F.,.F.,.F.)
B_SPLINE_SURFACE_WITH_KNOTS((4,4),(3,3),(0.,1.),(0.,1.),.UNSPECIFIED.)
GEOMETRIC_REPRESENTATION_ITEM()
RATIONAL_B_SPLINE_SURFACE(((1.,0.653585485699684,1.),(1.,0.650208870278721,
1.),(1.,0.646236424533787,1.),(1.,0.641122205017214,1.)))
REPRESENTATION_ITEM('')
SURFACE()
);
#76=(
BOUNDED_SURFACE()
B_SPLINE_SURFACE(3,2,((#12013,#12014,#12015),(#12016,#12017,#12018),(#12019,
#12020,#12021),(#12022,#12023,#12024)),.UNSPECIFIED.,.F.,.F.,.F.)
B_SPLINE_SURFACE_WITH_KNOTS((4,4),(3,3),(0.,1.),(0.,1.),.UNSPECIFIED.)
GEOMETRIC_REPRESENTATION_ITEM()
RATIONAL_B_SPLINE_SURFACE(((1.,0.653585485699685,1.),(1.,0.650208870278722,
1.),(1.,0.646236424533787,1.),(1.,0.641122205017215,1.)))
REPRESENTATION_ITEM('')
SURFACE()
);
#77=(
BOUNDED_SURFACE()
B_SPLINE_SURFACE(3,2,((#12060,#12061,#12062),(#12063,#12064,#12065),(#12066,
#12067,#12068),(#12069,#12070,#12071)),.UNSPECIFIED.,.F.,.F.,.F.)
B_SPLINE_SURFACE_WITH_KNOTS((4,4),(3,3),(0.,1.),(0.,1.),.UNSPECIFIED.)
GEOMETRIC_REPRESENTATION_ITEM()
RATIONAL_B_SPLINE_SURFACE(((1.,0.64112220483591,1.),(1.,0.646236434458309,
1.),(1.,0.650208877156555,1.),(1.,0.653585493907132,1.)))
REPRESENTATION_ITEM('')
SURFACE()
);
#78=(
BOUNDED_SURFACE()
B_SPLINE_SURFACE(3,2,((#12107,#12108,#12109),(#12110,#12111,#12112),(#12113,
#12114,#12115),(#12116,#12117,#12118)),.UNSPECIFIED.,.F.,.F.,.F.)
B_SPLINE_SURFACE_WITH_KNOTS((4,4),(3,3),(0.,1.),(0.,1.),.UNSPECIFIED.)
GEOMETRIC_REPRESENTATION_ITEM()
RATIONAL_B_SPLINE_SURFACE(((1.,0.641122204835909,1.),(1.,0.646236434458309,
1.),(1.,0.650208877156555,1.),(1.,0.653585493907131,1.)))
REPRESENTATION_ITEM('')
SURFACE()
);
#79=(
BOUNDED_SURFACE()
B_SPLINE_SURFACE(3,2,((#12154,#12155,#12156),(#12157,#12158,#12159),(#12160,
#12161,#12162),(#12163,#12164,#12165)),.UNSPECIFIED.,.F.,.F.,.F.)
B_SPLINE_SURFACE_WITH_KNOTS((4,4),(3,3),(0.,1.),(0.,1.),.UNSPECIFIED.)
GEOMETRIC_REPRESENTATION_ITEM()
RATIONAL_B_SPLINE_SURFACE(((1.,0.641122204835909,1.),(1.,0.646236434458308,
1.),(1.,0.650208877156555,1.),(1.,0.653585493907131,1.)))
REPRESENTATION_ITEM('')
SURFACE()
);
#80=(
BOUNDED_SURFACE()
B_SPLINE_SURFACE(3,2,((#12201,#12202,#12203),(#12204,#12205,#12206),(#12207,
#12208,#12209),(#12210,#12211,#12212)),.UNSPECIFIED.,.F.,.F.,.F.)
B_SPLINE_SURFACE_WITH_KNOTS((4,4),(3,3),(0.,1.),(0.,1.),.UNSPECIFIED.)
GEOMETRIC_REPRESENTATION_ITEM()
RATIONAL_B_SPLINE_SURFACE(((1.,0.641122204835909,1.),(1.,0.646236434458308,
1.),(1.,0.650208877156555,1.),(1.,0.653585493907132,1.)))
REPRESENTATION_ITEM('')
SURFACE()
);
#81=(
BOUNDED_SURFACE()
B_SPLINE_SURFACE(3,2,((#12251,#12252,#12253),(#12254,#12255,#12256),(#12257,
#12258,#12259),(#12260,#12261,#12262)),.UNSPECIFIED.,.F.,.F.,.F.)
B_SPLINE_SURFACE_WITH_KNOTS((4,4),(3,3),(0.,1.),(0.,1.),.UNSPECIFIED.)
GEOMETRIC_REPRESENTATION_ITEM()
RATIONAL_B_SPLINE_SURFACE(((1.,0.653585485699685,1.),(1.,0.650208870278721,
1.),(1.,0.646236424533789,1.),(1.,0.641122205017214,1.)))
REPRESENTATION_ITEM('')
SURFACE()
);
#82=(
BOUNDED_SURFACE()
B_SPLINE_SURFACE(3,2,((#12301,#12302,#12303),(#12304,#12305,#12306),(#12307,
#12308,#12309),(#12310,#12311,#12312)),.UNSPECIFIED.,.F.,.F.,.F.)
B_SPLINE_SURFACE_WITH_KNOTS((4,4),(3,3),(0.,1.),(0.,1.),.UNSPECIFIED.)
GEOMETRIC_REPRESENTATION_ITEM()
RATIONAL_B_SPLINE_SURFACE(((1.,0.653585485699685,1.),(1.,0.650208870278721,
1.),(1.,0.646236424533788,1.),(1.,0.641122205017214,1.)))
REPRESENTATION_ITEM('')
SURFACE()
);
#83=(
BOUNDED_SURFACE()
B_SPLINE_SURFACE(3,2,((#12348,#12349,#12350),(#12351,#12352,#12353),(#12354,
#12355,#12356),(#12357,#12358,#12359)),.UNSPECIFIED.,.F.,.F.,.F.)
B_SPLINE_SURFACE_WITH_KNOTS((4,4),(3,3),(0.,1.),(0.,1.),.UNSPECIFIED.)
GEOMETRIC_REPRESENTATION_ITEM()
RATIONAL_B_SPLINE_SURFACE(((1.,0.64112220483591,1.),(1.,0.646236434458308,
1.),(1.,0.650208877156555,1.),(1.,0.653585493907131,1.)))
REPRESENTATION_ITEM('')
SURFACE()
);
#84=(
BOUNDED_SURFACE()
B_SPLINE_SURFACE(3,2,((#12395,#12396,#12397),(#12398,#12399,#12400),(#12401,
#12402,#12403),(#12404,#12405,#12406)),.UNSPECIFIED.,.F.,.F.,.F.)
B_SPLINE_SURFACE_WITH_KNOTS((4,4),(3,3),(0.,1.),(0.,1.),.UNSPECIFIED.)
GEOMETRIC_REPRESENTATION_ITEM()
RATIONAL_B_SPLINE_SURFACE(((1.,0.64112220483591,1.),(1.,0.646236434458309,
1.),(1.,0.650208877156555,1.),(1.,0.653585493907132,1.)))
REPRESENTATION_ITEM('')
SURFACE()
);
#85=(
BOUNDED_SURFACE()
B_SPLINE_SURFACE(3,2,((#12445,#12446,#12447),(#12448,#12449,#12450),(#12451,
#12452,#12453),(#12454,#12455,#12456)),.UNSPECIFIED.,.F.,.F.,.F.)
B_SPLINE_SURFACE_WITH_KNOTS((4,4),(3,3),(0.,1.),(0.,1.),.UNSPECIFIED.)
GEOMETRIC_REPRESENTATION_ITEM()
RATIONAL_B_SPLINE_SURFACE(((1.,0.653585485699686,1.),(1.,0.65020887027872,
1.),(1.,0.646236424533788,1.),(1.,0.641122205017214,1.)))
REPRESENTATION_ITEM('')
SURFACE()
);
#86=(
BOUNDED_SURFACE()
B_SPLINE_SURFACE(3,2,((#12492,#12493,#12494),(#12495,#12496,#12497),(#12498,
#12499,#12500),(#12501,#12502,#12503)),.UNSPECIFIED.,.F.,.F.,.F.)
B_SPLINE_SURFACE_WITH_KNOTS((4,4),(3,3),(0.,1.),(0.,1.),.UNSPECIFIED.)
GEOMETRIC_REPRESENTATION_ITEM()
RATIONAL_B_SPLINE_SURFACE(((1.,0.64112220483591,1.),(1.,0.646236434458306,
1.),(1.,0.650208877156557,1.),(1.,0.653585493907131,1.)))
REPRESENTATION_ITEM('')
SURFACE()
);
#87=(
BOUNDED_SURFACE()
B_SPLINE_SURFACE(3,2,((#12539,#12540,#12541),(#12542,#12543,#12544),(#12545,
#12546,#12547),(#12548,#12549,#12550)),.UNSPECIFIED.,.F.,.F.,.F.)
B_SPLINE_SURFACE_WITH_KNOTS((4,4),(3,3),(0.,1.),(0.,1.),.UNSPECIFIED.)
GEOMETRIC_REPRESENTATION_ITEM()
RATIONAL_B_SPLINE_SURFACE(((1.,0.64112220483591,1.),(1.,0.646236434458309,
1.),(1.,0.650208877156556,1.),(1.,0.653585493907132,1.)))
REPRESENTATION_ITEM('')
SURFACE()
);
#88=(
BOUNDED_SURFACE()
B_SPLINE_SURFACE(3,2,((#12589,#12590,#12591),(#12592,#12593,#12594),(#12595,
#12596,#12597),(#12598,#12599,#12600)),.UNSPECIFIED.,.F.,.F.,.F.)
B_SPLINE_SURFACE_WITH_KNOTS((4,4),(3,3),(0.,1.),(0.,1.),.UNSPECIFIED.)
GEOMETRIC_REPRESENTATION_ITEM()
RATIONAL_B_SPLINE_SURFACE(((1.,0.653585485699685,1.),(1.,0.650208870278722,
1.),(1.,0.646236424533786,1.),(1.,0.641122205017215,1.)))
REPRESENTATION_ITEM('')
SURFACE()
);
#89=(
BOUNDED_SURFACE()
B_SPLINE_SURFACE(3,2,((#12639,#12640,#12641),(#12642,#12643,#12644),(#12645,
#12646,#12647),(#12648,#12649,#12650)),.UNSPECIFIED.,.F.,.F.,.F.)
B_SPLINE_SURFACE_WITH_KNOTS((4,4),(3,3),(0.,1.),(0.,1.),.UNSPECIFIED.)
GEOMETRIC_REPRESENTATION_ITEM()
RATIONAL_B_SPLINE_SURFACE(((1.,0.653585485699685,1.),(1.,0.650208870278721,
1.),(1.,0.646236424533789,1.),(1.,0.641122205017214,1.)))
REPRESENTATION_ITEM('')
SURFACE()
);
#90=(
BOUNDED_SURFACE()
B_SPLINE_SURFACE(3,2,((#12653,#12654,#12655),(#12656,#12657,#12658),(#12659,
#12660,#12661),(#12662,#12663,#12664)),.UNSPECIFIED.,.F.,.F.,.F.)
B_SPLINE_SURFACE_WITH_KNOTS((4,4),(3,3),(0.,1.),(0.,1.),.UNSPECIFIED.)
GEOMETRIC_REPRESENTATION_ITEM()
RATIONAL_B_SPLINE_SURFACE(((1.,0.793353340291237,1.),(1.,0.803528187162716,
1.),(1.,0.761531324112049,1.),(1.,0.707106781186675,1.)))
REPRESENTATION_ITEM('')
SURFACE()
);
#91=(
BOUNDED_SURFACE()
B_SPLINE_SURFACE(3,2,((#12672,#12673,#12674),(#12675,#12676,#12677),(#12678,
#12679,#12680),(#12681,#12682,#12683)),.UNSPECIFIED.,.F.,.F.,.F.)
B_SPLINE_SURFACE_WITH_KNOTS((4,4),(3,3),(0.,1.),(0.,1.),.UNSPECIFIED.)
GEOMETRIC_REPRESENTATION_ITEM()
RATIONAL_B_SPLINE_SURFACE(((1.,0.707106781186597,1.),(1.,0.761429417678368,
1.),(1.,0.803587970242064,1.),(1.,0.793353340291228,1.)))
REPRESENTATION_ITEM('')
SURFACE()
);
#92=(
BOUNDED_SURFACE()
B_SPLINE_SURFACE(3,2,((#12697,#12698,#12699),(#12700,#12701,#12702),(#12703,
#12704,#12705),(#12706,#12707,#12708)),.UNSPECIFIED.,.F.,.F.,.F.)
B_SPLINE_SURFACE_WITH_KNOTS((4,4),(3,3),(0.,1.),(0.,1.),.UNSPECIFIED.)
GEOMETRIC_REPRESENTATION_ITEM()
RATIONAL_B_SPLINE_SURFACE(((1.,0.707106781186597,1.),(1.,0.761429417678143,
1.),(1.,0.803587970242151,1.),(1.,0.793353340291229,1.)))
REPRESENTATION_ITEM('')
SURFACE()
);
#93=(
BOUNDED_SURFACE()
B_SPLINE_SURFACE(3,2,((#12716,#12717,#12718),(#12719,#12720,#12721),(#12722,
#12723,#12724),(#12725,#12726,#12727)),.UNSPECIFIED.,.F.,.F.,.F.)
B_SPLINE_SURFACE_WITH_KNOTS((4,4),(3,3),(0.,1.),(0.,1.),.UNSPECIFIED.)
GEOMETRIC_REPRESENTATION_ITEM()
RATIONAL_B_SPLINE_SURFACE(((1.,0.793353340291237,1.),(1.,0.803528187162719,
1.),(1.,0.761531324112062,1.),(1.,0.707106781186675,1.)))
REPRESENTATION_ITEM('')
SURFACE()
);
#94=(
BOUNDED_SURFACE()
B_SPLINE_SURFACE(3,2,((#12729,#12730,#12731),(#12732,#12733,#12734),(#12735,
#12736,#12737),(#12738,#12739,#12740)),.UNSPECIFIED.,.F.,.F.,.F.)
B_SPLINE_SURFACE_WITH_KNOTS((4,4),(3,3),(0.,1.),(0.,1.),.UNSPECIFIED.)
GEOMETRIC_REPRESENTATION_ITEM()
RATIONAL_B_SPLINE_SURFACE(((1.,0.793353340291237,1.),(1.,0.803528187162819,
1.),(1.,0.761531324111773,1.),(1.,0.707106781186684,1.)))
REPRESENTATION_ITEM('')
SURFACE()
);
#95=(
BOUNDED_SURFACE()
B_SPLINE_SURFACE(3,2,((#12748,#12749,#12750),(#12751,#12752,#12753),(#12754,
#12755,#12756),(#12757,#12758,#12759)),.UNSPECIFIED.,.F.,.F.,.F.)
B_SPLINE_SURFACE_WITH_KNOTS((4,4),(3,3),(0.,1.),(0.,1.),.UNSPECIFIED.)
GEOMETRIC_REPRESENTATION_ITEM()
RATIONAL_B_SPLINE_SURFACE(((1.,0.707106781186598,1.),(1.,0.761429417678366,
1.),(1.,0.803587970242065,1.),(1.,0.793353340291228,1.)))
REPRESENTATION_ITEM('')
SURFACE()
);
#96=(
BOUNDED_SURFACE()
B_SPLINE_SURFACE(3,2,((#12773,#12774,#12775),(#12776,#12777,#12778),(#12779,
#12780,#12781),(#12782,#12783,#12784)),.UNSPECIFIED.,.F.,.F.,.F.)
B_SPLINE_SURFACE_WITH_KNOTS((4,4),(3,3),(0.,1.),(0.,1.),.UNSPECIFIED.)
GEOMETRIC_REPRESENTATION_ITEM()
RATIONAL_B_SPLINE_SURFACE(((1.,0.707106781186597,1.),(1.,0.761429417678142,
1.),(1.,0.803587970242151,1.),(1.,0.793353340291228,1.)))
REPRESENTATION_ITEM('')
SURFACE()
);
#97=(
BOUNDED_SURFACE()
B_SPLINE_SURFACE(3,2,((#12792,#12793,#12794),(#12795,#12796,#12797),(#12798,
#12799,#12800),(#12801,#12802,#12803)),.UNSPECIFIED.,.F.,.F.,.F.)
B_SPLINE_SURFACE_WITH_KNOTS((4,4),(3,3),(0.,1.),(0.,1.),.UNSPECIFIED.)
GEOMETRIC_REPRESENTATION_ITEM()
RATIONAL_B_SPLINE_SURFACE(((1.,0.793353340291237,1.),(1.,0.803528187162718,
1.),(1.,0.761531324112062,1.),(1.,0.707106781186675,1.)))
REPRESENTATION_ITEM('')
SURFACE()
);
#98=(
BOUNDED_SURFACE()
B_SPLINE_SURFACE(3,2,((#12805,#12806,#12807),(#12808,#12809,#12810),(#12811,
#12812,#12813),(#12814,#12815,#12816)),.UNSPECIFIED.,.F.,.F.,.F.)
B_SPLINE_SURFACE_WITH_KNOTS((4,4),(3,3),(0.,1.),(0.,1.),.UNSPECIFIED.)
GEOMETRIC_REPRESENTATION_ITEM()
RATIONAL_B_SPLINE_SURFACE(((1.,0.793353340291237,1.),(1.,0.803528187162814,
1.),(1.,0.761531324111784,1.),(1.,0.707106781186675,1.)))
REPRESENTATION_ITEM('')
SURFACE()
);
#99=(
BOUNDED_SURFACE()
B_SPLINE_SURFACE(3,2,((#12824,#12825,#12826),(#12827,#12828,#12829),(#12830,
#12831,#12832),(#12833,#12834,#12835)),.UNSPECIFIED.,.F.,.F.,.F.)
B_SPLINE_SURFACE_WITH_KNOTS((4,4),(3,3),(0.,1.),(0.,1.),.UNSPECIFIED.)
GEOMETRIC_REPRESENTATION_ITEM()
RATIONAL_B_SPLINE_SURFACE(((1.,0.707106781186597,1.),(1.,0.761429417678358,
1.),(1.,0.80358797024207,1.),(1.,0.793353340291229,1.)))
REPRESENTATION_ITEM('')
SURFACE()
);
#100=(
BOUNDED_SURFACE()
B_SPLINE_SURFACE(3,2,((#12849,#12850,#12851),(#12852,#12853,#12854),(#12855,
#12856,#12857),(#12858,#12859,#12860)),.UNSPECIFIED.,.F.,.F.,.F.)
B_SPLINE_SURFACE_WITH_KNOTS((4,4),(3,3),(0.,1.),(0.,1.),.UNSPECIFIED.)
GEOMETRIC_REPRESENTATION_ITEM()
RATIONAL_B_SPLINE_SURFACE(((1.,0.707106781186597,1.),(1.,0.761429417678141,
1.),(1.,0.803587970242142,1.),(1.,0.793353340291228,1.)))
REPRESENTATION_ITEM('')
SURFACE()
);
#101=(
BOUNDED_SURFACE()
B_SPLINE_SURFACE(3,2,((#12868,#12869,#12870),(#12871,#12872,#12873),(#12874,
#12875,#12876),(#12877,#12878,#12879)),.UNSPECIFIED.,.F.,.F.,.F.)
B_SPLINE_SURFACE_WITH_KNOTS((4,4),(3,3),(0.,1.),(0.,1.),.UNSPECIFIED.)
GEOMETRIC_REPRESENTATION_ITEM()
RATIONAL_B_SPLINE_SURFACE(((1.,0.793353340291237,1.),(1.,0.803528187162719,
1.),(1.,0.761531324112061,1.),(1.,0.707106781186675,1.)))
REPRESENTATION_ITEM('')
SURFACE()
);
#102=(
BOUNDED_SURFACE()
B_SPLINE_SURFACE(3,2,((#12881,#12882,#12883),(#12884,#12885,#12886),(#12887,
#12888,#12889),(#12890,#12891,#12892)),.UNSPECIFIED.,.F.,.F.,.F.)
B_SPLINE_SURFACE_WITH_KNOTS((4,4),(3,3),(0.,1.),(0.,1.),.UNSPECIFIED.)
GEOMETRIC_REPRESENTATION_ITEM()
RATIONAL_B_SPLINE_SURFACE(((1.,0.793353340291237,1.),(1.,0.803528187162813,
1.),(1.,0.761531324111784,1.),(1.,0.707106781186675,1.)))
REPRESENTATION_ITEM('')
SURFACE()
);
#103=(
BOUNDED_SURFACE()
B_SPLINE_SURFACE(3,2,((#12900,#12901,#12902),(#12903,#12904,#12905),(#12906,
#12907,#12908),(#12909,#12910,#12911)),.UNSPECIFIED.,.F.,.F.,.F.)
B_SPLINE_SURFACE_WITH_KNOTS((4,4),(3,3),(0.,1.),(0.,1.),.UNSPECIFIED.)
GEOMETRIC_REPRESENTATION_ITEM()
RATIONAL_B_SPLINE_SURFACE(((1.,0.707106781186597,1.),(1.,0.761429417678368,
1.),(1.,0.803587970242063,1.),(1.,0.793353340291228,1.)))
REPRESENTATION_ITEM('')
SURFACE()
);
#104=(
BOUNDED_SURFACE()
B_SPLINE_SURFACE(3,2,((#12925,#12926,#12927),(#12928,#12929,#12930),(#12931,
#12932,#12933),(#12934,#12935,#12936)),.UNSPECIFIED.,.F.,.F.,.F.)
B_SPLINE_SURFACE_WITH_KNOTS((4,4),(3,3),(0.,1.),(0.,1.),.UNSPECIFIED.)
GEOMETRIC_REPRESENTATION_ITEM()
RATIONAL_B_SPLINE_SURFACE(((1.,0.707106781186597,1.),(1.,0.761429417678149,
1.),(1.,0.80358797024214,1.),(1.,0.793353340291237,1.)))
REPRESENTATION_ITEM('')
SURFACE()
);
#105=(
BOUNDED_SURFACE()
B_SPLINE_SURFACE(3,2,((#12944,#12945,#12946),(#12947,#12948,#12949),(#12950,
#12951,#12952),(#12953,#12954,#12955)),.UNSPECIFIED.,.F.,.F.,.F.)
B_SPLINE_SURFACE_WITH_KNOTS((4,4),(3,3),(0.,1.),(0.,1.),.UNSPECIFIED.)
GEOMETRIC_REPRESENTATION_ITEM()
RATIONAL_B_SPLINE_SURFACE(((1.,0.793353340291237,1.),(1.,0.803528187162717,
1.),(1.,0.761531324112064,1.),(1.,0.707106781186675,1.)))
REPRESENTATION_ITEM('')
SURFACE()
);
#106=(
BOUNDED_SURFACE()
B_SPLINE_SURFACE(3,2,((#12957,#12958,#12959),(#12960,#12961,#12962),(#12963,
#12964,#12965),(#12966,#12967,#12968)),.UNSPECIFIED.,.F.,.F.,.F.)
B_SPLINE_SURFACE_WITH_KNOTS((4,4),(3,3),(0.,1.),(0.,1.),.UNSPECIFIED.)
GEOMETRIC_REPRESENTATION_ITEM()
RATIONAL_B_SPLINE_SURFACE(((1.,0.793353340291237,1.),(1.,0.803528187162821,
1.),(1.,0.761531324111769,1.),(1.,0.707106781186686,1.)))
REPRESENTATION_ITEM('')
SURFACE()
);
#107=(
BOUNDED_SURFACE()
B_SPLINE_SURFACE(3,2,((#12976,#12977,#12978),(#12979,#12980,#12981),(#12982,
#12983,#12984),(#12985,#12986,#12987)),.UNSPECIFIED.,.F.,.F.,.F.)
B_SPLINE_SURFACE_WITH_KNOTS((4,4),(3,3),(0.,1.),(0.,1.),.UNSPECIFIED.)
GEOMETRIC_REPRESENTATION_ITEM()
RATIONAL_B_SPLINE_SURFACE(((1.,0.707106781186597,1.),(1.,0.761429417678356,
1.),(1.,0.803587970242065,1.),(1.,0.793353340291229,1.)))
REPRESENTATION_ITEM('')
SURFACE()
);
#108=(
BOUNDED_SURFACE()
B_SPLINE_SURFACE(3,2,((#13001,#13002,#13003),(#13004,#13005,#13006),(#13007,
#13008,#13009),(#13010,#13011,#13012)),.UNSPECIFIED.,.F.,.F.,.F.)
B_SPLINE_SURFACE_WITH_KNOTS((4,4),(3,3),(0.,1.),(0.,1.),.UNSPECIFIED.)
GEOMETRIC_REPRESENTATION_ITEM()
RATIONAL_B_SPLINE_SURFACE(((1.,0.707106781186597,1.),(1.,0.761429417678146,
1.),(1.,0.803587970242138,1.),(1.,0.793353340291237,1.)))
REPRESENTATION_ITEM('')
SURFACE()
);
#109=(
BOUNDED_SURFACE()
B_SPLINE_SURFACE(3,2,((#13020,#13021,#13022),(#13023,#13024,#13025),(#13026,
#13027,#13028),(#13029,#13030,#13031)),.UNSPECIFIED.,.F.,.F.,.F.)
B_SPLINE_SURFACE_WITH_KNOTS((4,4),(3,3),(0.,1.),(0.,1.),.UNSPECIFIED.)
GEOMETRIC_REPRESENTATION_ITEM()
RATIONAL_B_SPLINE_SURFACE(((1.,0.793353340291237,1.),(1.,0.803528187162724,
1.),(1.,0.76153132411205,1.),(1.,0.707106781186684,1.)))
REPRESENTATION_ITEM('')
SURFACE()
);
#110=(
BOUNDED_SURFACE()
B_SPLINE_SURFACE(3,2,((#13033,#13034,#13035),(#13036,#13037,#13038),(#13039,
#13040,#13041),(#13042,#13043,#13044)),.UNSPECIFIED.,.F.,.F.,.F.)
B_SPLINE_SURFACE_WITH_KNOTS((4,4),(3,3),(0.,1.),(0.,1.),.UNSPECIFIED.)
GEOMETRIC_REPRESENTATION_ITEM()
RATIONAL_B_SPLINE_SURFACE(((1.,0.793353340291237,1.),(1.,0.803528187162814,
1.),(1.,0.761531324111784,1.),(1.,0.707106781186675,1.)))
REPRESENTATION_ITEM('')
SURFACE()
);
#111=(
BOUNDED_SURFACE()
B_SPLINE_SURFACE(3,2,((#13052,#13053,#13054),(#13055,#13056,#13057),(#13058,
#13059,#13060),(#13061,#13062,#13063)),.UNSPECIFIED.,.F.,.F.,.F.)
B_SPLINE_SURFACE_WITH_KNOTS((4,4),(3,3),(0.,1.),(0.,1.),.UNSPECIFIED.)
GEOMETRIC_REPRESENTATION_ITEM()
RATIONAL_B_SPLINE_SURFACE(((1.,0.707106781186597,1.),(1.,0.761429417678362,
1.),(1.,0.803587970242059,1.),(1.,0.793353340291237,1.)))
REPRESENTATION_ITEM('')
SURFACE()
);
#112=(
BOUNDED_SURFACE()
B_SPLINE_SURFACE(3,2,((#13077,#13078,#13079),(#13080,#13081,#13082),(#13083,
#13084,#13085),(#13086,#13087,#13088)),.UNSPECIFIED.,.F.,.F.,.F.)
B_SPLINE_SURFACE_WITH_KNOTS((4,4),(3,3),(0.,1.),(0.,1.),.UNSPECIFIED.)
GEOMETRIC_REPRESENTATION_ITEM()
RATIONAL_B_SPLINE_SURFACE(((1.,0.707106781186597,1.),(1.,0.761429417678142,
1.),(1.,0.803587970242147,1.),(1.,0.793353340291229,1.)))
REPRESENTATION_ITEM('')
SURFACE()
);
#113=(
BOUNDED_SURFACE()
B_SPLINE_SURFACE(3,2,((#13095,#13096,#13097),(#13098,#13099,#13100),(#13101,
#13102,#13103),(#13104,#13105,#13106)),.UNSPECIFIED.,.F.,.F.,.F.)
B_SPLINE_SURFACE_WITH_KNOTS((4,4),(3,3),(0.,1.),(0.,1.),.UNSPECIFIED.)
GEOMETRIC_REPRESENTATION_ITEM()
RATIONAL_B_SPLINE_SURFACE(((1.,0.793353340291237,1.),(1.,0.803528187162813,
1.),(1.,0.761531324111784,1.),(1.,0.707106781186675,1.)))
REPRESENTATION_ITEM('')
SURFACE()
);
#114=(
BOUNDED_SURFACE()
B_SPLINE_SURFACE(3,2,((#13108,#13109,#13110),(#13111,#13112,#13113),(#13114,
#13115,#13116),(#13117,#13118,#13119)),.UNSPECIFIED.,.F.,.F.,.F.)
B_SPLINE_SURFACE_WITH_KNOTS((4,4),(3,3),(0.,1.),(0.,1.),.UNSPECIFIED.)
GEOMETRIC_REPRESENTATION_ITEM()
RATIONAL_B_SPLINE_SURFACE(((1.,0.793221837931114,1.),(1.,0.802190471061506,
1.),(1.,0.760438509927203,1.),(1.,0.707106781186539,1.)))
REPRESENTATION_ITEM('')
SURFACE()
);
#115=(
BOUNDED_SURFACE()
B_SPLINE_SURFACE(3,2,((#13130,#13131,#13132),(#13133,#13134,#13135),(#13136,
#13137,#13138),(#13139,#13140,#13141)),.UNSPECIFIED.,.F.,.F.,.F.)
B_SPLINE_SURFACE_WITH_KNOTS((4,4),(3,3),(0.,1.),(0.,1.),.UNSPECIFIED.)
GEOMETRIC_REPRESENTATION_ITEM()
RATIONAL_B_SPLINE_SURFACE(((1.,0.793221837931106,1.),(1.,0.802190471061509,
1.),(1.,0.760438509927212,1.),(1.,0.707106781186528,1.)))
REPRESENTATION_ITEM('')
SURFACE()
);
#116=(
BOUNDED_SURFACE()
B_SPLINE_SURFACE(3,2,((#13143,#13144,#13145),(#13146,#13147,#13148),(#13149,
#13150,#13151),(#13152,#13153,#13154)),.UNSPECIFIED.,.F.,.F.,.F.)
B_SPLINE_SURFACE_WITH_KNOTS((4,4),(3,3),(0.,1.),(0.,1.),.UNSPECIFIED.)
GEOMETRIC_REPRESENTATION_ITEM()
RATIONAL_B_SPLINE_SURFACE(((1.,0.793221837931106,1.),(1.,0.802190471061513,
1.),(1.,0.760438509927224,1.),(1.,0.707106781186538,1.)))
REPRESENTATION_ITEM('')
SURFACE()
);
#117=(
BOUNDED_SURFACE()
B_SPLINE_SURFACE(3,2,((#13165,#13166,#13167),(#13168,#13169,#13170),(#13171,
#13172,#13173),(#13174,#13175,#13176)),.UNSPECIFIED.,.F.,.F.,.F.)
B_SPLINE_SURFACE_WITH_KNOTS((4,4),(3,3),(0.,1.),(0.,1.),.UNSPECIFIED.)
GEOMETRIC_REPRESENTATION_ITEM()
RATIONAL_B_SPLINE_SURFACE(((1.,0.793221837931106,1.),(1.,0.802190471061517,
1.),(1.,0.760438509927219,1.),(1.,0.707106781186528,1.)))
REPRESENTATION_ITEM('')
SURFACE()
);
#118=(
BOUNDED_SURFACE()
B_SPLINE_SURFACE(3,2,((#13178,#13179,#13180),(#13181,#13182,#13183),(#13184,
#13185,#13186),(#13187,#13188,#13189)),.UNSPECIFIED.,.F.,.F.,.F.)
B_SPLINE_SURFACE_WITH_KNOTS((4,4),(3,3),(0.,1.),(0.,1.),.UNSPECIFIED.)
GEOMETRIC_REPRESENTATION_ITEM()
RATIONAL_B_SPLINE_SURFACE(((1.,0.793221837931114,1.),(1.,0.802190471061505,
1.),(1.,0.760438509927204,1.),(1.,0.707106781186539,1.)))
REPRESENTATION_ITEM('')
SURFACE()
);
#119=(
BOUNDED_SURFACE()
B_SPLINE_SURFACE(3,2,((#13200,#13201,#13202),(#13203,#13204,#13205),(#13206,
#13207,#13208),(#13209,#13210,#13211)),.UNSPECIFIED.,.F.,.F.,.F.)
B_SPLINE_SURFACE_WITH_KNOTS((4,4),(3,3),(0.,1.),(0.,1.),.UNSPECIFIED.)
GEOMETRIC_REPRESENTATION_ITEM()
RATIONAL_B_SPLINE_SURFACE(((1.,0.793221837931115,1.),(1.,0.802190471061498,
1.),(1.,0.760438509927217,1.),(1.,0.707106781186528,1.)))
REPRESENTATION_ITEM('')
SURFACE()
);
#120=(
BOUNDED_SURFACE()
B_SPLINE_SURFACE(3,2,((#13213,#13214,#13215),(#13216,#13217,#13218),(#13219,
#13220,#13221),(#13222,#13223,#13224)),.UNSPECIFIED.,.F.,.F.,.F.)
B_SPLINE_SURFACE_WITH_KNOTS((4,4),(3,3),(0.,1.),(0.,1.),.UNSPECIFIED.)
GEOMETRIC_REPRESENTATION_ITEM()
RATIONAL_B_SPLINE_SURFACE(((1.,0.793221837931106,1.),(1.,0.802190471061518,
1.),(1.,0.760438509927215,1.),(1.,0.707106781186538,1.)))
REPRESENTATION_ITEM('')
SURFACE()
);
#121=(
BOUNDED_SURFACE()
B_SPLINE_SURFACE(3,2,((#13235,#13236,#13237),(#13238,#13239,#13240),(#13241,
#13242,#13243),(#13244,#13245,#13246)),.UNSPECIFIED.,.F.,.F.,.F.)
B_SPLINE_SURFACE_WITH_KNOTS((4,4),(3,3),(0.,1.),(0.,1.),.UNSPECIFIED.)
GEOMETRIC_REPRESENTATION_ITEM()
RATIONAL_B_SPLINE_SURFACE(((1.,0.793221837931115,1.),(1.,0.802190471061499,
1.),(1.,0.760438509927216,1.),(1.,0.707106781186529,1.)))
REPRESENTATION_ITEM('')
SURFACE()
);
#122=(
BOUNDED_SURFACE()
B_SPLINE_SURFACE(3,2,((#13248,#13249,#13250),(#13251,#13252,#13253),(#13254,
#13255,#13256),(#13257,#13258,#13259)),.UNSPECIFIED.,.F.,.F.,.F.)
B_SPLINE_SURFACE_WITH_KNOTS((4,4),(3,3),(0.,1.),(0.,1.),.UNSPECIFIED.)
GEOMETRIC_REPRESENTATION_ITEM()
RATIONAL_B_SPLINE_SURFACE(((1.,0.793221837931115,1.),(1.,0.802190471061504,
1.),(1.,0.760438509927205,1.),(1.,0.707106781186538,1.)))
REPRESENTATION_ITEM('')
SURFACE()
);
#123=(
BOUNDED_SURFACE()
B_SPLINE_SURFACE(3,2,((#13270,#13271,#13272),(#13273,#13274,#13275),(#13276,
#13277,#13278),(#13279,#13280,#13281)),.UNSPECIFIED.,.F.,.F.,.F.)
B_SPLINE_SURFACE_WITH_KNOTS((4,4),(3,3),(0.,1.),(0.,1.),.UNSPECIFIED.)
GEOMETRIC_REPRESENTATION_ITEM()
RATIONAL_B_SPLINE_SURFACE(((1.,0.793221837931106,1.),(1.,0.802190471061518,
1.),(1.,0.760438509927218,1.),(1.,0.707106781186528,1.)))
REPRESENTATION_ITEM('')
SURFACE()
);
#124=(
BOUNDED_SURFACE()
B_SPLINE_SURFACE(3,2,((#13283,#13284,#13285),(#13286,#13287,#13288),(#13289,
#13290,#13291),(#13292,#13293,#13294)),.UNSPECIFIED.,.F.,.F.,.F.)
B_SPLINE_SURFACE_WITH_KNOTS((4,4),(3,3),(0.,1.),(0.,1.),.UNSPECIFIED.)
GEOMETRIC_REPRESENTATION_ITEM()
RATIONAL_B_SPLINE_SURFACE(((1.,0.793221837931106,1.),(1.,0.802190471061515,
1.),(1.,0.7604385099272,1.),(1.,0.707106781186538,1.)))
REPRESENTATION_ITEM('')
SURFACE()
);
#125=(
BOUNDED_SURFACE()
B_SPLINE_SURFACE(3,2,((#13305,#13306,#13307),(#13308,#13309,#13310),(#13311,
#13312,#13313),(#13314,#13315,#13316)),.UNSPECIFIED.,.F.,.F.,.F.)
B_SPLINE_SURFACE_WITH_KNOTS((4,4),(3,3),(0.,1.),(0.,1.),.UNSPECIFIED.)
GEOMETRIC_REPRESENTATION_ITEM()
RATIONAL_B_SPLINE_SURFACE(((1.,0.793221837931115,1.),(1.,0.802190471061499,
1.),(1.,0.760438509927217,1.),(1.,0.707106781186528,1.)))
REPRESENTATION_ITEM('')
SURFACE()
);
#126=(
BOUNDED_SURFACE()
B_SPLINE_SURFACE(3,2,((#13318,#13319,#13320),(#13321,#13322,#13323),(#13324,
#13325,#13326),(#13327,#13328,#13329)),.UNSPECIFIED.,.F.,.F.,.F.)
B_SPLINE_SURFACE_WITH_KNOTS((4,4),(3,3),(0.,1.),(0.,1.),.UNSPECIFIED.)
GEOMETRIC_REPRESENTATION_ITEM()
RATIONAL_B_SPLINE_SURFACE(((1.,0.793221837931114,1.),(1.,0.802190471061505,
1.),(1.,0.760438509927205,1.),(1.,0.707106781186538,1.)))
REPRESENTATION_ITEM('')
SURFACE()
);
#127=(
BOUNDED_SURFACE()
B_SPLINE_SURFACE(3,2,((#13340,#13341,#13342),(#13343,#13344,#13345),(#13346,
#13347,#13348),(#13349,#13350,#13351)),.UNSPECIFIED.,.F.,.F.,.F.)
B_SPLINE_SURFACE_WITH_KNOTS((4,4),(3,3),(0.,1.),(0.,1.),.UNSPECIFIED.)
GEOMETRIC_REPRESENTATION_ITEM()
RATIONAL_B_SPLINE_SURFACE(((1.,0.793221837931106,1.),(1.,0.802190471061517,
1.),(1.,0.760438509927219,1.),(1.,0.707106781186528,1.)))
REPRESENTATION_ITEM('')
SURFACE()
);
#128=(
BOUNDED_SURFACE()
B_SPLINE_SURFACE(3,2,((#13353,#13354,#13355),(#13356,#13357,#13358),(#13359,
#13360,#13361),(#13362,#13363,#13364)),.UNSPECIFIED.,.F.,.F.,.F.)
B_SPLINE_SURFACE_WITH_KNOTS((4,4),(3,3),(0.,1.),(0.,1.),.UNSPECIFIED.)
GEOMETRIC_REPRESENTATION_ITEM()
RATIONAL_B_SPLINE_SURFACE(((1.,0.793221837931106,1.),(1.,0.802190471061511,
1.),(1.,0.760438509927226,1.),(1.,0.707106781186538,1.)))
REPRESENTATION_ITEM('')
SURFACE()
);
#129=(
BOUNDED_SURFACE()
B_SPLINE_SURFACE(3,2,((#13375,#13376,#13377),(#13378,#13379,#13380),(#13381,
#13382,#13383),(#13384,#13385,#13386)),.UNSPECIFIED.,.F.,.F.,.F.)
B_SPLINE_SURFACE_WITH_KNOTS((4,4),(3,3),(0.,1.),(0.,1.),.UNSPECIFIED.)
GEOMETRIC_REPRESENTATION_ITEM()
RATIONAL_B_SPLINE_SURFACE(((1.,0.793221837931106,1.),(1.,0.802190471061519,
1.),(1.,0.760438509927217,1.),(1.,0.707106781186528,1.)))
REPRESENTATION_ITEM('')
SURFACE()
);
#130=(
BOUNDED_SURFACE()
B_SPLINE_SURFACE(3,2,((#13388,#13389,#13390),(#13391,#13392,#13393),(#13394,
#13395,#13396),(#13397,#13398,#13399)),.UNSPECIFIED.,.F.,.F.,.F.)
B_SPLINE_SURFACE_WITH_KNOTS((4,4),(3,3),(0.,1.),(0.,1.),.UNSPECIFIED.)
GEOMETRIC_REPRESENTATION_ITEM()
RATIONAL_B_SPLINE_SURFACE(((1.,0.793221837931115,1.),(1.,0.802190471061504,
1.),(1.,0.760438509927205,1.),(1.,0.707106781186538,1.)))
REPRESENTATION_ITEM('')
SURFACE()
);
#131=(
BOUNDED_SURFACE()
B_SPLINE_SURFACE(3,2,((#13410,#13411,#13412),(#13413,#13414,#13415),(#13416,
#13417,#13418),(#13419,#13420,#13421)),.UNSPECIFIED.,.F.,.F.,.F.)
B_SPLINE_SURFACE_WITH_KNOTS((4,4),(3,3),(0.,1.),(0.,1.),.UNSPECIFIED.)
GEOMETRIC_REPRESENTATION_ITEM()
RATIONAL_B_SPLINE_SURFACE(((1.,0.793221837931115,1.),(1.,0.802190471061497,
1.),(1.,0.760438509927218,1.),(1.,0.707106781186528,1.)))
REPRESENTATION_ITEM('')
SURFACE()
);
#132=(
BOUNDED_SURFACE()
B_SPLINE_SURFACE(3,2,((#13423,#13424,#13425),(#13426,#13427,#13428),(#13429,
#13430,#13431),(#13432,#13433,#13434)),.UNSPECIFIED.,.F.,.F.,.F.)
B_SPLINE_SURFACE_WITH_KNOTS((4,4),(3,3),(0.,1.),(0.,1.),.UNSPECIFIED.)
GEOMETRIC_REPRESENTATION_ITEM()
RATIONAL_B_SPLINE_SURFACE(((1.,0.793221837931105,1.),(1.,0.802190471061521,
1.),(1.,0.760438509927214,1.),(1.,0.707106781186538,1.)))
REPRESENTATION_ITEM('')
SURFACE()
);
#133=(
BOUNDED_SURFACE()
B_SPLINE_SURFACE(3,2,((#13445,#13446,#13447),(#13448,#13449,#13450),(#13451,
#13452,#13453),(#13454,#13455,#13456)),.UNSPECIFIED.,.F.,.F.,.F.)
B_SPLINE_SURFACE_WITH_KNOTS((4,4),(3,3),(0.,1.),(0.,1.),.UNSPECIFIED.)
GEOMETRIC_REPRESENTATION_ITEM()
RATIONAL_B_SPLINE_SURFACE(((1.,0.793221837931106,1.),(1.,0.802190471061517,
1.),(1.,0.760438509927219,1.),(1.,0.707106781186528,1.)))
REPRESENTATION_ITEM('')
SURFACE()
);
#134=(
BOUNDED_SURFACE()
B_SPLINE_SURFACE(3,2,((#13458,#13459,#13460),(#13461,#13462,#13463),(#13464,
#13465,#13466),(#13467,#13468,#13469)),.UNSPECIFIED.,.F.,.F.,.F.)
B_SPLINE_SURFACE_WITH_KNOTS((4,4),(3,3),(0.,1.),(0.,1.),.UNSPECIFIED.)
GEOMETRIC_REPRESENTATION_ITEM()
RATIONAL_B_SPLINE_SURFACE(((1.,0.793221837931114,1.),(1.,0.802190471061504,
1.),(1.,0.760438509927205,1.),(1.,0.707106781186538,1.)))
REPRESENTATION_ITEM('')
SURFACE()
);
#135=(
BOUNDED_SURFACE()
B_SPLINE_SURFACE(3,2,((#13480,#13481,#13482),(#13483,#13484,#13485),(#13486,
#13487,#13488),(#13489,#13490,#13491)),.UNSPECIFIED.,.F.,.F.,.F.)
B_SPLINE_SURFACE_WITH_KNOTS((4,4),(3,3),(0.,1.),(0.,1.),.UNSPECIFIED.)
GEOMETRIC_REPRESENTATION_ITEM()
RATIONAL_B_SPLINE_SURFACE(((1.,0.793221837931106,1.),(1.,0.802190471061509,
1.),(1.,0.760438509927212,1.),(1.,0.707106781186528,1.)))
REPRESENTATION_ITEM('')
SURFACE()
);
#136=(
BOUNDED_SURFACE()
B_SPLINE_SURFACE(3,2,((#13493,#13494,#13495),(#13496,#13497,#13498),(#13499,
#13500,#13501),(#13502,#13503,#13504)),.UNSPECIFIED.,.F.,.F.,.F.)
B_SPLINE_SURFACE_WITH_KNOTS((4,4),(3,3),(0.,1.),(0.,1.),.UNSPECIFIED.)
GEOMETRIC_REPRESENTATION_ITEM()
RATIONAL_B_SPLINE_SURFACE(((1.,0.793221837931106,1.),(1.,0.802190471061514,
1.),(1.,0.760438509927224,1.),(1.,0.707106781186538,1.)))
REPRESENTATION_ITEM('')
SURFACE()
);
#137=(
BOUNDED_SURFACE()
B_SPLINE_SURFACE(3,2,((#13515,#13516,#13517),(#13518,#13519,#13520),(#13521,
#13522,#13523),(#13524,#13525,#13526)),.UNSPECIFIED.,.F.,.F.,.F.)
B_SPLINE_SURFACE_WITH_KNOTS((4,4),(3,3),(0.,1.),(0.,1.),.UNSPECIFIED.)
GEOMETRIC_REPRESENTATION_ITEM()
RATIONAL_B_SPLINE_SURFACE(((1.,0.793221837931106,1.),(1.,0.802190471061515,
1.),(1.,0.76043850992722,1.),(1.,0.707106781186528,1.)))
REPRESENTATION_ITEM('')
SURFACE()
);
#138=(
BOUNDED_SURFACE()
B_SPLINE_SURFACE(3,2,((#13742,#13743,#13744),(#13745,#13746,#13747),(#13748,
#13749,#13750),(#13751,#13752,#13753)),.UNSPECIFIED.,.F.,.F.,.F.)
B_SPLINE_SURFACE_WITH_KNOTS((4,4),(3,3),(0.,1.),(0.,1.),.UNSPECIFIED.)
GEOMETRIC_REPRESENTATION_ITEM()
RATIONAL_B_SPLINE_SURFACE(((1.,0.707106781186548,1.),(1.,0.730714577633781,
1.),(1.,0.747165739041508,1.),(1.,0.746787993805678,1.)))
REPRESENTATION_ITEM('')
SURFACE()
);
#139=(
BOUNDED_SURFACE()
B_SPLINE_SURFACE(3,2,((#13765,#13766,#13767),(#13768,#13769,#13770),(#13771,
#13772,#13773),(#13774,#13775,#13776)),.UNSPECIFIED.,.F.,.F.,.F.)
B_SPLINE_SURFACE_WITH_KNOTS((4,4),(3,3),(0.,1.),(0.,1.),.UNSPECIFIED.)
GEOMETRIC_REPRESENTATION_ITEM()
RATIONAL_B_SPLINE_SURFACE(((1.,0.746787993805677,1.),(1.,0.747166258917083,
1.),(1.,0.730613244994866,1.),(1.,0.707106781186548,1.)))
REPRESENTATION_ITEM('')
SURFACE()
);
#140=(
BOUNDED_SURFACE()
B_SPLINE_SURFACE(3,2,((#13780,#13781,#13782),(#13783,#13784,#13785),(#13786,
#13787,#13788),(#13789,#13790,#13791)),.UNSPECIFIED.,.F.,.F.,.F.)
B_SPLINE_SURFACE_WITH_KNOTS((4,4),(3,3),(0.,1.),(0.,1.),.UNSPECIFIED.)
GEOMETRIC_REPRESENTATION_ITEM()
RATIONAL_B_SPLINE_SURFACE(((1.,0.707106781186548,1.),(1.,0.730714577633781,
1.),(1.,0.74716573904151,1.),(1.,0.746787993805677,1.)))
REPRESENTATION_ITEM('')
SURFACE()
);
#141=(
BOUNDED_SURFACE()
B_SPLINE_SURFACE(3,2,((#13802,#13803,#13804),(#13805,#13806,#13807),(#13808,
#13809,#13810),(#13811,#13812,#13813)),.UNSPECIFIED.,.F.,.F.,.F.)
B_SPLINE_SURFACE_WITH_KNOTS((4,4),(3,3),(0.,1.),(0.,1.),.UNSPECIFIED.)
GEOMETRIC_REPRESENTATION_ITEM()
RATIONAL_B_SPLINE_SURFACE(((1.,0.746787993805675,1.),(1.,0.747194241501238,
1.),(1.,0.730635595355686,1.),(1.,0.707106781186548,1.)))
REPRESENTATION_ITEM('')
SURFACE()
);
#142=(
BOUNDED_SURFACE()
B_SPLINE_SURFACE(3,2,((#13822,#13823,#13824),(#13825,#13826,#13827),(#13828,
#13829,#13830),(#13831,#13832,#13833)),.UNSPECIFIED.,.F.,.F.,.F.)
B_SPLINE_SURFACE_WITH_KNOTS((4,4),(3,3),(0.,1.),(0.,1.),.UNSPECIFIED.)
GEOMETRIC_REPRESENTATION_ITEM()
RATIONAL_B_SPLINE_SURFACE(((1.,0.746787993805678,1.),(1.,0.747166258917084,
1.),(1.,0.730613244994865,1.),(1.,0.707106781186549,1.)))
REPRESENTATION_ITEM('')
SURFACE()
);
#143=(
BOUNDED_SURFACE()
B_SPLINE_SURFACE(3,2,((#13845,#13846,#13847),(#13848,#13849,#13850),(#13851,
#13852,#13853),(#13854,#13855,#13856)),.UNSPECIFIED.,.F.,.F.,.F.)
B_SPLINE_SURFACE_WITH_KNOTS((4,4),(3,3),(0.,1.),(0.,1.),.UNSPECIFIED.)
GEOMETRIC_REPRESENTATION_ITEM()
RATIONAL_B_SPLINE_SURFACE(((1.,0.707106781186548,1.),(1.,0.73071457763378,
1.),(1.,0.747165739041511,1.),(1.,0.746787993805677,1.)))
REPRESENTATION_ITEM('')
SURFACE()
);
#144=(
BOUNDED_SURFACE()
B_SPLINE_SURFACE(3,2,((#13860,#13861,#13862),(#13863,#13864,#13865),(#13866,
#13867,#13868),(#13869,#13870,#13871)),.UNSPECIFIED.,.F.,.F.,.F.)
B_SPLINE_SURFACE_WITH_KNOTS((4,4),(3,3),(0.,1.),(0.,1.),.UNSPECIFIED.)
GEOMETRIC_REPRESENTATION_ITEM()
RATIONAL_B_SPLINE_SURFACE(((1.,0.746787993805677,1.),(1.,0.747166258917085,
1.),(1.,0.730613244994865,1.),(1.,0.707106781186548,1.)))
REPRESENTATION_ITEM('')
SURFACE()
);
#145=(
BOUNDED_SURFACE()
B_SPLINE_SURFACE(3,2,((#13882,#13883,#13884),(#13885,#13886,#13887),(#13888,
#13889,#13890),(#13891,#13892,#13893)),.UNSPECIFIED.,.F.,.F.,.F.)
B_SPLINE_SURFACE_WITH_KNOTS((4,4),(3,3),(0.,1.),(0.,1.),.UNSPECIFIED.)
GEOMETRIC_REPRESENTATION_ITEM()
RATIONAL_B_SPLINE_SURFACE(((1.,0.746787993805678,1.),(1.,0.747194241501238,
1.),(1.,0.730635595355688,1.),(1.,0.707106781186548,1.)))
REPRESENTATION_ITEM('')
SURFACE()
);
#146=(
BOUNDED_SURFACE()
B_SPLINE_SURFACE(3,2,((#14104,#14105,#14106),(#14107,#14108,#14109),(#14110,
#14111,#14112),(#14113,#14114,#14115)),.UNSPECIFIED.,.F.,.F.,.F.)
B_SPLINE_SURFACE_WITH_KNOTS((4,4),(3,3),(0.,1.),(0.,1.),.UNSPECIFIED.)
GEOMETRIC_REPRESENTATION_ITEM()
RATIONAL_B_SPLINE_SURFACE(((1.,0.746787993805677,1.),(1.,0.747166258917079,
1.),(1.,0.730613244994868,1.),(1.,0.707106781186549,1.)))
REPRESENTATION_ITEM('')
SURFACE()
);
#147=(
BOUNDED_SURFACE()
B_SPLINE_SURFACE(3,2,((#14127,#14128,#14129),(#14130,#14131,#14132),(#14133,
#14134,#14135),(#14136,#14137,#14138)),.UNSPECIFIED.,.F.,.F.,.F.)
B_SPLINE_SURFACE_WITH_KNOTS((4,4),(3,3),(0.,1.),(0.,1.),.UNSPECIFIED.)
GEOMETRIC_REPRESENTATION_ITEM()
RATIONAL_B_SPLINE_SURFACE(((1.,0.707106781186548,1.),(1.,0.73071457763378,
1.),(1.,0.74716573904151,1.),(1.,0.746787993805677,1.)))
REPRESENTATION_ITEM('')
SURFACE()
);
#148=(
BOUNDED_SURFACE()
B_SPLINE_SURFACE(3,2,((#14142,#14143,#14144),(#14145,#14146,#14147),(#14148,
#14149,#14150),(#14151,#14152,#14153)),.UNSPECIFIED.,.F.,.F.,.F.)
B_SPLINE_SURFACE_WITH_KNOTS((4,4),(3,3),(0.,1.),(0.,1.),.UNSPECIFIED.)
GEOMETRIC_REPRESENTATION_ITEM()
RATIONAL_B_SPLINE_SURFACE(((1.,0.746787993805677,1.),(1.,0.74716625891708,
1.),(1.,0.730613244994868,1.),(1.,0.707106781186548,1.)))
REPRESENTATION_ITEM('')
SURFACE()
);
#149=(
BOUNDED_SURFACE()
B_SPLINE_SURFACE(3,2,((#14164,#14165,#14166),(#14167,#14168,#14169),(#14170,
#14171,#14172),(#14173,#14174,#14175)),.UNSPECIFIED.,.F.,.F.,.F.)
B_SPLINE_SURFACE_WITH_KNOTS((4,4),(3,3),(0.,1.),(0.,1.),.UNSPECIFIED.)
GEOMETRIC_REPRESENTATION_ITEM()
RATIONAL_B_SPLINE_SURFACE(((1.,0.746787993805677,1.),(1.,0.747194241501237,
1.),(1.,0.730635595355685,1.),(1.,0.707106781186548,1.)))
REPRESENTATION_ITEM('')
SURFACE()
);
#150=(
BOUNDED_SURFACE()
B_SPLINE_SURFACE(3,2,((#14184,#14185,#14186),(#14187,#14188,#14189),(#14190,
#14191,#14192),(#14193,#14194,#14195)),.UNSPECIFIED.,.F.,.F.,.F.)
B_SPLINE_SURFACE_WITH_KNOTS((4,4),(3,3),(0.,1.),(0.,1.),.UNSPECIFIED.)
GEOMETRIC_REPRESENTATION_ITEM()
RATIONAL_B_SPLINE_SURFACE(((1.,0.707106781186549,1.),(1.,0.73071457763378,
1.),(1.,0.74716573904151,1.),(1.,0.746787993805678,1.)))
REPRESENTATION_ITEM('')
SURFACE()
);
#151=(
BOUNDED_SURFACE()
B_SPLINE_SURFACE(3,2,((#14207,#14208,#14209),(#14210,#14211,#14212),(#14213,
#14214,#14215),(#14216,#14217,#14218)),.UNSPECIFIED.,.F.,.F.,.F.)
B_SPLINE_SURFACE_WITH_KNOTS((4,4),(3,3),(0.,1.),(0.,1.),.UNSPECIFIED.)
GEOMETRIC_REPRESENTATION_ITEM()
RATIONAL_B_SPLINE_SURFACE(((1.,0.746787993805677,1.),(1.,0.747166258917082,
1.),(1.,0.730613244994866,1.),(1.,0.707106781186548,1.)))
REPRESENTATION_ITEM('')
SURFACE()
);
#152=(
BOUNDED_SURFACE()
B_SPLINE_SURFACE(3,2,((#14222,#14223,#14224),(#14225,#14226,#14227),(#14228,
#14229,#14230),(#14231,#14232,#14233)),.UNSPECIFIED.,.F.,.F.,.F.)
B_SPLINE_SURFACE_WITH_KNOTS((4,4),(3,3),(0.,1.),(0.,1.),.UNSPECIFIED.)
GEOMETRIC_REPRESENTATION_ITEM()
RATIONAL_B_SPLINE_SURFACE(((1.,0.707106781186548,1.),(1.,0.730714577633782,
1.),(1.,0.747165739041508,1.),(1.,0.746787993805679,1.)))
REPRESENTATION_ITEM('')
SURFACE()
);
#153=(
BOUNDED_SURFACE()
B_SPLINE_SURFACE(3,2,((#14244,#14245,#14246),(#14247,#14248,#14249),(#14250,
#14251,#14252),(#14253,#14254,#14255)),.UNSPECIFIED.,.F.,.F.,.F.)
B_SPLINE_SURFACE_WITH_KNOTS((4,4),(3,3),(0.,1.),(0.,1.),.UNSPECIFIED.)
GEOMETRIC_REPRESENTATION_ITEM()
RATIONAL_B_SPLINE_SURFACE(((1.,0.746787993805677,1.),(1.,0.747194241501237,
1.),(1.,0.730635595355687,1.),(1.,0.707106781186548,1.)))
REPRESENTATION_ITEM('')
SURFACE()
);
#154=(
BOUNDED_SURFACE()
B_SPLINE_SURFACE(3,2,((#14264,#14265,#14266),(#14267,#14268,#14269),(#14270,
#14271,#14272),(#14273,#14274,#14275),(#14276,#14277,#14278),(#14279,#14280,
#14281)),.UNSPECIFIED.,.F.,.F.,.F.)
B_SPLINE_SURFACE_WITH_KNOTS((4,2,4),(3,3),(0.,0.5,1.),(0.,1.),
 .UNSPECIFIED.)
GEOMETRIC_REPRESENTATION_ITEM()
RATIONAL_B_SPLINE_SURFACE(((1.,0.707106781186548,1.),(1.,0.704674912950611,
1.),(1.,0.790450461064596,1.),(1.,0.941600346504281,1.),(1.,1.00267550452398,
1.),(1.,1.,1.)))
REPRESENTATION_ITEM('')
SURFACE()
);
#155=(
BOUNDED_SURFACE()
B_SPLINE_SURFACE(3,2,((#14284,#14285,#14286),(#14287,#14288,#14289),(#14290,
#14291,#14292),(#14293,#14294,#14295),(#14296,#14297,#14298),(#14299,#14300,
#14301)),.UNSPECIFIED.,.F.,.F.,.F.)
B_SPLINE_SURFACE_WITH_KNOTS((4,2,4),(3,3),(0.,0.5,1.),(0.,1.),
 .UNSPECIFIED.)
GEOMETRIC_REPRESENTATION_ITEM()
RATIONAL_B_SPLINE_SURFACE(((1.,0.707106781186548,1.),(1.,0.704674912950755,
1.),(1.,0.7904504610644,1.),(1.,0.941600346504477,1.),(1.,1.00267550452383,
1.),(1.,1.,1.)))
REPRESENTATION_ITEM('')
SURFACE()
);
#156=(
BOUNDED_SURFACE()
B_SPLINE_SURFACE(3,2,((#14304,#14305,#14306),(#14307,#14308,#14309),(#14310,
#14311,#14312),(#14313,#14314,#14315),(#14316,#14317,#14318),(#14319,#14320,
#14321)),.UNSPECIFIED.,.F.,.F.,.F.)
B_SPLINE_SURFACE_WITH_KNOTS((4,2,4),(3,3),(0.,0.5,1.),(0.,1.),
 .UNSPECIFIED.)
GEOMETRIC_REPRESENTATION_ITEM()
RATIONAL_B_SPLINE_SURFACE(((1.,0.707106781186548,1.),(1.,0.704674912950557,
1.),(1.,0.790450461064669,1.),(1.,0.941600346504211,1.),(1.,1.00267550452403,
1.),(1.,1.,1.)))
REPRESENTATION_ITEM('')
SURFACE()
);
#157=(
BOUNDED_SURFACE()
B_SPLINE_SURFACE(3,2,((#14324,#14325,#14326),(#14327,#14328,#14329),(#14330,
#14331,#14332),(#14333,#14334,#14335),(#14336,#14337,#14338),(#14339,#14340,
#14341)),.UNSPECIFIED.,.F.,.F.,.F.)
B_SPLINE_SURFACE_WITH_KNOTS((4,2,4),(3,3),(0.,0.5,1.),(0.,1.),
 .UNSPECIFIED.)
GEOMETRIC_REPRESENTATION_ITEM()
RATIONAL_B_SPLINE_SURFACE(((1.,0.707106781186548,1.),(1.,0.704674912950704,
1.),(1.,0.790450461064472,1.),(1.,0.941600346504405,1.),(1.,1.00267550452389,
1.),(1.,1.,1.)))
REPRESENTATION_ITEM('')
SURFACE()
);
#158=CONICAL_SURFACE('',#6451,12.5,14.9999999999999);
#159=CONICAL_SURFACE('',#6936,7.,45.);
#160=CONICAL_SURFACE('',#6937,6.,45.);
#161=CONICAL_SURFACE('',#6938,17.,45.);
#162=FACE_BOUND('',#1517,.T.);
#163=FACE_BOUND('',#1518,.T.);
#164=FACE_BOUND('',#1536,.T.);
#165=FACE_BOUND('',#1537,.T.);
#166=FACE_BOUND('',#1538,.T.);
#167=FACE_BOUND('',#1539,.T.);
#168=FACE_BOUND('',#1540,.T.);
#169=FACE_BOUND('',#1541,.T.);
#170=FACE_BOUND('',#1542,.T.);
#171=FACE_BOUND('',#1543,.T.);
#172=FACE_BOUND('',#1544,.T.);
#173=FACE_BOUND('',#1545,.T.);
#174=FACE_BOUND('',#1546,.T.);
#175=FACE_BOUND('',#1547,.T.);
#176=FACE_BOUND('',#1824,.T.);
#177=FACE_BOUND('',#1825,.T.);
#178=FACE_BOUND('',#1826,.T.);
#179=FACE_BOUND('',#1827,.T.);
#180=FACE_BOUND('',#1828,.T.);
#181=FACE_BOUND('',#1829,.T.);
#182=FACE_BOUND('',#1830,.T.);
#183=FACE_BOUND('',#1831,.T.);
#184=FACE_BOUND('',#1832,.T.);
#185=FACE_BOUND('',#1833,.T.);
#186=B_SPLINE_CURVE_WITH_KNOTS('',3,(#9027,#9028,#9029,#9030,#9031,#9032,
#9033,#9034,#9035,#9036,#9037,#9038,#9039,#9040,#9041,#9042),
 .UNSPECIFIED.,.F.,.F.,(4,3,3,3,3,4),(0.,0.133940390793901,0.346919260892112,
0.562633789041045,0.780725447086285,1.),.UNSPECIFIED.);
#187=B_SPLINE_CURVE_WITH_KNOTS('',3,(#9043,#9044,#9045,#9046,#9047,#9048,
#9049,#9050,#9051,#9052,#9053,#9054,#9055,#9056,#9057,#9058),
 .UNSPECIFIED.,.F.,.F.,(4,3,3,3,3,4),(0.,0.219274552913714,0.437366210958956,
0.653080739107888,0.866059609206099,1.),.UNSPECIFIED.);
#188=B_SPLINE_CURVE_WITH_KNOTS('',3,(#9072,#9073,#9074,#9075,#9076,#9077,
#9078,#9079,#9080,#9081,#9082,#9083,#9084,#9085,#9086,#9087),
 .UNSPECIFIED.,.F.,.F.,(4,3,3,3,3,4),(0.,0.21101453665868,0.422784354193332,
0.636491118973555,0.853036950626869,1.),.UNSPECIFIED.);
#189=B_SPLINE_CURVE_WITH_KNOTS('',3,(#9088,#9089,#9090,#9091,#9092,#9093,
#9094,#9095,#9096,#9097,#9098,#9099,#9100,#9101,#9102,#9103),
 .UNSPECIFIED.,.F.,.F.,(4,3,3,3,3,4),(0.,0.219274552913712,0.437366210958955,
0.653080739107888,0.866059609206099,1.),.UNSPECIFIED.);
#190=B_SPLINE_CURVE_WITH_KNOTS('',3,(#9105,#9106,#9107,#9108,#9109,#9110,
#9111,#9112,#9113,#9114,#9115,#9116,#9117,#9118,#9119,#9120),
 .UNSPECIFIED.,.F.,.F.,(4,3,3,3,3,4),(0.,0.219274552913707,0.437366210958948,
0.653080739107883,0.866059609206092,1.),.UNSPECIFIED.);
#191=B_SPLINE_CURVE_WITH_KNOTS('',3,(#9121,#9122,#9123,#9124,#9125,#9126,
#9127,#9128,#9129,#9130,#9131,#9132,#9133,#9134,#9135,#9136),
 .UNSPECIFIED.,.F.,.F.,(4,3,3,3,3,4),(0.,0.211014536658678,0.422784354193331,
0.636491118973554,0.85303695062687,1.),.UNSPECIFIED.);
#192=B_SPLINE_CURVE_WITH_KNOTS('',3,(#9138,#9139,#9140,#9141,#9142,#9143,
#9144,#9145,#9146,#9147,#9148,#9149,#9150,#9151,#9152,#9153),
 .UNSPECIFIED.,.F.,.F.,(4,3,3,3,3,4),(0.,0.219274552913714,0.437366210958955,
0.653080739107888,0.866059609206099,1.),.UNSPECIFIED.);
#193=B_SPLINE_CURVE_WITH_KNOTS('',3,(#9154,#9155,#9156,#9157,#9158,#9159,
#9160,#9161,#9162,#9163,#9164,#9165,#9166,#9167,#9168,#9169),
 .UNSPECIFIED.,.F.,.F.,(4,3,3,3,3,4),(0.,0.21101453665868,0.422784354193335,
0.636491118973555,0.853036950626874,1.),.UNSPECIFIED.);
#194=B_SPLINE_CURVE_WITH_KNOTS('',3,(#9262,#9263,#9264,#9265,#9266,#9267,
#9268,#9269,#9270,#9271,#9272,#9273,#9274,#9275,#9276,#9277),
 .UNSPECIFIED.,.F.,.F.,(4,3,3,3,3,4),(0.,0.219274552913714,0.437366210958956,
0.653080739107887,0.866059609206094,1.),.UNSPECIFIED.);
#195=B_SPLINE_CURVE_WITH_KNOTS('',3,(#9281,#9282,#9283,#9284,#9285,#9286,
#9287,#9288,#9289,#9290,#9291,#9292,#9293,#9294,#9295,#9296),
 .UNSPECIFIED.,.F.,.F.,(4,3,3,3,3,4),(0.,0.133940390793901,0.346919260892111,
0.562633789041042,0.780725447086284,1.),.UNSPECIFIED.);
#196=B_SPLINE_CURVE_WITH_KNOTS('',3,(#9310,#9311,#9312,#9313,#9314,#9315,
#9316,#9317,#9318,#9319,#9320,#9321,#9322,#9323,#9324,#9325),
 .UNSPECIFIED.,.F.,.F.,(4,3,3,3,3,4),(0.,0.219274552913714,0.437366210958957,
0.653080739107888,0.866059609206099,1.),.UNSPECIFIED.);
#197=B_SPLINE_CURVE_WITH_KNOTS('',3,(#9326,#9327,#9328,#9329,#9330,#9331,
#9332,#9333,#9334,#9335,#9336,#9337,#9338,#9339,#9340,#9341),
 .UNSPECIFIED.,.F.,.F.,(4,3,3,3,3,4),(0.,0.21101453665868,0.42278435419333,
0.636491118973551,0.853036950626867,1.),.UNSPECIFIED.);
#198=B_SPLINE_CURVE_WITH_KNOTS('',3,(#9343,#9344,#9345,#9346,#9347,#9348,
#9349,#9350,#9351,#9352,#9353,#9354,#9355,#9356,#9357,#9358),
 .UNSPECIFIED.,.F.,.F.,(4,3,3,3,3,4),(0.,0.211014536658681,0.422784354193333,
0.636491118973554,0.853036950626872,1.),.UNSPECIFIED.);
#199=B_SPLINE_CURVE_WITH_KNOTS('',3,(#9359,#9360,#9361,#9362,#9363,#9364,
#9365,#9366,#9367,#9368,#9369,#9370,#9371,#9372,#9373,#9374),
 .UNSPECIFIED.,.F.,.F.,(4,3,3,3,3,4),(0.,0.219274552913711,0.437366210958954,
0.653080739107886,0.866059609206097,1.),.UNSPECIFIED.);
#200=B_SPLINE_CURVE_WITH_KNOTS('',3,(#9376,#9377,#9378,#9379,#9380,#9381,
#9382,#9383,#9384,#9385,#9386,#9387,#9388,#9389,#9390,#9391),
 .UNSPECIFIED.,.F.,.F.,(4,3,3,3,3,4),(0.,0.211014536658681,0.422784354193336,
0.636491118973552,0.853036950626868,1.),.UNSPECIFIED.);
#201=B_SPLINE_CURVE_WITH_KNOTS('',3,(#9392,#9393,#9394,#9395,#9396,#9397,
#9398,#9399,#9400,#9401,#9402,#9403,#9404,#9405,#9406,#9407),
 .UNSPECIFIED.,.F.,.F.,(4,3,3,3,3,4),(0.,0.219274552913713,0.437366210958956,
0.653080739107887,0.866059609206095,1.),.UNSPECIFIED.);
#202=B_SPLINE_CURVE_WITH_KNOTS('',3,(#9434,#9435,#9436,#9437,#9438,#9439,
#9440,#9441,#9442,#9443),.UNSPECIFIED.,.F.,.F.,(4,3,3,4),(0.,0.400422998665154,
0.991056443852957,1.),.UNSPECIFIED.);
#203=B_SPLINE_CURVE_WITH_KNOTS('',3,(#9445,#9446,#9447,#9448,#9449,#9450,
#9451),.UNSPECIFIED.,.F.,.F.,(4,3,4),(0.,0.49649027041218,1.),
 .UNSPECIFIED.);
#204=B_SPLINE_CURVE_WITH_KNOTS('',3,(#9455,#9456,#9457,#9458,#9459,#9460,
#9461),.UNSPECIFIED.,.F.,.F.,(4,3,4),(0.,0.503509730727152,1.),
 .UNSPECIFIED.);
#205=B_SPLINE_CURVE_WITH_KNOTS('',3,(#9463,#9464,#9465,#9466,#9467,#9468,
#9469,#9470,#9471,#9472),.UNSPECIFIED.,.F.,.F.,(4,3,3,4),(0.,0.00894355614992317,
0.599577001335106,1.),.UNSPECIFIED.);
#206=B_SPLINE_CURVE_WITH_KNOTS('',3,(#9476,#9477,#9478,#9479,#9480,#9481,
#9482,#9483,#9484,#9485),.UNSPECIFIED.,.F.,.F.,(4,3,3,4),(0.,0.400422998664893,
0.991056443849971,1.),.UNSPECIFIED.);
#207=B_SPLINE_CURVE_WITH_KNOTS('',3,(#9487,#9488,#9489,#9490,#9491,#9492,
#9493),.UNSPECIFIED.,.F.,.F.,(4,3,4),(0.,0.496490268984949,1.),
 .UNSPECIFIED.);
#208=B_SPLINE_CURVE_WITH_KNOTS('',3,(#9497,#9498,#9499,#9500,#9501,#9502,
#9503),.UNSPECIFIED.,.F.,.F.,(4,3,4),(0.,0.503509729587842,1.),
 .UNSPECIFIED.);
#209=B_SPLINE_CURVE_WITH_KNOTS('',3,(#9505,#9506,#9507,#9508,#9509,#9510,
#9511,#9512,#9513,#9514),.UNSPECIFIED.,.F.,.F.,(4,3,3,4),(0.,0.00894355614704874,
0.599577001335065,1.),.UNSPECIFIED.);
#210=B_SPLINE_CURVE_WITH_KNOTS('',3,(#9518,#9519,#9520,#9521,#9522,#9523,
#9524,#9525,#9526,#9527),.UNSPECIFIED.,.F.,.F.,(4,3,3,4),(0.,0.400422998665157,
0.991056443852952,1.),.UNSPECIFIED.);
#211=B_SPLINE_CURVE_WITH_KNOTS('',3,(#9529,#9530,#9531,#9532,#9533,#9534,
#9535),.UNSPECIFIED.,.F.,.F.,(4,3,4),(0.,0.49649027041218,1.),
 .UNSPECIFIED.);
#212=B_SPLINE_CURVE_WITH_KNOTS('',3,(#9539,#9540,#9541,#9542,#9543,#9544,
#9545),.UNSPECIFIED.,.F.,.F.,(4,3,4),(0.,0.503509729587842,1.),
 .UNSPECIFIED.);
#213=B_SPLINE_CURVE_WITH_KNOTS('',3,(#9547,#9548,#9549,#9550,#9551,#9552,
#9553,#9554,#9555,#9556),.UNSPECIFIED.,.F.,.F.,(4,3,3,4),(0.,0.00894355614705623,
0.599577001335052,1.),.UNSPECIFIED.);
#214=B_SPLINE_CURVE_WITH_KNOTS('',3,(#9560,#9561,#9562,#9563,#9564,#9565,
#9566,#9567,#9568,#9569),.UNSPECIFIED.,.F.,.F.,(4,3,3,4),(0.,0.400422998665165,
0.991056443852907,1.),.UNSPECIFIED.);
#215=B_SPLINE_CURVE_WITH_KNOTS('',3,(#9571,#9572,#9573,#9574,#9575,#9576,
#9577),.UNSPECIFIED.,.F.,.F.,(4,3,4),(0.,0.49649027041218,1.),
 .UNSPECIFIED.);
#216=B_SPLINE_CURVE_WITH_KNOTS('',3,(#9581,#9582,#9583,#9584,#9585,#9586,
#9587),.UNSPECIFIED.,.F.,.F.,(4,3,4),(0.,0.503509730727154,1.),
 .UNSPECIFIED.);
#217=B_SPLINE_CURVE_WITH_KNOTS('',3,(#9589,#9590,#9591,#9592,#9593,#9594,
#9595,#9596,#9597,#9598),.UNSPECIFIED.,.F.,.F.,(4,3,3,4),(0.,0.00894355614992762,
0.599577001335115,1.),.UNSPECIFIED.);
#218=B_SPLINE_CURVE_WITH_KNOTS('',3,(#9602,#9603,#9604,#9605,#9606,#9607,
#9608,#9609,#9610,#9611),.UNSPECIFIED.,.F.,.F.,(4,3,3,4),(0.,0.40042299866489,
0.991056443850036,1.),.UNSPECIFIED.);
#219=B_SPLINE_CURVE_WITH_KNOTS('',3,(#9613,#9614,#9615,#9616,#9617,#9618,
#9619),.UNSPECIFIED.,.F.,.F.,(4,3,4),(0.,0.496490268984972,1.),
 .UNSPECIFIED.);
#220=B_SPLINE_CURVE_WITH_KNOTS('',3,(#9623,#9624,#9625,#9626,#9627,#9628,
#9629),.UNSPECIFIED.,.F.,.F.,(4,3,4),(0.,0.503509729587842,1.),
 .UNSPECIFIED.);
#221=B_SPLINE_CURVE_WITH_KNOTS('',3,(#9631,#9632,#9633,#9634,#9635,#9636,
#9637,#9638,#9639,#9640),.UNSPECIFIED.,.F.,.F.,(4,3,3,4),(0.,0.00894355614708754,
0.599577001335041,1.),.UNSPECIFIED.);
#222=B_SPLINE_CURVE_WITH_KNOTS('',3,(#9644,#9645,#9646,#9647,#9648,#9649,
#9650,#9651,#9652,#9653),.UNSPECIFIED.,.F.,.F.,(4,3,3,4),(0.,0.400422998665159,
0.991056443852918,1.),.UNSPECIFIED.);
#223=B_SPLINE_CURVE_WITH_KNOTS('',3,(#9655,#9656,#9657,#9658,#9659,#9660,
#9661),.UNSPECIFIED.,.F.,.F.,(4,3,4),(0.,0.49649027041218,1.),
 .UNSPECIFIED.);
#224=B_SPLINE_CURVE_WITH_KNOTS('',3,(#9665,#9666,#9667,#9668,#9669,#9670,
#9671),.UNSPECIFIED.,.F.,.F.,(4,3,4),(0.,0.503509729587842,1.),
 .UNSPECIFIED.);
#225=B_SPLINE_CURVE_WITH_KNOTS('',3,(#9673,#9674,#9675,#9676,#9677,#9678,
#9679,#9680,#9681,#9682),.UNSPECIFIED.,.F.,.F.,(4,3,3,4),(0.,0.00894355614708355,
0.599577001335044,1.),.UNSPECIFIED.);
#226=B_SPLINE_CURVE_WITH_KNOTS('',3,(#9686,#9687,#9688,#9689,#9690,#9691,
#9692,#9693,#9694,#9695),.UNSPECIFIED.,.F.,.F.,(4,3,3,4),(0.,0.400422998664886,
0.991056443852916,1.),.UNSPECIFIED.);
#227=B_SPLINE_CURVE_WITH_KNOTS('',3,(#9697,#9698,#9699,#9700,#9701,#9702,
#9703),.UNSPECIFIED.,.F.,.F.,(4,3,4),(0.,0.49649027041218,1.),
 .UNSPECIFIED.);
#228=B_SPLINE_CURVE_WITH_KNOTS('',3,(#9707,#9708,#9709,#9710,#9711,#9712,
#9713),.UNSPECIFIED.,.F.,.F.,(4,3,4),(0.,0.503509730727153,1.),
 .UNSPECIFIED.);
#229=B_SPLINE_CURVE_WITH_KNOTS('',3,(#9715,#9716,#9717,#9718,#9719,#9720,
#9721,#9722,#9723,#9724),.UNSPECIFIED.,.F.,.F.,(4,3,3,4),(0.,0.00894355614714929,
0.599577001335111,1.),.UNSPECIFIED.);
#230=B_SPLINE_CURVE_WITH_KNOTS('',3,(#9728,#9729,#9730,#9731,#9732,#9733,
#9734,#9735,#9736,#9737),.UNSPECIFIED.,.F.,.F.,(4,3,3,4),(0.,0.400422998664883,
0.991056443853028,1.),.UNSPECIFIED.);
#231=B_SPLINE_CURVE_WITH_KNOTS('',3,(#9739,#9740,#9741,#9742,#9743,#9744,
#9745),.UNSPECIFIED.,.F.,.F.,(4,3,4),(0.,0.496490268984971,1.),
 .UNSPECIFIED.);
#232=B_SPLINE_CURVE_WITH_KNOTS('',3,(#9749,#9750,#9751,#9752,#9753,#9754,
#9755),.UNSPECIFIED.,.F.,.F.,(4,3,4),(0.,0.503509729587842,1.),
 .UNSPECIFIED.);
#233=B_SPLINE_CURVE_WITH_KNOTS('',3,(#9757,#9758,#9759,#9760,#9761,#9762,
#9763,#9764,#9765,#9766),.UNSPECIFIED.,.F.,.F.,(4,3,3,4),(0.,0.00894355614707273,
0.599577001335041,1.),.UNSPECIFIED.);
#234=B_SPLINE_CURVE_WITH_KNOTS('',3,(#9770,#9771,#9772,#9773,#9774,#9775,
#9776,#9777,#9778,#9779),.UNSPECIFIED.,.F.,.F.,(4,3,3,4),(0.,0.400422998665141,
0.991056443852873,1.),.UNSPECIFIED.);
#235=B_SPLINE_CURVE_WITH_KNOTS('',3,(#9781,#9782,#9783,#9784,#9785,#9786,
#9787),.UNSPECIFIED.,.F.,.F.,(4,3,4),(0.,0.49649027041218,1.),
 .UNSPECIFIED.);
#236=B_SPLINE_CURVE_WITH_KNOTS('',3,(#9791,#9792,#9793,#9794,#9795,#9796,
#9797),.UNSPECIFIED.,.F.,.F.,(4,3,4),(0.,0.503509729587842,1.),
 .UNSPECIFIED.);
#237=B_SPLINE_CURVE_WITH_KNOTS('',3,(#9799,#9800,#9801,#9802,#9803,#9804,
#9805,#9806,#9807,#9808),.UNSPECIFIED.,.F.,.F.,(4,3,3,4),(0.,0.00894355614697836,
0.599577001335053,1.),.UNSPECIFIED.);
#238=B_SPLINE_CURVE_WITH_KNOTS('',3,(#9812,#9813,#9814,#9815,#9816,#9817,
#9818,#9819,#9820,#9821),.UNSPECIFIED.,.F.,.F.,(4,3,3,4),(0.,0.400422998665148,
0.99105644385303,1.),.UNSPECIFIED.);
#239=B_SPLINE_CURVE_WITH_KNOTS('',3,(#9823,#9824,#9825,#9826,#9827,#9828,
#9829),.UNSPECIFIED.,.F.,.F.,(4,3,4),(0.,0.49649027041218,1.),
 .UNSPECIFIED.);
#240=B_SPLINE_CURVE_WITH_KNOTS('',3,(#9833,#9834,#9835,#9836,#9837,#9838,
#9839),.UNSPECIFIED.,.F.,.F.,(4,3,4),(0.,0.503509730727153,1.),
 .UNSPECIFIED.);
#241=B_SPLINE_CURVE_WITH_KNOTS('',3,(#9841,#9842,#9843,#9844,#9845,#9846,
#9847,#9848,#9849,#9850),.UNSPECIFIED.,.F.,.F.,(4,3,3,4),(0.,0.00894355614698684,
0.599577001335118,1.),.UNSPECIFIED.);
#242=B_SPLINE_CURVE_WITH_KNOTS('',3,(#9854,#9855,#9856,#9857,#9858,#9859,
#9860,#9861,#9862,#9863),.UNSPECIFIED.,.F.,.F.,(4,3,3,4),(0.,0.400422998664886,
0.991056443852902,1.),.UNSPECIFIED.);
#243=B_SPLINE_CURVE_WITH_KNOTS('',3,(#9865,#9866,#9867,#9868,#9869,#9870,
#9871),.UNSPECIFIED.,.F.,.F.,(4,3,4),(0.,0.496490268984972,1.),
 .UNSPECIFIED.);
#244=B_SPLINE_CURVE_WITH_KNOTS('',3,(#9875,#9876,#9877,#9878,#9879,#9880,
#9881),.UNSPECIFIED.,.F.,.F.,(4,3,4),(0.,0.503509729587841,1.),
 .UNSPECIFIED.);
#245=B_SPLINE_CURVE_WITH_KNOTS('',3,(#9883,#9884,#9885,#9886,#9887,#9888,
#9889,#9890,#9891,#9892),.UNSPECIFIED.,.F.,.F.,(4,3,3,4),(0.,0.00894355614698393,
0.599577001335055,1.),.UNSPECIFIED.);
#246=B_SPLINE_CURVE_WITH_KNOTS('',3,(#9896,#9897,#9898,#9899,#9900,#9901,
#9902,#9903,#9904,#9905),.UNSPECIFIED.,.F.,.F.,(4,3,3,4),(0.,0.400422998665164,
0.991056443852942,1.),.UNSPECIFIED.);
#247=B_SPLINE_CURVE_WITH_KNOTS('',3,(#9907,#9908,#9909,#9910,#9911,#9912,
#9913),.UNSPECIFIED.,.F.,.F.,(4,3,4),(0.,0.49649027041218,1.),
 .UNSPECIFIED.);
#248=B_SPLINE_CURVE_WITH_KNOTS('',3,(#9917,#9918,#9919,#9920,#9921,#9922,
#9923),.UNSPECIFIED.,.F.,.F.,(4,3,4),(0.,0.503509729587842,1.),
 .UNSPECIFIED.);
#249=B_SPLINE_CURVE_WITH_KNOTS('',3,(#9925,#9926,#9927,#9928,#9929,#9930,
#9931,#9932,#9933,#9934),.UNSPECIFIED.,.F.,.F.,(4,3,3,4),(0.,0.00894355614705679,
0.599577001335058,1.),.UNSPECIFIED.);
#250=B_SPLINE_CURVE_WITH_KNOTS('',3,(#9941,#9942,#9943,#9944,#9945,#9946,
#9947,#9948,#9949,#9950,#9951,#9952,#9953,#9954,#9955,#9956,#9957,#9958,
#9959),.UNSPECIFIED.,.F.,.F.,(4,3,3,3,3,3,4),(0.,0.183782828342341,0.367491896346156,
0.552510973506036,0.742738963735426,0.939641429476506,1.),.UNSPECIFIED.);
#251=B_SPLINE_CURVE_WITH_KNOTS('',3,(#9971,#9972,#9973,#9974,#9975,#9976,
#9977,#9978,#9979,#9980,#9981,#9982,#9983,#9984,#9985,#9986),
 .UNSPECIFIED.,.F.,.F.,(4,3,3,3,3,4),(0.,0.202120739112316,0.404453433504677,
0.603242616979578,0.795055449206612,1.),.UNSPECIFIED.);
#252=B_SPLINE_CURVE_WITH_KNOTS('',3,(#9990,#9991,#9992,#9993,#9994,#9995,
#9996,#9997,#9998,#9999,#10000,#10001,#10002,#10003,#10004,#10005,#10006,
#10007,#10008),.UNSPECIFIED.,.F.,.F.,(4,3,3,3,3,3,4),(0.,0.183782828342376,
0.367491896346183,0.552510973506055,0.742738963735438,0.939641429476507,
1.),.UNSPECIFIED.);
#253=B_SPLINE_CURVE_WITH_KNOTS('',3,(#10020,#10021,#10022,#10023,#10024,
#10025,#10026,#10027,#10028,#10029,#10030,#10031,#10032,#10033,#10034,#10035),
 .UNSPECIFIED.,.F.,.F.,(4,3,3,3,3,4),(0.,0.202120739112313,0.404453433504674,
0.603242616979573,0.795055449206608,1.),.UNSPECIFIED.);
#254=B_SPLINE_CURVE_WITH_KNOTS('',3,(#10039,#10040,#10041,#10042,#10043,
#10044,#10045,#10046,#10047,#10048,#10049,#10050,#10051,#10052,#10053,#10054,
#10055,#10056,#10057),.UNSPECIFIED.,.F.,.F.,(4,3,3,3,3,3,4),(0.,0.183782828342376,
0.367491896346183,0.552510973506055,0.742738963735436,0.939641429476507,
1.),.UNSPECIFIED.);
#255=B_SPLINE_CURVE_WITH_KNOTS('',3,(#10069,#10070,#10071,#10072,#10073,
#10074,#10075,#10076,#10077,#10078,#10079,#10080,#10081,#10082,#10083,#10084),
 .UNSPECIFIED.,.F.,.F.,(4,3,3,3,3,4),(0.,0.202120739112315,0.404453433504678,
0.603242616979579,0.795055449206617,1.),.UNSPECIFIED.);
#256=B_SPLINE_CURVE_WITH_KNOTS('',3,(#10088,#10089,#10090,#10091,#10092,
#10093,#10094,#10095,#10096,#10097,#10098,#10099,#10100,#10101,#10102,#10103,
#10104,#10105,#10106),.UNSPECIFIED.,.F.,.F.,(4,3,3,3,3,3,4),(0.,0.183782828342376,
0.367491896346183,0.552510973506055,0.742738963735435,0.939641429476508,
1.),.UNSPECIFIED.);
#257=B_SPLINE_CURVE_WITH_KNOTS('',3,(#10118,#10119,#10120,#10121,#10122,
#10123,#10124,#10125,#10126,#10127,#10128,#10129,#10130,#10131,#10132,#10133),
 .UNSPECIFIED.,.F.,.F.,(4,3,3,3,3,4),(0.,0.202120739112316,0.404453433504678,
0.603242616979579,0.795055449206615,1.),.UNSPECIFIED.);
#258=B_SPLINE_CURVE_WITH_KNOTS('',3,(#10137,#10138,#10139,#10140,#10141,
#10142,#10143,#10144,#10145,#10146,#10147,#10148,#10149,#10150,#10151,#10152,
#10153,#10154,#10155),.UNSPECIFIED.,.F.,.F.,(4,3,3,3,3,3,4),(0.,0.183782828342376,
0.367491896346183,0.552510973506055,0.742738963735438,0.939641429476507,
1.),.UNSPECIFIED.);
#259=B_SPLINE_CURVE_WITH_KNOTS('',3,(#10167,#10168,#10169,#10170,#10171,
#10172,#10173,#10174,#10175,#10176,#10177,#10178,#10179,#10180,#10181,#10182),
 .UNSPECIFIED.,.F.,.F.,(4,3,3,3,3,4),(0.,0.202120739112313,0.404453433504672,
0.603242616979572,0.79505544920661,1.),.UNSPECIFIED.);
#260=B_SPLINE_CURVE_WITH_KNOTS('',3,(#10186,#10187,#10188,#10189,#10190,
#10191,#10192,#10193,#10194,#10195,#10196,#10197,#10198,#10199,#10200,#10201,
#10202,#10203,#10204),.UNSPECIFIED.,.F.,.F.,(4,3,3,3,3,3,4),(0.,0.183782828342375,
0.367491896346183,0.552510973506054,0.742738963735435,0.939641429476506,
1.),.UNSPECIFIED.);
#261=B_SPLINE_CURVE_WITH_KNOTS('',3,(#10216,#10217,#10218,#10219,#10220,
#10221,#10222,#10223,#10224,#10225,#10226,#10227,#10228,#10229,#10230,#10231),
 .UNSPECIFIED.,.F.,.F.,(4,3,3,3,3,4),(0.,0.202120739112313,0.404453433504676,
0.603242616979574,0.795055449206606,1.),.UNSPECIFIED.);
#262=B_SPLINE_CURVE_WITH_KNOTS('',3,(#10235,#10236,#10237,#10238,#10239,
#10240,#10241,#10242,#10243,#10244,#10245,#10246,#10247,#10248,#10249,#10250,
#10251,#10252,#10253),.UNSPECIFIED.,.F.,.F.,(4,3,3,3,3,3,4),(0.,0.183782828342377,
0.367491896346184,0.552510973506055,0.742738963735439,0.939641429476508,
1.),.UNSPECIFIED.);
#263=B_SPLINE_CURVE_WITH_KNOTS('',3,(#10265,#10266,#10267,#10268,#10269,
#10270,#10271,#10272,#10273,#10274,#10275,#10276,#10277,#10278,#10279,#10280),
 .UNSPECIFIED.,.F.,.F.,(4,3,3,3,3,4),(0.,0.202120739112316,0.404453433504677,
0.603242616979578,0.795055449206614,1.),.UNSPECIFIED.);
#264=B_SPLINE_CURVE_WITH_KNOTS('',3,(#10284,#10285,#10286,#10287,#10288,
#10289,#10290,#10291,#10292,#10293,#10294,#10295,#10296,#10297,#10298,#10299,
#10300,#10301,#10302),.UNSPECIFIED.,.F.,.F.,(4,3,3,3,3,3,4),(0.,0.183782828342376,
0.367491896346181,0.552510973506056,0.742738963735436,0.939641429476503,
1.),.UNSPECIFIED.);
#265=B_SPLINE_CURVE_WITH_KNOTS('',3,(#10314,#10315,#10316,#10317,#10318,
#10319,#10320,#10321,#10322,#10323,#10324,#10325,#10326,#10327,#10328,#10329),
 .UNSPECIFIED.,.F.,.F.,(4,3,3,3,3,4),(0.,0.202120739112314,0.404453433504674,
0.603242616979576,0.795055449206611,1.),.UNSPECIFIED.);
#266=B_SPLINE_CURVE_WITH_KNOTS('',3,(#10333,#10334,#10335,#10336,#10337,
#10338,#10339,#10340,#10341,#10342,#10343,#10344,#10345,#10346,#10347,#10348,
#10349,#10350,#10351),.UNSPECIFIED.,.F.,.F.,(4,3,3,3,3,3,4),(0.,0.183782828342376,
0.367491896346182,0.552510973506053,0.742738963735434,0.939641429476503,
1.),.UNSPECIFIED.);
#267=B_SPLINE_CURVE_WITH_KNOTS('',3,(#10363,#10364,#10365,#10366,#10367,
#10368,#10369,#10370,#10371,#10372,#10373,#10374,#10375,#10376,#10377,#10378),
 .UNSPECIFIED.,.F.,.F.,(4,3,3,3,3,4),(0.,0.202120739112313,0.404453433504673,
0.60324261697957,0.795055449206607,1.),.UNSPECIFIED.);
#268=B_SPLINE_CURVE_WITH_KNOTS('',3,(#10382,#10383,#10384,#10385,#10386,
#10387,#10388,#10389,#10390,#10391,#10392,#10393,#10394,#10395,#10396,#10397,
#10398,#10399,#10400),.UNSPECIFIED.,.F.,.F.,(4,3,3,3,3,3,4),(0.,0.183782828342376,
0.367491896346183,0.552510973506054,0.742738963735435,0.939641429476507,
1.),.UNSPECIFIED.);
#269=B_SPLINE_CURVE_WITH_KNOTS('',3,(#10412,#10413,#10414,#10415,#10416,
#10417,#10418,#10419,#10420,#10421,#10422,#10423,#10424,#10425,#10426,#10427),
 .UNSPECIFIED.,.F.,.F.,(4,3,3,3,3,4),(0.,0.202120739112311,0.404453433504669,
0.603242616979574,0.795055449206607,1.),.UNSPECIFIED.);
#270=B_SPLINE_CURVE_WITH_KNOTS('',3,(#10431,#10432,#10433,#10434,#10435,
#10436,#10437,#10438,#10439,#10440,#10441,#10442,#10443,#10444,#10445,#10446,
#10447,#10448,#10449),.UNSPECIFIED.,.F.,.F.,(4,3,3,3,3,3,4),(0.,0.183782828342374,
0.36749189634618,0.552510973506055,0.742738963735435,0.939641429476504,
1.),.UNSPECIFIED.);
#271=B_SPLINE_CURVE_WITH_KNOTS('',3,(#10461,#10462,#10463,#10464,#10465,
#10466,#10467,#10468,#10469,#10470,#10471,#10472,#10473,#10474,#10475,#10476),
 .UNSPECIFIED.,.F.,.F.,(4,3,3,3,3,4),(0.,0.20212073911231,0.404453433504669,
0.603242616979569,0.795055449206605,1.),.UNSPECIFIED.);
#272=B_SPLINE_CURVE_WITH_KNOTS('',3,(#10480,#10481,#10482,#10483,#10484,
#10485,#10486,#10487,#10488,#10489,#10490,#10491,#10492,#10493,#10494,#10495,
#10496,#10497,#10498),.UNSPECIFIED.,.F.,.F.,(4,3,3,3,3,3,4),(0.,0.183782828342376,
0.367491896346182,0.552510973506053,0.742738963735433,0.939641429476506,
1.),.UNSPECIFIED.);
#273=B_SPLINE_CURVE_WITH_KNOTS('',3,(#10510,#10511,#10512,#10513,#10514,
#10515,#10516,#10517,#10518,#10519,#10520,#10521,#10522,#10523,#10524,#10525),
 .UNSPECIFIED.,.F.,.F.,(4,3,3,3,3,4),(0.,0.202120739112314,0.404453433504676,
0.60324261697958,0.795055449206617,1.),.UNSPECIFIED.);
#274=B_SPLINE_CURVE_WITH_KNOTS('',3,(#10532,#10533,#10534,#10535,#10536,
#10537,#10538),.UNSPECIFIED.,.F.,.F.,(4,3,4),(0.,0.470559416305949,1.),
 .UNSPECIFIED.);
#275=B_SPLINE_CURVE_WITH_KNOTS('',3,(#10551,#10552,#10553,#10554,#10555,
#10556,#10557),.UNSPECIFIED.,.F.,.F.,(4,3,4),(0.,0.529440583986954,1.),
 .UNSPECIFIED.);
#276=B_SPLINE_CURVE_WITH_KNOTS('',3,(#10566,#10567,#10568,#10569,#10570,
#10571,#10572,#10573,#10574,#10575,#10576,#10577,#10578),.UNSPECIFIED.,
 .F.,.F.,(4,3,3,3,4),(0.,0.0270120344226765,0.347687982612375,0.674013017437257,
1.),.UNSPECIFIED.);
#277=B_SPLINE_CURVE_WITH_KNOTS('',3,(#10590,#10591,#10592,#10593,#10594,
#10595,#10596,#10597,#10598,#10599),.UNSPECIFIED.,.F.,.F.,(4,3,3,4),(0.,
0.325688310651791,0.651714363839499,1.),.UNSPECIFIED.);
#278=B_SPLINE_CURVE_WITH_KNOTS('',3,(#10606,#10607,#10608,#10609,#10610,
#10611,#10612),.UNSPECIFIED.,.F.,.F.,(4,3,4),(0.,0.470559417464912,1.),
 .UNSPECIFIED.);
#279=B_SPLINE_CURVE_WITH_KNOTS('',3,(#10625,#10626,#10627,#10628,#10629,
#10630,#10631),.UNSPECIFIED.,.F.,.F.,(4,3,4),(0.,0.52944058253513,1.),
 .UNSPECIFIED.);
#280=B_SPLINE_CURVE_WITH_KNOTS('',3,(#10640,#10641,#10642,#10643,#10644,
#10645,#10646,#10647,#10648,#10649,#10650,#10651,#10652),.UNSPECIFIED.,
 .F.,.F.,(4,3,3,3,4),(0.,0.0270120344226815,0.347687982612383,0.674013017437262,
1.),.UNSPECIFIED.);
#281=B_SPLINE_CURVE_WITH_KNOTS('',3,(#10664,#10665,#10666,#10667,#10668,
#10669,#10670,#10671,#10672,#10673),.UNSPECIFIED.,.F.,.F.,(4,3,3,4),(0.,
0.32568831065179,0.651714363839497,1.),.UNSPECIFIED.);
#282=B_SPLINE_CURVE_WITH_KNOTS('',3,(#10680,#10681,#10682,#10683,#10684,
#10685,#10686),.UNSPECIFIED.,.F.,.F.,(4,3,4),(0.,0.470559417464912,1.),
 .UNSPECIFIED.);
#283=B_SPLINE_CURVE_WITH_KNOTS('',3,(#10699,#10700,#10701,#10702,#10703,
#10704,#10705),.UNSPECIFIED.,.F.,.F.,(4,3,4),(0.,0.52944058253513,1.),
 .UNSPECIFIED.);
#284=B_SPLINE_CURVE_WITH_KNOTS('',3,(#10714,#10715,#10716,#10717,#10718,
#10719,#10720,#10721,#10722,#10723,#10724,#10725,#10726),.UNSPECIFIED.,
 .F.,.F.,(4,3,3,3,4),(0.,0.0270120344226822,0.347687982612381,0.674013017437261,
1.),.UNSPECIFIED.);
#285=B_SPLINE_CURVE_WITH_KNOTS('',3,(#10738,#10739,#10740,#10741,#10742,
#10743,#10744,#10745,#10746,#10747),.UNSPECIFIED.,.F.,.F.,(4,3,3,4),(0.,
0.32568831065179,0.651714363839494,1.),.UNSPECIFIED.);
#286=B_SPLINE_CURVE_WITH_KNOTS('',3,(#10754,#10755,#10756,#10757,#10758,
#10759,#10760),.UNSPECIFIED.,.F.,.F.,(4,3,4),(0.,0.470559417464912,1.),
 .UNSPECIFIED.);
#287=B_SPLINE_CURVE_WITH_KNOTS('',3,(#10773,#10774,#10775,#10776,#10777,
#10778,#10779),.UNSPECIFIED.,.F.,.F.,(4,3,4),(0.,0.52944058253513,1.),
 .UNSPECIFIED.);
#288=B_SPLINE_CURVE_WITH_KNOTS('',3,(#10788,#10789,#10790,#10791,#10792,
#10793,#10794,#10795,#10796,#10797,#10798,#10799,#10800),.UNSPECIFIED.,
 .F.,.F.,(4,3,3,3,4),(0.,0.0270120344226754,0.347687982612372,0.674013017437257,
1.),.UNSPECIFIED.);
#289=B_SPLINE_CURVE_WITH_KNOTS('',3,(#10812,#10813,#10814,#10815,#10816,
#10817,#10818,#10819,#10820,#10821),.UNSPECIFIED.,.F.,.F.,(4,3,3,4),(0.,
0.325688310651787,0.651714363839493,1.),.UNSPECIFIED.);
#290=B_SPLINE_CURVE_WITH_KNOTS('',3,(#10828,#10829,#10830,#10831,#10832,
#10833,#10834),.UNSPECIFIED.,.F.,.F.,(4,3,4),(0.,0.47055941630595,1.),
 .UNSPECIFIED.);
#291=B_SPLINE_CURVE_WITH_KNOTS('',3,(#10847,#10848,#10849,#10850,#10851,
#10852,#10853),.UNSPECIFIED.,.F.,.F.,(4,3,4),(0.,0.529440583986954,1.),
 .UNSPECIFIED.);
#292=B_SPLINE_CURVE_WITH_KNOTS('',3,(#10862,#10863,#10864,#10865,#10866,
#10867,#10868,#10869,#10870,#10871,#10872,#10873,#10874),.UNSPECIFIED.,
 .F.,.F.,(4,3,3,3,4),(0.,0.0270120344226814,0.347687982612381,0.67401301743726,
1.),.UNSPECIFIED.);
#293=B_SPLINE_CURVE_WITH_KNOTS('',3,(#10886,#10887,#10888,#10889,#10890,
#10891,#10892,#10893,#10894,#10895),.UNSPECIFIED.,.F.,.F.,(4,3,3,4),(0.,
0.325688310651791,0.651714363839499,1.),.UNSPECIFIED.);
#294=B_SPLINE_CURVE_WITH_KNOTS('',3,(#10902,#10903,#10904,#10905,#10906,
#10907,#10908),.UNSPECIFIED.,.F.,.F.,(4,3,4),(0.,0.470559417464912,1.),
 .UNSPECIFIED.);
#295=B_SPLINE_CURVE_WITH_KNOTS('',3,(#10921,#10922,#10923,#10924,#10925,
#10926,#10927),.UNSPECIFIED.,.F.,.F.,(4,3,4),(0.,0.52944058253513,1.),
 .UNSPECIFIED.);
#296=B_SPLINE_CURVE_WITH_KNOTS('',3,(#10936,#10937,#10938,#10939,#10940,
#10941,#10942,#10943,#10944,#10945,#10946,#10947,#10948),.UNSPECIFIED.,
 .F.,.F.,(4,3,3,3,4),(0.,0.0270120344226832,0.347687982612382,0.674013017437261,
1.),.UNSPECIFIED.);
#297=B_SPLINE_CURVE_WITH_KNOTS('',3,(#10960,#10961,#10962,#10963,#10964,
#10965,#10966,#10967,#10968,#10969),.UNSPECIFIED.,.F.,.F.,(4,3,3,4),(0.,
0.325688310651788,0.651714363839493,1.),.UNSPECIFIED.);
#298=B_SPLINE_CURVE_WITH_KNOTS('',3,(#10976,#10977,#10978,#10979,#10980,
#10981,#10982),.UNSPECIFIED.,.F.,.F.,(4,3,4),(0.,0.470559417464912,1.),
 .UNSPECIFIED.);
#299=B_SPLINE_CURVE_WITH_KNOTS('',3,(#10995,#10996,#10997,#10998,#10999,
#11000,#11001),.UNSPECIFIED.,.F.,.F.,(4,3,4),(0.,0.52944058253513,1.),
 .UNSPECIFIED.);
#300=B_SPLINE_CURVE_WITH_KNOTS('',3,(#11010,#11011,#11012,#11013,#11014,
#11015,#11016,#11017,#11018,#11019,#11020,#11021,#11022),.UNSPECIFIED.,
 .F.,.F.,(4,3,3,3,4),(0.,0.0270120344226731,0.347687982612373,0.674013017437257,
1.),.UNSPECIFIED.);
#301=B_SPLINE_CURVE_WITH_KNOTS('',3,(#11034,#11035,#11036,#11037,#11038,
#11039,#11040,#11041,#11042,#11043),.UNSPECIFIED.,.F.,.F.,(4,3,3,4),(0.,
0.325688310651789,0.651714363839496,1.),.UNSPECIFIED.);
#302=B_SPLINE_CURVE_WITH_KNOTS('',3,(#11050,#11051,#11052,#11053,#11054,
#11055,#11056),.UNSPECIFIED.,.F.,.F.,(4,3,4),(0.,0.470559416305951,1.),
 .UNSPECIFIED.);
#303=B_SPLINE_CURVE_WITH_KNOTS('',3,(#11069,#11070,#11071,#11072,#11073,
#11074,#11075),.UNSPECIFIED.,.F.,.F.,(4,3,4),(0.,0.529440583986954,1.),
 .UNSPECIFIED.);
#304=B_SPLINE_CURVE_WITH_KNOTS('',3,(#11084,#11085,#11086,#11087,#11088,
#11089,#11090,#11091,#11092,#11093,#11094,#11095,#11096),.UNSPECIFIED.,
 .F.,.F.,(4,3,3,3,4),(0.,0.0270120344226766,0.347687982612374,0.674013017437256,
1.),.UNSPECIFIED.);
#305=B_SPLINE_CURVE_WITH_KNOTS('',3,(#11108,#11109,#11110,#11111,#11112,
#11113,#11114,#11115,#11116,#11117),.UNSPECIFIED.,.F.,.F.,(4,3,3,4),(0.,
0.325688310651793,0.651714363839503,1.),.UNSPECIFIED.);
#306=B_SPLINE_CURVE_WITH_KNOTS('',3,(#11124,#11125,#11126,#11127,#11128,
#11129,#11130),.UNSPECIFIED.,.F.,.F.,(4,3,4),(0.,0.470559417464912,1.),
 .UNSPECIFIED.);
#307=B_SPLINE_CURVE_WITH_KNOTS('',3,(#11143,#11144,#11145,#11146,#11147,
#11148,#11149),.UNSPECIFIED.,.F.,.F.,(4,3,4),(0.,0.52944058253513,1.),
 .UNSPECIFIED.);
#308=B_SPLINE_CURVE_WITH_KNOTS('',3,(#11158,#11159,#11160,#11161,#11162,
#11163,#11164,#11165,#11166,#11167,#11168,#11169,#11170),.UNSPECIFIED.,
 .F.,.F.,(4,3,3,3,4),(0.,0.0270120344226805,0.347687982612379,0.67401301743726,
1.),.UNSPECIFIED.);
#309=B_SPLINE_CURVE_WITH_KNOTS('',3,(#11182,#11183,#11184,#11185,#11186,
#11187,#11188,#11189,#11190,#11191),.UNSPECIFIED.,.F.,.F.,(4,3,3,4),(0.,
0.325688310651787,0.65171436383949,1.),.UNSPECIFIED.);
#310=B_SPLINE_CURVE_WITH_KNOTS('',3,(#11198,#11199,#11200,#11201,#11202,
#11203,#11204),.UNSPECIFIED.,.F.,.F.,(4,3,4),(0.,0.470559417464911,1.),
 .UNSPECIFIED.);
#311=B_SPLINE_CURVE_WITH_KNOTS('',3,(#11217,#11218,#11219,#11220,#11221,
#11222,#11223),.UNSPECIFIED.,.F.,.F.,(4,3,4),(0.,0.52944058253513,1.),
 .UNSPECIFIED.);
#312=B_SPLINE_CURVE_WITH_KNOTS('',3,(#11232,#11233,#11234,#11235,#11236,
#11237,#11238,#11239,#11240,#11241,#11242,#11243,#11244),.UNSPECIFIED.,
 .F.,.F.,(4,3,3,3,4),(0.,0.0270120344226791,0.347687982612375,0.674013017437257,
1.),.UNSPECIFIED.);
#313=B_SPLINE_CURVE_WITH_KNOTS('',3,(#11256,#11257,#11258,#11259,#11260,
#11261,#11262,#11263,#11264,#11265),.UNSPECIFIED.,.F.,.F.,(4,3,3,4),(0.,
0.325688310651791,0.6517143638395,1.),.UNSPECIFIED.);
#314=B_SPLINE_CURVE_WITH_KNOTS('',3,(#11272,#11273,#11274,#11275,#11276,
#11277,#11278),.UNSPECIFIED.,.F.,.F.,(4,3,4),(0.,0.47055941630595,1.),
 .UNSPECIFIED.);
#315=B_SPLINE_CURVE_WITH_KNOTS('',3,(#11291,#11292,#11293,#11294,#11295,
#11296,#11297),.UNSPECIFIED.,.F.,.F.,(4,3,4),(0.,0.529440583986955,1.),
 .UNSPECIFIED.);
#316=B_SPLINE_CURVE_WITH_KNOTS('',3,(#11306,#11307,#11308,#11309,#11310,
#11311,#11312,#11313,#11314,#11315,#11316,#11317,#11318),.UNSPECIFIED.,
 .F.,.F.,(4,3,3,3,4),(0.,0.0270120344226809,0.347687982612379,0.674013017437259,
1.),.UNSPECIFIED.);
#317=B_SPLINE_CURVE_WITH_KNOTS('',3,(#11330,#11331,#11332,#11333,#11334,
#11335,#11336,#11337,#11338,#11339),.UNSPECIFIED.,.F.,.F.,(4,3,3,4),(0.,
0.325688310651792,0.651714363839499,1.),.UNSPECIFIED.);
#318=B_SPLINE_CURVE_WITH_KNOTS('',3,(#11346,#11347,#11348,#11349,#11350,
#11351,#11352),.UNSPECIFIED.,.F.,.F.,(4,3,4),(0.,0.470559417464912,1.),
 .UNSPECIFIED.);
#319=B_SPLINE_CURVE_WITH_KNOTS('',3,(#11365,#11366,#11367,#11368,#11369,
#11370,#11371),.UNSPECIFIED.,.F.,.F.,(4,3,4),(0.,0.52944058253513,1.),
 .UNSPECIFIED.);
#320=B_SPLINE_CURVE_WITH_KNOTS('',3,(#11380,#11381,#11382,#11383,#11384,
#11385,#11386,#11387,#11388,#11389,#11390,#11391,#11392),.UNSPECIFIED.,
 .F.,.F.,(4,3,3,3,4),(0.,0.0270120344226745,0.347687982612372,0.674013017437257,
1.),.UNSPECIFIED.);
#321=B_SPLINE_CURVE_WITH_KNOTS('',3,(#11404,#11405,#11406,#11407,#11408,
#11409,#11410,#11411,#11412,#11413),.UNSPECIFIED.,.F.,.F.,(4,3,3,4),(0.,
0.325688310651787,0.651714363839493,1.),.UNSPECIFIED.);
#322=B_SPLINE_CURVE_WITH_KNOTS('',3,(#11487,#11488,#11489,#11490,#11491,
#11492,#11493,#11494,#11495,#11496,#11497,#11498,#11499,#11500,#11501,#11502,
#11503,#11504,#11505),.UNSPECIFIED.,.F.,.F.,(4,3,3,3,3,3,4),(0.,0.00122427259229591,
0.188164264997144,0.381880444781746,0.584113704604684,0.791627946407169,
1.),.UNSPECIFIED.);
#323=B_SPLINE_CURVE_WITH_KNOTS('',3,(#11506,#11507,#11508,#11509,#11510,
#11511,#11512,#11513,#11514,#11515,#11516,#11517,#11518,#11519,#11520,#11521,
#11522,#11523,#11524),.UNSPECIFIED.,.F.,.F.,(4,3,3,3,3,3,4),(0.,0.0597148213169785,
0.254861051072457,0.444272580482044,0.629626688400443,0.814604145520802,
1.),.UNSPECIFIED.);
#324=B_SPLINE_CURVE_WITH_KNOTS('',3,(#11537,#11538,#11539,#11540,#11541,
#11542,#11543,#11544,#11545,#11546,#11547,#11548,#11549,#11550,#11551,#11552,
#11553,#11554,#11555),.UNSPECIFIED.,.F.,.F.,(4,3,3,3,3,3,4),(0.,0.00122427259229384,
0.188164264997141,0.381880444781742,0.584113704604678,0.791627946407165,
1.),.UNSPECIFIED.);
#325=B_SPLINE_CURVE_WITH_KNOTS('',3,(#11556,#11557,#11558,#11559,#11560,
#11561,#11562,#11563,#11564,#11565,#11566,#11567,#11568,#11569,#11570,#11571,
#11572,#11573,#11574),.UNSPECIFIED.,.F.,.F.,(4,3,3,3,3,3,4),(0.,0.0597148213169752,
0.254861051072453,0.444272580482043,0.62962668840044,0.814604145520798,
1.),.UNSPECIFIED.);
#326=B_SPLINE_CURVE_WITH_KNOTS('',3,(#11587,#11588,#11589,#11590,#11591,
#11592,#11593,#11594,#11595,#11596,#11597,#11598,#11599,#11600,#11601,#11602,
#11603,#11604,#11605),.UNSPECIFIED.,.F.,.F.,(4,3,3,3,3,3,4),(0.,0.00122427259229336,
0.188164264997141,0.381880444781741,0.584113704604678,0.791627946407165,
1.),.UNSPECIFIED.);
#327=B_SPLINE_CURVE_WITH_KNOTS('',3,(#11606,#11607,#11608,#11609,#11610,
#11611,#11612,#11613,#11614,#11615,#11616,#11617,#11618,#11619,#11620,#11621,
#11622,#11623,#11624),.UNSPECIFIED.,.F.,.F.,(4,3,3,3,3,3,4),(0.,0.059714821316974,
0.254861051072454,0.44427258048204,0.62962668840044,0.814604145520797,1.),
 .UNSPECIFIED.);
#328=B_SPLINE_CURVE_WITH_KNOTS('',3,(#11637,#11638,#11639,#11640,#11641,
#11642,#11643,#11644,#11645,#11646,#11647,#11648,#11649,#11650,#11651,#11652,
#11653,#11654,#11655),.UNSPECIFIED.,.F.,.F.,(4,3,3,3,3,3,4),(0.,0.00122427259229508,
0.188164264997143,0.381880444781743,0.584113704604681,0.791627946407167,
1.),.UNSPECIFIED.);
#329=B_SPLINE_CURVE_WITH_KNOTS('',3,(#11656,#11657,#11658,#11659,#11660,
#11661,#11662,#11663,#11664,#11665,#11666,#11667,#11668,#11669,#11670,#11671,
#11672,#11673,#11674),.UNSPECIFIED.,.F.,.F.,(4,3,3,3,3,3,4),(0.,0.0597148213169818,
0.254861051072459,0.444272580482045,0.629626688400443,0.814604145520799,
1.),.UNSPECIFIED.);
#330=B_SPLINE_CURVE_WITH_KNOTS('',3,(#11687,#11688,#11689,#11690,#11691,
#11692,#11693,#11694,#11695,#11696,#11697,#11698,#11699,#11700,#11701,#11702),
 .UNSPECIFIED.,.F.,.F.,(4,3,3,3,3,4),(0.,0.208363986980513,0.415870195378658,
0.618095626237448,0.811804306775743,1.),.UNSPECIFIED.);
#331=B_SPLINE_CURVE_WITH_KNOTS('',3,(#11703,#11704,#11705,#11706,#11707,
#11708,#11709,#11710,#11711,#11712,#11713,#11714,#11715,#11716,#11717,#11718,
#11719,#11720,#11721),.UNSPECIFIED.,.F.,.F.,(4,3,3,3,3,3,4),(0.,0.206909127856074,
0.400112791123928,0.599203486689561,0.800563223918523,0.962540688775954,
1.),.UNSPECIFIED.);
#332=B_SPLINE_CURVE_WITH_KNOTS('',3,(#11734,#11735,#11736,#11737,#11738,
#11739,#11740,#11741,#11742,#11743,#11744,#11745,#11746,#11747,#11748,#11749,
#11750,#11751,#11752),.UNSPECIFIED.,.F.,.F.,(4,3,3,3,3,3,4),(0.,0.0012242725922948,
0.188164264997142,0.381880444781741,0.58411370460468,0.791627946407166,
1.),.UNSPECIFIED.);
#333=B_SPLINE_CURVE_WITH_KNOTS('',3,(#11753,#11754,#11755,#11756,#11757,
#11758,#11759,#11760,#11761,#11762,#11763,#11764,#11765,#11766,#11767,#11768,
#11769,#11770,#11771),.UNSPECIFIED.,.F.,.F.,(4,3,3,3,3,3,4),(0.,0.0597148213169753,
0.254861051072457,0.444272580482042,0.629626688400441,0.814604145520799,
1.),.UNSPECIFIED.);
#334=B_SPLINE_CURVE_WITH_KNOTS('',3,(#11784,#11785,#11786,#11787,#11788,
#11789,#11790,#11791,#11792,#11793,#11794,#11795,#11796,#11797,#11798,#11799),
 .UNSPECIFIED.,.F.,.F.,(4,3,3,3,3,4),(0.,0.208363986980511,0.415870195378683,
0.618095626237443,0.81180430677574,1.),.UNSPECIFIED.);
#335=B_SPLINE_CURVE_WITH_KNOTS('',3,(#11800,#11801,#11802,#11803,#11804,
#11805,#11806,#11807,#11808,#11809,#11810,#11811,#11812,#11813,#11814,#11815,
#11816,#11817,#11818),.UNSPECIFIED.,.F.,.F.,(4,3,3,3,3,3,4),(0.,0.206909127856078,
0.400112791123931,0.599203486689561,0.800563223918523,0.962540688775954,
1.),.UNSPECIFIED.);
#336=B_SPLINE_CURVE_WITH_KNOTS('',3,(#11831,#11832,#11833,#11834,#11835,
#11836,#11837,#11838,#11839,#11840,#11841,#11842,#11843,#11844,#11845,#11846),
 .UNSPECIFIED.,.F.,.F.,(4,3,3,3,3,4),(0.,0.208363986980508,0.41587019537868,
0.618095626237442,0.811804306775737,1.),.UNSPECIFIED.);
#337=B_SPLINE_CURVE_WITH_KNOTS('',3,(#11847,#11848,#11849,#11850,#11851,
#11852,#11853,#11854,#11855,#11856,#11857,#11858,#11859,#11860,#11861,#11862,
#11863,#11864,#11865),.UNSPECIFIED.,.F.,.F.,(4,3,3,3,3,3,4),(0.,0.206909127856079,
0.400112791123935,0.599203486689565,0.800563223918524,0.962540688775952,
1.),.UNSPECIFIED.);
#338=B_SPLINE_CURVE_WITH_KNOTS('',3,(#11878,#11879,#11880,#11881,#11882,
#11883,#11884,#11885,#11886,#11887,#11888,#11889,#11890,#11891,#11892,#11893),
 .UNSPECIFIED.,.F.,.F.,(4,3,3,3,3,4),(0.,0.208363986980513,0.415870195378656,
0.618095626237445,0.811804306775742,1.),.UNSPECIFIED.);
#339=B_SPLINE_CURVE_WITH_KNOTS('',3,(#11894,#11895,#11896,#11897,#11898,
#11899,#11900,#11901,#11902,#11903,#11904,#11905,#11906,#11907,#11908,#11909,
#11910,#11911,#11912),.UNSPECIFIED.,.F.,.F.,(4,3,3,3,3,3,4),(0.,0.206909127856075,
0.400112791123933,0.599203486689564,0.800563223918521,0.962540688775953,
1.),.UNSPECIFIED.);
#340=B_SPLINE_CURVE_WITH_KNOTS('',3,(#11925,#11926,#11927,#11928,#11929,
#11930,#11931,#11932,#11933,#11934,#11935,#11936,#11937,#11938,#11939,#11940,
#11941,#11942,#11943),.UNSPECIFIED.,.F.,.F.,(4,3,3,3,3,3,4),(0.,0.00122427259229759,
0.188164264997147,0.381880444781747,0.584113704604684,0.791627946407169,
1.),.UNSPECIFIED.);
#341=B_SPLINE_CURVE_WITH_KNOTS('',3,(#11944,#11945,#11946,#11947,#11948,
#11949,#11950,#11951,#11952,#11953,#11954,#11955,#11956,#11957,#11958,#11959,
#11960,#11961,#11962),.UNSPECIFIED.,.F.,.F.,(4,3,3,3,3,3,4),(0.,0.0597148213169836,
0.254861051072458,0.444272580482042,0.629626688400445,0.814604145520798,
1.),.UNSPECIFIED.);
#342=B_SPLINE_CURVE_WITH_KNOTS('',3,(#11975,#11976,#11977,#11978,#11979,
#11980,#11981,#11982,#11983,#11984,#11985,#11986,#11987,#11988,#11989,#11990,
#11991,#11992,#11993),.UNSPECIFIED.,.F.,.F.,(4,3,3,3,3,3,4),(0.,0.00122427259229625,
0.188164264997144,0.381880444781743,0.58411370460468,0.791627946407166,
1.),.UNSPECIFIED.);
#343=B_SPLINE_CURVE_WITH_KNOTS('',3,(#11994,#11995,#11996,#11997,#11998,
#11999,#12000,#12001,#12002,#12003,#12004,#12005,#12006,#12007,#12008,#12009,
#12010,#12011,#12012),.UNSPECIFIED.,.F.,.F.,(4,3,3,3,3,3,4),(0.,0.059714821316978,
0.254861051072456,0.444272580482044,0.629626688400442,0.814604145520799,
1.),.UNSPECIFIED.);
#344=B_SPLINE_CURVE_WITH_KNOTS('',3,(#12025,#12026,#12027,#12028,#12029,
#12030,#12031,#12032,#12033,#12034,#12035,#12036,#12037,#12038,#12039,#12040),
 .UNSPECIFIED.,.F.,.F.,(4,3,3,3,3,4),(0.,0.208363986980511,0.415870195378682,
0.618095626237444,0.811804306775739,1.),.UNSPECIFIED.);
#345=B_SPLINE_CURVE_WITH_KNOTS('',3,(#12041,#12042,#12043,#12044,#12045,
#12046,#12047,#12048,#12049,#12050,#12051,#12052,#12053,#12054,#12055,#12056,
#12057,#12058,#12059),.UNSPECIFIED.,.F.,.F.,(4,3,3,3,3,3,4),(0.,0.206909127856069,
0.400112791123926,0.599203486689561,0.800563223918523,0.962540688775954,
1.),.UNSPECIFIED.);
#346=B_SPLINE_CURVE_WITH_KNOTS('',3,(#12072,#12073,#12074,#12075,#12076,
#12077,#12078,#12079,#12080,#12081,#12082,#12083,#12084,#12085,#12086,#12087),
 .UNSPECIFIED.,.F.,.F.,(4,3,3,3,3,4),(0.,0.208363986980512,0.415870195378656,
0.618095626237445,0.81180430677574,1.),.UNSPECIFIED.);
#347=B_SPLINE_CURVE_WITH_KNOTS('',3,(#12088,#12089,#12090,#12091,#12092,
#12093,#12094,#12095,#12096,#12097,#12098,#12099,#12100,#12101,#12102,#12103,
#12104,#12105,#12106),.UNSPECIFIED.,.F.,.F.,(4,3,3,3,3,3,4),(0.,0.206909127856077,
0.400112791123931,0.599203486689563,0.800563223918523,0.962540688775953,
1.),.UNSPECIFIED.);
#348=B_SPLINE_CURVE_WITH_KNOTS('',3,(#12119,#12120,#12121,#12122,#12123,
#12124,#12125,#12126,#12127,#12128,#12129,#12130,#12131,#12132,#12133,#12134),
 .UNSPECIFIED.,.F.,.F.,(4,3,3,3,3,4),(0.,0.208363986980511,0.415870195378654,
0.618095626237444,0.811804306775739,1.),.UNSPECIFIED.);
#349=B_SPLINE_CURVE_WITH_KNOTS('',3,(#12135,#12136,#12137,#12138,#12139,
#12140,#12141,#12142,#12143,#12144,#12145,#12146,#12147,#12148,#12149,#12150,
#12151,#12152,#12153),.UNSPECIFIED.,.F.,.F.,(4,3,3,3,3,3,4),(0.,0.206909127856079,
0.400112791123932,0.599203486689568,0.800563223918526,0.962540688775954,
1.),.UNSPECIFIED.);
#350=B_SPLINE_CURVE_WITH_KNOTS('',3,(#12166,#12167,#12168,#12169,#12170,
#12171,#12172,#12173,#12174,#12175,#12176,#12177,#12178,#12179,#12180,#12181),
 .UNSPECIFIED.,.F.,.F.,(4,3,3,3,3,4),(0.,0.208363986980509,0.41587019537868,
0.61809562623744,0.811804306775739,1.),.UNSPECIFIED.);
#351=B_SPLINE_CURVE_WITH_KNOTS('',3,(#12182,#12183,#12184,#12185,#12186,
#12187,#12188,#12189,#12190,#12191,#12192,#12193,#12194,#12195,#12196,#12197,
#12198,#12199,#12200),.UNSPECIFIED.,.F.,.F.,(4,3,3,3,3,3,4),(0.,0.206909127856067,
0.400112791123926,0.599203486689558,0.800563223918521,0.962540688775952,
1.),.UNSPECIFIED.);
#352=B_SPLINE_CURVE_WITH_KNOTS('',3,(#12213,#12214,#12215,#12216,#12217,
#12218,#12219,#12220,#12221,#12222,#12223,#12224,#12225,#12226,#12227,#12228,
#12229,#12230,#12231),.UNSPECIFIED.,.F.,.F.,(4,3,3,3,3,3,4),(0.,0.00122427259229821,
0.188164264997145,0.381880444781744,0.584113704604683,0.791627946407168,
1.),.UNSPECIFIED.);
#353=B_SPLINE_CURVE_WITH_KNOTS('',3,(#12232,#12233,#12234,#12235,#12236,
#12237,#12238,#12239,#12240,#12241,#12242,#12243,#12244,#12245,#12246,#12247,
#12248,#12249,#12250),.UNSPECIFIED.,.F.,.F.,(4,3,3,3,3,3,4),(0.,0.0597148213169784,
0.254861051072458,0.444272580482044,0.629626688400443,0.8146041455208,1.),
 .UNSPECIFIED.);
#354=B_SPLINE_CURVE_WITH_KNOTS('',3,(#12263,#12264,#12265,#12266,#12267,
#12268,#12269,#12270,#12271,#12272,#12273,#12274,#12275,#12276,#12277,#12278,
#12279,#12280,#12281),.UNSPECIFIED.,.F.,.F.,(4,3,3,3,3,3,4),(0.,0.00122427259229589,
0.188164264997144,0.381880444781744,0.584113704604683,0.791627946407167,
1.),.UNSPECIFIED.);
#355=B_SPLINE_CURVE_WITH_KNOTS('',3,(#12282,#12283,#12284,#12285,#12286,
#12287,#12288,#12289,#12290,#12291,#12292,#12293,#12294,#12295,#12296,#12297,
#12298,#12299,#12300),.UNSPECIFIED.,.F.,.F.,(4,3,3,3,3,3,4),(0.,0.0597148213169804,
0.254861051072461,0.444272580482046,0.629626688400445,0.8146041455208,1.),
 .UNSPECIFIED.);
#356=B_SPLINE_CURVE_WITH_KNOTS('',3,(#12313,#12314,#12315,#12316,#12317,
#12318,#12319,#12320,#12321,#12322,#12323,#12324,#12325,#12326,#12327,#12328),
 .UNSPECIFIED.,.F.,.F.,(4,3,3,3,3,4),(0.,0.208363986980513,0.415870195378657,
0.618095626237447,0.811804306775742,1.),.UNSPECIFIED.);
#357=B_SPLINE_CURVE_WITH_KNOTS('',3,(#12329,#12330,#12331,#12332,#12333,
#12334,#12335,#12336,#12337,#12338,#12339,#12340,#12341,#12342,#12343,#12344,
#12345,#12346,#12347),.UNSPECIFIED.,.F.,.F.,(4,3,3,3,3,3,4),(0.,0.206909127856077,
0.400112791123931,0.599203486689564,0.800563223918523,0.962540688775954,
1.),.UNSPECIFIED.);
#358=B_SPLINE_CURVE_WITH_KNOTS('',3,(#12360,#12361,#12362,#12363,#12364,
#12365,#12366,#12367,#12368,#12369,#12370,#12371,#12372,#12373,#12374,#12375),
 .UNSPECIFIED.,.F.,.F.,(4,3,3,3,3,4),(0.,0.208363986980511,0.415870195378653,
0.618095626237443,0.811804306775739,1.),.UNSPECIFIED.);
#359=B_SPLINE_CURVE_WITH_KNOTS('',3,(#12376,#12377,#12378,#12379,#12380,
#12381,#12382,#12383,#12384,#12385,#12386,#12387,#12388,#12389,#12390,#12391,
#12392,#12393,#12394),.UNSPECIFIED.,.F.,.F.,(4,3,3,3,3,3,4),(0.,0.206909127856072,
0.400112791123929,0.59920348668956,0.800563223918522,0.962540688775954,
1.),.UNSPECIFIED.);
#360=B_SPLINE_CURVE_WITH_KNOTS('',3,(#12407,#12408,#12409,#12410,#12411,
#12412,#12413,#12414,#12415,#12416,#12417,#12418,#12419,#12420,#12421,#12422,
#12423,#12424,#12425),.UNSPECIFIED.,.F.,.F.,(4,3,3,3,3,3,4),(0.,0.00122427259229531,
0.188164264997142,0.381880444781742,0.584113704604678,0.791627946407165,
1.),.UNSPECIFIED.);
#361=B_SPLINE_CURVE_WITH_KNOTS('',3,(#12426,#12427,#12428,#12429,#12430,
#12431,#12432,#12433,#12434,#12435,#12436,#12437,#12438,#12439,#12440,#12441,
#12442,#12443,#12444),.UNSPECIFIED.,.F.,.F.,(4,3,3,3,3,3,4),(0.,0.059714821316974,
0.254861051072455,0.444272580482042,0.629626688400441,0.814604145520799,
1.),.UNSPECIFIED.);
#362=B_SPLINE_CURVE_WITH_KNOTS('',3,(#12457,#12458,#12459,#12460,#12461,
#12462,#12463,#12464,#12465,#12466,#12467,#12468,#12469,#12470,#12471,#12472),
 .UNSPECIFIED.,.F.,.F.,(4,3,3,3,3,4),(0.,0.208363986980511,0.415870195378653,
0.618095626237444,0.811804306775738,1.),.UNSPECIFIED.);
#363=B_SPLINE_CURVE_WITH_KNOTS('',3,(#12473,#12474,#12475,#12476,#12477,
#12478,#12479,#12480,#12481,#12482,#12483,#12484,#12485,#12486,#12487,#12488,
#12489,#12490,#12491),.UNSPECIFIED.,.F.,.F.,(4,3,3,3,3,3,4),(0.,0.206909127856071,
0.400112791123927,0.599203486689561,0.800563223918521,0.962540688775951,
1.),.UNSPECIFIED.);
#364=B_SPLINE_CURVE_WITH_KNOTS('',3,(#12504,#12505,#12506,#12507,#12508,
#12509,#12510,#12511,#12512,#12513,#12514,#12515,#12516,#12517,#12518,#12519),
 .UNSPECIFIED.,.F.,.F.,(4,3,3,3,3,4),(0.,0.208363986980512,0.415870195378656,
0.618095626237444,0.81180430677574,1.),.UNSPECIFIED.);
#365=B_SPLINE_CURVE_WITH_KNOTS('',3,(#12520,#12521,#12522,#12523,#12524,
#12525,#12526,#12527,#12528,#12529,#12530,#12531,#12532,#12533,#12534,#12535,
#12536,#12537,#12538),.UNSPECIFIED.,.F.,.F.,(4,3,3,3,3,3,4),(0.,0.20690912785608,
0.400112791123936,0.599203486689568,0.800563223918525,0.962540688775952,
1.),.UNSPECIFIED.);
#366=B_SPLINE_CURVE_WITH_KNOTS('',3,(#12551,#12552,#12553,#12554,#12555,
#12556,#12557,#12558,#12559,#12560,#12561,#12562,#12563,#12564,#12565,#12566,
#12567,#12568,#12569),.UNSPECIFIED.,.F.,.F.,(4,3,3,3,3,3,4),(0.,0.00122427259229771,
0.188164264997144,0.381880444781744,0.584113704604683,0.791627946407168,
1.),.UNSPECIFIED.);
#367=B_SPLINE_CURVE_WITH_KNOTS('',3,(#12570,#12571,#12572,#12573,#12574,
#12575,#12576,#12577,#12578,#12579,#12580,#12581,#12582,#12583,#12584,#12585,
#12586,#12587,#12588),.UNSPECIFIED.,.F.,.F.,(4,3,3,3,3,3,4),(0.,0.0597148213169783,
0.254861051072457,0.444272580482044,0.629626688400442,0.814604145520799,
1.),.UNSPECIFIED.);
#368=B_SPLINE_CURVE_WITH_KNOTS('',3,(#12601,#12602,#12603,#12604,#12605,
#12606,#12607,#12608,#12609,#12610,#12611,#12612,#12613,#12614,#12615,#12616,
#12617,#12618,#12619),.UNSPECIFIED.,.F.,.F.,(4,3,3,3,3,3,4),(0.,0.00122427259229685,
0.188164264997143,0.381880444781747,0.584113704604683,0.79162794640717,
1.),.UNSPECIFIED.);
#369=B_SPLINE_CURVE_WITH_KNOTS('',3,(#12620,#12621,#12622,#12623,#12624,
#12625,#12626,#12627,#12628,#12629,#12630,#12631,#12632,#12633,#12634,#12635,
#12636,#12637,#12638),.UNSPECIFIED.,.F.,.F.,(4,3,3,3,3,3,4),(0.,0.0597148213169796,
0.254861051072457,0.444272580482042,0.629626688400446,0.8146041455208,1.),
 .UNSPECIFIED.);
#370=B_SPLINE_CURVE_WITH_KNOTS('',3,(#13541,#13542,#13543,#13544,#13545,
#13546,#13547,#13548,#13549,#13550,#13551,#13552,#13553,#13554,#13555,#13556),
 .UNSPECIFIED.,.F.,.F.,(4,3,3,3,3,4),(0.,0.135316205497187,0.349917917894342,
0.56604987352142,0.783052861260449,1.),.UNSPECIFIED.);
#371=B_SPLINE_CURVE_WITH_KNOTS('',3,(#13564,#13565,#13566,#13567,#13568,
#13569,#13570,#13571,#13572,#13573,#13574,#13575,#13576,#13577,#13578,#13579),
 .UNSPECIFIED.,.F.,.F.,(4,3,3,3,3,4),(0.,0.145275802854801,0.360285921490259,
0.573910964830219,0.786936633484945,1.),.UNSPECIFIED.);
#372=B_SPLINE_CURVE_WITH_KNOTS('',3,(#13583,#13584,#13585,#13586,#13587,
#13588,#13589,#13590,#13591,#13592,#13593,#13594,#13595,#13596,#13597,#13598),
 .UNSPECIFIED.,.F.,.F.,(4,3,3,3,3,4),(0.,0.135316205497186,0.349917917894343,
0.566049873521419,0.783052861260448,1.),.UNSPECIFIED.);
#373=B_SPLINE_CURVE_WITH_KNOTS('',3,(#13606,#13607,#13608,#13609,#13610,
#13611,#13612,#13613,#13614,#13615,#13616,#13617,#13618,#13619,#13620,#13621),
 .UNSPECIFIED.,.F.,.F.,(4,3,3,3,3,4),(0.,0.21694713873955,0.433950126478579,
0.650082082105656,0.864683794502809,1.),.UNSPECIFIED.);
#374=B_SPLINE_CURVE_WITH_KNOTS('',3,(#13634,#13635,#13636,#13637,#13638,
#13639,#13640,#13641,#13642,#13643,#13644,#13645,#13646,#13647,#13648,#13649),
 .UNSPECIFIED.,.F.,.F.,(4,3,3,3,3,4),(0.,0.135316205497191,0.349917917894345,
0.566049873521422,0.78305286126045,1.),.UNSPECIFIED.);
#375=B_SPLINE_CURVE_WITH_KNOTS('',3,(#13657,#13658,#13659,#13660,#13661,
#13662,#13663,#13664,#13665,#13666,#13667,#13668,#13669,#13670,#13671,#13672),
 .UNSPECIFIED.,.F.,.F.,(4,3,3,3,3,4),(0.,0.145275802854798,0.360285921490259,
0.573910964830218,0.786936633484945,1.),.UNSPECIFIED.);
#376=B_SPLINE_CURVE_WITH_KNOTS('',3,(#13676,#13677,#13678,#13679,#13680,
#13681,#13682,#13683,#13684,#13685,#13686,#13687,#13688,#13689,#13690,#13691),
 .UNSPECIFIED.,.F.,.F.,(4,3,3,3,3,4),(0.,0.135316205497185,0.349917917894342,
0.56604987352142,0.783052861260448,1.),.UNSPECIFIED.);
#377=B_SPLINE_CURVE_WITH_KNOTS('',3,(#13699,#13700,#13701,#13702,#13703,
#13704,#13705,#13706,#13707,#13708,#13709,#13710,#13711,#13712,#13713,#13714),
 .UNSPECIFIED.,.F.,.F.,(4,3,3,3,3,4),(0.,0.145275802854799,0.360285921490259,
0.573910964830218,0.786936633484945,1.),.UNSPECIFIED.);
#378=B_SPLINE_CURVE_WITH_KNOTS('',3,(#13903,#13904,#13905,#13906,#13907,
#13908,#13909,#13910,#13911,#13912,#13913,#13914,#13915,#13916,#13917,#13918),
 .UNSPECIFIED.,.F.,.F.,(4,3,3,3,3,4),(0.,0.21694713873955,0.433950126478578,
0.650082082105656,0.864683794502804,1.),.UNSPECIFIED.);
#379=B_SPLINE_CURVE_WITH_KNOTS('',3,(#13926,#13927,#13928,#13929,#13930,
#13931,#13932,#13933,#13934,#13935,#13936,#13937,#13938,#13939,#13940,#13941),
 .UNSPECIFIED.,.F.,.F.,(4,3,3,3,3,4),(0.,0.213063366515054,0.426089035169783,
0.639714078509738,0.854724197145197,1.),.UNSPECIFIED.);
#380=B_SPLINE_CURVE_WITH_KNOTS('',3,(#13945,#13946,#13947,#13948,#13949,
#13950,#13951,#13952,#13953,#13954,#13955,#13956,#13957,#13958,#13959,#13960),
 .UNSPECIFIED.,.F.,.F.,(4,3,3,3,3,4),(0.,0.216947138739554,0.433950126478584,
0.650082082105662,0.864683794502815,1.),.UNSPECIFIED.);
#381=B_SPLINE_CURVE_WITH_KNOTS('',3,(#13968,#13969,#13970,#13971,#13972,
#13973,#13974,#13975,#13976,#13977,#13978,#13979,#13980,#13981,#13982,#13983),
 .UNSPECIFIED.,.F.,.F.,(4,3,3,3,3,4),(0.,0.213063366515056,0.426089035169783,
0.639714078509742,0.854724197145201,1.),.UNSPECIFIED.);
#382=B_SPLINE_CURVE_WITH_KNOTS('',3,(#13996,#13997,#13998,#13999,#14000,
#14001,#14002,#14003,#14004,#14005,#14006,#14007,#14008,#14009,#14010,#14011),
 .UNSPECIFIED.,.F.,.F.,(4,3,3,3,3,4),(0.,0.216947138739548,0.433950126478575,
0.650082082105656,0.864683794502811,1.),.UNSPECIFIED.);
#383=B_SPLINE_CURVE_WITH_KNOTS('',3,(#14019,#14020,#14021,#14022,#14023,
#14024,#14025,#14026,#14027,#14028,#14029,#14030,#14031,#14032,#14033,#14034),
 .UNSPECIFIED.,.F.,.F.,(4,3,3,3,3,4),(0.,0.213063366515055,0.42608903516978,
0.639714078509741,0.8547241971452,1.),.UNSPECIFIED.);
#384=B_SPLINE_CURVE_WITH_KNOTS('',3,(#14038,#14039,#14040,#14041,#14042,
#14043,#14044,#14045,#14046,#14047,#14048,#14049,#14050,#14051,#14052,#14053),
 .UNSPECIFIED.,.F.,.F.,(4,3,3,3,3,4),(0.,0.216947138739552,0.43395012647858,
0.65008208210566,0.864683794502815,1.),.UNSPECIFIED.);
#385=B_SPLINE_CURVE_WITH_KNOTS('',3,(#14061,#14062,#14063,#14064,#14065,
#14066,#14067,#14068,#14069,#14070,#14071,#14072,#14073,#14074,#14075,#14076),
 .UNSPECIFIED.,.F.,.F.,(4,3,3,3,3,4),(0.,0.135316205497189,0.349917917894345,
0.566049873521423,0.783052861260449,1.),.UNSPECIFIED.);
#386=TOROIDAL_SURFACE('',#6348,13.,0.5);
#387=TOROIDAL_SURFACE('',#6350,12.,0.5);
#388=TOROIDAL_SURFACE('',#6353,9.99999999999999,0.5);
#389=TOROIDAL_SURFACE('',#6356,9.99999999999999,0.5);
#390=TOROIDAL_SURFACE('',#6359,9.99999999999999,0.5);
#391=TOROIDAL_SURFACE('',#6362,9.99999999999999,0.5);
#392=TOROIDAL_SURFACE('',#6363,12.,0.5);
#393=TOROIDAL_SURFACE('',#6364,12.,0.5);
#394=TOROIDAL_SURFACE('',#6365,12.,0.5);
#395=TOROIDAL_SURFACE('',#6395,13.,0.5);
#396=TOROIDAL_SURFACE('',#6397,12.,0.5);
#397=TOROIDAL_SURFACE('',#6400,9.99999999999999,0.5);
#398=TOROIDAL_SURFACE('',#6403,9.99999999999999,0.5);
#399=TOROIDAL_SURFACE('',#6406,9.99999999999999,0.5);
#400=TOROIDAL_SURFACE('',#6409,9.99999999999999,0.5);
#401=TOROIDAL_SURFACE('',#6410,12.,0.5);
#402=TOROIDAL_SURFACE('',#6411,12.,0.5);
#403=TOROIDAL_SURFACE('',#6412,12.,0.5);
#404=TOROIDAL_SURFACE('',#6639,10.0306001173407,0.25);
#405=TOROIDAL_SURFACE('',#6641,1.,0.25);
#406=TOROIDAL_SURFACE('',#6648,1.,0.25);
#407=TOROIDAL_SURFACE('',#6650,1.,0.25);
#408=TOROIDAL_SURFACE('',#6657,1.,0.25);
#409=TOROIDAL_SURFACE('',#6659,10.0306001173407,0.25);
#410=TOROIDAL_SURFACE('',#6667,10.0306001173407,0.25);
#411=TOROIDAL_SURFACE('',#6669,1.,0.25);
#412=TOROIDAL_SURFACE('',#6676,1.,0.25);
#413=TOROIDAL_SURFACE('',#6678,1.,0.25);
#414=TOROIDAL_SURFACE('',#6685,1.,0.25);
#415=TOROIDAL_SURFACE('',#6687,10.0306001173407,0.25);
#416=TOROIDAL_SURFACE('',#6695,10.0306001173407,0.25);
#417=TOROIDAL_SURFACE('',#6697,1.,0.25);
#418=TOROIDAL_SURFACE('',#6704,1.,0.25);
#419=TOROIDAL_SURFACE('',#6706,1.,0.25);
#420=TOROIDAL_SURFACE('',#6713,1.,0.25);
#421=TOROIDAL_SURFACE('',#6715,10.0306001173407,0.25);
#422=TOROIDAL_SURFACE('',#6723,10.0306001173407,0.25);
#423=TOROIDAL_SURFACE('',#6725,1.,0.25);
#424=TOROIDAL_SURFACE('',#6732,1.,0.25);
#425=TOROIDAL_SURFACE('',#6734,1.,0.25);
#426=TOROIDAL_SURFACE('',#6741,1.,0.25);
#427=TOROIDAL_SURFACE('',#6743,10.0306001173407,0.25);
#428=TOROIDAL_SURFACE('',#6751,10.0306001173407,0.25);
#429=TOROIDAL_SURFACE('',#6753,1.,0.25);
#430=TOROIDAL_SURFACE('',#6760,1.,0.25);
#431=TOROIDAL_SURFACE('',#6762,1.,0.25);
#432=TOROIDAL_SURFACE('',#6769,1.,0.25);
#433=TOROIDAL_SURFACE('',#6771,10.0306001173407,0.25);
#434=TOROIDAL_SURFACE('',#6779,10.0306001173407,0.25);
#435=TOROIDAL_SURFACE('',#6781,1.,0.25);
#436=TOROIDAL_SURFACE('',#6788,1.,0.25);
#437=TOROIDAL_SURFACE('',#6790,1.,0.25);
#438=TOROIDAL_SURFACE('',#6797,1.,0.25);
#439=TOROIDAL_SURFACE('',#6799,10.0306001173407,0.25);
#440=TOROIDAL_SURFACE('',#6806,0.5,0.25);
#441=TOROIDAL_SURFACE('',#6810,0.5,0.25);
#442=TOROIDAL_SURFACE('',#6817,0.5,0.25);
#443=TOROIDAL_SURFACE('',#6821,0.5,0.25);
#444=TOROIDAL_SURFACE('',#6828,0.5,0.25);
#445=TOROIDAL_SURFACE('',#6832,0.5,0.25);
#446=TOROIDAL_SURFACE('',#6839,0.5,0.25);
#447=TOROIDAL_SURFACE('',#6843,0.5,0.25);
#448=TOROIDAL_SURFACE('',#6850,0.5,0.25);
#449=TOROIDAL_SURFACE('',#6854,0.5,0.25);
#450=TOROIDAL_SURFACE('',#6861,0.5,0.25);
#451=TOROIDAL_SURFACE('',#6865,0.5,0.25);
#452=TOROIDAL_SURFACE('',#6872,0.5,0.25);
#453=TOROIDAL_SURFACE('',#6876,0.5,0.25);
#454=TOROIDAL_SURFACE('',#6883,0.5,0.25);
#455=TOROIDAL_SURFACE('',#6887,0.5,0.25);
#456=TOROIDAL_SURFACE('',#6894,0.5,0.25);
#457=TOROIDAL_SURFACE('',#6898,0.5,0.25);
#458=TOROIDAL_SURFACE('',#6905,0.5,0.25);
#459=TOROIDAL_SURFACE('',#6909,0.5,0.25);
#460=TOROIDAL_SURFACE('',#6916,0.5,0.25);
#461=TOROIDAL_SURFACE('',#6920,0.5,0.25);
#462=TOROIDAL_SURFACE('',#6927,0.5,0.25);
#463=TOROIDAL_SURFACE('',#6931,0.5,0.25);
#464=TOROIDAL_SURFACE('',#6934,17.5,0.5);
#465=TOROIDAL_SURFACE('',#6935,12.,0.5);
#466=PLANE('',#6326);
#467=PLANE('',#6332);
#468=PLANE('',#6338);
#469=PLANE('',#6344);
#470=PLANE('',#6368);
#471=PLANE('',#6374);
#472=PLANE('',#6380);
#473=PLANE('',#6386);
#474=PLANE('',#6392);
#475=PLANE('',#6418);
#476=PLANE('',#6489);
#477=PLANE('',#6490);
#478=PLANE('',#6491);
#479=PLANE('',#6492);
#480=PLANE('',#6495);
#481=PLANE('',#6496);
#482=PLANE('',#6497);
#483=PLANE('',#6498);
#484=PLANE('',#6501);
#485=PLANE('',#6502);
#486=PLANE('',#6503);
#487=PLANE('',#6504);
#488=PLANE('',#6507);
#489=PLANE('',#6508);
#490=PLANE('',#6509);
#491=PLANE('',#6510);
#492=PLANE('',#6513);
#493=PLANE('',#6514);
#494=PLANE('',#6515);
#495=PLANE('',#6516);
#496=PLANE('',#6519);
#497=PLANE('',#6520);
#498=PLANE('',#6521);
#499=PLANE('',#6522);
#500=PLANE('',#6525);
#501=PLANE('',#6526);
#502=PLANE('',#6527);
#503=PLANE('',#6528);
#504=PLANE('',#6531);
#505=PLANE('',#6532);
#506=PLANE('',#6533);
#507=PLANE('',#6534);
#508=PLANE('',#6537);
#509=PLANE('',#6538);
#510=PLANE('',#6539);
#511=PLANE('',#6540);
#512=PLANE('',#6543);
#513=PLANE('',#6544);
#514=PLANE('',#6545);
#515=PLANE('',#6546);
#516=PLANE('',#6549);
#517=PLANE('',#6550);
#518=PLANE('',#6551);
#519=PLANE('',#6552);
#520=PLANE('',#6555);
#521=PLANE('',#6556);
#522=PLANE('',#6557);
#523=PLANE('',#6558);
#524=PLANE('',#6561);
#525=PLANE('',#6939);
#526=PLANE('',#6940);
#527=PLANE('',#6941);
#528=PLANE('',#6944);
#529=PLANE('',#6947);
#530=PLANE('',#7012);
#531=PLANE('',#7013);
#532=PLANE('',#7014);
#533=PLANE('',#7017);
#534=PLANE('',#7020);
#535=ADVANCED_FACE('',(#1098),#949,.T.);
#536=ADVANCED_FACE('',(#1099),#466,.T.);
#537=ADVANCED_FACE('',(#1100),#950,.T.);
#538=ADVANCED_FACE('',(#1101),#467,.T.);
#539=ADVANCED_FACE('',(#1102),#951,.T.);
#540=ADVANCED_FACE('',(#1103),#468,.T.);
#541=ADVANCED_FACE('',(#1104),#952,.T.);
#542=ADVANCED_FACE('',(#1105),#469,.T.);
#543=ADVANCED_FACE('',(#1106),#386,.F.);
#544=ADVANCED_FACE('',(#1107),#387,.T.);
#545=ADVANCED_FACE('',(#1108),#388,.F.);
#546=ADVANCED_FACE('',(#1109),#389,.F.);
#547=ADVANCED_FACE('',(#1110),#390,.F.);
#548=ADVANCED_FACE('',(#1111),#391,.F.);
#549=ADVANCED_FACE('',(#1112),#392,.T.);
#550=ADVANCED_FACE('',(#1113),#393,.T.);
#551=ADVANCED_FACE('',(#1114),#394,.T.);
#552=ADVANCED_FACE('',(#162,#163),#470,.T.);
#553=ADVANCED_FACE('',(#1115),#953,.T.);
#554=ADVANCED_FACE('',(#1116),#471,.T.);
#555=ADVANCED_FACE('',(#1117),#954,.T.);
#556=ADVANCED_FACE('',(#1118),#472,.T.);
#557=ADVANCED_FACE('',(#1119),#955,.T.);
#558=ADVANCED_FACE('',(#1120),#473,.T.);
#559=ADVANCED_FACE('',(#1121),#956,.T.);
#560=ADVANCED_FACE('',(#1122),#474,.T.);
#561=ADVANCED_FACE('',(#1123),#395,.F.);
#562=ADVANCED_FACE('',(#1124),#396,.T.);
#563=ADVANCED_FACE('',(#1125),#397,.F.);
#564=ADVANCED_FACE('',(#1126),#398,.F.);
#565=ADVANCED_FACE('',(#1127),#399,.F.);
#566=ADVANCED_FACE('',(#1128),#400,.F.);
#567=ADVANCED_FACE('',(#1129),#401,.T.);
#568=ADVANCED_FACE('',(#1130),#402,.T.);
#569=ADVANCED_FACE('',(#1131),#403,.T.);
#570=ADVANCED_FACE('',(#164,#165),#957,.F.);
#571=ADVANCED_FACE('',(#166,#167),#475,.T.);
#572=ADVANCED_FACE('',(#168,#169),#958,.T.);
#573=ADVANCED_FACE('',(#170,#171),#959,.T.);
#574=ADVANCED_FACE('',(#172,#173),#158,.T.);
#575=ADVANCED_FACE('',(#174,#175),#476,.T.);
#576=ADVANCED_FACE('',(#1132),#477,.F.);
#577=ADVANCED_FACE('',(#1133),#478,.F.);
#578=ADVANCED_FACE('',(#1134),#479,.F.);
#579=ADVANCED_FACE('',(#1135),#480,.T.);
#580=ADVANCED_FACE('',(#1136),#481,.F.);
#581=ADVANCED_FACE('',(#1137),#482,.F.);
#582=ADVANCED_FACE('',(#1138),#483,.F.);
#583=ADVANCED_FACE('',(#1139),#484,.T.);
#584=ADVANCED_FACE('',(#1140),#485,.F.);
#585=ADVANCED_FACE('',(#1141),#486,.F.);
#586=ADVANCED_FACE('',(#1142),#487,.F.);
#587=ADVANCED_FACE('',(#1143),#488,.T.);
#588=ADVANCED_FACE('',(#1144),#489,.F.);
#589=ADVANCED_FACE('',(#1145),#490,.F.);
#590=ADVANCED_FACE('',(#1146),#491,.F.);
#591=ADVANCED_FACE('',(#1147),#492,.T.);
#592=ADVANCED_FACE('',(#1148),#493,.F.);
#593=ADVANCED_FACE('',(#1149),#494,.F.);
#594=ADVANCED_FACE('',(#1150),#495,.F.);
#595=ADVANCED_FACE('',(#1151),#496,.T.);
#596=ADVANCED_FACE('',(#1152),#497,.F.);
#597=ADVANCED_FACE('',(#1153),#498,.F.);
#598=ADVANCED_FACE('',(#1154),#499,.F.);
#599=ADVANCED_FACE('',(#1155),#500,.T.);
#600=ADVANCED_FACE('',(#1156),#501,.F.);
#601=ADVANCED_FACE('',(#1157),#502,.F.);
#602=ADVANCED_FACE('',(#1158),#503,.F.);
#603=ADVANCED_FACE('',(#1159),#504,.T.);
#604=ADVANCED_FACE('',(#1160),#505,.F.);
#605=ADVANCED_FACE('',(#1161),#506,.F.);
#606=ADVANCED_FACE('',(#1162),#507,.F.);
#607=ADVANCED_FACE('',(#1163),#508,.T.);
#608=ADVANCED_FACE('',(#1164),#509,.F.);
#609=ADVANCED_FACE('',(#1165),#510,.F.);
#610=ADVANCED_FACE('',(#1166),#511,.F.);
#611=ADVANCED_FACE('',(#1167),#512,.T.);
#612=ADVANCED_FACE('',(#1168),#513,.F.);
#613=ADVANCED_FACE('',(#1169),#514,.F.);
#614=ADVANCED_FACE('',(#1170),#515,.F.);
#615=ADVANCED_FACE('',(#1171),#516,.T.);
#616=ADVANCED_FACE('',(#1172),#517,.F.);
#617=ADVANCED_FACE('',(#1173),#518,.F.);
#618=ADVANCED_FACE('',(#1174),#519,.F.);
#619=ADVANCED_FACE('',(#1175),#520,.T.);
#620=ADVANCED_FACE('',(#1176),#521,.F.);
#621=ADVANCED_FACE('',(#1177),#522,.F.);
#622=ADVANCED_FACE('',(#1178),#523,.F.);
#623=ADVANCED_FACE('',(#1179),#524,.T.);
#624=ADVANCED_FACE('',(#1180),#960,.F.);
#625=ADVANCED_FACE('',(#1181),#961,.F.);
#626=ADVANCED_FACE('',(#1182),#962,.F.);
#627=ADVANCED_FACE('',(#1183),#963,.F.);
#628=ADVANCED_FACE('',(#1184),#964,.F.);
#629=ADVANCED_FACE('',(#1185),#965,.F.);
#630=ADVANCED_FACE('',(#1186),#966,.F.);
#631=ADVANCED_FACE('',(#1187),#967,.F.);
#632=ADVANCED_FACE('',(#1188),#968,.F.);
#633=ADVANCED_FACE('',(#1189),#969,.F.);
#634=ADVANCED_FACE('',(#1190),#970,.F.);
#635=ADVANCED_FACE('',(#1191),#971,.F.);
#636=ADVANCED_FACE('',(#1192),#972,.F.);
#637=ADVANCED_FACE('',(#1193),#973,.F.);
#638=ADVANCED_FACE('',(#1194),#974,.F.);
#639=ADVANCED_FACE('',(#1195),#975,.F.);
#640=ADVANCED_FACE('',(#1196),#976,.F.);
#641=ADVANCED_FACE('',(#1197),#977,.F.);
#642=ADVANCED_FACE('',(#1198),#978,.F.);
#643=ADVANCED_FACE('',(#1199),#979,.F.);
#644=ADVANCED_FACE('',(#1200),#980,.F.);
#645=ADVANCED_FACE('',(#1201),#981,.F.);
#646=ADVANCED_FACE('',(#1202),#982,.F.);
#647=ADVANCED_FACE('',(#1203),#983,.F.);
#648=ADVANCED_FACE('',(#1204),#66,.T.);
#649=ADVANCED_FACE('',(#1205),#67,.T.);
#650=ADVANCED_FACE('',(#1206),#68,.T.);
#651=ADVANCED_FACE('',(#1207),#69,.T.);
#652=ADVANCED_FACE('',(#1208),#70,.T.);
#653=ADVANCED_FACE('',(#1209),#71,.T.);
#654=ADVANCED_FACE('',(#1210),#72,.T.);
#655=ADVANCED_FACE('',(#1211),#73,.T.);
#656=ADVANCED_FACE('',(#1212),#74,.T.);
#657=ADVANCED_FACE('',(#1213),#75,.T.);
#658=ADVANCED_FACE('',(#1214),#76,.T.);
#659=ADVANCED_FACE('',(#1215),#77,.T.);
#660=ADVANCED_FACE('',(#1216),#78,.T.);
#661=ADVANCED_FACE('',(#1217),#79,.T.);
#662=ADVANCED_FACE('',(#1218),#80,.T.);
#663=ADVANCED_FACE('',(#1219),#81,.T.);
#664=ADVANCED_FACE('',(#1220),#82,.T.);
#665=ADVANCED_FACE('',(#1221),#83,.T.);
#666=ADVANCED_FACE('',(#1222),#84,.T.);
#667=ADVANCED_FACE('',(#1223),#85,.T.);
#668=ADVANCED_FACE('',(#1224),#86,.T.);
#669=ADVANCED_FACE('',(#1225),#87,.T.);
#670=ADVANCED_FACE('',(#1226),#88,.T.);
#671=ADVANCED_FACE('',(#1227),#89,.T.);
#672=ADVANCED_FACE('',(#1228),#90,.T.);
#673=ADVANCED_FACE('',(#1229),#984,.T.);
#674=ADVANCED_FACE('',(#1230),#404,.T.);
#675=ADVANCED_FACE('',(#1231),#405,.T.);
#676=ADVANCED_FACE('',(#1232),#91,.T.);
#677=ADVANCED_FACE('',(#1233),#985,.T.);
#678=ADVANCED_FACE('',(#1234),#986,.T.);
#679=ADVANCED_FACE('',(#1235),#406,.T.);
#680=ADVANCED_FACE('',(#1236),#407,.T.);
#681=ADVANCED_FACE('',(#1237),#987,.T.);
#682=ADVANCED_FACE('',(#1238),#988,.T.);
#683=ADVANCED_FACE('',(#1239),#92,.T.);
#684=ADVANCED_FACE('',(#1240),#408,.T.);
#685=ADVANCED_FACE('',(#1241),#409,.T.);
#686=ADVANCED_FACE('',(#1242),#989,.T.);
#687=ADVANCED_FACE('',(#1243),#93,.T.);
#688=ADVANCED_FACE('',(#1244),#94,.T.);
#689=ADVANCED_FACE('',(#1245),#990,.T.);
#690=ADVANCED_FACE('',(#1246),#410,.T.);
#691=ADVANCED_FACE('',(#1247),#411,.T.);
#692=ADVANCED_FACE('',(#1248),#95,.T.);
#693=ADVANCED_FACE('',(#1249),#991,.T.);
#694=ADVANCED_FACE('',(#1250),#992,.T.);
#695=ADVANCED_FACE('',(#1251),#412,.T.);
#696=ADVANCED_FACE('',(#1252),#413,.T.);
#697=ADVANCED_FACE('',(#1253),#993,.T.);
#698=ADVANCED_FACE('',(#1254),#994,.T.);
#699=ADVANCED_FACE('',(#1255),#96,.T.);
#700=ADVANCED_FACE('',(#1256),#414,.T.);
#701=ADVANCED_FACE('',(#1257),#415,.T.);
#702=ADVANCED_FACE('',(#1258),#995,.T.);
#703=ADVANCED_FACE('',(#1259),#97,.T.);
#704=ADVANCED_FACE('',(#1260),#98,.T.);
#705=ADVANCED_FACE('',(#1261),#996,.T.);
#706=ADVANCED_FACE('',(#1262),#416,.T.);
#707=ADVANCED_FACE('',(#1263),#417,.T.);
#708=ADVANCED_FACE('',(#1264),#99,.T.);
#709=ADVANCED_FACE('',(#1265),#997,.T.);
#710=ADVANCED_FACE('',(#1266),#998,.T.);
#711=ADVANCED_FACE('',(#1267),#418,.T.);
#712=ADVANCED_FACE('',(#1268),#419,.T.);
#713=ADVANCED_FACE('',(#1269),#999,.T.);
#714=ADVANCED_FACE('',(#1270),#1000,.T.);
#715=ADVANCED_FACE('',(#1271),#100,.T.);
#716=ADVANCED_FACE('',(#1272),#420,.T.);
#717=ADVANCED_FACE('',(#1273),#421,.T.);
#718=ADVANCED_FACE('',(#1274),#1001,.T.);
#719=ADVANCED_FACE('',(#1275),#101,.T.);
#720=ADVANCED_FACE('',(#1276),#102,.T.);
#721=ADVANCED_FACE('',(#1277),#1002,.T.);
#722=ADVANCED_FACE('',(#1278),#422,.T.);
#723=ADVANCED_FACE('',(#1279),#423,.T.);
#724=ADVANCED_FACE('',(#1280),#103,.T.);
#725=ADVANCED_FACE('',(#1281),#1003,.T.);
#726=ADVANCED_FACE('',(#1282),#1004,.T.);
#727=ADVANCED_FACE('',(#1283),#424,.T.);
#728=ADVANCED_FACE('',(#1284),#425,.T.);
#729=ADVANCED_FACE('',(#1285),#1005,.T.);
#730=ADVANCED_FACE('',(#1286),#1006,.T.);
#731=ADVANCED_FACE('',(#1287),#104,.T.);
#732=ADVANCED_FACE('',(#1288),#426,.T.);
#733=ADVANCED_FACE('',(#1289),#427,.T.);
#734=ADVANCED_FACE('',(#1290),#1007,.T.);
#735=ADVANCED_FACE('',(#1291),#105,.T.);
#736=ADVANCED_FACE('',(#1292),#106,.T.);
#737=ADVANCED_FACE('',(#1293),#1008,.T.);
#738=ADVANCED_FACE('',(#1294),#428,.T.);
#739=ADVANCED_FACE('',(#1295),#429,.T.);
#740=ADVANCED_FACE('',(#1296),#107,.T.);
#741=ADVANCED_FACE('',(#1297),#1009,.T.);
#742=ADVANCED_FACE('',(#1298),#1010,.T.);
#743=ADVANCED_FACE('',(#1299),#430,.T.);
#744=ADVANCED_FACE('',(#1300),#431,.T.);
#745=ADVANCED_FACE('',(#1301),#1011,.T.);
#746=ADVANCED_FACE('',(#1302),#1012,.T.);
#747=ADVANCED_FACE('',(#1303),#108,.T.);
#748=ADVANCED_FACE('',(#1304),#432,.T.);
#749=ADVANCED_FACE('',(#1305),#433,.T.);
#750=ADVANCED_FACE('',(#1306),#1013,.T.);
#751=ADVANCED_FACE('',(#1307),#109,.T.);
#752=ADVANCED_FACE('',(#1308),#110,.T.);
#753=ADVANCED_FACE('',(#1309),#1014,.T.);
#754=ADVANCED_FACE('',(#1310),#434,.T.);
#755=ADVANCED_FACE('',(#1311),#435,.T.);
#756=ADVANCED_FACE('',(#1312),#111,.T.);
#757=ADVANCED_FACE('',(#1313),#1015,.T.);
#758=ADVANCED_FACE('',(#1314),#1016,.T.);
#759=ADVANCED_FACE('',(#1315),#436,.T.);
#760=ADVANCED_FACE('',(#1316),#437,.T.);
#761=ADVANCED_FACE('',(#1317),#1017,.T.);
#762=ADVANCED_FACE('',(#1318),#1018,.T.);
#763=ADVANCED_FACE('',(#1319),#112,.T.);
#764=ADVANCED_FACE('',(#1320),#438,.T.);
#765=ADVANCED_FACE('',(#1321),#439,.T.);
#766=ADVANCED_FACE('',(#1322),#1019,.T.);
#767=ADVANCED_FACE('',(#1323),#113,.T.);
#768=ADVANCED_FACE('',(#1324),#114,.T.);
#769=ADVANCED_FACE('',(#1325),#1020,.F.);
#770=ADVANCED_FACE('',(#1326),#440,.F.);
#771=ADVANCED_FACE('',(#1327),#1021,.F.);
#772=ADVANCED_FACE('',(#1328),#441,.F.);
#773=ADVANCED_FACE('',(#1329),#1022,.F.);
#774=ADVANCED_FACE('',(#1330),#115,.T.);
#775=ADVANCED_FACE('',(#1331),#116,.T.);
#776=ADVANCED_FACE('',(#1332),#1023,.F.);
#777=ADVANCED_FACE('',(#1333),#442,.F.);
#778=ADVANCED_FACE('',(#1334),#1024,.F.);
#779=ADVANCED_FACE('',(#1335),#443,.F.);
#780=ADVANCED_FACE('',(#1336),#1025,.F.);
#781=ADVANCED_FACE('',(#1337),#117,.T.);
#782=ADVANCED_FACE('',(#1338),#118,.T.);
#783=ADVANCED_FACE('',(#1339),#1026,.F.);
#784=ADVANCED_FACE('',(#1340),#444,.F.);
#785=ADVANCED_FACE('',(#1341),#1027,.F.);
#786=ADVANCED_FACE('',(#1342),#445,.F.);
#787=ADVANCED_FACE('',(#1343),#1028,.F.);
#788=ADVANCED_FACE('',(#1344),#119,.T.);
#789=ADVANCED_FACE('',(#1345),#120,.T.);
#790=ADVANCED_FACE('',(#1346),#1029,.F.);
#791=ADVANCED_FACE('',(#1347),#446,.F.);
#792=ADVANCED_FACE('',(#1348),#1030,.F.);
#793=ADVANCED_FACE('',(#1349),#447,.F.);
#794=ADVANCED_FACE('',(#1350),#1031,.F.);
#795=ADVANCED_FACE('',(#1351),#121,.T.);
#796=ADVANCED_FACE('',(#1352),#122,.T.);
#797=ADVANCED_FACE('',(#1353),#1032,.F.);
#798=ADVANCED_FACE('',(#1354),#448,.F.);
#799=ADVANCED_FACE('',(#1355),#1033,.F.);
#800=ADVANCED_FACE('',(#1356),#449,.F.);
#801=ADVANCED_FACE('',(#1357),#1034,.F.);
#802=ADVANCED_FACE('',(#1358),#123,.T.);
#803=ADVANCED_FACE('',(#1359),#124,.T.);
#804=ADVANCED_FACE('',(#1360),#1035,.F.);
#805=ADVANCED_FACE('',(#1361),#450,.F.);
#806=ADVANCED_FACE('',(#1362),#1036,.F.);
#807=ADVANCED_FACE('',(#1363),#451,.F.);
#808=ADVANCED_FACE('',(#1364),#1037,.F.);
#809=ADVANCED_FACE('',(#1365),#125,.T.);
#810=ADVANCED_FACE('',(#1366),#126,.T.);
#811=ADVANCED_FACE('',(#1367),#1038,.F.);
#812=ADVANCED_FACE('',(#1368),#452,.F.);
#813=ADVANCED_FACE('',(#1369),#1039,.F.);
#814=ADVANCED_FACE('',(#1370),#453,.F.);
#815=ADVANCED_FACE('',(#1371),#1040,.F.);
#816=ADVANCED_FACE('',(#1372),#127,.T.);
#817=ADVANCED_FACE('',(#1373),#128,.T.);
#818=ADVANCED_FACE('',(#1374),#1041,.F.);
#819=ADVANCED_FACE('',(#1375),#454,.F.);
#820=ADVANCED_FACE('',(#1376),#1042,.F.);
#821=ADVANCED_FACE('',(#1377),#455,.F.);
#822=ADVANCED_FACE('',(#1378),#1043,.F.);
#823=ADVANCED_FACE('',(#1379),#129,.T.);
#824=ADVANCED_FACE('',(#1380),#130,.T.);
#825=ADVANCED_FACE('',(#1381),#1044,.F.);
#826=ADVANCED_FACE('',(#1382),#456,.F.);
#827=ADVANCED_FACE('',(#1383),#1045,.F.);
#828=ADVANCED_FACE('',(#1384),#457,.F.);
#829=ADVANCED_FACE('',(#1385),#1046,.F.);
#830=ADVANCED_FACE('',(#1386),#131,.T.);
#831=ADVANCED_FACE('',(#1387),#132,.T.);
#832=ADVANCED_FACE('',(#1388),#1047,.F.);
#833=ADVANCED_FACE('',(#1389),#458,.F.);
#834=ADVANCED_FACE('',(#1390),#1048,.F.);
#835=ADVANCED_FACE('',(#1391),#459,.F.);
#836=ADVANCED_FACE('',(#1392),#1049,.F.);
#837=ADVANCED_FACE('',(#1393),#133,.T.);
#838=ADVANCED_FACE('',(#1394),#134,.T.);
#839=ADVANCED_FACE('',(#1395),#1050,.F.);
#840=ADVANCED_FACE('',(#1396),#460,.F.);
#841=ADVANCED_FACE('',(#1397),#1051,.F.);
#842=ADVANCED_FACE('',(#1398),#461,.F.);
#843=ADVANCED_FACE('',(#1399),#1052,.F.);
#844=ADVANCED_FACE('',(#1400),#135,.T.);
#845=ADVANCED_FACE('',(#1401),#136,.T.);
#846=ADVANCED_FACE('',(#1402),#1053,.F.);
#847=ADVANCED_FACE('',(#1403),#462,.F.);
#848=ADVANCED_FACE('',(#1404),#1054,.F.);
#849=ADVANCED_FACE('',(#1405),#463,.F.);
#850=ADVANCED_FACE('',(#1406),#1055,.F.);
#851=ADVANCED_FACE('',(#1407),#137,.T.);
#852=ADVANCED_FACE('',(#176,#177),#464,.T.);
#853=ADVANCED_FACE('',(#178,#179),#465,.T.);
#854=ADVANCED_FACE('',(#180,#181),#159,.F.);
#855=ADVANCED_FACE('',(#182,#183),#160,.F.);
#856=ADVANCED_FACE('',(#184,#185),#161,.T.);
#857=ADVANCED_FACE('',(#1408),#525,.F.);
#858=ADVANCED_FACE('',(#1409),#526,.T.);
#859=ADVANCED_FACE('',(#1410),#527,.T.);
#860=ADVANCED_FACE('',(#1411),#528,.T.);
#861=ADVANCED_FACE('',(#1412),#529,.F.);
#862=ADVANCED_FACE('',(#1413),#1056,.F.);
#863=ADVANCED_FACE('',(#1414),#34,.F.);
#864=ADVANCED_FACE('',(#1415),#1057,.F.);
#865=ADVANCED_FACE('',(#1416),#138,.T.);
#866=ADVANCED_FACE('',(#1417),#1058,.F.);
#867=ADVANCED_FACE('',(#1418),#35,.F.);
#868=ADVANCED_FACE('',(#1419),#1059,.F.);
#869=ADVANCED_FACE('',(#1420),#36,.F.);
#870=ADVANCED_FACE('',(#1421),#1060,.F.);
#871=ADVANCED_FACE('',(#1422),#139,.T.);
#872=ADVANCED_FACE('',(#1423),#1061,.F.);
#873=ADVANCED_FACE('',(#1424),#140,.T.);
#874=ADVANCED_FACE('',(#1425),#1062,.F.);
#875=ADVANCED_FACE('',(#1426),#37,.F.);
#876=ADVANCED_FACE('',(#1427),#1063,.F.);
#877=ADVANCED_FACE('',(#1428),#38,.F.);
#878=ADVANCED_FACE('',(#1429),#1064,.F.);
#879=ADVANCED_FACE('',(#1430),#141,.T.);
#880=ADVANCED_FACE('',(#1431),#1065,.F.);
#881=ADVANCED_FACE('',(#1432),#39,.F.);
#882=ADVANCED_FACE('',(#1433),#1066,.F.);
#883=ADVANCED_FACE('',(#1434),#142,.T.);
#884=ADVANCED_FACE('',(#1435),#1067,.F.);
#885=ADVANCED_FACE('',(#1436),#40,.F.);
#886=ADVANCED_FACE('',(#1437),#1068,.F.);
#887=ADVANCED_FACE('',(#1438),#41,.F.);
#888=ADVANCED_FACE('',(#1439),#1069,.F.);
#889=ADVANCED_FACE('',(#1440),#143,.T.);
#890=ADVANCED_FACE('',(#1441),#1070,.F.);
#891=ADVANCED_FACE('',(#1442),#144,.T.);
#892=ADVANCED_FACE('',(#1443),#1071,.F.);
#893=ADVANCED_FACE('',(#1444),#42,.F.);
#894=ADVANCED_FACE('',(#1445),#1072,.F.);
#895=ADVANCED_FACE('',(#1446),#43,.F.);
#896=ADVANCED_FACE('',(#1447),#1073,.F.);
#897=ADVANCED_FACE('',(#1448),#145,.T.);
#898=ADVANCED_FACE('',(#1449),#530,.T.);
#899=ADVANCED_FACE('',(#1450),#531,.F.);
#900=ADVANCED_FACE('',(#1451),#532,.F.);
#901=ADVANCED_FACE('',(#1452),#533,.F.);
#902=ADVANCED_FACE('',(#1453),#534,.F.);
#903=ADVANCED_FACE('',(#1454),#1074,.F.);
#904=ADVANCED_FACE('',(#1455),#44,.F.);
#905=ADVANCED_FACE('',(#1456),#1075,.F.);
#906=ADVANCED_FACE('',(#1457),#146,.T.);
#907=ADVANCED_FACE('',(#1458),#1076,.F.);
#908=ADVANCED_FACE('',(#1459),#45,.F.);
#909=ADVANCED_FACE('',(#1460),#1077,.F.);
#910=ADVANCED_FACE('',(#1461),#46,.F.);
#911=ADVANCED_FACE('',(#1462),#1078,.F.);
#912=ADVANCED_FACE('',(#1463),#147,.T.);
#913=ADVANCED_FACE('',(#1464),#1079,.F.);
#914=ADVANCED_FACE('',(#1465),#148,.T.);
#915=ADVANCED_FACE('',(#1466),#1080,.F.);
#916=ADVANCED_FACE('',(#1467),#47,.F.);
#917=ADVANCED_FACE('',(#1468),#1081,.F.);
#918=ADVANCED_FACE('',(#1469),#48,.F.);
#919=ADVANCED_FACE('',(#1470),#1082,.F.);
#920=ADVANCED_FACE('',(#1471),#149,.T.);
#921=ADVANCED_FACE('',(#1472),#1083,.F.);
#922=ADVANCED_FACE('',(#1473),#49,.F.);
#923=ADVANCED_FACE('',(#1474),#1084,.F.);
#924=ADVANCED_FACE('',(#1475),#150,.T.);
#925=ADVANCED_FACE('',(#1476),#1085,.F.);
#926=ADVANCED_FACE('',(#1477),#50,.F.);
#927=ADVANCED_FACE('',(#1478),#1086,.F.);
#928=ADVANCED_FACE('',(#1479),#51,.F.);
#929=ADVANCED_FACE('',(#1480),#1087,.F.);
#930=ADVANCED_FACE('',(#1481),#151,.T.);
#931=ADVANCED_FACE('',(#1482),#1088,.F.);
#932=ADVANCED_FACE('',(#1483),#152,.T.);
#933=ADVANCED_FACE('',(#1484),#1089,.F.);
#934=ADVANCED_FACE('',(#1485),#52,.F.);
#935=ADVANCED_FACE('',(#1486),#1090,.F.);
#936=ADVANCED_FACE('',(#1487),#53,.F.);
#937=ADVANCED_FACE('',(#1488),#1091,.F.);
#938=ADVANCED_FACE('',(#1489),#153,.T.);
#939=ADVANCED_FACE('',(#1490),#1092,.F.);
#940=ADVANCED_FACE('',(#1491),#1093,.F.);
#941=ADVANCED_FACE('',(#1492),#1094,.T.);
#942=ADVANCED_FACE('',(#1493),#154,.T.);
#943=ADVANCED_FACE('',(#1494),#1095,.T.);
#944=ADVANCED_FACE('',(#1495),#155,.T.);
#945=ADVANCED_FACE('',(#1496),#1096,.T.);
#946=ADVANCED_FACE('',(#1497),#156,.T.);
#947=ADVANCED_FACE('',(#1498),#1097,.T.);
#948=ADVANCED_FACE('',(#1499),#157,.T.);
#949=CYLINDRICAL_SURFACE('',#6323,12.5);
#950=CYLINDRICAL_SURFACE('',#6329,9.49999999999999);
#951=CYLINDRICAL_SURFACE('',#6335,12.5);
#952=CYLINDRICAL_SURFACE('',#6341,9.49999999999999);
#953=CYLINDRICAL_SURFACE('',#6371,12.5);
#954=CYLINDRICAL_SURFACE('',#6377,9.49999999999999);
#955=CYLINDRICAL_SURFACE('',#6383,12.5);
#956=CYLINDRICAL_SURFACE('',#6389,9.49999999999999);
#957=CYLINDRICAL_SURFACE('',#6415,6.);
#958=CYLINDRICAL_SURFACE('',#6421,18.);
#959=CYLINDRICAL_SURFACE('',#6425,12.5);
#960=CYLINDRICAL_SURFACE('',#6564,0.75);
#961=CYLINDRICAL_SURFACE('',#6567,0.75);
#962=CYLINDRICAL_SURFACE('',#6570,0.75);
#963=CYLINDRICAL_SURFACE('',#6573,0.75);
#964=CYLINDRICAL_SURFACE('',#6576,0.75);
#965=CYLINDRICAL_SURFACE('',#6579,0.75);
#966=CYLINDRICAL_SURFACE('',#6582,0.75);
#967=CYLINDRICAL_SURFACE('',#6585,0.75);
#968=CYLINDRICAL_SURFACE('',#6588,0.75);
#969=CYLINDRICAL_SURFACE('',#6591,0.75);
#970=CYLINDRICAL_SURFACE('',#6594,0.75);
#971=CYLINDRICAL_SURFACE('',#6597,0.75);
#972=CYLINDRICAL_SURFACE('',#6600,0.75);
#973=CYLINDRICAL_SURFACE('',#6603,0.75);
#974=CYLINDRICAL_SURFACE('',#6606,0.75);
#975=CYLINDRICAL_SURFACE('',#6609,0.75);
#976=CYLINDRICAL_SURFACE('',#6612,0.75);
#977=CYLINDRICAL_SURFACE('',#6615,0.75);
#978=CYLINDRICAL_SURFACE('',#6618,0.75);
#979=CYLINDRICAL_SURFACE('',#6621,0.75);
#980=CYLINDRICAL_SURFACE('',#6624,0.75);
#981=CYLINDRICAL_SURFACE('',#6627,0.75);
#982=CYLINDRICAL_SURFACE('',#6630,0.75);
#983=CYLINDRICAL_SURFACE('',#6633,0.75);
#984=CYLINDRICAL_SURFACE('',#6637,0.25);
#985=CYLINDRICAL_SURFACE('',#6644,0.25);
#986=CYLINDRICAL_SURFACE('',#6646,0.25);
#987=CYLINDRICAL_SURFACE('',#6652,0.25);
#988=CYLINDRICAL_SURFACE('',#6654,0.25);
#989=CYLINDRICAL_SURFACE('',#6661,0.25);
#990=CYLINDRICAL_SURFACE('',#6665,0.25);
#991=CYLINDRICAL_SURFACE('',#6672,0.25);
#992=CYLINDRICAL_SURFACE('',#6674,0.25);
#993=CYLINDRICAL_SURFACE('',#6680,0.25);
#994=CYLINDRICAL_SURFACE('',#6682,0.25);
#995=CYLINDRICAL_SURFACE('',#6689,0.25);
#996=CYLINDRICAL_SURFACE('',#6693,0.25);
#997=CYLINDRICAL_SURFACE('',#6700,0.25);
#998=CYLINDRICAL_SURFACE('',#6702,0.25);
#999=CYLINDRICAL_SURFACE('',#6708,0.25);
#1000=CYLINDRICAL_SURFACE('',#6710,0.25);
#1001=CYLINDRICAL_SURFACE('',#6717,0.25);
#1002=CYLINDRICAL_SURFACE('',#6721,0.25);
#1003=CYLINDRICAL_SURFACE('',#6728,0.25);
#1004=CYLINDRICAL_SURFACE('',#6730,0.25);
#1005=CYLINDRICAL_SURFACE('',#6736,0.25);
#1006=CYLINDRICAL_SURFACE('',#6738,0.25);
#1007=CYLINDRICAL_SURFACE('',#6745,0.25);
#1008=CYLINDRICAL_SURFACE('',#6749,0.25);
#1009=CYLINDRICAL_SURFACE('',#6756,0.25);
#1010=CYLINDRICAL_SURFACE('',#6758,0.25);
#1011=CYLINDRICAL_SURFACE('',#6764,0.25);
#1012=CYLINDRICAL_SURFACE('',#6766,0.25);
#1013=CYLINDRICAL_SURFACE('',#6773,0.25);
#1014=CYLINDRICAL_SURFACE('',#6777,0.25);
#1015=CYLINDRICAL_SURFACE('',#6784,0.25);
#1016=CYLINDRICAL_SURFACE('',#6786,0.25);
#1017=CYLINDRICAL_SURFACE('',#6792,0.25);
#1018=CYLINDRICAL_SURFACE('',#6794,0.25);
#1019=CYLINDRICAL_SURFACE('',#6801,0.25);
#1020=CYLINDRICAL_SURFACE('',#6804,0.25);
#1021=CYLINDRICAL_SURFACE('',#6808,0.25);
#1022=CYLINDRICAL_SURFACE('',#6812,0.25);
#1023=CYLINDRICAL_SURFACE('',#6815,0.25);
#1024=CYLINDRICAL_SURFACE('',#6819,0.25);
#1025=CYLINDRICAL_SURFACE('',#6823,0.25);
#1026=CYLINDRICAL_SURFACE('',#6826,0.25);
#1027=CYLINDRICAL_SURFACE('',#6830,0.25);
#1028=CYLINDRICAL_SURFACE('',#6834,0.25);
#1029=CYLINDRICAL_SURFACE('',#6837,0.25);
#1030=CYLINDRICAL_SURFACE('',#6841,0.25);
#1031=CYLINDRICAL_SURFACE('',#6845,0.25);
#1032=CYLINDRICAL_SURFACE('',#6848,0.25);
#1033=CYLINDRICAL_SURFACE('',#6852,0.25);
#1034=CYLINDRICAL_SURFACE('',#6856,0.25);
#1035=CYLINDRICAL_SURFACE('',#6859,0.25);
#1036=CYLINDRICAL_SURFACE('',#6863,0.25);
#1037=CYLINDRICAL_SURFACE('',#6867,0.25);
#1038=CYLINDRICAL_SURFACE('',#6870,0.25);
#1039=CYLINDRICAL_SURFACE('',#6874,0.25);
#1040=CYLINDRICAL_SURFACE('',#6878,0.25);
#1041=CYLINDRICAL_SURFACE('',#6881,0.25);
#1042=CYLINDRICAL_SURFACE('',#6885,0.25);
#1043=CYLINDRICAL_SURFACE('',#6889,0.25);
#1044=CYLINDRICAL_SURFACE('',#6892,0.25);
#1045=CYLINDRICAL_SURFACE('',#6896,0.25);
#1046=CYLINDRICAL_SURFACE('',#6900,0.25);
#1047=CYLINDRICAL_SURFACE('',#6903,0.25);
#1048=CYLINDRICAL_SURFACE('',#6907,0.25);
#1049=CYLINDRICAL_SURFACE('',#6911,0.25);
#1050=CYLINDRICAL_SURFACE('',#6914,0.25);
#1051=CYLINDRICAL_SURFACE('',#6918,0.25);
#1052=CYLINDRICAL_SURFACE('',#6922,0.25);
#1053=CYLINDRICAL_SURFACE('',#6925,0.25);
#1054=CYLINDRICAL_SURFACE('',#6929,0.25);
#1055=CYLINDRICAL_SURFACE('',#6933,0.25);
#1056=CYLINDRICAL_SURFACE('',#6950,0.5);
#1057=CYLINDRICAL_SURFACE('',#6954,0.5);
#1058=CYLINDRICAL_SURFACE('',#6957,0.5);
#1059=CYLINDRICAL_SURFACE('',#6961,0.5);
#1060=CYLINDRICAL_SURFACE('',#6965,0.5);
#1061=CYLINDRICAL_SURFACE('',#6968,0.5);
#1062=CYLINDRICAL_SURFACE('',#6971,0.5);
#1063=CYLINDRICAL_SURFACE('',#6975,0.5);
#1064=CYLINDRICAL_SURFACE('',#6979,0.5);
#1065=CYLINDRICAL_SURFACE('',#6982,0.5);
#1066=CYLINDRICAL_SURFACE('',#6986,0.5);
#1067=CYLINDRICAL_SURFACE('',#6989,0.5);
#1068=CYLINDRICAL_SURFACE('',#6993,0.5);
#1069=CYLINDRICAL_SURFACE('',#6997,0.5);
#1070=CYLINDRICAL_SURFACE('',#7000,0.5);
#1071=CYLINDRICAL_SURFACE('',#7003,0.5);
#1072=CYLINDRICAL_SURFACE('',#7007,0.5);
#1073=CYLINDRICAL_SURFACE('',#7011,0.5);
#1074=CYLINDRICAL_SURFACE('',#7023,0.5);
#1075=CYLINDRICAL_SURFACE('',#7027,0.5);
#1076=CYLINDRICAL_SURFACE('',#7030,0.5);
#1077=CYLINDRICAL_SURFACE('',#7034,0.5);
#1078=CYLINDRICAL_SURFACE('',#7038,0.5);
#1079=CYLINDRICAL_SURFACE('',#7041,0.5);
#1080=CYLINDRICAL_SURFACE('',#7044,0.5);
#1081=CYLINDRICAL_SURFACE('',#7048,0.5);
#1082=CYLINDRICAL_SURFACE('',#7052,0.5);
#1083=CYLINDRICAL_SURFACE('',#7055,0.5);
#1084=CYLINDRICAL_SURFACE('',#7059,0.5);
#1085=CYLINDRICAL_SURFACE('',#7062,0.5);
#1086=CYLINDRICAL_SURFACE('',#7066,0.5);
#1087=CYLINDRICAL_SURFACE('',#7070,0.5);
#1088=CYLINDRICAL_SURFACE('',#7073,0.5);
#1089=CYLINDRICAL_SURFACE('',#7076,0.5);
#1090=CYLINDRICAL_SURFACE('',#7080,0.5);
#1091=CYLINDRICAL_SURFACE('',#7084,0.5);
#1092=CYLINDRICAL_SURFACE('',#7087,0.5);
#1093=CYLINDRICAL_SURFACE('',#7090,0.5);
#1094=CYLINDRICAL_SURFACE('',#7092,0.5);
#1095=CYLINDRICAL_SURFACE('',#7094,0.5);
#1096=CYLINDRICAL_SURFACE('',#7096,0.5);
#1097=CYLINDRICAL_SURFACE('',#7098,0.5);
#1098=FACE_OUTER_BOUND('',#1500,.T.);
#1099=FACE_OUTER_BOUND('',#1501,.T.);
#1100=FACE_OUTER_BOUND('',#1502,.T.);
#1101=FACE_OUTER_BOUND('',#1503,.T.);
#1102=FACE_OUTER_BOUND('',#1504,.T.);
#1103=FACE_OUTER_BOUND('',#1505,.T.);
#1104=FACE_OUTER_BOUND('',#1506,.T.);
#1105=FACE_OUTER_BOUND('',#1507,.T.);
#1106=FACE_OUTER_BOUND('',#1508,.T.);
#1107=FACE_OUTER_BOUND('',#1509,.T.);
#1108=FACE_OUTER_BOUND('',#1510,.T.);
#1109=FACE_OUTER_BOUND('',#1511,.T.);
#1110=FACE_OUTER_BOUND('',#1512,.T.);
#1111=FACE_OUTER_BOUND('',#1513,.T.);
#1112=FACE_OUTER_BOUND('',#1514,.T.);
#1113=FACE_OUTER_BOUND('',#1515,.T.);
#1114=FACE_OUTER_BOUND('',#1516,.T.);
#1115=FACE_OUTER_BOUND('',#1519,.T.);
#1116=FACE_OUTER_BOUND('',#1520,.T.);
#1117=FACE_OUTER_BOUND('',#1521,.T.);
#1118=FACE_OUTER_BOUND('',#1522,.T.);
#1119=FACE_OUTER_BOUND('',#1523,.T.);
#1120=FACE_OUTER_BOUND('',#1524,.T.);
#1121=FACE_OUTER_BOUND('',#1525,.T.);
#1122=FACE_OUTER_BOUND('',#1526,.T.);
#1123=FACE_OUTER_BOUND('',#1527,.T.);
#1124=FACE_OUTER_BOUND('',#1528,.T.);
#1125=FACE_OUTER_BOUND('',#1529,.T.);
#1126=FACE_OUTER_BOUND('',#1530,.T.);
#1127=FACE_OUTER_BOUND('',#1531,.T.);
#1128=FACE_OUTER_BOUND('',#1532,.T.);
#1129=FACE_OUTER_BOUND('',#1533,.T.);
#1130=FACE_OUTER_BOUND('',#1534,.T.);
#1131=FACE_OUTER_BOUND('',#1535,.T.);
#1132=FACE_OUTER_BOUND('',#1548,.T.);
#1133=FACE_OUTER_BOUND('',#1549,.T.);
#1134=FACE_OUTER_BOUND('',#1550,.T.);
#1135=FACE_OUTER_BOUND('',#1551,.T.);
#1136=FACE_OUTER_BOUND('',#1552,.T.);
#1137=FACE_OUTER_BOUND('',#1553,.T.);
#1138=FACE_OUTER_BOUND('',#1554,.T.);
#1139=FACE_OUTER_BOUND('',#1555,.T.);
#1140=FACE_OUTER_BOUND('',#1556,.T.);
#1141=FACE_OUTER_BOUND('',#1557,.T.);
#1142=FACE_OUTER_BOUND('',#1558,.T.);
#1143=FACE_OUTER_BOUND('',#1559,.T.);
#1144=FACE_OUTER_BOUND('',#1560,.T.);
#1145=FACE_OUTER_BOUND('',#1561,.T.);
#1146=FACE_OUTER_BOUND('',#1562,.T.);
#1147=FACE_OUTER_BOUND('',#1563,.T.);
#1148=FACE_OUTER_BOUND('',#1564,.T.);
#1149=FACE_OUTER_BOUND('',#1565,.T.);
#1150=FACE_OUTER_BOUND('',#1566,.T.);
#1151=FACE_OUTER_BOUND('',#1567,.T.);
#1152=FACE_OUTER_BOUND('',#1568,.T.);
#1153=FACE_OUTER_BOUND('',#1569,.T.);
#1154=FACE_OUTER_BOUND('',#1570,.T.);
#1155=FACE_OUTER_BOUND('',#1571,.T.);
#1156=FACE_OUTER_BOUND('',#1572,.T.);
#1157=FACE_OUTER_BOUND('',#1573,.T.);
#1158=FACE_OUTER_BOUND('',#1574,.T.);
#1159=FACE_OUTER_BOUND('',#1575,.T.);
#1160=FACE_OUTER_BOUND('',#1576,.T.);
#1161=FACE_OUTER_BOUND('',#1577,.T.);
#1162=FACE_OUTER_BOUND('',#1578,.T.);
#1163=FACE_OUTER_BOUND('',#1579,.T.);
#1164=FACE_OUTER_BOUND('',#1580,.T.);
#1165=FACE_OUTER_BOUND('',#1581,.T.);
#1166=FACE_OUTER_BOUND('',#1582,.T.);
#1167=FACE_OUTER_BOUND('',#1583,.T.);
#1168=FACE_OUTER_BOUND('',#1584,.T.);
#1169=FACE_OUTER_BOUND('',#1585,.T.);
#1170=FACE_OUTER_BOUND('',#1586,.T.);
#1171=FACE_OUTER_BOUND('',#1587,.T.);
#1172=FACE_OUTER_BOUND('',#1588,.T.);
#1173=FACE_OUTER_BOUND('',#1589,.T.);
#1174=FACE_OUTER_BOUND('',#1590,.T.);
#1175=FACE_OUTER_BOUND('',#1591,.T.);
#1176=FACE_OUTER_BOUND('',#1592,.T.);
#1177=FACE_OUTER_BOUND('',#1593,.T.);
#1178=FACE_OUTER_BOUND('',#1594,.T.);
#1179=FACE_OUTER_BOUND('',#1595,.T.);
#1180=FACE_OUTER_BOUND('',#1596,.T.);
#1181=FACE_OUTER_BOUND('',#1597,.T.);
#1182=FACE_OUTER_BOUND('',#1598,.T.);
#1183=FACE_OUTER_BOUND('',#1599,.T.);
#1184=FACE_OUTER_BOUND('',#1600,.T.);
#1185=FACE_OUTER_BOUND('',#1601,.T.);
#1186=FACE_OUTER_BOUND('',#1602,.T.);
#1187=FACE_OUTER_BOUND('',#1603,.T.);
#1188=FACE_OUTER_BOUND('',#1604,.T.);
#1189=FACE_OUTER_BOUND('',#1605,.T.);
#1190=FACE_OUTER_BOUND('',#1606,.T.);
#1191=FACE_OUTER_BOUND('',#1607,.T.);
#1192=FACE_OUTER_BOUND('',#1608,.T.);
#1193=FACE_OUTER_BOUND('',#1609,.T.);
#1194=FACE_OUTER_BOUND('',#1610,.T.);
#1195=FACE_OUTER_BOUND('',#1611,.T.);
#1196=FACE_OUTER_BOUND('',#1612,.T.);
#1197=FACE_OUTER_BOUND('',#1613,.T.);
#1198=FACE_OUTER_BOUND('',#1614,.T.);
#1199=FACE_OUTER_BOUND('',#1615,.T.);
#1200=FACE_OUTER_BOUND('',#1616,.T.);
#1201=FACE_OUTER_BOUND('',#1617,.T.);
#1202=FACE_OUTER_BOUND('',#1618,.T.);
#1203=FACE_OUTER_BOUND('',#1619,.T.);
#1204=FACE_OUTER_BOUND('',#1620,.T.);
#1205=FACE_OUTER_BOUND('',#1621,.T.);
#1206=FACE_OUTER_BOUND('',#1622,.T.);
#1207=FACE_OUTER_BOUND('',#1623,.T.);
#1208=FACE_OUTER_BOUND('',#1624,.T.);
#1209=FACE_OUTER_BOUND('',#1625,.T.);
#1210=FACE_OUTER_BOUND('',#1626,.T.);
#1211=FACE_OUTER_BOUND('',#1627,.T.);
#1212=FACE_OUTER_BOUND('',#1628,.T.);
#1213=FACE_OUTER_BOUND('',#1629,.T.);
#1214=FACE_OUTER_BOUND('',#1630,.T.);
#1215=FACE_OUTER_BOUND('',#1631,.T.);
#1216=FACE_OUTER_BOUND('',#1632,.T.);
#1217=FACE_OUTER_BOUND('',#1633,.T.);
#1218=FACE_OUTER_BOUND('',#1634,.T.);
#1219=FACE_OUTER_BOUND('',#1635,.T.);
#1220=FACE_OUTER_BOUND('',#1636,.T.);
#1221=FACE_OUTER_BOUND('',#1637,.T.);
#1222=FACE_OUTER_BOUND('',#1638,.T.);
#1223=FACE_OUTER_BOUND('',#1639,.T.);
#1224=FACE_OUTER_BOUND('',#1640,.T.);
#1225=FACE_OUTER_BOUND('',#1641,.T.);
#1226=FACE_OUTER_BOUND('',#1642,.T.);
#1227=FACE_OUTER_BOUND('',#1643,.T.);
#1228=FACE_OUTER_BOUND('',#1644,.T.);
#1229=FACE_OUTER_BOUND('',#1645,.T.);
#1230=FACE_OUTER_BOUND('',#1646,.T.);
#1231=FACE_OUTER_BOUND('',#1647,.T.);
#1232=FACE_OUTER_BOUND('',#1648,.T.);
#1233=FACE_OUTER_BOUND('',#1649,.T.);
#1234=FACE_OUTER_BOUND('',#1650,.T.);
#1235=FACE_OUTER_BOUND('',#1651,.T.);
#1236=FACE_OUTER_BOUND('',#1652,.T.);
#1237=FACE_OUTER_BOUND('',#1653,.T.);
#1238=FACE_OUTER_BOUND('',#1654,.T.);
#1239=FACE_OUTER_BOUND('',#1655,.T.);
#1240=FACE_OUTER_BOUND('',#1656,.T.);
#1241=FACE_OUTER_BOUND('',#1657,.T.);
#1242=FACE_OUTER_BOUND('',#1658,.T.);
#1243=FACE_OUTER_BOUND('',#1659,.T.);
#1244=FACE_OUTER_BOUND('',#1660,.T.);
#1245=FACE_OUTER_BOUND('',#1661,.T.);
#1246=FACE_OUTER_BOUND('',#1662,.T.);
#1247=FACE_OUTER_BOUND('',#1663,.T.);
#1248=FACE_OUTER_BOUND('',#1664,.T.);
#1249=FACE_OUTER_BOUND('',#1665,.T.);
#1250=FACE_OUTER_BOUND('',#1666,.T.);
#1251=FACE_OUTER_BOUND('',#1667,.T.);
#1252=FACE_OUTER_BOUND('',#1668,.T.);
#1253=FACE_OUTER_BOUND('',#1669,.T.);
#1254=FACE_OUTER_BOUND('',#1670,.T.);
#1255=FACE_OUTER_BOUND('',#1671,.T.);
#1256=FACE_OUTER_BOUND('',#1672,.T.);
#1257=FACE_OUTER_BOUND('',#1673,.T.);
#1258=FACE_OUTER_BOUND('',#1674,.T.);
#1259=FACE_OUTER_BOUND('',#1675,.T.);
#1260=FACE_OUTER_BOUND('',#1676,.T.);
#1261=FACE_OUTER_BOUND('',#1677,.T.);
#1262=FACE_OUTER_BOUND('',#1678,.T.);
#1263=FACE_OUTER_BOUND('',#1679,.T.);
#1264=FACE_OUTER_BOUND('',#1680,.T.);
#1265=FACE_OUTER_BOUND('',#1681,.T.);
#1266=FACE_OUTER_BOUND('',#1682,.T.);
#1267=FACE_OUTER_BOUND('',#1683,.T.);
#1268=FACE_OUTER_BOUND('',#1684,.T.);
#1269=FACE_OUTER_BOUND('',#1685,.T.);
#1270=FACE_OUTER_BOUND('',#1686,.T.);
#1271=FACE_OUTER_BOUND('',#1687,.T.);
#1272=FACE_OUTER_BOUND('',#1688,.T.);
#1273=FACE_OUTER_BOUND('',#1689,.T.);
#1274=FACE_OUTER_BOUND('',#1690,.T.);
#1275=FACE_OUTER_BOUND('',#1691,.T.);
#1276=FACE_OUTER_BOUND('',#1692,.T.);
#1277=FACE_OUTER_BOUND('',#1693,.T.);
#1278=FACE_OUTER_BOUND('',#1694,.T.);
#1279=FACE_OUTER_BOUND('',#1695,.T.);
#1280=FACE_OUTER_BOUND('',#1696,.T.);
#1281=FACE_OUTER_BOUND('',#1697,.T.);
#1282=FACE_OUTER_BOUND('',#1698,.T.);
#1283=FACE_OUTER_BOUND('',#1699,.T.);
#1284=FACE_OUTER_BOUND('',#1700,.T.);
#1285=FACE_OUTER_BOUND('',#1701,.T.);
#1286=FACE_OUTER_BOUND('',#1702,.T.);
#1287=FACE_OUTER_BOUND('',#1703,.T.);
#1288=FACE_OUTER_BOUND('',#1704,.T.);
#1289=FACE_OUTER_BOUND('',#1705,.T.);
#1290=FACE_OUTER_BOUND('',#1706,.T.);
#1291=FACE_OUTER_BOUND('',#1707,.T.);
#1292=FACE_OUTER_BOUND('',#1708,.T.);
#1293=FACE_OUTER_BOUND('',#1709,.T.);
#1294=FACE_OUTER_BOUND('',#1710,.T.);
#1295=FACE_OUTER_BOUND('',#1711,.T.);
#1296=FACE_OUTER_BOUND('',#1712,.T.);
#1297=FACE_OUTER_BOUND('',#1713,.T.);
#1298=FACE_OUTER_BOUND('',#1714,.T.);
#1299=FACE_OUTER_BOUND('',#1715,.T.);
#1300=FACE_OUTER_BOUND('',#1716,.T.);
#1301=FACE_OUTER_BOUND('',#1717,.T.);
#1302=FACE_OUTER_BOUND('',#1718,.T.);
#1303=FACE_OUTER_BOUND('',#1719,.T.);
#1304=FACE_OUTER_BOUND('',#1720,.T.);
#1305=FACE_OUTER_BOUND('',#1721,.T.);
#1306=FACE_OUTER_BOUND('',#1722,.T.);
#1307=FACE_OUTER_BOUND('',#1723,.T.);
#1308=FACE_OUTER_BOUND('',#1724,.T.);
#1309=FACE_OUTER_BOUND('',#1725,.T.);
#1310=FACE_OUTER_BOUND('',#1726,.T.);
#1311=FACE_OUTER_BOUND('',#1727,.T.);
#1312=FACE_OUTER_BOUND('',#1728,.T.);
#1313=FACE_OUTER_BOUND('',#1729,.T.);
#1314=FACE_OUTER_BOUND('',#1730,.T.);
#1315=FACE_OUTER_BOUND('',#1731,.T.);
#1316=FACE_OUTER_BOUND('',#1732,.T.);
#1317=FACE_OUTER_BOUND('',#1733,.T.);
#1318=FACE_OUTER_BOUND('',#1734,.T.);
#1319=FACE_OUTER_BOUND('',#1735,.T.);
#1320=FACE_OUTER_BOUND('',#1736,.T.);
#1321=FACE_OUTER_BOUND('',#1737,.T.);
#1322=FACE_OUTER_BOUND('',#1738,.T.);
#1323=FACE_OUTER_BOUND('',#1739,.T.);
#1324=FACE_OUTER_BOUND('',#1740,.T.);
#1325=FACE_OUTER_BOUND('',#1741,.T.);
#1326=FACE_OUTER_BOUND('',#1742,.T.);
#1327=FACE_OUTER_BOUND('',#1743,.T.);
#1328=FACE_OUTER_BOUND('',#1744,.T.);
#1329=FACE_OUTER_BOUND('',#1745,.T.);
#1330=FACE_OUTER_BOUND('',#1746,.T.);
#1331=FACE_OUTER_BOUND('',#1747,.T.);
#1332=FACE_OUTER_BOUND('',#1748,.T.);
#1333=FACE_OUTER_BOUND('',#1749,.T.);
#1334=FACE_OUTER_BOUND('',#1750,.T.);
#1335=FACE_OUTER_BOUND('',#1751,.T.);
#1336=FACE_OUTER_BOUND('',#1752,.T.);
#1337=FACE_OUTER_BOUND('',#1753,.T.);
#1338=FACE_OUTER_BOUND('',#1754,.T.);
#1339=FACE_OUTER_BOUND('',#1755,.T.);
#1340=FACE_OUTER_BOUND('',#1756,.T.);
#1341=FACE_OUTER_BOUND('',#1757,.T.);
#1342=FACE_OUTER_BOUND('',#1758,.T.);
#1343=FACE_OUTER_BOUND('',#1759,.T.);
#1344=FACE_OUTER_BOUND('',#1760,.T.);
#1345=FACE_OUTER_BOUND('',#1761,.T.);
#1346=FACE_OUTER_BOUND('',#1762,.T.);
#1347=FACE_OUTER_BOUND('',#1763,.T.);
#1348=FACE_OUTER_BOUND('',#1764,.T.);
#1349=FACE_OUTER_BOUND('',#1765,.T.);
#1350=FACE_OUTER_BOUND('',#1766,.T.);
#1351=FACE_OUTER_BOUND('',#1767,.T.);
#1352=FACE_OUTER_BOUND('',#1768,.T.);
#1353=FACE_OUTER_BOUND('',#1769,.T.);
#1354=FACE_OUTER_BOUND('',#1770,.T.);
#1355=FACE_OUTER_BOUND('',#1771,.T.);
#1356=FACE_OUTER_BOUND('',#1772,.T.);
#1357=FACE_OUTER_BOUND('',#1773,.T.);
#1358=FACE_OUTER_BOUND('',#1774,.T.);
#1359=FACE_OUTER_BOUND('',#1775,.T.);
#1360=FACE_OUTER_BOUND('',#1776,.T.);
#1361=FACE_OUTER_BOUND('',#1777,.T.);
#1362=FACE_OUTER_BOUND('',#1778,.T.);
#1363=FACE_OUTER_BOUND('',#1779,.T.);
#1364=FACE_OUTER_BOUND('',#1780,.T.);
#1365=FACE_OUTER_BOUND('',#1781,.T.);
#1366=FACE_OUTER_BOUND('',#1782,.T.);
#1367=FACE_OUTER_BOUND('',#1783,.T.);
#1368=FACE_OUTER_BOUND('',#1784,.T.);
#1369=FACE_OUTER_BOUND('',#1785,.T.);
#1370=FACE_OUTER_BOUND('',#1786,.T.);
#1371=FACE_OUTER_BOUND('',#1787,.T.);
#1372=FACE_OUTER_BOUND('',#1788,.T.);
#1373=FACE_OUTER_BOUND('',#1789,.T.);
#1374=FACE_OUTER_BOUND('',#1790,.T.);
#1375=FACE_OUTER_BOUND('',#1791,.T.);
#1376=FACE_OUTER_BOUND('',#1792,.T.);
#1377=FACE_OUTER_BOUND('',#1793,.T.);
#1378=FACE_OUTER_BOUND('',#1794,.T.);
#1379=FACE_OUTER_BOUND('',#1795,.T.);
#1380=FACE_OUTER_BOUND('',#1796,.T.);
#1381=FACE_OUTER_BOUND('',#1797,.T.);
#1382=FACE_OUTER_BOUND('',#1798,.T.);
#1383=FACE_OUTER_BOUND('',#1799,.T.);
#1384=FACE_OUTER_BOUND('',#1800,.T.);
#1385=FACE_OUTER_BOUND('',#1801,.T.);
#1386=FACE_OUTER_BOUND('',#1802,.T.);
#1387=FACE_OUTER_BOUND('',#1803,.T.);
#1388=FACE_OUTER_BOUND('',#1804,.T.);
#1389=FACE_OUTER_BOUND('',#1805,.T.);
#1390=FACE_OUTER_BOUND('',#1806,.T.);
#1391=FACE_OUTER_BOUND('',#1807,.T.);
#1392=FACE_OUTER_BOUND('',#1808,.T.);
#1393=FACE_OUTER_BOUND('',#1809,.T.);
#1394=FACE_OUTER_BOUND('',#1810,.T.);
#1395=FACE_OUTER_BOUND('',#1811,.T.);
#1396=FACE_OUTER_BOUND('',#1812,.T.);
#1397=FACE_OUTER_BOUND('',#1813,.T.);
#1398=FACE_OUTER_BOUND('',#1814,.T.);
#1399=FACE_OUTER_BOUND('',#1815,.T.);
#1400=FACE_OUTER_BOUND('',#1816,.T.);
#1401=FACE_OUTER_BOUND('',#1817,.T.);
#1402=FACE_OUTER_BOUND('',#1818,.T.);
#1403=FACE_OUTER_BOUND('',#1819,.T.);
#1404=FACE_OUTER_BOUND('',#1820,.T.);
#1405=FACE_OUTER_BOUND('',#1821,.T.);
#1406=FACE_OUTER_BOUND('',#1822,.T.);
#1407=FACE_OUTER_BOUND('',#1823,.T.);
#1408=FACE_OUTER_BOUND('',#1834,.T.);
#1409=FACE_OUTER_BOUND('',#1835,.T.);
#1410=FACE_OUTER_BOUND('',#1836,.T.);
#1411=FACE_OUTER_BOUND('',#1837,.T.);
#1412=FACE_OUTER_BOUND('',#1838,.T.);
#1413=FACE_OUTER_BOUND('',#1839,.T.);
#1414=FACE_OUTER_BOUND('',#1840,.T.);
#1415=FACE_OUTER_BOUND('',#1841,.T.);
#1416=FACE_OUTER_BOUND('',#1842,.T.);
#1417=FACE_OUTER_BOUND('',#1843,.T.);
#1418=FACE_OUTER_BOUND('',#1844,.T.);
#1419=FACE_OUTER_BOUND('',#1845,.T.);
#1420=FACE_OUTER_BOUND('',#1846,.T.);
#1421=FACE_OUTER_BOUND('',#1847,.T.);
#1422=FACE_OUTER_BOUND('',#1848,.T.);
#1423=FACE_OUTER_BOUND('',#1849,.T.);
#1424=FACE_OUTER_BOUND('',#1850,.T.);
#1425=FACE_OUTER_BOUND('',#1851,.T.);
#1426=FACE_OUTER_BOUND('',#1852,.T.);
#1427=FACE_OUTER_BOUND('',#1853,.T.);
#1428=FACE_OUTER_BOUND('',#1854,.T.);
#1429=FACE_OUTER_BOUND('',#1855,.T.);
#1430=FACE_OUTER_BOUND('',#1856,.T.);
#1431=FACE_OUTER_BOUND('',#1857,.T.);
#1432=FACE_OUTER_BOUND('',#1858,.T.);
#1433=FACE_OUTER_BOUND('',#1859,.T.);
#1434=FACE_OUTER_BOUND('',#1860,.T.);
#1435=FACE_OUTER_BOUND('',#1861,.T.);
#1436=FACE_OUTER_BOUND('',#1862,.T.);
#1437=FACE_OUTER_BOUND('',#1863,.T.);
#1438=FACE_OUTER_BOUND('',#1864,.T.);
#1439=FACE_OUTER_BOUND('',#1865,.T.);
#1440=FACE_OUTER_BOUND('',#1866,.T.);
#1441=FACE_OUTER_BOUND('',#1867,.T.);
#1442=FACE_OUTER_BOUND('',#1868,.T.);
#1443=FACE_OUTER_BOUND('',#1869,.T.);
#1444=FACE_OUTER_BOUND('',#1870,.T.);
#1445=FACE_OUTER_BOUND('',#1871,.T.);
#1446=FACE_OUTER_BOUND('',#1872,.T.);
#1447=FACE_OUTER_BOUND('',#1873,.T.);
#1448=FACE_OUTER_BOUND('',#1874,.T.);
#1449=FACE_OUTER_BOUND('',#1875,.T.);
#1450=FACE_OUTER_BOUND('',#1876,.T.);
#1451=FACE_OUTER_BOUND('',#1877,.T.);
#1452=FACE_OUTER_BOUND('',#1878,.T.);
#1453=FACE_OUTER_BOUND('',#1879,.T.);
#1454=FACE_OUTER_BOUND('',#1880,.T.);
#1455=FACE_OUTER_BOUND('',#1881,.T.);
#1456=FACE_OUTER_BOUND('',#1882,.T.);
#1457=FACE_OUTER_BOUND('',#1883,.T.);
#1458=FACE_OUTER_BOUND('',#1884,.T.);
#1459=FACE_OUTER_BOUND('',#1885,.T.);
#1460=FACE_OUTER_BOUND('',#1886,.T.);
#1461=FACE_OUTER_BOUND('',#1887,.T.);
#1462=FACE_OUTER_BOUND('',#1888,.T.);
#1463=FACE_OUTER_BOUND('',#1889,.T.);
#1464=FACE_OUTER_BOUND('',#1890,.T.);
#1465=FACE_OUTER_BOUND('',#1891,.T.);
#1466=FACE_OUTER_BOUND('',#1892,.T.);
#1467=FACE_OUTER_BOUND('',#1893,.T.);
#1468=FACE_OUTER_BOUND('',#1894,.T.);
#1469=FACE_OUTER_BOUND('',#1895,.T.);
#1470=FACE_OUTER_BOUND('',#1896,.T.);
#1471=FACE_OUTER_BOUND('',#1897,.T.);
#1472=FACE_OUTER_BOUND('',#1898,.T.);
#1473=FACE_OUTER_BOUND('',#1899,.T.);
#1474=FACE_OUTER_BOUND('',#1900,.T.);
#1475=FACE_OUTER_BOUND('',#1901,.T.);
#1476=FACE_OUTER_BOUND('',#1902,.T.);
#1477=FACE_OUTER_BOUND('',#1903,.T.);
#1478=FACE_OUTER_BOUND('',#1904,.T.);
#1479=FACE_OUTER_BOUND('',#1905,.T.);
#1480=FACE_OUTER_BOUND('',#1906,.T.);
#1481=FACE_OUTER_BOUND('',#1907,.T.);
#1482=FACE_OUTER_BOUND('',#1908,.T.);
#1483=FACE_OUTER_BOUND('',#1909,.T.);
#1484=FACE_OUTER_BOUND('',#1910,.T.);
#1485=FACE_OUTER_BOUND('',#1911,.T.);
#1486=FACE_OUTER_BOUND('',#1912,.T.);
#1487=FACE_OUTER_BOUND('',#1913,.T.);
#1488=FACE_OUTER_BOUND('',#1914,.T.);
#1489=FACE_OUTER_BOUND('',#1915,.T.);
#1490=FACE_OUTER_BOUND('',#1916,.T.);
#1491=FACE_OUTER_BOUND('',#1917,.T.);
#1492=FACE_OUTER_BOUND('',#1918,.T.);
#1493=FACE_OUTER_BOUND('',#1919,.T.);
#1494=FACE_OUTER_BOUND('',#1920,.T.);
#1495=FACE_OUTER_BOUND('',#1921,.T.);
#1496=FACE_OUTER_BOUND('',#1922,.T.);
#1497=FACE_OUTER_BOUND('',#1923,.T.);
#1498=FACE_OUTER_BOUND('',#1924,.T.);
#1499=FACE_OUTER_BOUND('',#1925,.T.);
#1500=EDGE_LOOP('',(#2502,#2503,#2504,#2505));
#1501=EDGE_LOOP('',(#2506,#2507,#2508,#2509));
#1502=EDGE_LOOP('',(#2510,#2511,#2512,#2513));
#1503=EDGE_LOOP('',(#2514,#2515,#2516,#2517));
#1504=EDGE_LOOP('',(#2518,#2519,#2520,#2521));
#1505=EDGE_LOOP('',(#2522,#2523,#2524,#2525));
#1506=EDGE_LOOP('',(#2526,#2527,#2528,#2529));
#1507=EDGE_LOOP('',(#2530,#2531,#2532,#2533));
#1508=EDGE_LOOP('',(#2534,#2535,#2536,#2537));
#1509=EDGE_LOOP('',(#2538,#2539,#2540,#2541));
#1510=EDGE_LOOP('',(#2542,#2543,#2544,#2545));
#1511=EDGE_LOOP('',(#2546,#2547,#2548,#2549));
#1512=EDGE_LOOP('',(#2550,#2551,#2552,#2553));
#1513=EDGE_LOOP('',(#2554,#2555,#2556,#2557));
#1514=EDGE_LOOP('',(#2558,#2559,#2560,#2561));
#1515=EDGE_LOOP('',(#2562,#2563,#2564,#2565));
#1516=EDGE_LOOP('',(#2566,#2567,#2568,#2569));
#1517=EDGE_LOOP('',(#2570));
#1518=EDGE_LOOP('',(#2571,#2572,#2573,#2574,#2575,#2576,#2577,#2578));
#1519=EDGE_LOOP('',(#2579,#2580,#2581,#2582));
#1520=EDGE_LOOP('',(#2583,#2584,#2585,#2586));
#1521=EDGE_LOOP('',(#2587,#2588,#2589,#2590));
#1522=EDGE_LOOP('',(#2591,#2592,#2593,#2594));
#1523=EDGE_LOOP('',(#2595,#2596,#2597,#2598));
#1524=EDGE_LOOP('',(#2599,#2600,#2601,#2602));
#1525=EDGE_LOOP('',(#2603,#2604,#2605,#2606));
#1526=EDGE_LOOP('',(#2607,#2608,#2609,#2610));
#1527=EDGE_LOOP('',(#2611,#2612,#2613,#2614));
#1528=EDGE_LOOP('',(#2615,#2616,#2617,#2618));
#1529=EDGE_LOOP('',(#2619,#2620,#2621,#2622));
#1530=EDGE_LOOP('',(#2623,#2624,#2625,#2626));
#1531=EDGE_LOOP('',(#2627,#2628,#2629,#2630));
#1532=EDGE_LOOP('',(#2631,#2632,#2633,#2634));
#1533=EDGE_LOOP('',(#2635,#2636,#2637,#2638));
#1534=EDGE_LOOP('',(#2639,#2640,#2641,#2642));
#1535=EDGE_LOOP('',(#2643,#2644,#2645,#2646));
#1536=EDGE_LOOP('',(#2647));
#1537=EDGE_LOOP('',(#2648));
#1538=EDGE_LOOP('',(#2649));
#1539=EDGE_LOOP('',(#2650));
#1540=EDGE_LOOP('',(#2651));
#1541=EDGE_LOOP('',(#2652));
#1542=EDGE_LOOP('',(#2653,#2654,#2655,#2656));
#1543=EDGE_LOOP('',(#2657));
#1544=EDGE_LOOP('',(#2658));
#1545=EDGE_LOOP('',(#2659,#2660,#2661,#2662,#2663,#2664,#2665,#2666,#2667,
#2668,#2669,#2670,#2671,#2672,#2673,#2674,#2675,#2676,#2677,#2678,#2679,
#2680,#2681,#2682,#2683,#2684,#2685,#2686,#2687,#2688,#2689,#2690,#2691,
#2692,#2693,#2694,#2695,#2696,#2697,#2698,#2699,#2700,#2701,#2702,#2703,
#2704,#2705,#2706,#2707,#2708,#2709,#2710,#2711,#2712,#2713,#2714,#2715,
#2716,#2717,#2718,#2719,#2720,#2721,#2722,#2723,#2724,#2725,#2726,#2727,
#2728,#2729,#2730));
#1546=EDGE_LOOP('',(#2731));
#1547=EDGE_LOOP('',(#2732,#2733,#2734,#2735,#2736,#2737,#2738,#2739,#2740,
#2741,#2742,#2743,#2744,#2745,#2746,#2747,#2748,#2749,#2750,#2751,#2752,
#2753,#2754,#2755,#2756,#2757,#2758,#2759,#2760,#2761,#2762,#2763,#2764,
#2765,#2766,#2767,#2768,#2769,#2770,#2771,#2772,#2773,#2774,#2775,#2776,
#2777,#2778,#2779,#2780,#2781,#2782,#2783,#2784,#2785,#2786,#2787,#2788,
#2789,#2790,#2791,#2792,#2793,#2794,#2795,#2796,#2797,#2798,#2799,#2800,
#2801,#2802,#2803,#2804,#2805,#2806,#2807,#2808,#2809,#2810,#2811,#2812,
#2813,#2814,#2815,#2816,#2817,#2818,#2819,#2820,#2821,#2822,#2823,#2824,
#2825,#2826,#2827));
#1548=EDGE_LOOP('',(#2828,#2829,#2830,#2831));
#1549=EDGE_LOOP('',(#2832,#2833,#2834,#2835));
#1550=EDGE_LOOP('',(#2836,#2837,#2838,#2839));
#1551=EDGE_LOOP('',(#2840,#2841,#2842,#2843,#2844,#2845,#2846,#2847));
#1552=EDGE_LOOP('',(#2848,#2849,#2850,#2851));
#1553=EDGE_LOOP('',(#2852,#2853,#2854,#2855));
#1554=EDGE_LOOP('',(#2856,#2857,#2858,#2859));
#1555=EDGE_LOOP('',(#2860,#2861,#2862,#2863,#2864,#2865,#2866,#2867));
#1556=EDGE_LOOP('',(#2868,#2869,#2870,#2871));
#1557=EDGE_LOOP('',(#2872,#2873,#2874,#2875));
#1558=EDGE_LOOP('',(#2876,#2877,#2878,#2879));
#1559=EDGE_LOOP('',(#2880,#2881,#2882,#2883,#2884,#2885,#2886,#2887));
#1560=EDGE_LOOP('',(#2888,#2889,#2890,#2891));
#1561=EDGE_LOOP('',(#2892,#2893,#2894,#2895));
#1562=EDGE_LOOP('',(#2896,#2897,#2898,#2899));
#1563=EDGE_LOOP('',(#2900,#2901,#2902,#2903,#2904,#2905,#2906,#2907));
#1564=EDGE_LOOP('',(#2908,#2909,#2910,#2911));
#1565=EDGE_LOOP('',(#2912,#2913,#2914,#2915));
#1566=EDGE_LOOP('',(#2916,#2917,#2918,#2919));
#1567=EDGE_LOOP('',(#2920,#2921,#2922,#2923,#2924,#2925,#2926,#2927));
#1568=EDGE_LOOP('',(#2928,#2929,#2930,#2931));
#1569=EDGE_LOOP('',(#2932,#2933,#2934,#2935));
#1570=EDGE_LOOP('',(#2936,#2937,#2938,#2939));
#1571=EDGE_LOOP('',(#2940,#2941,#2942,#2943,#2944,#2945,#2946,#2947));
#1572=EDGE_LOOP('',(#2948,#2949,#2950,#2951));
#1573=EDGE_LOOP('',(#2952,#2953,#2954,#2955));
#1574=EDGE_LOOP('',(#2956,#2957,#2958,#2959));
#1575=EDGE_LOOP('',(#2960,#2961,#2962,#2963,#2964,#2965,#2966,#2967));
#1576=EDGE_LOOP('',(#2968,#2969,#2970,#2971));
#1577=EDGE_LOOP('',(#2972,#2973,#2974,#2975));
#1578=EDGE_LOOP('',(#2976,#2977,#2978,#2979));
#1579=EDGE_LOOP('',(#2980,#2981,#2982,#2983,#2984,#2985,#2986,#2987));
#1580=EDGE_LOOP('',(#2988,#2989,#2990,#2991));
#1581=EDGE_LOOP('',(#2992,#2993,#2994,#2995));
#1582=EDGE_LOOP('',(#2996,#2997,#2998,#2999));
#1583=EDGE_LOOP('',(#3000,#3001,#3002,#3003,#3004,#3005,#3006,#3007));
#1584=EDGE_LOOP('',(#3008,#3009,#3010,#3011));
#1585=EDGE_LOOP('',(#3012,#3013,#3014,#3015));
#1586=EDGE_LOOP('',(#3016,#3017,#3018,#3019));
#1587=EDGE_LOOP('',(#3020,#3021,#3022,#3023,#3024,#3025,#3026,#3027));
#1588=EDGE_LOOP('',(#3028,#3029,#3030,#3031));
#1589=EDGE_LOOP('',(#3032,#3033,#3034,#3035));
#1590=EDGE_LOOP('',(#3036,#3037,#3038,#3039));
#1591=EDGE_LOOP('',(#3040,#3041,#3042,#3043,#3044,#3045,#3046,#3047));
#1592=EDGE_LOOP('',(#3048,#3049,#3050,#3051));
#1593=EDGE_LOOP('',(#3052,#3053,#3054,#3055));
#1594=EDGE_LOOP('',(#3056,#3057,#3058,#3059));
#1595=EDGE_LOOP('',(#3060,#3061,#3062,#3063,#3064,#3065,#3066,#3067));
#1596=EDGE_LOOP('',(#3068,#3069,#3070,#3071));
#1597=EDGE_LOOP('',(#3072,#3073,#3074,#3075));
#1598=EDGE_LOOP('',(#3076,#3077,#3078,#3079));
#1599=EDGE_LOOP('',(#3080,#3081,#3082,#3083));
#1600=EDGE_LOOP('',(#3084,#3085,#3086,#3087));
#1601=EDGE_LOOP('',(#3088,#3089,#3090,#3091));
#1602=EDGE_LOOP('',(#3092,#3093,#3094,#3095));
#1603=EDGE_LOOP('',(#3096,#3097,#3098,#3099));
#1604=EDGE_LOOP('',(#3100,#3101,#3102,#3103));
#1605=EDGE_LOOP('',(#3104,#3105,#3106,#3107));
#1606=EDGE_LOOP('',(#3108,#3109,#3110,#3111));
#1607=EDGE_LOOP('',(#3112,#3113,#3114,#3115));
#1608=EDGE_LOOP('',(#3116,#3117,#3118,#3119));
#1609=EDGE_LOOP('',(#3120,#3121,#3122,#3123));
#1610=EDGE_LOOP('',(#3124,#3125,#3126,#3127));
#1611=EDGE_LOOP('',(#3128,#3129,#3130,#3131));
#1612=EDGE_LOOP('',(#3132,#3133,#3134,#3135));
#1613=EDGE_LOOP('',(#3136,#3137,#3138,#3139));
#1614=EDGE_LOOP('',(#3140,#3141,#3142,#3143));
#1615=EDGE_LOOP('',(#3144,#3145,#3146,#3147));
#1616=EDGE_LOOP('',(#3148,#3149,#3150,#3151));
#1617=EDGE_LOOP('',(#3152,#3153,#3154,#3155));
#1618=EDGE_LOOP('',(#3156,#3157,#3158,#3159));
#1619=EDGE_LOOP('',(#3160,#3161,#3162,#3163));
#1620=EDGE_LOOP('',(#3164,#3165,#3166,#3167));
#1621=EDGE_LOOP('',(#3168,#3169,#3170,#3171));
#1622=EDGE_LOOP('',(#3172,#3173,#3174,#3175));
#1623=EDGE_LOOP('',(#3176,#3177,#3178,#3179));
#1624=EDGE_LOOP('',(#3180,#3181,#3182,#3183));
#1625=EDGE_LOOP('',(#3184,#3185,#3186,#3187));
#1626=EDGE_LOOP('',(#3188,#3189,#3190,#3191));
#1627=EDGE_LOOP('',(#3192,#3193,#3194,#3195));
#1628=EDGE_LOOP('',(#3196,#3197,#3198,#3199));
#1629=EDGE_LOOP('',(#3200,#3201,#3202,#3203));
#1630=EDGE_LOOP('',(#3204,#3205,#3206,#3207));
#1631=EDGE_LOOP('',(#3208,#3209,#3210,#3211));
#1632=EDGE_LOOP('',(#3212,#3213,#3214,#3215));
#1633=EDGE_LOOP('',(#3216,#3217,#3218,#3219));
#1634=EDGE_LOOP('',(#3220,#3221,#3222,#3223));
#1635=EDGE_LOOP('',(#3224,#3225,#3226,#3227));
#1636=EDGE_LOOP('',(#3228,#3229,#3230,#3231));
#1637=EDGE_LOOP('',(#3232,#3233,#3234,#3235));
#1638=EDGE_LOOP('',(#3236,#3237,#3238,#3239));
#1639=EDGE_LOOP('',(#3240,#3241,#3242,#3243));
#1640=EDGE_LOOP('',(#3244,#3245,#3246,#3247));
#1641=EDGE_LOOP('',(#3248,#3249,#3250,#3251));
#1642=EDGE_LOOP('',(#3252,#3253,#3254,#3255));
#1643=EDGE_LOOP('',(#3256,#3257,#3258,#3259));
#1644=EDGE_LOOP('',(#3260,#3261,#3262,#3263));
#1645=EDGE_LOOP('',(#3264,#3265,#3266,#3267));
#1646=EDGE_LOOP('',(#3268,#3269,#3270,#3271));
#1647=EDGE_LOOP('',(#3272,#3273,#3274,#3275));
#1648=EDGE_LOOP('',(#3276,#3277,#3278,#3279));
#1649=EDGE_LOOP('',(#3280,#3281,#3282,#3283));
#1650=EDGE_LOOP('',(#3284,#3285,#3286,#3287));
#1651=EDGE_LOOP('',(#3288,#3289,#3290,#3291));
#1652=EDGE_LOOP('',(#3292,#3293,#3294,#3295));
#1653=EDGE_LOOP('',(#3296,#3297,#3298,#3299));
#1654=EDGE_LOOP('',(#3300,#3301,#3302,#3303));
#1655=EDGE_LOOP('',(#3304,#3305,#3306,#3307));
#1656=EDGE_LOOP('',(#3308,#3309,#3310,#3311));
#1657=EDGE_LOOP('',(#3312,#3313,#3314,#3315));
#1658=EDGE_LOOP('',(#3316,#3317,#3318,#3319));
#1659=EDGE_LOOP('',(#3320,#3321,#3322,#3323));
#1660=EDGE_LOOP('',(#3324,#3325,#3326,#3327));
#1661=EDGE_LOOP('',(#3328,#3329,#3330,#3331));
#1662=EDGE_LOOP('',(#3332,#3333,#3334,#3335));
#1663=EDGE_LOOP('',(#3336,#3337,#3338,#3339));
#1664=EDGE_LOOP('',(#3340,#3341,#3342,#3343));
#1665=EDGE_LOOP('',(#3344,#3345,#3346,#3347));
#1666=EDGE_LOOP('',(#3348,#3349,#3350,#3351));
#1667=EDGE_LOOP('',(#3352,#3353,#3354,#3355));
#1668=EDGE_LOOP('',(#3356,#3357,#3358,#3359));
#1669=EDGE_LOOP('',(#3360,#3361,#3362,#3363));
#1670=EDGE_LOOP('',(#3364,#3365,#3366,#3367));
#1671=EDGE_LOOP('',(#3368,#3369,#3370,#3371));
#1672=EDGE_LOOP('',(#3372,#3373,#3374,#3375));
#1673=EDGE_LOOP('',(#3376,#3377,#3378,#3379));
#1674=EDGE_LOOP('',(#3380,#3381,#3382,#3383));
#1675=EDGE_LOOP('',(#3384,#3385,#3386,#3387));
#1676=EDGE_LOOP('',(#3388,#3389,#3390,#3391));
#1677=EDGE_LOOP('',(#3392,#3393,#3394,#3395));
#1678=EDGE_LOOP('',(#3396,#3397,#3398,#3399));
#1679=EDGE_LOOP('',(#3400,#3401,#3402,#3403));
#1680=EDGE_LOOP('',(#3404,#3405,#3406,#3407));
#1681=EDGE_LOOP('',(#3408,#3409,#3410,#3411));
#1682=EDGE_LOOP('',(#3412,#3413,#3414,#3415));
#1683=EDGE_LOOP('',(#3416,#3417,#3418,#3419));
#1684=EDGE_LOOP('',(#3420,#3421,#3422,#3423));
#1685=EDGE_LOOP('',(#3424,#3425,#3426,#3427));
#1686=EDGE_LOOP('',(#3428,#3429,#3430,#3431));
#1687=EDGE_LOOP('',(#3432,#3433,#3434,#3435));
#1688=EDGE_LOOP('',(#3436,#3437,#3438,#3439));
#1689=EDGE_LOOP('',(#3440,#3441,#3442,#3443));
#1690=EDGE_LOOP('',(#3444,#3445,#3446,#3447));
#1691=EDGE_LOOP('',(#3448,#3449,#3450,#3451));
#1692=EDGE_LOOP('',(#3452,#3453,#3454,#3455));
#1693=EDGE_LOOP('',(#3456,#3457,#3458,#3459));
#1694=EDGE_LOOP('',(#3460,#3461,#3462,#3463));
#1695=EDGE_LOOP('',(#3464,#3465,#3466,#3467));
#1696=EDGE_LOOP('',(#3468,#3469,#3470,#3471));
#1697=EDGE_LOOP('',(#3472,#3473,#3474,#3475));
#1698=EDGE_LOOP('',(#3476,#3477,#3478,#3479));
#1699=EDGE_LOOP('',(#3480,#3481,#3482,#3483));
#1700=EDGE_LOOP('',(#3484,#3485,#3486,#3487));
#1701=EDGE_LOOP('',(#3488,#3489,#3490,#3491));
#1702=EDGE_LOOP('',(#3492,#3493,#3494,#3495));
#1703=EDGE_LOOP('',(#3496,#3497,#3498,#3499));
#1704=EDGE_LOOP('',(#3500,#3501,#3502,#3503));
#1705=EDGE_LOOP('',(#3504,#3505,#3506,#3507));
#1706=EDGE_LOOP('',(#3508,#3509,#3510,#3511));
#1707=EDGE_LOOP('',(#3512,#3513,#3514,#3515));
#1708=EDGE_LOOP('',(#3516,#3517,#3518,#3519));
#1709=EDGE_LOOP('',(#3520,#3521,#3522,#3523));
#1710=EDGE_LOOP('',(#3524,#3525,#3526,#3527));
#1711=EDGE_LOOP('',(#3528,#3529,#3530,#3531));
#1712=EDGE_LOOP('',(#3532,#3533,#3534,#3535));
#1713=EDGE_LOOP('',(#3536,#3537,#3538,#3539));
#1714=EDGE_LOOP('',(#3540,#3541,#3542,#3543));
#1715=EDGE_LOOP('',(#3544,#3545,#3546,#3547));
#1716=EDGE_LOOP('',(#3548,#3549,#3550,#3551));
#1717=EDGE_LOOP('',(#3552,#3553,#3554,#3555));
#1718=EDGE_LOOP('',(#3556,#3557,#3558,#3559));
#1719=EDGE_LOOP('',(#3560,#3561,#3562,#3563));
#1720=EDGE_LOOP('',(#3564,#3565,#3566,#3567));
#1721=EDGE_LOOP('',(#3568,#3569,#3570,#3571));
#1722=EDGE_LOOP('',(#3572,#3573,#3574,#3575));
#1723=EDGE_LOOP('',(#3576,#3577,#3578,#3579));
#1724=EDGE_LOOP('',(#3580,#3581,#3582,#3583));
#1725=EDGE_LOOP('',(#3584,#3585,#3586,#3587));
#1726=EDGE_LOOP('',(#3588,#3589,#3590,#3591));
#1727=EDGE_LOOP('',(#3592,#3593,#3594,#3595));
#1728=EDGE_LOOP('',(#3596,#3597,#3598,#3599));
#1729=EDGE_LOOP('',(#3600,#3601,#3602,#3603));
#1730=EDGE_LOOP('',(#3604,#3605,#3606,#3607));
#1731=EDGE_LOOP('',(#3608,#3609,#3610,#3611));
#1732=EDGE_LOOP('',(#3612,#3613,#3614,#3615));
#1733=EDGE_LOOP('',(#3616,#3617,#3618,#3619));
#1734=EDGE_LOOP('',(#3620,#3621,#3622,#3623));
#1735=EDGE_LOOP('',(#3624,#3625,#3626,#3627));
#1736=EDGE_LOOP('',(#3628,#3629,#3630,#3631));
#1737=EDGE_LOOP('',(#3632,#3633,#3634,#3635));
#1738=EDGE_LOOP('',(#3636,#3637,#3638,#3639));
#1739=EDGE_LOOP('',(#3640,#3641,#3642,#3643));
#1740=EDGE_LOOP('',(#3644,#3645,#3646,#3647));
#1741=EDGE_LOOP('',(#3648,#3649,#3650,#3651));
#1742=EDGE_LOOP('',(#3652,#3653,#3654,#3655));
#1743=EDGE_LOOP('',(#3656,#3657,#3658,#3659));
#1744=EDGE_LOOP('',(#3660,#3661,#3662,#3663));
#1745=EDGE_LOOP('',(#3664,#3665,#3666,#3667));
#1746=EDGE_LOOP('',(#3668,#3669,#3670,#3671));
#1747=EDGE_LOOP('',(#3672,#3673,#3674,#3675));
#1748=EDGE_LOOP('',(#3676,#3677,#3678,#3679));
#1749=EDGE_LOOP('',(#3680,#3681,#3682,#3683));
#1750=EDGE_LOOP('',(#3684,#3685,#3686,#3687));
#1751=EDGE_LOOP('',(#3688,#3689,#3690,#3691));
#1752=EDGE_LOOP('',(#3692,#3693,#3694,#3695));
#1753=EDGE_LOOP('',(#3696,#3697,#3698,#3699));
#1754=EDGE_LOOP('',(#3700,#3701,#3702,#3703));
#1755=EDGE_LOOP('',(#3704,#3705,#3706,#3707));
#1756=EDGE_LOOP('',(#3708,#3709,#3710,#3711));
#1757=EDGE_LOOP('',(#3712,#3713,#3714,#3715));
#1758=EDGE_LOOP('',(#3716,#3717,#3718,#3719));
#1759=EDGE_LOOP('',(#3720,#3721,#3722,#3723));
#1760=EDGE_LOOP('',(#3724,#3725,#3726,#3727));
#1761=EDGE_LOOP('',(#3728,#3729,#3730,#3731));
#1762=EDGE_LOOP('',(#3732,#3733,#3734,#3735));
#1763=EDGE_LOOP('',(#3736,#3737,#3738,#3739));
#1764=EDGE_LOOP('',(#3740,#3741,#3742,#3743));
#1765=EDGE_LOOP('',(#3744,#3745,#3746,#3747));
#1766=EDGE_LOOP('',(#3748,#3749,#3750,#3751));
#1767=EDGE_LOOP('',(#3752,#3753,#3754,#3755));
#1768=EDGE_LOOP('',(#3756,#3757,#3758,#3759));
#1769=EDGE_LOOP('',(#3760,#3761,#3762,#3763));
#1770=EDGE_LOOP('',(#3764,#3765,#3766,#3767));
#1771=EDGE_LOOP('',(#3768,#3769,#3770,#3771));
#1772=EDGE_LOOP('',(#3772,#3773,#3774,#3775));
#1773=EDGE_LOOP('',(#3776,#3777,#3778,#3779));
#1774=EDGE_LOOP('',(#3780,#3781,#3782,#3783));
#1775=EDGE_LOOP('',(#3784,#3785,#3786,#3787));
#1776=EDGE_LOOP('',(#3788,#3789,#3790,#3791));
#1777=EDGE_LOOP('',(#3792,#3793,#3794,#3795));
#1778=EDGE_LOOP('',(#3796,#3797,#3798,#3799));
#1779=EDGE_LOOP('',(#3800,#3801,#3802,#3803));
#1780=EDGE_LOOP('',(#3804,#3805,#3806,#3807));
#1781=EDGE_LOOP('',(#3808,#3809,#3810,#3811));
#1782=EDGE_LOOP('',(#3812,#3813,#3814,#3815));
#1783=EDGE_LOOP('',(#3816,#3817,#3818,#3819));
#1784=EDGE_LOOP('',(#3820,#3821,#3822,#3823));
#1785=EDGE_LOOP('',(#3824,#3825,#3826,#3827));
#1786=EDGE_LOOP('',(#3828,#3829,#3830,#3831));
#1787=EDGE_LOOP('',(#3832,#3833,#3834,#3835));
#1788=EDGE_LOOP('',(#3836,#3837,#3838,#3839));
#1789=EDGE_LOOP('',(#3840,#3841,#3842,#3843));
#1790=EDGE_LOOP('',(#3844,#3845,#3846,#3847));
#1791=EDGE_LOOP('',(#3848,#3849,#3850,#3851));
#1792=EDGE_LOOP('',(#3852,#3853,#3854,#3855));
#1793=EDGE_LOOP('',(#3856,#3857,#3858,#3859));
#1794=EDGE_LOOP('',(#3860,#3861,#3862,#3863));
#1795=EDGE_LOOP('',(#3864,#3865,#3866,#3867));
#1796=EDGE_LOOP('',(#3868,#3869,#3870,#3871));
#1797=EDGE_LOOP('',(#3872,#3873,#3874,#3875));
#1798=EDGE_LOOP('',(#3876,#3877,#3878,#3879));
#1799=EDGE_LOOP('',(#3880,#3881,#3882,#3883));
#1800=EDGE_LOOP('',(#3884,#3885,#3886,#3887));
#1801=EDGE_LOOP('',(#3888,#3889,#3890,#3891));
#1802=EDGE_LOOP('',(#3892,#3893,#3894,#3895));
#1803=EDGE_LOOP('',(#3896,#3897,#3898,#3899));
#1804=EDGE_LOOP('',(#3900,#3901,#3902,#3903));
#1805=EDGE_LOOP('',(#3904,#3905,#3906,#3907));
#1806=EDGE_LOOP('',(#3908,#3909,#3910,#3911));
#1807=EDGE_LOOP('',(#3912,#3913,#3914,#3915));
#1808=EDGE_LOOP('',(#3916,#3917,#3918,#3919));
#1809=EDGE_LOOP('',(#3920,#3921,#3922,#3923));
#1810=EDGE_LOOP('',(#3924,#3925,#3926,#3927));
#1811=EDGE_LOOP('',(#3928,#3929,#3930,#3931));
#1812=EDGE_LOOP('',(#3932,#3933,#3934,#3935));
#1813=EDGE_LOOP('',(#3936,#3937,#3938,#3939));
#1814=EDGE_LOOP('',(#3940,#3941,#3942,#3943));
#1815=EDGE_LOOP('',(#3944,#3945,#3946,#3947));
#1816=EDGE_LOOP('',(#3948,#3949,#3950,#3951));
#1817=EDGE_LOOP('',(#3952,#3953,#3954,#3955));
#1818=EDGE_LOOP('',(#3956,#3957,#3958,#3959));
#1819=EDGE_LOOP('',(#3960,#3961,#3962,#3963));
#1820=EDGE_LOOP('',(#3964,#3965,#3966,#3967));
#1821=EDGE_LOOP('',(#3968,#3969,#3970,#3971));
#1822=EDGE_LOOP('',(#3972,#3973,#3974,#3975));
#1823=EDGE_LOOP('',(#3976,#3977,#3978,#3979));
#1824=EDGE_LOOP('',(#3980));
#1825=EDGE_LOOP('',(#3981));
#1826=EDGE_LOOP('',(#3982));
#1827=EDGE_LOOP('',(#3983));
#1828=EDGE_LOOP('',(#3984));
#1829=EDGE_LOOP('',(#3985));
#1830=EDGE_LOOP('',(#3986));
#1831=EDGE_LOOP('',(#3987));
#1832=EDGE_LOOP('',(#3988));
#1833=EDGE_LOOP('',(#3989));
#1834=EDGE_LOOP('',(#3990,#3991,#3992,#3993,#3994,#3995,#3996,#3997,#3998,
#3999,#4000,#4001,#4002,#4003,#4004,#4005));
#1835=EDGE_LOOP('',(#4006,#4007,#4008,#4009,#4010,#4011,#4012,#4013,#4014,
#4015,#4016,#4017,#4018,#4019,#4020,#4021));
#1836=EDGE_LOOP('',(#4022,#4023,#4024,#4025));
#1837=EDGE_LOOP('',(#4026,#4027,#4028,#4029,#4030,#4031));
#1838=EDGE_LOOP('',(#4032,#4033,#4034,#4035,#4036,#4037));
#1839=EDGE_LOOP('',(#4038,#4039,#4040,#4041));
#1840=EDGE_LOOP('',(#4042,#4043,#4044));
#1841=EDGE_LOOP('',(#4045,#4046,#4047,#4048));
#1842=EDGE_LOOP('',(#4049,#4050,#4051,#4052));
#1843=EDGE_LOOP('',(#4053,#4054,#4055,#4056));
#1844=EDGE_LOOP('',(#4057,#4058,#4059));
#1845=EDGE_LOOP('',(#4060,#4061,#4062,#4063));
#1846=EDGE_LOOP('',(#4064,#4065,#4066));
#1847=EDGE_LOOP('',(#4067,#4068,#4069,#4070));
#1848=EDGE_LOOP('',(#4071,#4072,#4073,#4074));
#1849=EDGE_LOOP('',(#4075,#4076,#4077,#4078));
#1850=EDGE_LOOP('',(#4079,#4080,#4081,#4082));
#1851=EDGE_LOOP('',(#4083,#4084,#4085,#4086));
#1852=EDGE_LOOP('',(#4087,#4088,#4089));
#1853=EDGE_LOOP('',(#4090,#4091,#4092,#4093));
#1854=EDGE_LOOP('',(#4094,#4095,#4096));
#1855=EDGE_LOOP('',(#4097,#4098,#4099,#4100));
#1856=EDGE_LOOP('',(#4101,#4102,#4103,#4104));
#1857=EDGE_LOOP('',(#4105,#4106,#4107,#4108));
#1858=EDGE_LOOP('',(#4109,#4110,#4111));
#1859=EDGE_LOOP('',(#4112,#4113,#4114,#4115));
#1860=EDGE_LOOP('',(#4116,#4117,#4118,#4119));
#1861=EDGE_LOOP('',(#4120,#4121,#4122,#4123));
#1862=EDGE_LOOP('',(#4124,#4125,#4126));
#1863=EDGE_LOOP('',(#4127,#4128,#4129,#4130));
#1864=EDGE_LOOP('',(#4131,#4132,#4133));
#1865=EDGE_LOOP('',(#4134,#4135,#4136,#4137));
#1866=EDGE_LOOP('',(#4138,#4139,#4140,#4141));
#1867=EDGE_LOOP('',(#4142,#4143,#4144,#4145));
#1868=EDGE_LOOP('',(#4146,#4147,#4148,#4149));
#1869=EDGE_LOOP('',(#4150,#4151,#4152,#4153));
#1870=EDGE_LOOP('',(#4154,#4155,#4156));
#1871=EDGE_LOOP('',(#4157,#4158,#4159,#4160));
#1872=EDGE_LOOP('',(#4161,#4162,#4163));
#1873=EDGE_LOOP('',(#4164,#4165,#4166,#4167));
#1874=EDGE_LOOP('',(#4168,#4169,#4170,#4171));
#1875=EDGE_LOOP('',(#4172,#4173,#4174,#4175,#4176,#4177,#4178,#4179,#4180,
#4181,#4182,#4183,#4184,#4185,#4186,#4187));
#1876=EDGE_LOOP('',(#4188,#4189,#4190,#4191,#4192,#4193,#4194,#4195,#4196,
#4197,#4198,#4199,#4200,#4201,#4202,#4203));
#1877=EDGE_LOOP('',(#4204,#4205,#4206,#4207));
#1878=EDGE_LOOP('',(#4208,#4209,#4210,#4211,#4212,#4213));
#1879=EDGE_LOOP('',(#4214,#4215,#4216,#4217,#4218,#4219));
#1880=EDGE_LOOP('',(#4220,#4221,#4222,#4223));
#1881=EDGE_LOOP('',(#4224,#4225,#4226));
#1882=EDGE_LOOP('',(#4227,#4228,#4229,#4230));
#1883=EDGE_LOOP('',(#4231,#4232,#4233,#4234));
#1884=EDGE_LOOP('',(#4235,#4236,#4237,#4238));
#1885=EDGE_LOOP('',(#4239,#4240,#4241));
#1886=EDGE_LOOP('',(#4242,#4243,#4244,#4245));
#1887=EDGE_LOOP('',(#4246,#4247,#4248));
#1888=EDGE_LOOP('',(#4249,#4250,#4251,#4252));
#1889=EDGE_LOOP('',(#4253,#4254,#4255,#4256));
#1890=EDGE_LOOP('',(#4257,#4258,#4259,#4260));
#1891=EDGE_LOOP('',(#4261,#4262,#4263,#4264));
#1892=EDGE_LOOP('',(#4265,#4266,#4267,#4268));
#1893=EDGE_LOOP('',(#4269,#4270,#4271));
#1894=EDGE_LOOP('',(#4272,#4273,#4274,#4275));
#1895=EDGE_LOOP('',(#4276,#4277,#4278));
#1896=EDGE_LOOP('',(#4279,#4280,#4281,#4282));
#1897=EDGE_LOOP('',(#4283,#4284,#4285,#4286));
#1898=EDGE_LOOP('',(#4287,#4288,#4289,#4290));
#1899=EDGE_LOOP('',(#4291,#4292,#4293));
#1900=EDGE_LOOP('',(#4294,#4295,#4296,#4297));
#1901=EDGE_LOOP('',(#4298,#4299,#4300,#4301));
#1902=EDGE_LOOP('',(#4302,#4303,#4304,#4305));
#1903=EDGE_LOOP('',(#4306,#4307,#4308));
#1904=EDGE_LOOP('',(#4309,#4310,#4311,#4312));
#1905=EDGE_LOOP('',(#4313,#4314,#4315));
#1906=EDGE_LOOP('',(#4316,#4317,#4318,#4319));
#1907=EDGE_LOOP('',(#4320,#4321,#4322,#4323));
#1908=EDGE_LOOP('',(#4324,#4325,#4326,#4327));
#1909=EDGE_LOOP('',(#4328,#4329,#4330,#4331));
#1910=EDGE_LOOP('',(#4332,#4333,#4334,#4335));
#1911=EDGE_LOOP('',(#4336,#4337,#4338));
#1912=EDGE_LOOP('',(#4339,#4340,#4341,#4342));
#1913=EDGE_LOOP('',(#4343,#4344,#4345));
#1914=EDGE_LOOP('',(#4346,#4347,#4348,#4349));
#1915=EDGE_LOOP('',(#4350,#4351,#4352,#4353));
#1916=EDGE_LOOP('',(#4354,#4355,#4356,#4357));
#1917=EDGE_LOOP('',(#4358,#4359,#4360,#4361));
#1918=EDGE_LOOP('',(#4362,#4363,#4364,#4365));
#1919=EDGE_LOOP('',(#4366,#4367,#4368));
#1920=EDGE_LOOP('',(#4369,#4370,#4371,#4372));
#1921=EDGE_LOOP('',(#4373,#4374,#4375));
#1922=EDGE_LOOP('',(#4376,#4377,#4378,#4379));
#1923=EDGE_LOOP('',(#4380,#4381,#4382));
#1924=EDGE_LOOP('',(#4383,#4384,#4385,#4386));
#1925=EDGE_LOOP('',(#4387,#4388,#4389));
#1926=LINE('',#8949,#2214);
#1927=LINE('',#8953,#2215);
#1928=LINE('',#8958,#2216);
#1929=LINE('',#8962,#2217);
#1930=LINE('',#8967,#2218);
#1931=LINE('',#8971,#2219);
#1932=LINE('',#8976,#2220);
#1933=LINE('',#8980,#2221);
#1934=LINE('',#8985,#2222);
#1935=LINE('',#8989,#2223);
#1936=LINE('',#8994,#2224);
#1937=LINE('',#8998,#2225);
#1938=LINE('',#9003,#2226);
#1939=LINE('',#9007,#2227);
#1940=LINE('',#9012,#2228);
#1941=LINE('',#9016,#2229);
#1942=LINE('',#9173,#2230);
#1943=LINE('',#9175,#2231);
#1944=LINE('',#9177,#2232);
#1945=LINE('',#9181,#2233);
#1946=LINE('',#9183,#2234);
#1947=LINE('',#9185,#2235);
#1948=LINE('',#9190,#2236);
#1949=LINE('',#9194,#2237);
#1950=LINE('',#9199,#2238);
#1951=LINE('',#9203,#2239);
#1952=LINE('',#9208,#2240);
#1953=LINE('',#9212,#2241);
#1954=LINE('',#9217,#2242);
#1955=LINE('',#9221,#2243);
#1956=LINE('',#9226,#2244);
#1957=LINE('',#9230,#2245);
#1958=LINE('',#9235,#2246);
#1959=LINE('',#9239,#2247);
#1960=LINE('',#9244,#2248);
#1961=LINE('',#9248,#2249);
#1962=LINE('',#9253,#2250);
#1963=LINE('',#9257,#2251);
#1964=LINE('',#9961,#2252);
#1965=LINE('',#9965,#2253);
#1966=LINE('',#9969,#2254);
#1967=LINE('',#10010,#2255);
#1968=LINE('',#10014,#2256);
#1969=LINE('',#10018,#2257);
#1970=LINE('',#10059,#2258);
#1971=LINE('',#10063,#2259);
#1972=LINE('',#10067,#2260);
#1973=LINE('',#10108,#2261);
#1974=LINE('',#10112,#2262);
#1975=LINE('',#10116,#2263);
#1976=LINE('',#10157,#2264);
#1977=LINE('',#10161,#2265);
#1978=LINE('',#10165,#2266);
#1979=LINE('',#10206,#2267);
#1980=LINE('',#10210,#2268);
#1981=LINE('',#10214,#2269);
#1982=LINE('',#10255,#2270);
#1983=LINE('',#10259,#2271);
#1984=LINE('',#10263,#2272);
#1985=LINE('',#10304,#2273);
#1986=LINE('',#10308,#2274);
#1987=LINE('',#10312,#2275);
#1988=LINE('',#10353,#2276);
#1989=LINE('',#10357,#2277);
#1990=LINE('',#10361,#2278);
#1991=LINE('',#10402,#2279);
#1992=LINE('',#10406,#2280);
#1993=LINE('',#10410,#2281);
#1994=LINE('',#10451,#2282);
#1995=LINE('',#10455,#2283);
#1996=LINE('',#10459,#2284);
#1997=LINE('',#10500,#2285);
#1998=LINE('',#10504,#2286);
#1999=LINE('',#10508,#2287);
#2000=LINE('',#10527,#2288);
#2001=LINE('',#10530,#2289);
#2002=LINE('',#10540,#2290);
#2003=LINE('',#10542,#2291);
#2004=LINE('',#10545,#2292);
#2005=LINE('',#10547,#2293);
#2006=LINE('',#10549,#2294);
#2007=LINE('',#10560,#2295);
#2008=LINE('',#10562,#2296);
#2009=LINE('',#10564,#2297);
#2010=LINE('',#10580,#2298);
#2011=LINE('',#10584,#2299);
#2012=LINE('',#10588,#2300);
#2013=LINE('',#10601,#2301);
#2014=LINE('',#10604,#2302);
#2015=LINE('',#10614,#2303);
#2016=LINE('',#10616,#2304);
#2017=LINE('',#10619,#2305);
#2018=LINE('',#10621,#2306);
#2019=LINE('',#10623,#2307);
#2020=LINE('',#10634,#2308);
#2021=LINE('',#10636,#2309);
#2022=LINE('',#10638,#2310);
#2023=LINE('',#10654,#2311);
#2024=LINE('',#10658,#2312);
#2025=LINE('',#10662,#2313);
#2026=LINE('',#10675,#2314);
#2027=LINE('',#10678,#2315);
#2028=LINE('',#10688,#2316);
#2029=LINE('',#10690,#2317);
#2030=LINE('',#10693,#2318);
#2031=LINE('',#10695,#2319);
#2032=LINE('',#10697,#2320);
#2033=LINE('',#10708,#2321);
#2034=LINE('',#10710,#2322);
#2035=LINE('',#10712,#2323);
#2036=LINE('',#10728,#2324);
#2037=LINE('',#10732,#2325);
#2038=LINE('',#10736,#2326);
#2039=LINE('',#10749,#2327);
#2040=LINE('',#10752,#2328);
#2041=LINE('',#10762,#2329);
#2042=LINE('',#10764,#2330);
#2043=LINE('',#10767,#2331);
#2044=LINE('',#10769,#2332);
#2045=LINE('',#10771,#2333);
#2046=LINE('',#10782,#2334);
#2047=LINE('',#10784,#2335);
#2048=LINE('',#10786,#2336);
#2049=LINE('',#10802,#2337);
#2050=LINE('',#10806,#2338);
#2051=LINE('',#10810,#2339);
#2052=LINE('',#10823,#2340);
#2053=LINE('',#10826,#2341);
#2054=LINE('',#10836,#2342);
#2055=LINE('',#10838,#2343);
#2056=LINE('',#10841,#2344);
#2057=LINE('',#10843,#2345);
#2058=LINE('',#10845,#2346);
#2059=LINE('',#10856,#2347);
#2060=LINE('',#10858,#2348);
#2061=LINE('',#10860,#2349);
#2062=LINE('',#10876,#2350);
#2063=LINE('',#10880,#2351);
#2064=LINE('',#10884,#2352);
#2065=LINE('',#10897,#2353);
#2066=LINE('',#10900,#2354);
#2067=LINE('',#10910,#2355);
#2068=LINE('',#10912,#2356);
#2069=LINE('',#10915,#2357);
#2070=LINE('',#10917,#2358);
#2071=LINE('',#10919,#2359);
#2072=LINE('',#10930,#2360);
#2073=LINE('',#10932,#2361);
#2074=LINE('',#10934,#2362);
#2075=LINE('',#10950,#2363);
#2076=LINE('',#10954,#2364);
#2077=LINE('',#10958,#2365);
#2078=LINE('',#10971,#2366);
#2079=LINE('',#10974,#2367);
#2080=LINE('',#10984,#2368);
#2081=LINE('',#10986,#2369);
#2082=LINE('',#10989,#2370);
#2083=LINE('',#10991,#2371);
#2084=LINE('',#10993,#2372);
#2085=LINE('',#11004,#2373);
#2086=LINE('',#11006,#2374);
#2087=LINE('',#11008,#2375);
#2088=LINE('',#11024,#2376);
#2089=LINE('',#11028,#2377);
#2090=LINE('',#11032,#2378);
#2091=LINE('',#11045,#2379);
#2092=LINE('',#11048,#2380);
#2093=LINE('',#11058,#2381);
#2094=LINE('',#11060,#2382);
#2095=LINE('',#11063,#2383);
#2096=LINE('',#11065,#2384);
#2097=LINE('',#11067,#2385);
#2098=LINE('',#11078,#2386);
#2099=LINE('',#11080,#2387);
#2100=LINE('',#11082,#2388);
#2101=LINE('',#11098,#2389);
#2102=LINE('',#11102,#2390);
#2103=LINE('',#11106,#2391);
#2104=LINE('',#11119,#2392);
#2105=LINE('',#11122,#2393);
#2106=LINE('',#11132,#2394);
#2107=LINE('',#11134,#2395);
#2108=LINE('',#11137,#2396);
#2109=LINE('',#11139,#2397);
#2110=LINE('',#11141,#2398);
#2111=LINE('',#11152,#2399);
#2112=LINE('',#11154,#2400);
#2113=LINE('',#11156,#2401);
#2114=LINE('',#11172,#2402);
#2115=LINE('',#11176,#2403);
#2116=LINE('',#11180,#2404);
#2117=LINE('',#11193,#2405);
#2118=LINE('',#11196,#2406);
#2119=LINE('',#11206,#2407);
#2120=LINE('',#11208,#2408);
#2121=LINE('',#11211,#2409);
#2122=LINE('',#11213,#2410);
#2123=LINE('',#11215,#2411);
#2124=LINE('',#11226,#2412);
#2125=LINE('',#11228,#2413);
#2126=LINE('',#11230,#2414);
#2127=LINE('',#11246,#2415);
#2128=LINE('',#11250,#2416);
#2129=LINE('',#11254,#2417);
#2130=LINE('',#11267,#2418);
#2131=LINE('',#11270,#2419);
#2132=LINE('',#11280,#2420);
#2133=LINE('',#11282,#2421);
#2134=LINE('',#11285,#2422);
#2135=LINE('',#11287,#2423);
#2136=LINE('',#11289,#2424);
#2137=LINE('',#11300,#2425);
#2138=LINE('',#11302,#2426);
#2139=LINE('',#11304,#2427);
#2140=LINE('',#11320,#2428);
#2141=LINE('',#11324,#2429);
#2142=LINE('',#11328,#2430);
#2143=LINE('',#11341,#2431);
#2144=LINE('',#11344,#2432);
#2145=LINE('',#11354,#2433);
#2146=LINE('',#11356,#2434);
#2147=LINE('',#11359,#2435);
#2148=LINE('',#11361,#2436);
#2149=LINE('',#11363,#2437);
#2150=LINE('',#11374,#2438);
#2151=LINE('',#11376,#2439);
#2152=LINE('',#11378,#2440);
#2153=LINE('',#11394,#2441);
#2154=LINE('',#11398,#2442);
#2155=LINE('',#11402,#2443);
#2156=LINE('',#13532,#2444);
#2157=LINE('',#13535,#2445);
#2158=LINE('',#13537,#2446);
#2159=LINE('',#13539,#2447);
#2160=LINE('',#13558,#2448);
#2161=LINE('',#13560,#2449);
#2162=LINE('',#13562,#2450);
#2163=LINE('',#13581,#2451);
#2164=LINE('',#13600,#2452);
#2165=LINE('',#13602,#2453);
#2166=LINE('',#13604,#2454);
#2167=LINE('',#13623,#2455);
#2168=LINE('',#13625,#2456);
#2169=LINE('',#13628,#2457);
#2170=LINE('',#13630,#2458);
#2171=LINE('',#13632,#2459);
#2172=LINE('',#13651,#2460);
#2173=LINE('',#13653,#2461);
#2174=LINE('',#13655,#2462);
#2175=LINE('',#13674,#2463);
#2176=LINE('',#13693,#2464);
#2177=LINE('',#13695,#2465);
#2178=LINE('',#13697,#2466);
#2179=LINE('',#13716,#2467);
#2180=LINE('',#13718,#2468);
#2181=LINE('',#13721,#2469);
#2182=LINE('',#13723,#2470);
#2183=LINE('',#13725,#2471);
#2184=LINE('',#13727,#2472);
#2185=LINE('',#13894,#2473);
#2186=LINE('',#13897,#2474);
#2187=LINE('',#13899,#2475);
#2188=LINE('',#13901,#2476);
#2189=LINE('',#13920,#2477);
#2190=LINE('',#13922,#2478);
#2191=LINE('',#13924,#2479);
#2192=LINE('',#13943,#2480);
#2193=LINE('',#13962,#2481);
#2194=LINE('',#13964,#2482);
#2195=LINE('',#13966,#2483);
#2196=LINE('',#13985,#2484);
#2197=LINE('',#13987,#2485);
#2198=LINE('',#13990,#2486);
#2199=LINE('',#13992,#2487);
#2200=LINE('',#13994,#2488);
#2201=LINE('',#14013,#2489);
#2202=LINE('',#14015,#2490);
#2203=LINE('',#14017,#2491);
#2204=LINE('',#14036,#2492);
#2205=LINE('',#14055,#2493);
#2206=LINE('',#14057,#2494);
#2207=LINE('',#14059,#2495);
#2208=LINE('',#14078,#2496);
#2209=LINE('',#14080,#2497);
#2210=LINE('',#14083,#2498);
#2211=LINE('',#14085,#2499);
#2212=LINE('',#14087,#2500);
#2213=LINE('',#14089,#2501);
#2214=VECTOR('',#7103,1.);
#2215=VECTOR('',#7106,1.);
#2216=VECTOR('',#7111,1.);
#2217=VECTOR('',#7114,1.);
#2218=VECTOR('',#7119,1.);
#2219=VECTOR('',#7122,1.);
#2220=VECTOR('',#7127,1.);
#2221=VECTOR('',#7130,1.);
#2222=VECTOR('',#7135,1.);
#2223=VECTOR('',#7138,1.);
#2224=VECTOR('',#7143,1.);
#2225=VECTOR('',#7146,1.);
#2226=VECTOR('',#7151,1.);
#2227=VECTOR('',#7154,1.);
#2228=VECTOR('',#7159,1.);
#2229=VECTOR('',#7162,1.);
#2230=VECTOR('',#7209,1.);
#2231=VECTOR('',#7210,1.);
#2232=VECTOR('',#7211,1.);
#2233=VECTOR('',#7214,1.);
#2234=VECTOR('',#7215,1.);
#2235=VECTOR('',#7216,1.);
#2236=VECTOR('',#7221,1.);
#2237=VECTOR('',#7224,1.);
#2238=VECTOR('',#7229,1.);
#2239=VECTOR('',#7232,1.);
#2240=VECTOR('',#7237,1.);
#2241=VECTOR('',#7240,1.);
#2242=VECTOR('',#7245,1.);
#2243=VECTOR('',#7248,1.);
#2244=VECTOR('',#7253,1.);
#2245=VECTOR('',#7256,1.);
#2246=VECTOR('',#7261,1.);
#2247=VECTOR('',#7264,1.);
#2248=VECTOR('',#7269,1.);
#2249=VECTOR('',#7272,1.);
#2250=VECTOR('',#7277,1.);
#2251=VECTOR('',#7280,1.);
#2252=VECTOR('',#7405,1.);
#2253=VECTOR('',#7408,1.);
#2254=VECTOR('',#7411,1.);
#2255=VECTOR('',#7414,1.);
#2256=VECTOR('',#7417,1.);
#2257=VECTOR('',#7420,1.);
#2258=VECTOR('',#7423,1.);
#2259=VECTOR('',#7426,1.);
#2260=VECTOR('',#7429,1.);
#2261=VECTOR('',#7432,1.);
#2262=VECTOR('',#7435,1.);
#2263=VECTOR('',#7438,1.);
#2264=VECTOR('',#7441,1.);
#2265=VECTOR('',#7444,1.);
#2266=VECTOR('',#7447,1.);
#2267=VECTOR('',#7450,1.);
#2268=VECTOR('',#7453,1.);
#2269=VECTOR('',#7456,1.);
#2270=VECTOR('',#7459,1.);
#2271=VECTOR('',#7462,1.);
#2272=VECTOR('',#7465,1.);
#2273=VECTOR('',#7468,1.);
#2274=VECTOR('',#7471,1.);
#2275=VECTOR('',#7474,1.);
#2276=VECTOR('',#7477,1.);
#2277=VECTOR('',#7480,1.);
#2278=VECTOR('',#7483,1.);
#2279=VECTOR('',#7486,1.);
#2280=VECTOR('',#7489,1.);
#2281=VECTOR('',#7492,1.);
#2282=VECTOR('',#7495,1.);
#2283=VECTOR('',#7498,1.);
#2284=VECTOR('',#7501,1.);
#2285=VECTOR('',#7504,1.);
#2286=VECTOR('',#7507,1.);
#2287=VECTOR('',#7510,1.);
#2288=VECTOR('',#7513,1.);
#2289=VECTOR('',#7514,1.);
#2290=VECTOR('',#7515,1.);
#2291=VECTOR('',#7518,1.);
#2292=VECTOR('',#7519,1.);
#2293=VECTOR('',#7520,1.);
#2294=VECTOR('',#7521,1.);
#2295=VECTOR('',#7524,1.);
#2296=VECTOR('',#7525,1.);
#2297=VECTOR('',#7526,1.);
#2298=VECTOR('',#7529,1.);
#2299=VECTOR('',#7532,1.);
#2300=VECTOR('',#7535,1.);
#2301=VECTOR('',#7538,1.);
#2302=VECTOR('',#7539,1.);
#2303=VECTOR('',#7540,1.);
#2304=VECTOR('',#7543,1.);
#2305=VECTOR('',#7544,1.);
#2306=VECTOR('',#7545,1.);
#2307=VECTOR('',#7546,1.);
#2308=VECTOR('',#7549,1.);
#2309=VECTOR('',#7550,1.);
#2310=VECTOR('',#7551,1.);
#2311=VECTOR('',#7554,1.);
#2312=VECTOR('',#7557,1.);
#2313=VECTOR('',#7560,1.);
#2314=VECTOR('',#7563,1.);
#2315=VECTOR('',#7564,1.);
#2316=VECTOR('',#7565,1.);
#2317=VECTOR('',#7568,1.);
#2318=VECTOR('',#7569,1.);
#2319=VECTOR('',#7570,1.);
#2320=VECTOR('',#7571,1.);
#2321=VECTOR('',#7574,1.);
#2322=VECTOR('',#7575,1.);
#2323=VECTOR('',#7576,1.);
#2324=VECTOR('',#7579,1.);
#2325=VECTOR('',#7582,1.);
#2326=VECTOR('',#7585,1.);
#2327=VECTOR('',#7588,1.);
#2328=VECTOR('',#7589,1.);
#2329=VECTOR('',#7590,1.);
#2330=VECTOR('',#7593,1.);
#2331=VECTOR('',#7594,1.);
#2332=VECTOR('',#7595,1.);
#2333=VECTOR('',#7596,1.);
#2334=VECTOR('',#7599,1.);
#2335=VECTOR('',#7600,1.);
#2336=VECTOR('',#7601,1.);
#2337=VECTOR('',#7604,1.);
#2338=VECTOR('',#7607,1.);
#2339=VECTOR('',#7610,1.);
#2340=VECTOR('',#7613,1.);
#2341=VECTOR('',#7614,1.);
#2342=VECTOR('',#7615,1.);
#2343=VECTOR('',#7618,1.);
#2344=VECTOR('',#7619,1.);
#2345=VECTOR('',#7620,1.);
#2346=VECTOR('',#7621,1.);
#2347=VECTOR('',#7624,1.);
#2348=VECTOR('',#7625,1.);
#2349=VECTOR('',#7626,1.);
#2350=VECTOR('',#7629,1.);
#2351=VECTOR('',#7632,1.);
#2352=VECTOR('',#7635,1.);
#2353=VECTOR('',#7638,1.);
#2354=VECTOR('',#7639,1.);
#2355=VECTOR('',#7640,1.);
#2356=VECTOR('',#7643,1.);
#2357=VECTOR('',#7644,1.);
#2358=VECTOR('',#7645,1.);
#2359=VECTOR('',#7646,1.);
#2360=VECTOR('',#7649,1.);
#2361=VECTOR('',#7650,1.);
#2362=VECTOR('',#7651,1.);
#2363=VECTOR('',#7654,1.);
#2364=VECTOR('',#7657,1.);
#2365=VECTOR('',#7660,1.);
#2366=VECTOR('',#7663,1.);
#2367=VECTOR('',#7664,1.);
#2368=VECTOR('',#7665,1.);
#2369=VECTOR('',#7668,1.);
#2370=VECTOR('',#7669,1.);
#2371=VECTOR('',#7670,1.);
#2372=VECTOR('',#7671,1.);
#2373=VECTOR('',#7674,1.);
#2374=VECTOR('',#7675,1.);
#2375=VECTOR('',#7676,1.);
#2376=VECTOR('',#7679,1.);
#2377=VECTOR('',#7682,1.);
#2378=VECTOR('',#7685,1.);
#2379=VECTOR('',#7688,1.);
#2380=VECTOR('',#7689,1.);
#2381=VECTOR('',#7690,1.);
#2382=VECTOR('',#7693,1.);
#2383=VECTOR('',#7694,1.);
#2384=VECTOR('',#7695,1.);
#2385=VECTOR('',#7696,1.);
#2386=VECTOR('',#7699,1.);
#2387=VECTOR('',#7700,1.);
#2388=VECTOR('',#7701,1.);
#2389=VECTOR('',#7704,1.);
#2390=VECTOR('',#7707,1.);
#2391=VECTOR('',#7710,1.);
#2392=VECTOR('',#7713,1.);
#2393=VECTOR('',#7714,1.);
#2394=VECTOR('',#7715,1.);
#2395=VECTOR('',#7718,1.);
#2396=VECTOR('',#7719,1.);
#2397=VECTOR('',#7720,1.);
#2398=VECTOR('',#7721,1.);
#2399=VECTOR('',#7724,1.);
#2400=VECTOR('',#7725,1.);
#2401=VECTOR('',#7726,1.);
#2402=VECTOR('',#7729,1.);
#2403=VECTOR('',#7732,1.);
#2404=VECTOR('',#7735,1.);
#2405=VECTOR('',#7738,1.);
#2406=VECTOR('',#7739,1.);
#2407=VECTOR('',#7740,1.);
#2408=VECTOR('',#7743,1.);
#2409=VECTOR('',#7744,1.);
#2410=VECTOR('',#7745,1.);
#2411=VECTOR('',#7746,1.);
#2412=VECTOR('',#7749,1.);
#2413=VECTOR('',#7750,1.);
#2414=VECTOR('',#7751,1.);
#2415=VECTOR('',#7754,1.);
#2416=VECTOR('',#7757,1.);
#2417=VECTOR('',#7760,1.);
#2418=VECTOR('',#7763,1.);
#2419=VECTOR('',#7764,1.);
#2420=VECTOR('',#7765,1.);
#2421=VECTOR('',#7768,1.);
#2422=VECTOR('',#7769,1.);
#2423=VECTOR('',#7770,1.);
#2424=VECTOR('',#7771,1.);
#2425=VECTOR('',#7774,1.);
#2426=VECTOR('',#7775,1.);
#2427=VECTOR('',#7776,1.);
#2428=VECTOR('',#7779,1.);
#2429=VECTOR('',#7782,1.);
#2430=VECTOR('',#7785,1.);
#2431=VECTOR('',#7788,1.);
#2432=VECTOR('',#7789,1.);
#2433=VECTOR('',#7790,1.);
#2434=VECTOR('',#7793,1.);
#2435=VECTOR('',#7794,1.);
#2436=VECTOR('',#7795,1.);
#2437=VECTOR('',#7796,1.);
#2438=VECTOR('',#7799,1.);
#2439=VECTOR('',#7800,1.);
#2440=VECTOR('',#7801,1.);
#2441=VECTOR('',#7804,1.);
#2442=VECTOR('',#7807,1.);
#2443=VECTOR('',#7810,1.);
#2444=VECTOR('',#8567,1.);
#2445=VECTOR('',#8568,1.);
#2446=VECTOR('',#8569,1.);
#2447=VECTOR('',#8570,1.);
#2448=VECTOR('',#8571,1.);
#2449=VECTOR('',#8572,1.);
#2450=VECTOR('',#8573,1.);
#2451=VECTOR('',#8574,1.);
#2452=VECTOR('',#8575,1.);
#2453=VECTOR('',#8576,1.);
#2454=VECTOR('',#8577,1.);
#2455=VECTOR('',#8578,1.);
#2456=VECTOR('',#8581,1.);
#2457=VECTOR('',#8582,1.);
#2458=VECTOR('',#8583,1.);
#2459=VECTOR('',#8584,1.);
#2460=VECTOR('',#8585,1.);
#2461=VECTOR('',#8586,1.);
#2462=VECTOR('',#8587,1.);
#2463=VECTOR('',#8588,1.);
#2464=VECTOR('',#8589,1.);
#2465=VECTOR('',#8590,1.);
#2466=VECTOR('',#8591,1.);
#2467=VECTOR('',#8592,1.);
#2468=VECTOR('',#8595,1.);
#2469=VECTOR('',#8596,1.);
#2470=VECTOR('',#8597,1.);
#2471=VECTOR('',#8598,1.);
#2472=VECTOR('',#8601,1.);
#2473=VECTOR('',#8742,1.);
#2474=VECTOR('',#8743,1.);
#2475=VECTOR('',#8744,1.);
#2476=VECTOR('',#8745,1.);
#2477=VECTOR('',#8746,1.);
#2478=VECTOR('',#8747,1.);
#2479=VECTOR('',#8748,1.);
#2480=VECTOR('',#8749,1.);
#2481=VECTOR('',#8750,1.);
#2482=VECTOR('',#8751,1.);
#2483=VECTOR('',#8752,1.);
#2484=VECTOR('',#8753,1.);
#2485=VECTOR('',#8756,1.);
#2486=VECTOR('',#8757,1.);
#2487=VECTOR('',#8758,1.);
#2488=VECTOR('',#8759,1.);
#2489=VECTOR('',#8760,1.);
#2490=VECTOR('',#8761,1.);
#2491=VECTOR('',#8762,1.);
#2492=VECTOR('',#8763,1.);
#2493=VECTOR('',#8764,1.);
#2494=VECTOR('',#8765,1.);
#2495=VECTOR('',#8766,1.);
#2496=VECTOR('',#8767,1.);
#2497=VECTOR('',#8770,1.);
#2498=VECTOR('',#8771,1.);
#2499=VECTOR('',#8772,1.);
#2500=VECTOR('',#8773,1.);
#2501=VECTOR('',#8776,1.);
#2502=ORIENTED_EDGE('',*,*,#4932,.T.);
#2503=ORIENTED_EDGE('',*,*,#4933,.F.);
#2504=ORIENTED_EDGE('',*,*,#4934,.T.);
#2505=ORIENTED_EDGE('',*,*,#4935,.T.);
#2506=ORIENTED_EDGE('',*,*,#4936,.T.);
#2507=ORIENTED_EDGE('',*,*,#4937,.T.);
#2508=ORIENTED_EDGE('',*,*,#4938,.T.);
#2509=ORIENTED_EDGE('',*,*,#4939,.T.);
#2510=ORIENTED_EDGE('',*,*,#4940,.T.);
#2511=ORIENTED_EDGE('',*,*,#4941,.T.);
#2512=ORIENTED_EDGE('',*,*,#4942,.T.);
#2513=ORIENTED_EDGE('',*,*,#4943,.T.);
#2514=ORIENTED_EDGE('',*,*,#4944,.T.);
#2515=ORIENTED_EDGE('',*,*,#4945,.T.);
#2516=ORIENTED_EDGE('',*,*,#4946,.T.);
#2517=ORIENTED_EDGE('',*,*,#4947,.T.);
#2518=ORIENTED_EDGE('',*,*,#4948,.T.);
#2519=ORIENTED_EDGE('',*,*,#4949,.T.);
#2520=ORIENTED_EDGE('',*,*,#4950,.T.);
#2521=ORIENTED_EDGE('',*,*,#4951,.T.);
#2522=ORIENTED_EDGE('',*,*,#4952,.T.);
#2523=ORIENTED_EDGE('',*,*,#4953,.T.);
#2524=ORIENTED_EDGE('',*,*,#4954,.T.);
#2525=ORIENTED_EDGE('',*,*,#4955,.T.);
#2526=ORIENTED_EDGE('',*,*,#4956,.T.);
#2527=ORIENTED_EDGE('',*,*,#4957,.T.);
#2528=ORIENTED_EDGE('',*,*,#4958,.T.);
#2529=ORIENTED_EDGE('',*,*,#4959,.T.);
#2530=ORIENTED_EDGE('',*,*,#4960,.T.);
#2531=ORIENTED_EDGE('',*,*,#4961,.T.);
#2532=ORIENTED_EDGE('',*,*,#4962,.T.);
#2533=ORIENTED_EDGE('',*,*,#4963,.T.);
#2534=ORIENTED_EDGE('',*,*,#4934,.F.);
#2535=ORIENTED_EDGE('',*,*,#4964,.T.);
#2536=ORIENTED_EDGE('',*,*,#4965,.F.);
#2537=ORIENTED_EDGE('',*,*,#4966,.T.);
#2538=ORIENTED_EDGE('',*,*,#4967,.F.);
#2539=ORIENTED_EDGE('',*,*,#4968,.T.);
#2540=ORIENTED_EDGE('',*,*,#4960,.F.);
#2541=ORIENTED_EDGE('',*,*,#4969,.T.);
#2542=ORIENTED_EDGE('',*,*,#4958,.F.);
#2543=ORIENTED_EDGE('',*,*,#4970,.T.);
#2544=ORIENTED_EDGE('',*,*,#4952,.F.);
#2545=ORIENTED_EDGE('',*,*,#4971,.T.);
#2546=ORIENTED_EDGE('',*,*,#4962,.F.);
#2547=ORIENTED_EDGE('',*,*,#4972,.T.);
#2548=ORIENTED_EDGE('',*,*,#4956,.F.);
#2549=ORIENTED_EDGE('',*,*,#4973,.T.);
#2550=ORIENTED_EDGE('',*,*,#4946,.F.);
#2551=ORIENTED_EDGE('',*,*,#4974,.T.);
#2552=ORIENTED_EDGE('',*,*,#4940,.F.);
#2553=ORIENTED_EDGE('',*,*,#4975,.T.);
#2554=ORIENTED_EDGE('',*,*,#4942,.F.);
#2555=ORIENTED_EDGE('',*,*,#4976,.T.);
#2556=ORIENTED_EDGE('',*,*,#4936,.F.);
#2557=ORIENTED_EDGE('',*,*,#4977,.T.);
#2558=ORIENTED_EDGE('',*,*,#4950,.F.);
#2559=ORIENTED_EDGE('',*,*,#4978,.T.);
#2560=ORIENTED_EDGE('',*,*,#4944,.F.);
#2561=ORIENTED_EDGE('',*,*,#4979,.T.);
#2562=ORIENTED_EDGE('',*,*,#4938,.F.);
#2563=ORIENTED_EDGE('',*,*,#4980,.T.);
#2564=ORIENTED_EDGE('',*,*,#4932,.F.);
#2565=ORIENTED_EDGE('',*,*,#4981,.T.);
#2566=ORIENTED_EDGE('',*,*,#4954,.F.);
#2567=ORIENTED_EDGE('',*,*,#4982,.T.);
#2568=ORIENTED_EDGE('',*,*,#4948,.F.);
#2569=ORIENTED_EDGE('',*,*,#4983,.T.);
#2570=ORIENTED_EDGE('',*,*,#4984,.T.);
#2571=ORIENTED_EDGE('',*,*,#4985,.F.);
#2572=ORIENTED_EDGE('',*,*,#4986,.T.);
#2573=ORIENTED_EDGE('',*,*,#4987,.F.);
#2574=ORIENTED_EDGE('',*,*,#4988,.T.);
#2575=ORIENTED_EDGE('',*,*,#4989,.T.);
#2576=ORIENTED_EDGE('',*,*,#4990,.T.);
#2577=ORIENTED_EDGE('',*,*,#4991,.T.);
#2578=ORIENTED_EDGE('',*,*,#4965,.T.);
#2579=ORIENTED_EDGE('',*,*,#4992,.T.);
#2580=ORIENTED_EDGE('',*,*,#4993,.T.);
#2581=ORIENTED_EDGE('',*,*,#4994,.T.);
#2582=ORIENTED_EDGE('',*,*,#4995,.T.);
#2583=ORIENTED_EDGE('',*,*,#4996,.T.);
#2584=ORIENTED_EDGE('',*,*,#4997,.T.);
#2585=ORIENTED_EDGE('',*,*,#4998,.T.);
#2586=ORIENTED_EDGE('',*,*,#4999,.T.);
#2587=ORIENTED_EDGE('',*,*,#5000,.T.);
#2588=ORIENTED_EDGE('',*,*,#5001,.T.);
#2589=ORIENTED_EDGE('',*,*,#5002,.T.);
#2590=ORIENTED_EDGE('',*,*,#5003,.T.);
#2591=ORIENTED_EDGE('',*,*,#5004,.T.);
#2592=ORIENTED_EDGE('',*,*,#5005,.T.);
#2593=ORIENTED_EDGE('',*,*,#5006,.T.);
#2594=ORIENTED_EDGE('',*,*,#5007,.T.);
#2595=ORIENTED_EDGE('',*,*,#5008,.T.);
#2596=ORIENTED_EDGE('',*,*,#5009,.T.);
#2597=ORIENTED_EDGE('',*,*,#5010,.T.);
#2598=ORIENTED_EDGE('',*,*,#5011,.T.);
#2599=ORIENTED_EDGE('',*,*,#5012,.T.);
#2600=ORIENTED_EDGE('',*,*,#5013,.T.);
#2601=ORIENTED_EDGE('',*,*,#5014,.T.);
#2602=ORIENTED_EDGE('',*,*,#5015,.T.);
#2603=ORIENTED_EDGE('',*,*,#5016,.T.);
#2604=ORIENTED_EDGE('',*,*,#5017,.T.);
#2605=ORIENTED_EDGE('',*,*,#5018,.T.);
#2606=ORIENTED_EDGE('',*,*,#5019,.T.);
#2607=ORIENTED_EDGE('',*,*,#5020,.T.);
#2608=ORIENTED_EDGE('',*,*,#5021,.T.);
#2609=ORIENTED_EDGE('',*,*,#5022,.T.);
#2610=ORIENTED_EDGE('',*,*,#5023,.T.);
#2611=ORIENTED_EDGE('',*,*,#4988,.F.);
#2612=ORIENTED_EDGE('',*,*,#5024,.T.);
#2613=ORIENTED_EDGE('',*,*,#4992,.F.);
#2614=ORIENTED_EDGE('',*,*,#5025,.T.);
#2615=ORIENTED_EDGE('',*,*,#5022,.F.);
#2616=ORIENTED_EDGE('',*,*,#5026,.T.);
#2617=ORIENTED_EDGE('',*,*,#5027,.F.);
#2618=ORIENTED_EDGE('',*,*,#5028,.T.);
#2619=ORIENTED_EDGE('',*,*,#5014,.F.);
#2620=ORIENTED_EDGE('',*,*,#5029,.T.);
#2621=ORIENTED_EDGE('',*,*,#5016,.F.);
#2622=ORIENTED_EDGE('',*,*,#5030,.T.);
#2623=ORIENTED_EDGE('',*,*,#5018,.F.);
#2624=ORIENTED_EDGE('',*,*,#5031,.T.);
#2625=ORIENTED_EDGE('',*,*,#5020,.F.);
#2626=ORIENTED_EDGE('',*,*,#5032,.T.);
#2627=ORIENTED_EDGE('',*,*,#5002,.F.);
#2628=ORIENTED_EDGE('',*,*,#5033,.T.);
#2629=ORIENTED_EDGE('',*,*,#5004,.F.);
#2630=ORIENTED_EDGE('',*,*,#5034,.T.);
#2631=ORIENTED_EDGE('',*,*,#4998,.F.);
#2632=ORIENTED_EDGE('',*,*,#5035,.T.);
#2633=ORIENTED_EDGE('',*,*,#5000,.F.);
#2634=ORIENTED_EDGE('',*,*,#5036,.T.);
#2635=ORIENTED_EDGE('',*,*,#5006,.F.);
#2636=ORIENTED_EDGE('',*,*,#5037,.T.);
#2637=ORIENTED_EDGE('',*,*,#5008,.F.);
#2638=ORIENTED_EDGE('',*,*,#5038,.T.);
#2639=ORIENTED_EDGE('',*,*,#4994,.F.);
#2640=ORIENTED_EDGE('',*,*,#5039,.T.);
#2641=ORIENTED_EDGE('',*,*,#4996,.F.);
#2642=ORIENTED_EDGE('',*,*,#5040,.T.);
#2643=ORIENTED_EDGE('',*,*,#5010,.F.);
#2644=ORIENTED_EDGE('',*,*,#5041,.T.);
#2645=ORIENTED_EDGE('',*,*,#5012,.F.);
#2646=ORIENTED_EDGE('',*,*,#5042,.T.);
#2647=ORIENTED_EDGE('',*,*,#5043,.T.);
#2648=ORIENTED_EDGE('',*,*,#5044,.T.);
#2649=ORIENTED_EDGE('',*,*,#5045,.T.);
#2650=ORIENTED_EDGE('',*,*,#5046,.T.);
#2651=ORIENTED_EDGE('',*,*,#5047,.T.);
#2652=ORIENTED_EDGE('',*,*,#5048,.T.);
#2653=ORIENTED_EDGE('',*,*,#5049,.T.);
#2654=ORIENTED_EDGE('',*,*,#5027,.T.);
#2655=ORIENTED_EDGE('',*,*,#5050,.T.);
#2656=ORIENTED_EDGE('',*,*,#4967,.T.);
#2657=ORIENTED_EDGE('',*,*,#5051,.T.);
#2658=ORIENTED_EDGE('',*,*,#5052,.T.);
#2659=ORIENTED_EDGE('',*,*,#5053,.T.);
#2660=ORIENTED_EDGE('',*,*,#5054,.T.);
#2661=ORIENTED_EDGE('',*,*,#5055,.T.);
#2662=ORIENTED_EDGE('',*,*,#5056,.T.);
#2663=ORIENTED_EDGE('',*,*,#5057,.T.);
#2664=ORIENTED_EDGE('',*,*,#5058,.T.);
#2665=ORIENTED_EDGE('',*,*,#5059,.T.);
#2666=ORIENTED_EDGE('',*,*,#5060,.T.);
#2667=ORIENTED_EDGE('',*,*,#5061,.T.);
#2668=ORIENTED_EDGE('',*,*,#5062,.T.);
#2669=ORIENTED_EDGE('',*,*,#5063,.T.);
#2670=ORIENTED_EDGE('',*,*,#5064,.T.);
#2671=ORIENTED_EDGE('',*,*,#5065,.T.);
#2672=ORIENTED_EDGE('',*,*,#5066,.T.);
#2673=ORIENTED_EDGE('',*,*,#5067,.T.);
#2674=ORIENTED_EDGE('',*,*,#5068,.T.);
#2675=ORIENTED_EDGE('',*,*,#5069,.T.);
#2676=ORIENTED_EDGE('',*,*,#5070,.T.);
#2677=ORIENTED_EDGE('',*,*,#5071,.T.);
#2678=ORIENTED_EDGE('',*,*,#5072,.T.);
#2679=ORIENTED_EDGE('',*,*,#5073,.T.);
#2680=ORIENTED_EDGE('',*,*,#5074,.T.);
#2681=ORIENTED_EDGE('',*,*,#5075,.T.);
#2682=ORIENTED_EDGE('',*,*,#5076,.T.);
#2683=ORIENTED_EDGE('',*,*,#5077,.T.);
#2684=ORIENTED_EDGE('',*,*,#5078,.T.);
#2685=ORIENTED_EDGE('',*,*,#5079,.T.);
#2686=ORIENTED_EDGE('',*,*,#5080,.T.);
#2687=ORIENTED_EDGE('',*,*,#5081,.T.);
#2688=ORIENTED_EDGE('',*,*,#5082,.T.);
#2689=ORIENTED_EDGE('',*,*,#5083,.T.);
#2690=ORIENTED_EDGE('',*,*,#5084,.T.);
#2691=ORIENTED_EDGE('',*,*,#5085,.T.);
#2692=ORIENTED_EDGE('',*,*,#5086,.T.);
#2693=ORIENTED_EDGE('',*,*,#5087,.T.);
#2694=ORIENTED_EDGE('',*,*,#5088,.T.);
#2695=ORIENTED_EDGE('',*,*,#5089,.T.);
#2696=ORIENTED_EDGE('',*,*,#5090,.T.);
#2697=ORIENTED_EDGE('',*,*,#5091,.T.);
#2698=ORIENTED_EDGE('',*,*,#5092,.T.);
#2699=ORIENTED_EDGE('',*,*,#5093,.T.);
#2700=ORIENTED_EDGE('',*,*,#5094,.T.);
#2701=ORIENTED_EDGE('',*,*,#5095,.T.);
#2702=ORIENTED_EDGE('',*,*,#5096,.T.);
#2703=ORIENTED_EDGE('',*,*,#5097,.T.);
#2704=ORIENTED_EDGE('',*,*,#5098,.T.);
#2705=ORIENTED_EDGE('',*,*,#5099,.T.);
#2706=ORIENTED_EDGE('',*,*,#5100,.T.);
#2707=ORIENTED_EDGE('',*,*,#5101,.T.);
#2708=ORIENTED_EDGE('',*,*,#5102,.T.);
#2709=ORIENTED_EDGE('',*,*,#5103,.T.);
#2710=ORIENTED_EDGE('',*,*,#5104,.T.);
#2711=ORIENTED_EDGE('',*,*,#5105,.T.);
#2712=ORIENTED_EDGE('',*,*,#5106,.T.);
#2713=ORIENTED_EDGE('',*,*,#5107,.T.);
#2714=ORIENTED_EDGE('',*,*,#5108,.T.);
#2715=ORIENTED_EDGE('',*,*,#5109,.T.);
#2716=ORIENTED_EDGE('',*,*,#5110,.T.);
#2717=ORIENTED_EDGE('',*,*,#5111,.T.);
#2718=ORIENTED_EDGE('',*,*,#5112,.T.);
#2719=ORIENTED_EDGE('',*,*,#5113,.T.);
#2720=ORIENTED_EDGE('',*,*,#5114,.T.);
#2721=ORIENTED_EDGE('',*,*,#5115,.T.);
#2722=ORIENTED_EDGE('',*,*,#5116,.T.);
#2723=ORIENTED_EDGE('',*,*,#5117,.T.);
#2724=ORIENTED_EDGE('',*,*,#5118,.T.);
#2725=ORIENTED_EDGE('',*,*,#5119,.T.);
#2726=ORIENTED_EDGE('',*,*,#5120,.T.);
#2727=ORIENTED_EDGE('',*,*,#5121,.T.);
#2728=ORIENTED_EDGE('',*,*,#5122,.T.);
#2729=ORIENTED_EDGE('',*,*,#5123,.T.);
#2730=ORIENTED_EDGE('',*,*,#5124,.T.);
#2731=ORIENTED_EDGE('',*,*,#5125,.T.);
#2732=ORIENTED_EDGE('',*,*,#5126,.T.);
#2733=ORIENTED_EDGE('',*,*,#5127,.T.);
#2734=ORIENTED_EDGE('',*,*,#5128,.T.);
#2735=ORIENTED_EDGE('',*,*,#5129,.T.);
#2736=ORIENTED_EDGE('',*,*,#5130,.T.);
#2737=ORIENTED_EDGE('',*,*,#5131,.T.);
#2738=ORIENTED_EDGE('',*,*,#5132,.T.);
#2739=ORIENTED_EDGE('',*,*,#5133,.T.);
#2740=ORIENTED_EDGE('',*,*,#5134,.T.);
#2741=ORIENTED_EDGE('',*,*,#5135,.T.);
#2742=ORIENTED_EDGE('',*,*,#5136,.T.);
#2743=ORIENTED_EDGE('',*,*,#5137,.T.);
#2744=ORIENTED_EDGE('',*,*,#5138,.T.);
#2745=ORIENTED_EDGE('',*,*,#5139,.T.);
#2746=ORIENTED_EDGE('',*,*,#5140,.T.);
#2747=ORIENTED_EDGE('',*,*,#5141,.T.);
#2748=ORIENTED_EDGE('',*,*,#5142,.T.);
#2749=ORIENTED_EDGE('',*,*,#5143,.T.);
#2750=ORIENTED_EDGE('',*,*,#5144,.T.);
#2751=ORIENTED_EDGE('',*,*,#5145,.T.);
#2752=ORIENTED_EDGE('',*,*,#5146,.T.);
#2753=ORIENTED_EDGE('',*,*,#5147,.T.);
#2754=ORIENTED_EDGE('',*,*,#5148,.T.);
#2755=ORIENTED_EDGE('',*,*,#5149,.T.);
#2756=ORIENTED_EDGE('',*,*,#5150,.T.);
#2757=ORIENTED_EDGE('',*,*,#5151,.T.);
#2758=ORIENTED_EDGE('',*,*,#5152,.T.);
#2759=ORIENTED_EDGE('',*,*,#5153,.T.);
#2760=ORIENTED_EDGE('',*,*,#5154,.T.);
#2761=ORIENTED_EDGE('',*,*,#5155,.T.);
#2762=ORIENTED_EDGE('',*,*,#5156,.T.);
#2763=ORIENTED_EDGE('',*,*,#5157,.T.);
#2764=ORIENTED_EDGE('',*,*,#5158,.T.);
#2765=ORIENTED_EDGE('',*,*,#5159,.T.);
#2766=ORIENTED_EDGE('',*,*,#5160,.T.);
#2767=ORIENTED_EDGE('',*,*,#5161,.T.);
#2768=ORIENTED_EDGE('',*,*,#5162,.T.);
#2769=ORIENTED_EDGE('',*,*,#5163,.T.);
#2770=ORIENTED_EDGE('',*,*,#5164,.T.);
#2771=ORIENTED_EDGE('',*,*,#5165,.T.);
#2772=ORIENTED_EDGE('',*,*,#5166,.T.);
#2773=ORIENTED_EDGE('',*,*,#5167,.T.);
#2774=ORIENTED_EDGE('',*,*,#5168,.T.);
#2775=ORIENTED_EDGE('',*,*,#5169,.T.);
#2776=ORIENTED_EDGE('',*,*,#5170,.T.);
#2777=ORIENTED_EDGE('',*,*,#5171,.T.);
#2778=ORIENTED_EDGE('',*,*,#5172,.T.);
#2779=ORIENTED_EDGE('',*,*,#5173,.T.);
#2780=ORIENTED_EDGE('',*,*,#5174,.T.);
#2781=ORIENTED_EDGE('',*,*,#5175,.T.);
#2782=ORIENTED_EDGE('',*,*,#5176,.T.);
#2783=ORIENTED_EDGE('',*,*,#5177,.T.);
#2784=ORIENTED_EDGE('',*,*,#5178,.T.);
#2785=ORIENTED_EDGE('',*,*,#5179,.T.);
#2786=ORIENTED_EDGE('',*,*,#5180,.T.);
#2787=ORIENTED_EDGE('',*,*,#5181,.T.);
#2788=ORIENTED_EDGE('',*,*,#5182,.T.);
#2789=ORIENTED_EDGE('',*,*,#5183,.T.);
#2790=ORIENTED_EDGE('',*,*,#5184,.T.);
#2791=ORIENTED_EDGE('',*,*,#5185,.T.);
#2792=ORIENTED_EDGE('',*,*,#5186,.T.);
#2793=ORIENTED_EDGE('',*,*,#5187,.T.);
#2794=ORIENTED_EDGE('',*,*,#5188,.T.);
#2795=ORIENTED_EDGE('',*,*,#5189,.T.);
#2796=ORIENTED_EDGE('',*,*,#5190,.T.);
#2797=ORIENTED_EDGE('',*,*,#5191,.T.);
#2798=ORIENTED_EDGE('',*,*,#5192,.T.);
#2799=ORIENTED_EDGE('',*,*,#5193,.T.);
#2800=ORIENTED_EDGE('',*,*,#5194,.T.);
#2801=ORIENTED_EDGE('',*,*,#5195,.T.);
#2802=ORIENTED_EDGE('',*,*,#5196,.T.);
#2803=ORIENTED_EDGE('',*,*,#5197,.T.);
#2804=ORIENTED_EDGE('',*,*,#5198,.T.);
#2805=ORIENTED_EDGE('',*,*,#5199,.T.);
#2806=ORIENTED_EDGE('',*,*,#5200,.T.);
#2807=ORIENTED_EDGE('',*,*,#5201,.T.);
#2808=ORIENTED_EDGE('',*,*,#5202,.T.);
#2809=ORIENTED_EDGE('',*,*,#5203,.T.);
#2810=ORIENTED_EDGE('',*,*,#5204,.T.);
#2811=ORIENTED_EDGE('',*,*,#5205,.T.);
#2812=ORIENTED_EDGE('',*,*,#5206,.T.);
#2813=ORIENTED_EDGE('',*,*,#5207,.T.);
#2814=ORIENTED_EDGE('',*,*,#5208,.T.);
#2815=ORIENTED_EDGE('',*,*,#5209,.T.);
#2816=ORIENTED_EDGE('',*,*,#5210,.T.);
#2817=ORIENTED_EDGE('',*,*,#5211,.T.);
#2818=ORIENTED_EDGE('',*,*,#5212,.T.);
#2819=ORIENTED_EDGE('',*,*,#5213,.T.);
#2820=ORIENTED_EDGE('',*,*,#5214,.T.);
#2821=ORIENTED_EDGE('',*,*,#5215,.T.);
#2822=ORIENTED_EDGE('',*,*,#5216,.T.);
#2823=ORIENTED_EDGE('',*,*,#5217,.T.);
#2824=ORIENTED_EDGE('',*,*,#5218,.T.);
#2825=ORIENTED_EDGE('',*,*,#5219,.T.);
#2826=ORIENTED_EDGE('',*,*,#5220,.T.);
#2827=ORIENTED_EDGE('',*,*,#5221,.T.);
#2828=ORIENTED_EDGE('',*,*,#5222,.T.);
#2829=ORIENTED_EDGE('',*,*,#5223,.T.);
#2830=ORIENTED_EDGE('',*,*,#5224,.T.);
#2831=ORIENTED_EDGE('',*,*,#5225,.T.);
#2832=ORIENTED_EDGE('',*,*,#5226,.T.);
#2833=ORIENTED_EDGE('',*,*,#5227,.T.);
#2834=ORIENTED_EDGE('',*,*,#5228,.T.);
#2835=ORIENTED_EDGE('',*,*,#5229,.T.);
#2836=ORIENTED_EDGE('',*,*,#5230,.T.);
#2837=ORIENTED_EDGE('',*,*,#5231,.T.);
#2838=ORIENTED_EDGE('',*,*,#5232,.T.);
#2839=ORIENTED_EDGE('',*,*,#5233,.T.);
#2840=ORIENTED_EDGE('',*,*,#5077,.F.);
#2841=ORIENTED_EDGE('',*,*,#5234,.T.);
#2842=ORIENTED_EDGE('',*,*,#5235,.T.);
#2843=ORIENTED_EDGE('',*,*,#5236,.T.);
#2844=ORIENTED_EDGE('',*,*,#5237,.T.);
#2845=ORIENTED_EDGE('',*,*,#5238,.T.);
#2846=ORIENTED_EDGE('',*,*,#5239,.T.);
#2847=ORIENTED_EDGE('',*,*,#5240,.T.);
#2848=ORIENTED_EDGE('',*,*,#5241,.T.);
#2849=ORIENTED_EDGE('',*,*,#5242,.T.);
#2850=ORIENTED_EDGE('',*,*,#5243,.T.);
#2851=ORIENTED_EDGE('',*,*,#5244,.T.);
#2852=ORIENTED_EDGE('',*,*,#5245,.T.);
#2853=ORIENTED_EDGE('',*,*,#5246,.T.);
#2854=ORIENTED_EDGE('',*,*,#5247,.T.);
#2855=ORIENTED_EDGE('',*,*,#5248,.T.);
#2856=ORIENTED_EDGE('',*,*,#5249,.T.);
#2857=ORIENTED_EDGE('',*,*,#5250,.T.);
#2858=ORIENTED_EDGE('',*,*,#5251,.T.);
#2859=ORIENTED_EDGE('',*,*,#5252,.T.);
#2860=ORIENTED_EDGE('',*,*,#5083,.F.);
#2861=ORIENTED_EDGE('',*,*,#5253,.T.);
#2862=ORIENTED_EDGE('',*,*,#5254,.T.);
#2863=ORIENTED_EDGE('',*,*,#5255,.T.);
#2864=ORIENTED_EDGE('',*,*,#5256,.T.);
#2865=ORIENTED_EDGE('',*,*,#5257,.T.);
#2866=ORIENTED_EDGE('',*,*,#5258,.T.);
#2867=ORIENTED_EDGE('',*,*,#5259,.T.);
#2868=ORIENTED_EDGE('',*,*,#5260,.T.);
#2869=ORIENTED_EDGE('',*,*,#5261,.T.);
#2870=ORIENTED_EDGE('',*,*,#5262,.T.);
#2871=ORIENTED_EDGE('',*,*,#5263,.T.);
#2872=ORIENTED_EDGE('',*,*,#5264,.T.);
#2873=ORIENTED_EDGE('',*,*,#5265,.T.);
#2874=ORIENTED_EDGE('',*,*,#5266,.T.);
#2875=ORIENTED_EDGE('',*,*,#5267,.T.);
#2876=ORIENTED_EDGE('',*,*,#5268,.T.);
#2877=ORIENTED_EDGE('',*,*,#5269,.T.);
#2878=ORIENTED_EDGE('',*,*,#5270,.T.);
#2879=ORIENTED_EDGE('',*,*,#5271,.T.);
#2880=ORIENTED_EDGE('',*,*,#5065,.F.);
#2881=ORIENTED_EDGE('',*,*,#5272,.T.);
#2882=ORIENTED_EDGE('',*,*,#5273,.T.);
#2883=ORIENTED_EDGE('',*,*,#5274,.T.);
#2884=ORIENTED_EDGE('',*,*,#5275,.T.);
#2885=ORIENTED_EDGE('',*,*,#5276,.T.);
#2886=ORIENTED_EDGE('',*,*,#5277,.T.);
#2887=ORIENTED_EDGE('',*,*,#5278,.T.);
#2888=ORIENTED_EDGE('',*,*,#5279,.T.);
#2889=ORIENTED_EDGE('',*,*,#5280,.T.);
#2890=ORIENTED_EDGE('',*,*,#5281,.T.);
#2891=ORIENTED_EDGE('',*,*,#5282,.T.);
#2892=ORIENTED_EDGE('',*,*,#5283,.T.);
#2893=ORIENTED_EDGE('',*,*,#5284,.T.);
#2894=ORIENTED_EDGE('',*,*,#5285,.T.);
#2895=ORIENTED_EDGE('',*,*,#5286,.T.);
#2896=ORIENTED_EDGE('',*,*,#5287,.T.);
#2897=ORIENTED_EDGE('',*,*,#5288,.T.);
#2898=ORIENTED_EDGE('',*,*,#5289,.T.);
#2899=ORIENTED_EDGE('',*,*,#5290,.T.);
#2900=ORIENTED_EDGE('',*,*,#5071,.F.);
#2901=ORIENTED_EDGE('',*,*,#5291,.T.);
#2902=ORIENTED_EDGE('',*,*,#5292,.T.);
#2903=ORIENTED_EDGE('',*,*,#5293,.T.);
#2904=ORIENTED_EDGE('',*,*,#5294,.T.);
#2905=ORIENTED_EDGE('',*,*,#5295,.T.);
#2906=ORIENTED_EDGE('',*,*,#5296,.T.);
#2907=ORIENTED_EDGE('',*,*,#5297,.T.);
#2908=ORIENTED_EDGE('',*,*,#5298,.T.);
#2909=ORIENTED_EDGE('',*,*,#5299,.T.);
#2910=ORIENTED_EDGE('',*,*,#5300,.T.);
#2911=ORIENTED_EDGE('',*,*,#5301,.T.);
#2912=ORIENTED_EDGE('',*,*,#5302,.T.);
#2913=ORIENTED_EDGE('',*,*,#5303,.T.);
#2914=ORIENTED_EDGE('',*,*,#5304,.T.);
#2915=ORIENTED_EDGE('',*,*,#5305,.T.);
#2916=ORIENTED_EDGE('',*,*,#5306,.T.);
#2917=ORIENTED_EDGE('',*,*,#5307,.T.);
#2918=ORIENTED_EDGE('',*,*,#5308,.T.);
#2919=ORIENTED_EDGE('',*,*,#5309,.T.);
#2920=ORIENTED_EDGE('',*,*,#5113,.F.);
#2921=ORIENTED_EDGE('',*,*,#5310,.T.);
#2922=ORIENTED_EDGE('',*,*,#5311,.T.);
#2923=ORIENTED_EDGE('',*,*,#5312,.T.);
#2924=ORIENTED_EDGE('',*,*,#5313,.T.);
#2925=ORIENTED_EDGE('',*,*,#5314,.T.);
#2926=ORIENTED_EDGE('',*,*,#5315,.T.);
#2927=ORIENTED_EDGE('',*,*,#5316,.T.);
#2928=ORIENTED_EDGE('',*,*,#5317,.T.);
#2929=ORIENTED_EDGE('',*,*,#5318,.T.);
#2930=ORIENTED_EDGE('',*,*,#5319,.T.);
#2931=ORIENTED_EDGE('',*,*,#5320,.T.);
#2932=ORIENTED_EDGE('',*,*,#5321,.T.);
#2933=ORIENTED_EDGE('',*,*,#5322,.T.);
#2934=ORIENTED_EDGE('',*,*,#5323,.T.);
#2935=ORIENTED_EDGE('',*,*,#5324,.T.);
#2936=ORIENTED_EDGE('',*,*,#5325,.T.);
#2937=ORIENTED_EDGE('',*,*,#5326,.T.);
#2938=ORIENTED_EDGE('',*,*,#5327,.T.);
#2939=ORIENTED_EDGE('',*,*,#5328,.T.);
#2940=ORIENTED_EDGE('',*,*,#5119,.F.);
#2941=ORIENTED_EDGE('',*,*,#5329,.T.);
#2942=ORIENTED_EDGE('',*,*,#5330,.T.);
#2943=ORIENTED_EDGE('',*,*,#5331,.T.);
#2944=ORIENTED_EDGE('',*,*,#5332,.T.);
#2945=ORIENTED_EDGE('',*,*,#5333,.T.);
#2946=ORIENTED_EDGE('',*,*,#5334,.T.);
#2947=ORIENTED_EDGE('',*,*,#5335,.T.);
#2948=ORIENTED_EDGE('',*,*,#5336,.T.);
#2949=ORIENTED_EDGE('',*,*,#5337,.T.);
#2950=ORIENTED_EDGE('',*,*,#5338,.T.);
#2951=ORIENTED_EDGE('',*,*,#5339,.T.);
#2952=ORIENTED_EDGE('',*,*,#5340,.T.);
#2953=ORIENTED_EDGE('',*,*,#5341,.T.);
#2954=ORIENTED_EDGE('',*,*,#5342,.T.);
#2955=ORIENTED_EDGE('',*,*,#5343,.T.);
#2956=ORIENTED_EDGE('',*,*,#5344,.T.);
#2957=ORIENTED_EDGE('',*,*,#5345,.T.);
#2958=ORIENTED_EDGE('',*,*,#5346,.T.);
#2959=ORIENTED_EDGE('',*,*,#5347,.T.);
#2960=ORIENTED_EDGE('',*,*,#5053,.F.);
#2961=ORIENTED_EDGE('',*,*,#5348,.T.);
#2962=ORIENTED_EDGE('',*,*,#5349,.T.);
#2963=ORIENTED_EDGE('',*,*,#5350,.T.);
#2964=ORIENTED_EDGE('',*,*,#5351,.T.);
#2965=ORIENTED_EDGE('',*,*,#5352,.T.);
#2966=ORIENTED_EDGE('',*,*,#5353,.T.);
#2967=ORIENTED_EDGE('',*,*,#5354,.T.);
#2968=ORIENTED_EDGE('',*,*,#5355,.T.);
#2969=ORIENTED_EDGE('',*,*,#5356,.T.);
#2970=ORIENTED_EDGE('',*,*,#5357,.T.);
#2971=ORIENTED_EDGE('',*,*,#5358,.T.);
#2972=ORIENTED_EDGE('',*,*,#5359,.T.);
#2973=ORIENTED_EDGE('',*,*,#5360,.T.);
#2974=ORIENTED_EDGE('',*,*,#5361,.T.);
#2975=ORIENTED_EDGE('',*,*,#5362,.T.);
#2976=ORIENTED_EDGE('',*,*,#5363,.T.);
#2977=ORIENTED_EDGE('',*,*,#5364,.T.);
#2978=ORIENTED_EDGE('',*,*,#5365,.T.);
#2979=ORIENTED_EDGE('',*,*,#5366,.T.);
#2980=ORIENTED_EDGE('',*,*,#5059,.F.);
#2981=ORIENTED_EDGE('',*,*,#5367,.T.);
#2982=ORIENTED_EDGE('',*,*,#5368,.T.);
#2983=ORIENTED_EDGE('',*,*,#5369,.T.);
#2984=ORIENTED_EDGE('',*,*,#5370,.T.);
#2985=ORIENTED_EDGE('',*,*,#5371,.T.);
#2986=ORIENTED_EDGE('',*,*,#5372,.T.);
#2987=ORIENTED_EDGE('',*,*,#5373,.T.);
#2988=ORIENTED_EDGE('',*,*,#5374,.T.);
#2989=ORIENTED_EDGE('',*,*,#5375,.T.);
#2990=ORIENTED_EDGE('',*,*,#5376,.T.);
#2991=ORIENTED_EDGE('',*,*,#5377,.T.);
#2992=ORIENTED_EDGE('',*,*,#5378,.T.);
#2993=ORIENTED_EDGE('',*,*,#5379,.T.);
#2994=ORIENTED_EDGE('',*,*,#5380,.T.);
#2995=ORIENTED_EDGE('',*,*,#5381,.T.);
#2996=ORIENTED_EDGE('',*,*,#5382,.T.);
#2997=ORIENTED_EDGE('',*,*,#5383,.T.);
#2998=ORIENTED_EDGE('',*,*,#5384,.T.);
#2999=ORIENTED_EDGE('',*,*,#5385,.T.);
#3000=ORIENTED_EDGE('',*,*,#5101,.F.);
#3001=ORIENTED_EDGE('',*,*,#5386,.T.);
#3002=ORIENTED_EDGE('',*,*,#5387,.T.);
#3003=ORIENTED_EDGE('',*,*,#5388,.T.);
#3004=ORIENTED_EDGE('',*,*,#5389,.T.);
#3005=ORIENTED_EDGE('',*,*,#5390,.T.);
#3006=ORIENTED_EDGE('',*,*,#5391,.T.);
#3007=ORIENTED_EDGE('',*,*,#5392,.T.);
#3008=ORIENTED_EDGE('',*,*,#5393,.T.);
#3009=ORIENTED_EDGE('',*,*,#5394,.T.);
#3010=ORIENTED_EDGE('',*,*,#5395,.T.);
#3011=ORIENTED_EDGE('',*,*,#5396,.T.);
#3012=ORIENTED_EDGE('',*,*,#5397,.T.);
#3013=ORIENTED_EDGE('',*,*,#5398,.T.);
#3014=ORIENTED_EDGE('',*,*,#5399,.T.);
#3015=ORIENTED_EDGE('',*,*,#5400,.T.);
#3016=ORIENTED_EDGE('',*,*,#5401,.T.);
#3017=ORIENTED_EDGE('',*,*,#5402,.T.);
#3018=ORIENTED_EDGE('',*,*,#5403,.T.);
#3019=ORIENTED_EDGE('',*,*,#5404,.T.);
#3020=ORIENTED_EDGE('',*,*,#5107,.F.);
#3021=ORIENTED_EDGE('',*,*,#5405,.T.);
#3022=ORIENTED_EDGE('',*,*,#5406,.T.);
#3023=ORIENTED_EDGE('',*,*,#5407,.T.);
#3024=ORIENTED_EDGE('',*,*,#5408,.T.);
#3025=ORIENTED_EDGE('',*,*,#5409,.T.);
#3026=ORIENTED_EDGE('',*,*,#5410,.T.);
#3027=ORIENTED_EDGE('',*,*,#5411,.T.);
#3028=ORIENTED_EDGE('',*,*,#5412,.T.);
#3029=ORIENTED_EDGE('',*,*,#5413,.T.);
#3030=ORIENTED_EDGE('',*,*,#5414,.T.);
#3031=ORIENTED_EDGE('',*,*,#5415,.T.);
#3032=ORIENTED_EDGE('',*,*,#5416,.T.);
#3033=ORIENTED_EDGE('',*,*,#5417,.T.);
#3034=ORIENTED_EDGE('',*,*,#5418,.T.);
#3035=ORIENTED_EDGE('',*,*,#5419,.T.);
#3036=ORIENTED_EDGE('',*,*,#5420,.T.);
#3037=ORIENTED_EDGE('',*,*,#5421,.T.);
#3038=ORIENTED_EDGE('',*,*,#5422,.T.);
#3039=ORIENTED_EDGE('',*,*,#5423,.T.);
#3040=ORIENTED_EDGE('',*,*,#5095,.F.);
#3041=ORIENTED_EDGE('',*,*,#5424,.T.);
#3042=ORIENTED_EDGE('',*,*,#5425,.T.);
#3043=ORIENTED_EDGE('',*,*,#5426,.T.);
#3044=ORIENTED_EDGE('',*,*,#5427,.T.);
#3045=ORIENTED_EDGE('',*,*,#5428,.T.);
#3046=ORIENTED_EDGE('',*,*,#5429,.T.);
#3047=ORIENTED_EDGE('',*,*,#5430,.T.);
#3048=ORIENTED_EDGE('',*,*,#5431,.T.);
#3049=ORIENTED_EDGE('',*,*,#5432,.T.);
#3050=ORIENTED_EDGE('',*,*,#5433,.T.);
#3051=ORIENTED_EDGE('',*,*,#5434,.T.);
#3052=ORIENTED_EDGE('',*,*,#5435,.T.);
#3053=ORIENTED_EDGE('',*,*,#5436,.T.);
#3054=ORIENTED_EDGE('',*,*,#5437,.T.);
#3055=ORIENTED_EDGE('',*,*,#5438,.T.);
#3056=ORIENTED_EDGE('',*,*,#5439,.T.);
#3057=ORIENTED_EDGE('',*,*,#5440,.T.);
#3058=ORIENTED_EDGE('',*,*,#5441,.T.);
#3059=ORIENTED_EDGE('',*,*,#5442,.T.);
#3060=ORIENTED_EDGE('',*,*,#5089,.F.);
#3061=ORIENTED_EDGE('',*,*,#5443,.T.);
#3062=ORIENTED_EDGE('',*,*,#5444,.T.);
#3063=ORIENTED_EDGE('',*,*,#5445,.T.);
#3064=ORIENTED_EDGE('',*,*,#5446,.T.);
#3065=ORIENTED_EDGE('',*,*,#5447,.T.);
#3066=ORIENTED_EDGE('',*,*,#5448,.T.);
#3067=ORIENTED_EDGE('',*,*,#5449,.T.);
#3068=ORIENTED_EDGE('',*,*,#5384,.F.);
#3069=ORIENTED_EDGE('',*,*,#5450,.T.);
#3070=ORIENTED_EDGE('',*,*,#5378,.F.);
#3071=ORIENTED_EDGE('',*,*,#5451,.T.);
#3072=ORIENTED_EDGE('',*,*,#5361,.F.);
#3073=ORIENTED_EDGE('',*,*,#5452,.T.);
#3074=ORIENTED_EDGE('',*,*,#5355,.F.);
#3075=ORIENTED_EDGE('',*,*,#5453,.T.);
#3076=ORIENTED_EDGE('',*,*,#5346,.F.);
#3077=ORIENTED_EDGE('',*,*,#5454,.T.);
#3078=ORIENTED_EDGE('',*,*,#5340,.F.);
#3079=ORIENTED_EDGE('',*,*,#5455,.T.);
#3080=ORIENTED_EDGE('',*,*,#5403,.F.);
#3081=ORIENTED_EDGE('',*,*,#5456,.T.);
#3082=ORIENTED_EDGE('',*,*,#5397,.F.);
#3083=ORIENTED_EDGE('',*,*,#5457,.T.);
#3084=ORIENTED_EDGE('',*,*,#5342,.F.);
#3085=ORIENTED_EDGE('',*,*,#5458,.T.);
#3086=ORIENTED_EDGE('',*,*,#5336,.F.);
#3087=ORIENTED_EDGE('',*,*,#5459,.T.);
#3088=ORIENTED_EDGE('',*,*,#5380,.F.);
#3089=ORIENTED_EDGE('',*,*,#5460,.T.);
#3090=ORIENTED_EDGE('',*,*,#5374,.F.);
#3091=ORIENTED_EDGE('',*,*,#5461,.T.);
#3092=ORIENTED_EDGE('',*,*,#5399,.F.);
#3093=ORIENTED_EDGE('',*,*,#5462,.T.);
#3094=ORIENTED_EDGE('',*,*,#5393,.F.);
#3095=ORIENTED_EDGE('',*,*,#5463,.T.);
#3096=ORIENTED_EDGE('',*,*,#5422,.F.);
#3097=ORIENTED_EDGE('',*,*,#5464,.T.);
#3098=ORIENTED_EDGE('',*,*,#5416,.F.);
#3099=ORIENTED_EDGE('',*,*,#5465,.T.);
#3100=ORIENTED_EDGE('',*,*,#5285,.F.);
#3101=ORIENTED_EDGE('',*,*,#5466,.T.);
#3102=ORIENTED_EDGE('',*,*,#5279,.F.);
#3103=ORIENTED_EDGE('',*,*,#5467,.T.);
#3104=ORIENTED_EDGE('',*,*,#5365,.F.);
#3105=ORIENTED_EDGE('',*,*,#5468,.T.);
#3106=ORIENTED_EDGE('',*,*,#5359,.F.);
#3107=ORIENTED_EDGE('',*,*,#5469,.T.);
#3108=ORIENTED_EDGE('',*,*,#5437,.F.);
#3109=ORIENTED_EDGE('',*,*,#5470,.T.);
#3110=ORIENTED_EDGE('',*,*,#5431,.F.);
#3111=ORIENTED_EDGE('',*,*,#5471,.T.);
#3112=ORIENTED_EDGE('',*,*,#5304,.F.);
#3113=ORIENTED_EDGE('',*,*,#5472,.T.);
#3114=ORIENTED_EDGE('',*,*,#5298,.F.);
#3115=ORIENTED_EDGE('',*,*,#5473,.T.);
#3116=ORIENTED_EDGE('',*,*,#5441,.F.);
#3117=ORIENTED_EDGE('',*,*,#5474,.T.);
#3118=ORIENTED_EDGE('',*,*,#5435,.F.);
#3119=ORIENTED_EDGE('',*,*,#5475,.T.);
#3120=ORIENTED_EDGE('',*,*,#5251,.F.);
#3121=ORIENTED_EDGE('',*,*,#5476,.T.);
#3122=ORIENTED_EDGE('',*,*,#5245,.F.);
#3123=ORIENTED_EDGE('',*,*,#5477,.T.);
#3124=ORIENTED_EDGE('',*,*,#5247,.F.);
#3125=ORIENTED_EDGE('',*,*,#5478,.T.);
#3126=ORIENTED_EDGE('',*,*,#5241,.F.);
#3127=ORIENTED_EDGE('',*,*,#5479,.T.);
#3128=ORIENTED_EDGE('',*,*,#5232,.F.);
#3129=ORIENTED_EDGE('',*,*,#5480,.T.);
#3130=ORIENTED_EDGE('',*,*,#5226,.F.);
#3131=ORIENTED_EDGE('',*,*,#5481,.T.);
#3132=ORIENTED_EDGE('',*,*,#5308,.F.);
#3133=ORIENTED_EDGE('',*,*,#5482,.T.);
#3134=ORIENTED_EDGE('',*,*,#5302,.F.);
#3135=ORIENTED_EDGE('',*,*,#5483,.T.);
#3136=ORIENTED_EDGE('',*,*,#5327,.F.);
#3137=ORIENTED_EDGE('',*,*,#5484,.T.);
#3138=ORIENTED_EDGE('',*,*,#5321,.F.);
#3139=ORIENTED_EDGE('',*,*,#5485,.T.);
#3140=ORIENTED_EDGE('',*,*,#5266,.F.);
#3141=ORIENTED_EDGE('',*,*,#5486,.T.);
#3142=ORIENTED_EDGE('',*,*,#5260,.F.);
#3143=ORIENTED_EDGE('',*,*,#5487,.T.);
#3144=ORIENTED_EDGE('',*,*,#5270,.F.);
#3145=ORIENTED_EDGE('',*,*,#5488,.T.);
#3146=ORIENTED_EDGE('',*,*,#5264,.F.);
#3147=ORIENTED_EDGE('',*,*,#5489,.T.);
#3148=ORIENTED_EDGE('',*,*,#5418,.F.);
#3149=ORIENTED_EDGE('',*,*,#5490,.T.);
#3150=ORIENTED_EDGE('',*,*,#5412,.F.);
#3151=ORIENTED_EDGE('',*,*,#5491,.T.);
#3152=ORIENTED_EDGE('',*,*,#5323,.F.);
#3153=ORIENTED_EDGE('',*,*,#5492,.T.);
#3154=ORIENTED_EDGE('',*,*,#5317,.F.);
#3155=ORIENTED_EDGE('',*,*,#5493,.T.);
#3156=ORIENTED_EDGE('',*,*,#5228,.F.);
#3157=ORIENTED_EDGE('',*,*,#5494,.T.);
#3158=ORIENTED_EDGE('',*,*,#5222,.F.);
#3159=ORIENTED_EDGE('',*,*,#5495,.T.);
#3160=ORIENTED_EDGE('',*,*,#5289,.F.);
#3161=ORIENTED_EDGE('',*,*,#5496,.T.);
#3162=ORIENTED_EDGE('',*,*,#5283,.F.);
#3163=ORIENTED_EDGE('',*,*,#5497,.T.);
#3164=ORIENTED_EDGE('',*,*,#5055,.F.);
#3165=ORIENTED_EDGE('',*,*,#5498,.T.);
#3166=ORIENTED_EDGE('',*,*,#5344,.F.);
#3167=ORIENTED_EDGE('',*,*,#5499,.T.);
#3168=ORIENTED_EDGE('',*,*,#5097,.F.);
#3169=ORIENTED_EDGE('',*,*,#5500,.T.);
#3170=ORIENTED_EDGE('',*,*,#5420,.F.);
#3171=ORIENTED_EDGE('',*,*,#5501,.T.);
#3172=ORIENTED_EDGE('',*,*,#5061,.F.);
#3173=ORIENTED_EDGE('',*,*,#5502,.T.);
#3174=ORIENTED_EDGE('',*,*,#5363,.F.);
#3175=ORIENTED_EDGE('',*,*,#5503,.T.);
#3176=ORIENTED_EDGE('',*,*,#5085,.F.);
#3177=ORIENTED_EDGE('',*,*,#5504,.T.);
#3178=ORIENTED_EDGE('',*,*,#5249,.F.);
#3179=ORIENTED_EDGE('',*,*,#5505,.T.);
#3180=ORIENTED_EDGE('',*,*,#5357,.F.);
#3181=ORIENTED_EDGE('',*,*,#5506,.T.);
#3182=ORIENTED_EDGE('',*,*,#5057,.F.);
#3183=ORIENTED_EDGE('',*,*,#5507,.T.);
#3184=ORIENTED_EDGE('',*,*,#5079,.F.);
#3185=ORIENTED_EDGE('',*,*,#5508,.T.);
#3186=ORIENTED_EDGE('',*,*,#5230,.F.);
#3187=ORIENTED_EDGE('',*,*,#5509,.T.);
#3188=ORIENTED_EDGE('',*,*,#5376,.F.);
#3189=ORIENTED_EDGE('',*,*,#5510,.T.);
#3190=ORIENTED_EDGE('',*,*,#5099,.F.);
#3191=ORIENTED_EDGE('',*,*,#5511,.T.);
#3192=ORIENTED_EDGE('',*,*,#5243,.F.);
#3193=ORIENTED_EDGE('',*,*,#5512,.T.);
#3194=ORIENTED_EDGE('',*,*,#5081,.F.);
#3195=ORIENTED_EDGE('',*,*,#5513,.T.);
#3196=ORIENTED_EDGE('',*,*,#5395,.F.);
#3197=ORIENTED_EDGE('',*,*,#5514,.T.);
#3198=ORIENTED_EDGE('',*,*,#5105,.F.);
#3199=ORIENTED_EDGE('',*,*,#5515,.T.);
#3200=ORIENTED_EDGE('',*,*,#5091,.F.);
#3201=ORIENTED_EDGE('',*,*,#5516,.T.);
#3202=ORIENTED_EDGE('',*,*,#5439,.F.);
#3203=ORIENTED_EDGE('',*,*,#5517,.T.);
#3204=ORIENTED_EDGE('',*,*,#5109,.F.);
#3205=ORIENTED_EDGE('',*,*,#5518,.T.);
#3206=ORIENTED_EDGE('',*,*,#5401,.F.);
#3207=ORIENTED_EDGE('',*,*,#5519,.T.);
#3208=ORIENTED_EDGE('',*,*,#5262,.F.);
#3209=ORIENTED_EDGE('',*,*,#5520,.T.);
#3210=ORIENTED_EDGE('',*,*,#5063,.F.);
#3211=ORIENTED_EDGE('',*,*,#5521,.T.);
#3212=ORIENTED_EDGE('',*,*,#5338,.F.);
#3213=ORIENTED_EDGE('',*,*,#5522,.T.);
#3214=ORIENTED_EDGE('',*,*,#5123,.F.);
#3215=ORIENTED_EDGE('',*,*,#5523,.T.);
#3216=ORIENTED_EDGE('',*,*,#5224,.F.);
#3217=ORIENTED_EDGE('',*,*,#5524,.T.);
#3218=ORIENTED_EDGE('',*,*,#5075,.F.);
#3219=ORIENTED_EDGE('',*,*,#5525,.T.);
#3220=ORIENTED_EDGE('',*,*,#5319,.F.);
#3221=ORIENTED_EDGE('',*,*,#5526,.T.);
#3222=ORIENTED_EDGE('',*,*,#5117,.F.);
#3223=ORIENTED_EDGE('',*,*,#5527,.T.);
#3224=ORIENTED_EDGE('',*,*,#5121,.F.);
#3225=ORIENTED_EDGE('',*,*,#5528,.T.);
#3226=ORIENTED_EDGE('',*,*,#5325,.F.);
#3227=ORIENTED_EDGE('',*,*,#5529,.T.);
#3228=ORIENTED_EDGE('',*,*,#5067,.F.);
#3229=ORIENTED_EDGE('',*,*,#5530,.T.);
#3230=ORIENTED_EDGE('',*,*,#5268,.F.);
#3231=ORIENTED_EDGE('',*,*,#5531,.T.);
#3232=ORIENTED_EDGE('',*,*,#5433,.F.);
#3233=ORIENTED_EDGE('',*,*,#5532,.T.);
#3234=ORIENTED_EDGE('',*,*,#5087,.F.);
#3235=ORIENTED_EDGE('',*,*,#5533,.T.);
#3236=ORIENTED_EDGE('',*,*,#5414,.F.);
#3237=ORIENTED_EDGE('',*,*,#5534,.T.);
#3238=ORIENTED_EDGE('',*,*,#5093,.F.);
#3239=ORIENTED_EDGE('',*,*,#5535,.T.);
#3240=ORIENTED_EDGE('',*,*,#5115,.F.);
#3241=ORIENTED_EDGE('',*,*,#5536,.T.);
#3242=ORIENTED_EDGE('',*,*,#5306,.F.);
#3243=ORIENTED_EDGE('',*,*,#5537,.T.);
#3244=ORIENTED_EDGE('',*,*,#5300,.F.);
#3245=ORIENTED_EDGE('',*,*,#5538,.T.);
#3246=ORIENTED_EDGE('',*,*,#5111,.F.);
#3247=ORIENTED_EDGE('',*,*,#5539,.T.);
#3248=ORIENTED_EDGE('',*,*,#5281,.F.);
#3249=ORIENTED_EDGE('',*,*,#5540,.T.);
#3250=ORIENTED_EDGE('',*,*,#5069,.F.);
#3251=ORIENTED_EDGE('',*,*,#5541,.T.);
#3252=ORIENTED_EDGE('',*,*,#5103,.F.);
#3253=ORIENTED_EDGE('',*,*,#5542,.T.);
#3254=ORIENTED_EDGE('',*,*,#5382,.F.);
#3255=ORIENTED_EDGE('',*,*,#5543,.T.);
#3256=ORIENTED_EDGE('',*,*,#5073,.F.);
#3257=ORIENTED_EDGE('',*,*,#5544,.T.);
#3258=ORIENTED_EDGE('',*,*,#5287,.F.);
#3259=ORIENTED_EDGE('',*,*,#5545,.T.);
#3260=ORIENTED_EDGE('',*,*,#5546,.F.);
#3261=ORIENTED_EDGE('',*,*,#5501,.F.);
#3262=ORIENTED_EDGE('',*,*,#5547,.F.);
#3263=ORIENTED_EDGE('',*,*,#5175,.F.);
#3264=ORIENTED_EDGE('',*,*,#5547,.T.);
#3265=ORIENTED_EDGE('',*,*,#5423,.F.);
#3266=ORIENTED_EDGE('',*,*,#5548,.F.);
#3267=ORIENTED_EDGE('',*,*,#5176,.F.);
#3268=ORIENTED_EDGE('',*,*,#5546,.T.);
#3269=ORIENTED_EDGE('',*,*,#5174,.F.);
#3270=ORIENTED_EDGE('',*,*,#5549,.F.);
#3271=ORIENTED_EDGE('',*,*,#5098,.F.);
#3272=ORIENTED_EDGE('',*,*,#5548,.T.);
#3273=ORIENTED_EDGE('',*,*,#5465,.F.);
#3274=ORIENTED_EDGE('',*,*,#5550,.F.);
#3275=ORIENTED_EDGE('',*,*,#5177,.F.);
#3276=ORIENTED_EDGE('',*,*,#5549,.T.);
#3277=ORIENTED_EDGE('',*,*,#5173,.F.);
#3278=ORIENTED_EDGE('',*,*,#5551,.F.);
#3279=ORIENTED_EDGE('',*,*,#5511,.F.);
#3280=ORIENTED_EDGE('',*,*,#5550,.T.);
#3281=ORIENTED_EDGE('',*,*,#5419,.F.);
#3282=ORIENTED_EDGE('',*,*,#5552,.F.);
#3283=ORIENTED_EDGE('',*,*,#5178,.F.);
#3284=ORIENTED_EDGE('',*,*,#5551,.T.);
#3285=ORIENTED_EDGE('',*,*,#5172,.F.);
#3286=ORIENTED_EDGE('',*,*,#5553,.F.);
#3287=ORIENTED_EDGE('',*,*,#5377,.F.);
#3288=ORIENTED_EDGE('',*,*,#5552,.T.);
#3289=ORIENTED_EDGE('',*,*,#5491,.F.);
#3290=ORIENTED_EDGE('',*,*,#5554,.F.);
#3291=ORIENTED_EDGE('',*,*,#5179,.F.);
#3292=ORIENTED_EDGE('',*,*,#5553,.T.);
#3293=ORIENTED_EDGE('',*,*,#5171,.F.);
#3294=ORIENTED_EDGE('',*,*,#5555,.F.);
#3295=ORIENTED_EDGE('',*,*,#5461,.F.);
#3296=ORIENTED_EDGE('',*,*,#5554,.T.);
#3297=ORIENTED_EDGE('',*,*,#5415,.F.);
#3298=ORIENTED_EDGE('',*,*,#5556,.F.);
#3299=ORIENTED_EDGE('',*,*,#5180,.F.);
#3300=ORIENTED_EDGE('',*,*,#5555,.T.);
#3301=ORIENTED_EDGE('',*,*,#5170,.F.);
#3302=ORIENTED_EDGE('',*,*,#5557,.F.);
#3303=ORIENTED_EDGE('',*,*,#5381,.F.);
#3304=ORIENTED_EDGE('',*,*,#5556,.T.);
#3305=ORIENTED_EDGE('',*,*,#5535,.F.);
#3306=ORIENTED_EDGE('',*,*,#5558,.F.);
#3307=ORIENTED_EDGE('',*,*,#5181,.F.);
#3308=ORIENTED_EDGE('',*,*,#5557,.T.);
#3309=ORIENTED_EDGE('',*,*,#5169,.F.);
#3310=ORIENTED_EDGE('',*,*,#5559,.F.);
#3311=ORIENTED_EDGE('',*,*,#5451,.F.);
#3312=ORIENTED_EDGE('',*,*,#5558,.T.);
#3313=ORIENTED_EDGE('',*,*,#5092,.F.);
#3314=ORIENTED_EDGE('',*,*,#5560,.F.);
#3315=ORIENTED_EDGE('',*,*,#5182,.F.);
#3316=ORIENTED_EDGE('',*,*,#5559,.T.);
#3317=ORIENTED_EDGE('',*,*,#5168,.F.);
#3318=ORIENTED_EDGE('',*,*,#5561,.F.);
#3319=ORIENTED_EDGE('',*,*,#5385,.F.);
#3320=ORIENTED_EDGE('',*,*,#5560,.T.);
#3321=ORIENTED_EDGE('',*,*,#5517,.F.);
#3322=ORIENTED_EDGE('',*,*,#5562,.F.);
#3323=ORIENTED_EDGE('',*,*,#5183,.F.);
#3324=ORIENTED_EDGE('',*,*,#5561,.T.);
#3325=ORIENTED_EDGE('',*,*,#5167,.F.);
#3326=ORIENTED_EDGE('',*,*,#5563,.F.);
#3327=ORIENTED_EDGE('',*,*,#5543,.F.);
#3328=ORIENTED_EDGE('',*,*,#5562,.T.);
#3329=ORIENTED_EDGE('',*,*,#5442,.F.);
#3330=ORIENTED_EDGE('',*,*,#5564,.F.);
#3331=ORIENTED_EDGE('',*,*,#5184,.F.);
#3332=ORIENTED_EDGE('',*,*,#5563,.T.);
#3333=ORIENTED_EDGE('',*,*,#5166,.F.);
#3334=ORIENTED_EDGE('',*,*,#5565,.F.);
#3335=ORIENTED_EDGE('',*,*,#5104,.F.);
#3336=ORIENTED_EDGE('',*,*,#5564,.T.);
#3337=ORIENTED_EDGE('',*,*,#5475,.F.);
#3338=ORIENTED_EDGE('',*,*,#5566,.F.);
#3339=ORIENTED_EDGE('',*,*,#5185,.F.);
#3340=ORIENTED_EDGE('',*,*,#5565,.T.);
#3341=ORIENTED_EDGE('',*,*,#5165,.F.);
#3342=ORIENTED_EDGE('',*,*,#5567,.F.);
#3343=ORIENTED_EDGE('',*,*,#5515,.F.);
#3344=ORIENTED_EDGE('',*,*,#5566,.T.);
#3345=ORIENTED_EDGE('',*,*,#5438,.F.);
#3346=ORIENTED_EDGE('',*,*,#5568,.F.);
#3347=ORIENTED_EDGE('',*,*,#5186,.F.);
#3348=ORIENTED_EDGE('',*,*,#5567,.T.);
#3349=ORIENTED_EDGE('',*,*,#5164,.F.);
#3350=ORIENTED_EDGE('',*,*,#5569,.F.);
#3351=ORIENTED_EDGE('',*,*,#5396,.F.);
#3352=ORIENTED_EDGE('',*,*,#5568,.T.);
#3353=ORIENTED_EDGE('',*,*,#5471,.F.);
#3354=ORIENTED_EDGE('',*,*,#5570,.F.);
#3355=ORIENTED_EDGE('',*,*,#5187,.F.);
#3356=ORIENTED_EDGE('',*,*,#5569,.T.);
#3357=ORIENTED_EDGE('',*,*,#5163,.F.);
#3358=ORIENTED_EDGE('',*,*,#5571,.F.);
#3359=ORIENTED_EDGE('',*,*,#5463,.F.);
#3360=ORIENTED_EDGE('',*,*,#5570,.T.);
#3361=ORIENTED_EDGE('',*,*,#5434,.F.);
#3362=ORIENTED_EDGE('',*,*,#5572,.F.);
#3363=ORIENTED_EDGE('',*,*,#5188,.F.);
#3364=ORIENTED_EDGE('',*,*,#5571,.T.);
#3365=ORIENTED_EDGE('',*,*,#5162,.F.);
#3366=ORIENTED_EDGE('',*,*,#5573,.F.);
#3367=ORIENTED_EDGE('',*,*,#5400,.F.);
#3368=ORIENTED_EDGE('',*,*,#5572,.T.);
#3369=ORIENTED_EDGE('',*,*,#5533,.F.);
#3370=ORIENTED_EDGE('',*,*,#5574,.F.);
#3371=ORIENTED_EDGE('',*,*,#5189,.F.);
#3372=ORIENTED_EDGE('',*,*,#5573,.T.);
#3373=ORIENTED_EDGE('',*,*,#5161,.F.);
#3374=ORIENTED_EDGE('',*,*,#5575,.F.);
#3375=ORIENTED_EDGE('',*,*,#5457,.F.);
#3376=ORIENTED_EDGE('',*,*,#5574,.T.);
#3377=ORIENTED_EDGE('',*,*,#5086,.F.);
#3378=ORIENTED_EDGE('',*,*,#5576,.F.);
#3379=ORIENTED_EDGE('',*,*,#5190,.F.);
#3380=ORIENTED_EDGE('',*,*,#5575,.T.);
#3381=ORIENTED_EDGE('',*,*,#5160,.F.);
#3382=ORIENTED_EDGE('',*,*,#5577,.F.);
#3383=ORIENTED_EDGE('',*,*,#5404,.F.);
#3384=ORIENTED_EDGE('',*,*,#5576,.T.);
#3385=ORIENTED_EDGE('',*,*,#5505,.F.);
#3386=ORIENTED_EDGE('',*,*,#5578,.F.);
#3387=ORIENTED_EDGE('',*,*,#5191,.F.);
#3388=ORIENTED_EDGE('',*,*,#5577,.T.);
#3389=ORIENTED_EDGE('',*,*,#5159,.F.);
#3390=ORIENTED_EDGE('',*,*,#5579,.F.);
#3391=ORIENTED_EDGE('',*,*,#5519,.F.);
#3392=ORIENTED_EDGE('',*,*,#5578,.T.);
#3393=ORIENTED_EDGE('',*,*,#5252,.F.);
#3394=ORIENTED_EDGE('',*,*,#5580,.F.);
#3395=ORIENTED_EDGE('',*,*,#5192,.F.);
#3396=ORIENTED_EDGE('',*,*,#5579,.T.);
#3397=ORIENTED_EDGE('',*,*,#5158,.F.);
#3398=ORIENTED_EDGE('',*,*,#5581,.F.);
#3399=ORIENTED_EDGE('',*,*,#5110,.F.);
#3400=ORIENTED_EDGE('',*,*,#5580,.T.);
#3401=ORIENTED_EDGE('',*,*,#5477,.F.);
#3402=ORIENTED_EDGE('',*,*,#5582,.F.);
#3403=ORIENTED_EDGE('',*,*,#5193,.F.);
#3404=ORIENTED_EDGE('',*,*,#5581,.T.);
#3405=ORIENTED_EDGE('',*,*,#5157,.F.);
#3406=ORIENTED_EDGE('',*,*,#5583,.F.);
#3407=ORIENTED_EDGE('',*,*,#5539,.F.);
#3408=ORIENTED_EDGE('',*,*,#5582,.T.);
#3409=ORIENTED_EDGE('',*,*,#5248,.F.);
#3410=ORIENTED_EDGE('',*,*,#5584,.F.);
#3411=ORIENTED_EDGE('',*,*,#5194,.F.);
#3412=ORIENTED_EDGE('',*,*,#5583,.T.);
#3413=ORIENTED_EDGE('',*,*,#5156,.F.);
#3414=ORIENTED_EDGE('',*,*,#5585,.F.);
#3415=ORIENTED_EDGE('',*,*,#5301,.F.);
#3416=ORIENTED_EDGE('',*,*,#5584,.T.);
#3417=ORIENTED_EDGE('',*,*,#5479,.F.);
#3418=ORIENTED_EDGE('',*,*,#5586,.F.);
#3419=ORIENTED_EDGE('',*,*,#5195,.F.);
#3420=ORIENTED_EDGE('',*,*,#5585,.T.);
#3421=ORIENTED_EDGE('',*,*,#5155,.F.);
#3422=ORIENTED_EDGE('',*,*,#5587,.F.);
#3423=ORIENTED_EDGE('',*,*,#5473,.F.);
#3424=ORIENTED_EDGE('',*,*,#5586,.T.);
#3425=ORIENTED_EDGE('',*,*,#5244,.F.);
#3426=ORIENTED_EDGE('',*,*,#5588,.F.);
#3427=ORIENTED_EDGE('',*,*,#5196,.F.);
#3428=ORIENTED_EDGE('',*,*,#5587,.T.);
#3429=ORIENTED_EDGE('',*,*,#5154,.F.);
#3430=ORIENTED_EDGE('',*,*,#5589,.F.);
#3431=ORIENTED_EDGE('',*,*,#5305,.F.);
#3432=ORIENTED_EDGE('',*,*,#5588,.T.);
#3433=ORIENTED_EDGE('',*,*,#5513,.F.);
#3434=ORIENTED_EDGE('',*,*,#5590,.F.);
#3435=ORIENTED_EDGE('',*,*,#5197,.F.);
#3436=ORIENTED_EDGE('',*,*,#5589,.T.);
#3437=ORIENTED_EDGE('',*,*,#5153,.F.);
#3438=ORIENTED_EDGE('',*,*,#5591,.F.);
#3439=ORIENTED_EDGE('',*,*,#5483,.F.);
#3440=ORIENTED_EDGE('',*,*,#5590,.T.);
#3441=ORIENTED_EDGE('',*,*,#5080,.F.);
#3442=ORIENTED_EDGE('',*,*,#5592,.F.);
#3443=ORIENTED_EDGE('',*,*,#5198,.F.);
#3444=ORIENTED_EDGE('',*,*,#5591,.T.);
#3445=ORIENTED_EDGE('',*,*,#5152,.F.);
#3446=ORIENTED_EDGE('',*,*,#5593,.F.);
#3447=ORIENTED_EDGE('',*,*,#5309,.F.);
#3448=ORIENTED_EDGE('',*,*,#5592,.T.);
#3449=ORIENTED_EDGE('',*,*,#5509,.F.);
#3450=ORIENTED_EDGE('',*,*,#5594,.F.);
#3451=ORIENTED_EDGE('',*,*,#5199,.F.);
#3452=ORIENTED_EDGE('',*,*,#5593,.T.);
#3453=ORIENTED_EDGE('',*,*,#5151,.F.);
#3454=ORIENTED_EDGE('',*,*,#5595,.F.);
#3455=ORIENTED_EDGE('',*,*,#5537,.F.);
#3456=ORIENTED_EDGE('',*,*,#5594,.T.);
#3457=ORIENTED_EDGE('',*,*,#5233,.F.);
#3458=ORIENTED_EDGE('',*,*,#5596,.F.);
#3459=ORIENTED_EDGE('',*,*,#5200,.F.);
#3460=ORIENTED_EDGE('',*,*,#5595,.T.);
#3461=ORIENTED_EDGE('',*,*,#5150,.F.);
#3462=ORIENTED_EDGE('',*,*,#5597,.F.);
#3463=ORIENTED_EDGE('',*,*,#5116,.F.);
#3464=ORIENTED_EDGE('',*,*,#5596,.T.);
#3465=ORIENTED_EDGE('',*,*,#5481,.F.);
#3466=ORIENTED_EDGE('',*,*,#5598,.F.);
#3467=ORIENTED_EDGE('',*,*,#5201,.F.);
#3468=ORIENTED_EDGE('',*,*,#5597,.T.);
#3469=ORIENTED_EDGE('',*,*,#5149,.F.);
#3470=ORIENTED_EDGE('',*,*,#5599,.F.);
#3471=ORIENTED_EDGE('',*,*,#5527,.F.);
#3472=ORIENTED_EDGE('',*,*,#5598,.T.);
#3473=ORIENTED_EDGE('',*,*,#5229,.F.);
#3474=ORIENTED_EDGE('',*,*,#5600,.F.);
#3475=ORIENTED_EDGE('',*,*,#5202,.F.);
#3476=ORIENTED_EDGE('',*,*,#5599,.T.);
#3477=ORIENTED_EDGE('',*,*,#5148,.F.);
#3478=ORIENTED_EDGE('',*,*,#5601,.F.);
#3479=ORIENTED_EDGE('',*,*,#5320,.F.);
#3480=ORIENTED_EDGE('',*,*,#5600,.T.);
#3481=ORIENTED_EDGE('',*,*,#5495,.F.);
#3482=ORIENTED_EDGE('',*,*,#5602,.F.);
#3483=ORIENTED_EDGE('',*,*,#5203,.F.);
#3484=ORIENTED_EDGE('',*,*,#5601,.T.);
#3485=ORIENTED_EDGE('',*,*,#5147,.F.);
#3486=ORIENTED_EDGE('',*,*,#5603,.F.);
#3487=ORIENTED_EDGE('',*,*,#5493,.F.);
#3488=ORIENTED_EDGE('',*,*,#5602,.T.);
#3489=ORIENTED_EDGE('',*,*,#5225,.F.);
#3490=ORIENTED_EDGE('',*,*,#5604,.F.);
#3491=ORIENTED_EDGE('',*,*,#5204,.F.);
#3492=ORIENTED_EDGE('',*,*,#5603,.T.);
#3493=ORIENTED_EDGE('',*,*,#5146,.F.);
#3494=ORIENTED_EDGE('',*,*,#5605,.F.);
#3495=ORIENTED_EDGE('',*,*,#5324,.F.);
#3496=ORIENTED_EDGE('',*,*,#5604,.T.);
#3497=ORIENTED_EDGE('',*,*,#5525,.F.);
#3498=ORIENTED_EDGE('',*,*,#5606,.F.);
#3499=ORIENTED_EDGE('',*,*,#5205,.F.);
#3500=ORIENTED_EDGE('',*,*,#5605,.T.);
#3501=ORIENTED_EDGE('',*,*,#5145,.F.);
#3502=ORIENTED_EDGE('',*,*,#5607,.F.);
#3503=ORIENTED_EDGE('',*,*,#5485,.F.);
#3504=ORIENTED_EDGE('',*,*,#5606,.T.);
#3505=ORIENTED_EDGE('',*,*,#5074,.F.);
#3506=ORIENTED_EDGE('',*,*,#5608,.F.);
#3507=ORIENTED_EDGE('',*,*,#5206,.F.);
#3508=ORIENTED_EDGE('',*,*,#5607,.T.);
#3509=ORIENTED_EDGE('',*,*,#5144,.F.);
#3510=ORIENTED_EDGE('',*,*,#5609,.F.);
#3511=ORIENTED_EDGE('',*,*,#5328,.F.);
#3512=ORIENTED_EDGE('',*,*,#5608,.T.);
#3513=ORIENTED_EDGE('',*,*,#5545,.F.);
#3514=ORIENTED_EDGE('',*,*,#5610,.F.);
#3515=ORIENTED_EDGE('',*,*,#5207,.F.);
#3516=ORIENTED_EDGE('',*,*,#5609,.T.);
#3517=ORIENTED_EDGE('',*,*,#5143,.F.);
#3518=ORIENTED_EDGE('',*,*,#5611,.F.);
#3519=ORIENTED_EDGE('',*,*,#5529,.F.);
#3520=ORIENTED_EDGE('',*,*,#5610,.T.);
#3521=ORIENTED_EDGE('',*,*,#5290,.F.);
#3522=ORIENTED_EDGE('',*,*,#5612,.F.);
#3523=ORIENTED_EDGE('',*,*,#5208,.F.);
#3524=ORIENTED_EDGE('',*,*,#5611,.T.);
#3525=ORIENTED_EDGE('',*,*,#5142,.F.);
#3526=ORIENTED_EDGE('',*,*,#5613,.F.);
#3527=ORIENTED_EDGE('',*,*,#5122,.F.);
#3528=ORIENTED_EDGE('',*,*,#5612,.T.);
#3529=ORIENTED_EDGE('',*,*,#5497,.F.);
#3530=ORIENTED_EDGE('',*,*,#5614,.F.);
#3531=ORIENTED_EDGE('',*,*,#5209,.F.);
#3532=ORIENTED_EDGE('',*,*,#5613,.T.);
#3533=ORIENTED_EDGE('',*,*,#5141,.F.);
#3534=ORIENTED_EDGE('',*,*,#5615,.F.);
#3535=ORIENTED_EDGE('',*,*,#5523,.F.);
#3536=ORIENTED_EDGE('',*,*,#5614,.T.);
#3537=ORIENTED_EDGE('',*,*,#5286,.F.);
#3538=ORIENTED_EDGE('',*,*,#5616,.F.);
#3539=ORIENTED_EDGE('',*,*,#5210,.F.);
#3540=ORIENTED_EDGE('',*,*,#5615,.T.);
#3541=ORIENTED_EDGE('',*,*,#5140,.F.);
#3542=ORIENTED_EDGE('',*,*,#5617,.F.);
#3543=ORIENTED_EDGE('',*,*,#5339,.F.);
#3544=ORIENTED_EDGE('',*,*,#5616,.T.);
#3545=ORIENTED_EDGE('',*,*,#5467,.F.);
#3546=ORIENTED_EDGE('',*,*,#5618,.F.);
#3547=ORIENTED_EDGE('',*,*,#5211,.F.);
#3548=ORIENTED_EDGE('',*,*,#5617,.T.);
#3549=ORIENTED_EDGE('',*,*,#5139,.F.);
#3550=ORIENTED_EDGE('',*,*,#5619,.F.);
#3551=ORIENTED_EDGE('',*,*,#5459,.F.);
#3552=ORIENTED_EDGE('',*,*,#5618,.T.);
#3553=ORIENTED_EDGE('',*,*,#5282,.F.);
#3554=ORIENTED_EDGE('',*,*,#5620,.F.);
#3555=ORIENTED_EDGE('',*,*,#5212,.F.);
#3556=ORIENTED_EDGE('',*,*,#5619,.T.);
#3557=ORIENTED_EDGE('',*,*,#5138,.F.);
#3558=ORIENTED_EDGE('',*,*,#5621,.F.);
#3559=ORIENTED_EDGE('',*,*,#5343,.F.);
#3560=ORIENTED_EDGE('',*,*,#5620,.T.);
#3561=ORIENTED_EDGE('',*,*,#5541,.F.);
#3562=ORIENTED_EDGE('',*,*,#5622,.F.);
#3563=ORIENTED_EDGE('',*,*,#5213,.F.);
#3564=ORIENTED_EDGE('',*,*,#5621,.T.);
#3565=ORIENTED_EDGE('',*,*,#5137,.F.);
#3566=ORIENTED_EDGE('',*,*,#5623,.F.);
#3567=ORIENTED_EDGE('',*,*,#5455,.F.);
#3568=ORIENTED_EDGE('',*,*,#5622,.T.);
#3569=ORIENTED_EDGE('',*,*,#5068,.F.);
#3570=ORIENTED_EDGE('',*,*,#5624,.F.);
#3571=ORIENTED_EDGE('',*,*,#5214,.F.);
#3572=ORIENTED_EDGE('',*,*,#5623,.T.);
#3573=ORIENTED_EDGE('',*,*,#5136,.F.);
#3574=ORIENTED_EDGE('',*,*,#5625,.F.);
#3575=ORIENTED_EDGE('',*,*,#5347,.F.);
#3576=ORIENTED_EDGE('',*,*,#5624,.T.);
#3577=ORIENTED_EDGE('',*,*,#5531,.F.);
#3578=ORIENTED_EDGE('',*,*,#5626,.F.);
#3579=ORIENTED_EDGE('',*,*,#5215,.F.);
#3580=ORIENTED_EDGE('',*,*,#5625,.T.);
#3581=ORIENTED_EDGE('',*,*,#5135,.F.);
#3582=ORIENTED_EDGE('',*,*,#5627,.F.);
#3583=ORIENTED_EDGE('',*,*,#5499,.F.);
#3584=ORIENTED_EDGE('',*,*,#5626,.T.);
#3585=ORIENTED_EDGE('',*,*,#5271,.F.);
#3586=ORIENTED_EDGE('',*,*,#5628,.F.);
#3587=ORIENTED_EDGE('',*,*,#5216,.F.);
#3588=ORIENTED_EDGE('',*,*,#5627,.T.);
#3589=ORIENTED_EDGE('',*,*,#5134,.F.);
#3590=ORIENTED_EDGE('',*,*,#5629,.F.);
#3591=ORIENTED_EDGE('',*,*,#5056,.F.);
#3592=ORIENTED_EDGE('',*,*,#5628,.T.);
#3593=ORIENTED_EDGE('',*,*,#5489,.F.);
#3594=ORIENTED_EDGE('',*,*,#5630,.F.);
#3595=ORIENTED_EDGE('',*,*,#5217,.F.);
#3596=ORIENTED_EDGE('',*,*,#5629,.T.);
#3597=ORIENTED_EDGE('',*,*,#5133,.F.);
#3598=ORIENTED_EDGE('',*,*,#5631,.F.);
#3599=ORIENTED_EDGE('',*,*,#5507,.F.);
#3600=ORIENTED_EDGE('',*,*,#5630,.T.);
#3601=ORIENTED_EDGE('',*,*,#5267,.F.);
#3602=ORIENTED_EDGE('',*,*,#5632,.F.);
#3603=ORIENTED_EDGE('',*,*,#5218,.F.);
#3604=ORIENTED_EDGE('',*,*,#5631,.T.);
#3605=ORIENTED_EDGE('',*,*,#5132,.F.);
#3606=ORIENTED_EDGE('',*,*,#5633,.F.);
#3607=ORIENTED_EDGE('',*,*,#5358,.F.);
#3608=ORIENTED_EDGE('',*,*,#5632,.T.);
#3609=ORIENTED_EDGE('',*,*,#5487,.F.);
#3610=ORIENTED_EDGE('',*,*,#5634,.F.);
#3611=ORIENTED_EDGE('',*,*,#5219,.F.);
#3612=ORIENTED_EDGE('',*,*,#5633,.T.);
#3613=ORIENTED_EDGE('',*,*,#5131,.F.);
#3614=ORIENTED_EDGE('',*,*,#5635,.F.);
#3615=ORIENTED_EDGE('',*,*,#5453,.F.);
#3616=ORIENTED_EDGE('',*,*,#5634,.T.);
#3617=ORIENTED_EDGE('',*,*,#5263,.F.);
#3618=ORIENTED_EDGE('',*,*,#5636,.F.);
#3619=ORIENTED_EDGE('',*,*,#5220,.F.);
#3620=ORIENTED_EDGE('',*,*,#5635,.T.);
#3621=ORIENTED_EDGE('',*,*,#5130,.F.);
#3622=ORIENTED_EDGE('',*,*,#5637,.F.);
#3623=ORIENTED_EDGE('',*,*,#5362,.F.);
#3624=ORIENTED_EDGE('',*,*,#5636,.T.);
#3625=ORIENTED_EDGE('',*,*,#5521,.F.);
#3626=ORIENTED_EDGE('',*,*,#5638,.F.);
#3627=ORIENTED_EDGE('',*,*,#5221,.F.);
#3628=ORIENTED_EDGE('',*,*,#5637,.T.);
#3629=ORIENTED_EDGE('',*,*,#5129,.F.);
#3630=ORIENTED_EDGE('',*,*,#5639,.F.);
#3631=ORIENTED_EDGE('',*,*,#5469,.F.);
#3632=ORIENTED_EDGE('',*,*,#5638,.T.);
#3633=ORIENTED_EDGE('',*,*,#5062,.F.);
#3634=ORIENTED_EDGE('',*,*,#5640,.F.);
#3635=ORIENTED_EDGE('',*,*,#5126,.F.);
#3636=ORIENTED_EDGE('',*,*,#5639,.T.);
#3637=ORIENTED_EDGE('',*,*,#5128,.F.);
#3638=ORIENTED_EDGE('',*,*,#5641,.F.);
#3639=ORIENTED_EDGE('',*,*,#5366,.F.);
#3640=ORIENTED_EDGE('',*,*,#5640,.T.);
#3641=ORIENTED_EDGE('',*,*,#5503,.F.);
#3642=ORIENTED_EDGE('',*,*,#5641,.T.);
#3643=ORIENTED_EDGE('',*,*,#5127,.F.);
#3644=ORIENTED_EDGE('',*,*,#5120,.F.);
#3645=ORIENTED_EDGE('',*,*,#5335,.F.);
#3646=ORIENTED_EDGE('',*,*,#5642,.F.);
#3647=ORIENTED_EDGE('',*,*,#5528,.F.);
#3648=ORIENTED_EDGE('',*,*,#5642,.T.);
#3649=ORIENTED_EDGE('',*,*,#5334,.F.);
#3650=ORIENTED_EDGE('',*,*,#5643,.F.);
#3651=ORIENTED_EDGE('',*,*,#5326,.F.);
#3652=ORIENTED_EDGE('',*,*,#5643,.T.);
#3653=ORIENTED_EDGE('',*,*,#5333,.F.);
#3654=ORIENTED_EDGE('',*,*,#5644,.F.);
#3655=ORIENTED_EDGE('',*,*,#5484,.F.);
#3656=ORIENTED_EDGE('',*,*,#5644,.T.);
#3657=ORIENTED_EDGE('',*,*,#5332,.F.);
#3658=ORIENTED_EDGE('',*,*,#5645,.F.);
#3659=ORIENTED_EDGE('',*,*,#5322,.F.);
#3660=ORIENTED_EDGE('',*,*,#5645,.T.);
#3661=ORIENTED_EDGE('',*,*,#5331,.F.);
#3662=ORIENTED_EDGE('',*,*,#5646,.F.);
#3663=ORIENTED_EDGE('',*,*,#5492,.F.);
#3664=ORIENTED_EDGE('',*,*,#5646,.T.);
#3665=ORIENTED_EDGE('',*,*,#5330,.F.);
#3666=ORIENTED_EDGE('',*,*,#5647,.F.);
#3667=ORIENTED_EDGE('',*,*,#5318,.F.);
#3668=ORIENTED_EDGE('',*,*,#5118,.F.);
#3669=ORIENTED_EDGE('',*,*,#5526,.F.);
#3670=ORIENTED_EDGE('',*,*,#5647,.T.);
#3671=ORIENTED_EDGE('',*,*,#5329,.F.);
#3672=ORIENTED_EDGE('',*,*,#5114,.F.);
#3673=ORIENTED_EDGE('',*,*,#5316,.F.);
#3674=ORIENTED_EDGE('',*,*,#5648,.F.);
#3675=ORIENTED_EDGE('',*,*,#5536,.F.);
#3676=ORIENTED_EDGE('',*,*,#5648,.T.);
#3677=ORIENTED_EDGE('',*,*,#5315,.F.);
#3678=ORIENTED_EDGE('',*,*,#5649,.F.);
#3679=ORIENTED_EDGE('',*,*,#5307,.F.);
#3680=ORIENTED_EDGE('',*,*,#5649,.T.);
#3681=ORIENTED_EDGE('',*,*,#5314,.F.);
#3682=ORIENTED_EDGE('',*,*,#5650,.F.);
#3683=ORIENTED_EDGE('',*,*,#5482,.F.);
#3684=ORIENTED_EDGE('',*,*,#5650,.T.);
#3685=ORIENTED_EDGE('',*,*,#5313,.F.);
#3686=ORIENTED_EDGE('',*,*,#5651,.F.);
#3687=ORIENTED_EDGE('',*,*,#5303,.F.);
#3688=ORIENTED_EDGE('',*,*,#5651,.T.);
#3689=ORIENTED_EDGE('',*,*,#5312,.F.);
#3690=ORIENTED_EDGE('',*,*,#5652,.F.);
#3691=ORIENTED_EDGE('',*,*,#5472,.F.);
#3692=ORIENTED_EDGE('',*,*,#5652,.T.);
#3693=ORIENTED_EDGE('',*,*,#5311,.F.);
#3694=ORIENTED_EDGE('',*,*,#5653,.F.);
#3695=ORIENTED_EDGE('',*,*,#5299,.F.);
#3696=ORIENTED_EDGE('',*,*,#5112,.F.);
#3697=ORIENTED_EDGE('',*,*,#5538,.F.);
#3698=ORIENTED_EDGE('',*,*,#5653,.T.);
#3699=ORIENTED_EDGE('',*,*,#5310,.F.);
#3700=ORIENTED_EDGE('',*,*,#5102,.F.);
#3701=ORIENTED_EDGE('',*,*,#5392,.F.);
#3702=ORIENTED_EDGE('',*,*,#5654,.F.);
#3703=ORIENTED_EDGE('',*,*,#5542,.F.);
#3704=ORIENTED_EDGE('',*,*,#5654,.T.);
#3705=ORIENTED_EDGE('',*,*,#5391,.F.);
#3706=ORIENTED_EDGE('',*,*,#5655,.F.);
#3707=ORIENTED_EDGE('',*,*,#5383,.F.);
#3708=ORIENTED_EDGE('',*,*,#5655,.T.);
#3709=ORIENTED_EDGE('',*,*,#5390,.F.);
#3710=ORIENTED_EDGE('',*,*,#5656,.F.);
#3711=ORIENTED_EDGE('',*,*,#5450,.F.);
#3712=ORIENTED_EDGE('',*,*,#5656,.T.);
#3713=ORIENTED_EDGE('',*,*,#5389,.F.);
#3714=ORIENTED_EDGE('',*,*,#5657,.F.);
#3715=ORIENTED_EDGE('',*,*,#5379,.F.);
#3716=ORIENTED_EDGE('',*,*,#5657,.T.);
#3717=ORIENTED_EDGE('',*,*,#5388,.F.);
#3718=ORIENTED_EDGE('',*,*,#5658,.F.);
#3719=ORIENTED_EDGE('',*,*,#5460,.F.);
#3720=ORIENTED_EDGE('',*,*,#5658,.T.);
#3721=ORIENTED_EDGE('',*,*,#5387,.F.);
#3722=ORIENTED_EDGE('',*,*,#5659,.F.);
#3723=ORIENTED_EDGE('',*,*,#5375,.F.);
#3724=ORIENTED_EDGE('',*,*,#5100,.F.);
#3725=ORIENTED_EDGE('',*,*,#5510,.F.);
#3726=ORIENTED_EDGE('',*,*,#5659,.T.);
#3727=ORIENTED_EDGE('',*,*,#5386,.F.);
#3728=ORIENTED_EDGE('',*,*,#5090,.F.);
#3729=ORIENTED_EDGE('',*,*,#5449,.F.);
#3730=ORIENTED_EDGE('',*,*,#5660,.F.);
#3731=ORIENTED_EDGE('',*,*,#5516,.F.);
#3732=ORIENTED_EDGE('',*,*,#5660,.T.);
#3733=ORIENTED_EDGE('',*,*,#5448,.F.);
#3734=ORIENTED_EDGE('',*,*,#5661,.F.);
#3735=ORIENTED_EDGE('',*,*,#5440,.F.);
#3736=ORIENTED_EDGE('',*,*,#5661,.T.);
#3737=ORIENTED_EDGE('',*,*,#5447,.F.);
#3738=ORIENTED_EDGE('',*,*,#5662,.F.);
#3739=ORIENTED_EDGE('',*,*,#5474,.F.);
#3740=ORIENTED_EDGE('',*,*,#5662,.T.);
#3741=ORIENTED_EDGE('',*,*,#5446,.F.);
#3742=ORIENTED_EDGE('',*,*,#5663,.F.);
#3743=ORIENTED_EDGE('',*,*,#5436,.F.);
#3744=ORIENTED_EDGE('',*,*,#5663,.T.);
#3745=ORIENTED_EDGE('',*,*,#5445,.F.);
#3746=ORIENTED_EDGE('',*,*,#5664,.F.);
#3747=ORIENTED_EDGE('',*,*,#5470,.F.);
#3748=ORIENTED_EDGE('',*,*,#5664,.T.);
#3749=ORIENTED_EDGE('',*,*,#5444,.F.);
#3750=ORIENTED_EDGE('',*,*,#5665,.F.);
#3751=ORIENTED_EDGE('',*,*,#5432,.F.);
#3752=ORIENTED_EDGE('',*,*,#5088,.F.);
#3753=ORIENTED_EDGE('',*,*,#5532,.F.);
#3754=ORIENTED_EDGE('',*,*,#5665,.T.);
#3755=ORIENTED_EDGE('',*,*,#5443,.F.);
#3756=ORIENTED_EDGE('',*,*,#5066,.F.);
#3757=ORIENTED_EDGE('',*,*,#5278,.F.);
#3758=ORIENTED_EDGE('',*,*,#5666,.F.);
#3759=ORIENTED_EDGE('',*,*,#5530,.F.);
#3760=ORIENTED_EDGE('',*,*,#5666,.T.);
#3761=ORIENTED_EDGE('',*,*,#5277,.F.);
#3762=ORIENTED_EDGE('',*,*,#5667,.F.);
#3763=ORIENTED_EDGE('',*,*,#5269,.F.);
#3764=ORIENTED_EDGE('',*,*,#5667,.T.);
#3765=ORIENTED_EDGE('',*,*,#5276,.F.);
#3766=ORIENTED_EDGE('',*,*,#5668,.F.);
#3767=ORIENTED_EDGE('',*,*,#5488,.F.);
#3768=ORIENTED_EDGE('',*,*,#5668,.T.);
#3769=ORIENTED_EDGE('',*,*,#5275,.F.);
#3770=ORIENTED_EDGE('',*,*,#5669,.F.);
#3771=ORIENTED_EDGE('',*,*,#5265,.F.);
#3772=ORIENTED_EDGE('',*,*,#5669,.T.);
#3773=ORIENTED_EDGE('',*,*,#5274,.F.);
#3774=ORIENTED_EDGE('',*,*,#5670,.F.);
#3775=ORIENTED_EDGE('',*,*,#5486,.F.);
#3776=ORIENTED_EDGE('',*,*,#5670,.T.);
#3777=ORIENTED_EDGE('',*,*,#5273,.F.);
#3778=ORIENTED_EDGE('',*,*,#5671,.F.);
#3779=ORIENTED_EDGE('',*,*,#5261,.F.);
#3780=ORIENTED_EDGE('',*,*,#5064,.F.);
#3781=ORIENTED_EDGE('',*,*,#5520,.F.);
#3782=ORIENTED_EDGE('',*,*,#5671,.T.);
#3783=ORIENTED_EDGE('',*,*,#5272,.F.);
#3784=ORIENTED_EDGE('',*,*,#5072,.F.);
#3785=ORIENTED_EDGE('',*,*,#5297,.F.);
#3786=ORIENTED_EDGE('',*,*,#5672,.F.);
#3787=ORIENTED_EDGE('',*,*,#5544,.F.);
#3788=ORIENTED_EDGE('',*,*,#5672,.T.);
#3789=ORIENTED_EDGE('',*,*,#5296,.F.);
#3790=ORIENTED_EDGE('',*,*,#5673,.F.);
#3791=ORIENTED_EDGE('',*,*,#5288,.F.);
#3792=ORIENTED_EDGE('',*,*,#5673,.T.);
#3793=ORIENTED_EDGE('',*,*,#5295,.F.);
#3794=ORIENTED_EDGE('',*,*,#5674,.F.);
#3795=ORIENTED_EDGE('',*,*,#5496,.F.);
#3796=ORIENTED_EDGE('',*,*,#5674,.T.);
#3797=ORIENTED_EDGE('',*,*,#5294,.F.);
#3798=ORIENTED_EDGE('',*,*,#5675,.F.);
#3799=ORIENTED_EDGE('',*,*,#5284,.F.);
#3800=ORIENTED_EDGE('',*,*,#5675,.T.);
#3801=ORIENTED_EDGE('',*,*,#5293,.F.);
#3802=ORIENTED_EDGE('',*,*,#5676,.F.);
#3803=ORIENTED_EDGE('',*,*,#5466,.F.);
#3804=ORIENTED_EDGE('',*,*,#5676,.T.);
#3805=ORIENTED_EDGE('',*,*,#5292,.F.);
#3806=ORIENTED_EDGE('',*,*,#5677,.F.);
#3807=ORIENTED_EDGE('',*,*,#5280,.F.);
#3808=ORIENTED_EDGE('',*,*,#5070,.F.);
#3809=ORIENTED_EDGE('',*,*,#5540,.F.);
#3810=ORIENTED_EDGE('',*,*,#5677,.T.);
#3811=ORIENTED_EDGE('',*,*,#5291,.F.);
#3812=ORIENTED_EDGE('',*,*,#5054,.F.);
#3813=ORIENTED_EDGE('',*,*,#5354,.F.);
#3814=ORIENTED_EDGE('',*,*,#5678,.F.);
#3815=ORIENTED_EDGE('',*,*,#5498,.F.);
#3816=ORIENTED_EDGE('',*,*,#5678,.T.);
#3817=ORIENTED_EDGE('',*,*,#5353,.F.);
#3818=ORIENTED_EDGE('',*,*,#5679,.F.);
#3819=ORIENTED_EDGE('',*,*,#5345,.F.);
#3820=ORIENTED_EDGE('',*,*,#5679,.T.);
#3821=ORIENTED_EDGE('',*,*,#5352,.F.);
#3822=ORIENTED_EDGE('',*,*,#5680,.F.);
#3823=ORIENTED_EDGE('',*,*,#5454,.F.);
#3824=ORIENTED_EDGE('',*,*,#5680,.T.);
#3825=ORIENTED_EDGE('',*,*,#5351,.F.);
#3826=ORIENTED_EDGE('',*,*,#5681,.F.);
#3827=ORIENTED_EDGE('',*,*,#5341,.F.);
#3828=ORIENTED_EDGE('',*,*,#5681,.T.);
#3829=ORIENTED_EDGE('',*,*,#5350,.F.);
#3830=ORIENTED_EDGE('',*,*,#5682,.F.);
#3831=ORIENTED_EDGE('',*,*,#5458,.F.);
#3832=ORIENTED_EDGE('',*,*,#5682,.T.);
#3833=ORIENTED_EDGE('',*,*,#5349,.F.);
#3834=ORIENTED_EDGE('',*,*,#5683,.F.);
#3835=ORIENTED_EDGE('',*,*,#5337,.F.);
#3836=ORIENTED_EDGE('',*,*,#5124,.F.);
#3837=ORIENTED_EDGE('',*,*,#5522,.F.);
#3838=ORIENTED_EDGE('',*,*,#5683,.T.);
#3839=ORIENTED_EDGE('',*,*,#5348,.F.);
#3840=ORIENTED_EDGE('',*,*,#5078,.F.);
#3841=ORIENTED_EDGE('',*,*,#5240,.F.);
#3842=ORIENTED_EDGE('',*,*,#5684,.F.);
#3843=ORIENTED_EDGE('',*,*,#5508,.F.);
#3844=ORIENTED_EDGE('',*,*,#5684,.T.);
#3845=ORIENTED_EDGE('',*,*,#5239,.F.);
#3846=ORIENTED_EDGE('',*,*,#5685,.F.);
#3847=ORIENTED_EDGE('',*,*,#5231,.F.);
#3848=ORIENTED_EDGE('',*,*,#5685,.T.);
#3849=ORIENTED_EDGE('',*,*,#5238,.F.);
#3850=ORIENTED_EDGE('',*,*,#5686,.F.);
#3851=ORIENTED_EDGE('',*,*,#5480,.F.);
#3852=ORIENTED_EDGE('',*,*,#5686,.T.);
#3853=ORIENTED_EDGE('',*,*,#5237,.F.);
#3854=ORIENTED_EDGE('',*,*,#5687,.F.);
#3855=ORIENTED_EDGE('',*,*,#5227,.F.);
#3856=ORIENTED_EDGE('',*,*,#5687,.T.);
#3857=ORIENTED_EDGE('',*,*,#5236,.F.);
#3858=ORIENTED_EDGE('',*,*,#5688,.F.);
#3859=ORIENTED_EDGE('',*,*,#5494,.F.);
#3860=ORIENTED_EDGE('',*,*,#5688,.T.);
#3861=ORIENTED_EDGE('',*,*,#5235,.F.);
#3862=ORIENTED_EDGE('',*,*,#5689,.F.);
#3863=ORIENTED_EDGE('',*,*,#5223,.F.);
#3864=ORIENTED_EDGE('',*,*,#5076,.F.);
#3865=ORIENTED_EDGE('',*,*,#5524,.F.);
#3866=ORIENTED_EDGE('',*,*,#5689,.T.);
#3867=ORIENTED_EDGE('',*,*,#5234,.F.);
#3868=ORIENTED_EDGE('',*,*,#5084,.F.);
#3869=ORIENTED_EDGE('',*,*,#5259,.F.);
#3870=ORIENTED_EDGE('',*,*,#5690,.F.);
#3871=ORIENTED_EDGE('',*,*,#5504,.F.);
#3872=ORIENTED_EDGE('',*,*,#5690,.T.);
#3873=ORIENTED_EDGE('',*,*,#5258,.F.);
#3874=ORIENTED_EDGE('',*,*,#5691,.F.);
#3875=ORIENTED_EDGE('',*,*,#5250,.F.);
#3876=ORIENTED_EDGE('',*,*,#5691,.T.);
#3877=ORIENTED_EDGE('',*,*,#5257,.F.);
#3878=ORIENTED_EDGE('',*,*,#5692,.F.);
#3879=ORIENTED_EDGE('',*,*,#5476,.F.);
#3880=ORIENTED_EDGE('',*,*,#5692,.T.);
#3881=ORIENTED_EDGE('',*,*,#5256,.F.);
#3882=ORIENTED_EDGE('',*,*,#5693,.F.);
#3883=ORIENTED_EDGE('',*,*,#5246,.F.);
#3884=ORIENTED_EDGE('',*,*,#5693,.T.);
#3885=ORIENTED_EDGE('',*,*,#5255,.F.);
#3886=ORIENTED_EDGE('',*,*,#5694,.F.);
#3887=ORIENTED_EDGE('',*,*,#5478,.F.);
#3888=ORIENTED_EDGE('',*,*,#5694,.T.);
#3889=ORIENTED_EDGE('',*,*,#5254,.F.);
#3890=ORIENTED_EDGE('',*,*,#5695,.F.);
#3891=ORIENTED_EDGE('',*,*,#5242,.F.);
#3892=ORIENTED_EDGE('',*,*,#5082,.F.);
#3893=ORIENTED_EDGE('',*,*,#5512,.F.);
#3894=ORIENTED_EDGE('',*,*,#5695,.T.);
#3895=ORIENTED_EDGE('',*,*,#5253,.F.);
#3896=ORIENTED_EDGE('',*,*,#5096,.F.);
#3897=ORIENTED_EDGE('',*,*,#5430,.F.);
#3898=ORIENTED_EDGE('',*,*,#5696,.F.);
#3899=ORIENTED_EDGE('',*,*,#5500,.F.);
#3900=ORIENTED_EDGE('',*,*,#5696,.T.);
#3901=ORIENTED_EDGE('',*,*,#5429,.F.);
#3902=ORIENTED_EDGE('',*,*,#5697,.F.);
#3903=ORIENTED_EDGE('',*,*,#5421,.F.);
#3904=ORIENTED_EDGE('',*,*,#5697,.T.);
#3905=ORIENTED_EDGE('',*,*,#5428,.F.);
#3906=ORIENTED_EDGE('',*,*,#5698,.F.);
#3907=ORIENTED_EDGE('',*,*,#5464,.F.);
#3908=ORIENTED_EDGE('',*,*,#5698,.T.);
#3909=ORIENTED_EDGE('',*,*,#5427,.F.);
#3910=ORIENTED_EDGE('',*,*,#5699,.F.);
#3911=ORIENTED_EDGE('',*,*,#5417,.F.);
#3912=ORIENTED_EDGE('',*,*,#5699,.T.);
#3913=ORIENTED_EDGE('',*,*,#5426,.F.);
#3914=ORIENTED_EDGE('',*,*,#5700,.F.);
#3915=ORIENTED_EDGE('',*,*,#5490,.F.);
#3916=ORIENTED_EDGE('',*,*,#5700,.T.);
#3917=ORIENTED_EDGE('',*,*,#5425,.F.);
#3918=ORIENTED_EDGE('',*,*,#5701,.F.);
#3919=ORIENTED_EDGE('',*,*,#5413,.F.);
#3920=ORIENTED_EDGE('',*,*,#5094,.F.);
#3921=ORIENTED_EDGE('',*,*,#5534,.F.);
#3922=ORIENTED_EDGE('',*,*,#5701,.T.);
#3923=ORIENTED_EDGE('',*,*,#5424,.F.);
#3924=ORIENTED_EDGE('',*,*,#5108,.F.);
#3925=ORIENTED_EDGE('',*,*,#5411,.F.);
#3926=ORIENTED_EDGE('',*,*,#5702,.F.);
#3927=ORIENTED_EDGE('',*,*,#5518,.F.);
#3928=ORIENTED_EDGE('',*,*,#5702,.T.);
#3929=ORIENTED_EDGE('',*,*,#5410,.F.);
#3930=ORIENTED_EDGE('',*,*,#5703,.F.);
#3931=ORIENTED_EDGE('',*,*,#5402,.F.);
#3932=ORIENTED_EDGE('',*,*,#5703,.T.);
#3933=ORIENTED_EDGE('',*,*,#5409,.F.);
#3934=ORIENTED_EDGE('',*,*,#5704,.F.);
#3935=ORIENTED_EDGE('',*,*,#5456,.F.);
#3936=ORIENTED_EDGE('',*,*,#5704,.T.);
#3937=ORIENTED_EDGE('',*,*,#5408,.F.);
#3938=ORIENTED_EDGE('',*,*,#5705,.F.);
#3939=ORIENTED_EDGE('',*,*,#5398,.F.);
#3940=ORIENTED_EDGE('',*,*,#5705,.T.);
#3941=ORIENTED_EDGE('',*,*,#5407,.F.);
#3942=ORIENTED_EDGE('',*,*,#5706,.F.);
#3943=ORIENTED_EDGE('',*,*,#5462,.F.);
#3944=ORIENTED_EDGE('',*,*,#5706,.T.);
#3945=ORIENTED_EDGE('',*,*,#5406,.F.);
#3946=ORIENTED_EDGE('',*,*,#5707,.F.);
#3947=ORIENTED_EDGE('',*,*,#5394,.F.);
#3948=ORIENTED_EDGE('',*,*,#5106,.F.);
#3949=ORIENTED_EDGE('',*,*,#5514,.F.);
#3950=ORIENTED_EDGE('',*,*,#5707,.T.);
#3951=ORIENTED_EDGE('',*,*,#5405,.F.);
#3952=ORIENTED_EDGE('',*,*,#5060,.F.);
#3953=ORIENTED_EDGE('',*,*,#5373,.F.);
#3954=ORIENTED_EDGE('',*,*,#5708,.F.);
#3955=ORIENTED_EDGE('',*,*,#5502,.F.);
#3956=ORIENTED_EDGE('',*,*,#5708,.T.);
#3957=ORIENTED_EDGE('',*,*,#5372,.F.);
#3958=ORIENTED_EDGE('',*,*,#5709,.F.);
#3959=ORIENTED_EDGE('',*,*,#5364,.F.);
#3960=ORIENTED_EDGE('',*,*,#5709,.T.);
#3961=ORIENTED_EDGE('',*,*,#5371,.F.);
#3962=ORIENTED_EDGE('',*,*,#5710,.F.);
#3963=ORIENTED_EDGE('',*,*,#5468,.F.);
#3964=ORIENTED_EDGE('',*,*,#5710,.T.);
#3965=ORIENTED_EDGE('',*,*,#5370,.F.);
#3966=ORIENTED_EDGE('',*,*,#5711,.F.);
#3967=ORIENTED_EDGE('',*,*,#5360,.F.);
#3968=ORIENTED_EDGE('',*,*,#5711,.T.);
#3969=ORIENTED_EDGE('',*,*,#5369,.F.);
#3970=ORIENTED_EDGE('',*,*,#5712,.F.);
#3971=ORIENTED_EDGE('',*,*,#5452,.F.);
#3972=ORIENTED_EDGE('',*,*,#5712,.T.);
#3973=ORIENTED_EDGE('',*,*,#5368,.F.);
#3974=ORIENTED_EDGE('',*,*,#5713,.F.);
#3975=ORIENTED_EDGE('',*,*,#5356,.F.);
#3976=ORIENTED_EDGE('',*,*,#5058,.F.);
#3977=ORIENTED_EDGE('',*,*,#5506,.F.);
#3978=ORIENTED_EDGE('',*,*,#5713,.T.);
#3979=ORIENTED_EDGE('',*,*,#5367,.F.);
#3980=ORIENTED_EDGE('',*,*,#4984,.F.);
#3981=ORIENTED_EDGE('',*,*,#5048,.F.);
#3982=ORIENTED_EDGE('',*,*,#5052,.F.);
#3983=ORIENTED_EDGE('',*,*,#5051,.F.);
#3984=ORIENTED_EDGE('',*,*,#5044,.F.);
#3985=ORIENTED_EDGE('',*,*,#5125,.F.);
#3986=ORIENTED_EDGE('',*,*,#5045,.F.);
#3987=ORIENTED_EDGE('',*,*,#5043,.F.);
#3988=ORIENTED_EDGE('',*,*,#5047,.F.);
#3989=ORIENTED_EDGE('',*,*,#5046,.F.);
#3990=ORIENTED_EDGE('',*,*,#5714,.T.);
#3991=ORIENTED_EDGE('',*,*,#5715,.T.);
#3992=ORIENTED_EDGE('',*,*,#5716,.T.);
#3993=ORIENTED_EDGE('',*,*,#5717,.T.);
#3994=ORIENTED_EDGE('',*,*,#5718,.T.);
#3995=ORIENTED_EDGE('',*,*,#5719,.T.);
#3996=ORIENTED_EDGE('',*,*,#5720,.T.);
#3997=ORIENTED_EDGE('',*,*,#5721,.T.);
#3998=ORIENTED_EDGE('',*,*,#5722,.T.);
#3999=ORIENTED_EDGE('',*,*,#5723,.T.);
#4000=ORIENTED_EDGE('',*,*,#5724,.T.);
#4001=ORIENTED_EDGE('',*,*,#5725,.T.);
#4002=ORIENTED_EDGE('',*,*,#5726,.T.);
#4003=ORIENTED_EDGE('',*,*,#5727,.T.);
#4004=ORIENTED_EDGE('',*,*,#5728,.T.);
#4005=ORIENTED_EDGE('',*,*,#5729,.F.);
#4006=ORIENTED_EDGE('',*,*,#5730,.T.);
#4007=ORIENTED_EDGE('',*,*,#5731,.T.);
#4008=ORIENTED_EDGE('',*,*,#5732,.T.);
#4009=ORIENTED_EDGE('',*,*,#5733,.T.);
#4010=ORIENTED_EDGE('',*,*,#5734,.T.);
#4011=ORIENTED_EDGE('',*,*,#5735,.T.);
#4012=ORIENTED_EDGE('',*,*,#5736,.T.);
#4013=ORIENTED_EDGE('',*,*,#5737,.T.);
#4014=ORIENTED_EDGE('',*,*,#5738,.T.);
#4015=ORIENTED_EDGE('',*,*,#5739,.T.);
#4016=ORIENTED_EDGE('',*,*,#5740,.T.);
#4017=ORIENTED_EDGE('',*,*,#5741,.T.);
#4018=ORIENTED_EDGE('',*,*,#5742,.T.);
#4019=ORIENTED_EDGE('',*,*,#5743,.T.);
#4020=ORIENTED_EDGE('',*,*,#5744,.T.);
#4021=ORIENTED_EDGE('',*,*,#5745,.T.);
#4022=ORIENTED_EDGE('',*,*,#5746,.T.);
#4023=ORIENTED_EDGE('',*,*,#5747,.T.);
#4024=ORIENTED_EDGE('',*,*,#5748,.T.);
#4025=ORIENTED_EDGE('',*,*,#5749,.T.);
#4026=ORIENTED_EDGE('',*,*,#5733,.F.);
#4027=ORIENTED_EDGE('',*,*,#5750,.T.);
#4028=ORIENTED_EDGE('',*,*,#5729,.T.);
#4029=ORIENTED_EDGE('',*,*,#5751,.T.);
#4030=ORIENTED_EDGE('',*,*,#5049,.F.);
#4031=ORIENTED_EDGE('',*,*,#5752,.T.);
#4032=ORIENTED_EDGE('',*,*,#5732,.F.);
#4033=ORIENTED_EDGE('',*,*,#5753,.T.);
#4034=ORIENTED_EDGE('',*,*,#5746,.F.);
#4035=ORIENTED_EDGE('',*,*,#5754,.T.);
#4036=ORIENTED_EDGE('',*,*,#5714,.F.);
#4037=ORIENTED_EDGE('',*,*,#5750,.F.);
#4038=ORIENTED_EDGE('',*,*,#4991,.F.);
#4039=ORIENTED_EDGE('',*,*,#5755,.T.);
#4040=ORIENTED_EDGE('',*,*,#5730,.F.);
#4041=ORIENTED_EDGE('',*,*,#5756,.F.);
#4042=ORIENTED_EDGE('',*,*,#4966,.F.);
#4043=ORIENTED_EDGE('',*,*,#5756,.T.);
#4044=ORIENTED_EDGE('',*,*,#5757,.F.);
#4045=ORIENTED_EDGE('',*,*,#5757,.T.);
#4046=ORIENTED_EDGE('',*,*,#5745,.F.);
#4047=ORIENTED_EDGE('',*,*,#5758,.F.);
#4048=ORIENTED_EDGE('',*,*,#4935,.F.);
#4049=ORIENTED_EDGE('',*,*,#5758,.T.);
#4050=ORIENTED_EDGE('',*,*,#5744,.F.);
#4051=ORIENTED_EDGE('',*,*,#5759,.F.);
#4052=ORIENTED_EDGE('',*,*,#4981,.F.);
#4053=ORIENTED_EDGE('',*,*,#5760,.F.);
#4054=ORIENTED_EDGE('',*,*,#4939,.F.);
#4055=ORIENTED_EDGE('',*,*,#5759,.T.);
#4056=ORIENTED_EDGE('',*,*,#5743,.F.);
#4057=ORIENTED_EDGE('',*,*,#4977,.F.);
#4058=ORIENTED_EDGE('',*,*,#5760,.T.);
#4059=ORIENTED_EDGE('',*,*,#5761,.F.);
#4060=ORIENTED_EDGE('',*,*,#5762,.F.);
#4061=ORIENTED_EDGE('',*,*,#4943,.F.);
#4062=ORIENTED_EDGE('',*,*,#5761,.T.);
#4063=ORIENTED_EDGE('',*,*,#5742,.F.);
#4064=ORIENTED_EDGE('',*,*,#4975,.F.);
#4065=ORIENTED_EDGE('',*,*,#5762,.T.);
#4066=ORIENTED_EDGE('',*,*,#5763,.F.);
#4067=ORIENTED_EDGE('',*,*,#5763,.T.);
#4068=ORIENTED_EDGE('',*,*,#5741,.F.);
#4069=ORIENTED_EDGE('',*,*,#5764,.F.);
#4070=ORIENTED_EDGE('',*,*,#4947,.F.);
#4071=ORIENTED_EDGE('',*,*,#5764,.T.);
#4072=ORIENTED_EDGE('',*,*,#5740,.F.);
#4073=ORIENTED_EDGE('',*,*,#5765,.F.);
#4074=ORIENTED_EDGE('',*,*,#4979,.F.);
#4075=ORIENTED_EDGE('',*,*,#5765,.T.);
#4076=ORIENTED_EDGE('',*,*,#5739,.F.);
#4077=ORIENTED_EDGE('',*,*,#5766,.F.);
#4078=ORIENTED_EDGE('',*,*,#4951,.F.);
#4079=ORIENTED_EDGE('',*,*,#5766,.T.);
#4080=ORIENTED_EDGE('',*,*,#5738,.F.);
#4081=ORIENTED_EDGE('',*,*,#5767,.F.);
#4082=ORIENTED_EDGE('',*,*,#4983,.F.);
#4083=ORIENTED_EDGE('',*,*,#5768,.F.);
#4084=ORIENTED_EDGE('',*,*,#4955,.F.);
#4085=ORIENTED_EDGE('',*,*,#5767,.T.);
#4086=ORIENTED_EDGE('',*,*,#5737,.F.);
#4087=ORIENTED_EDGE('',*,*,#4971,.F.);
#4088=ORIENTED_EDGE('',*,*,#5768,.T.);
#4089=ORIENTED_EDGE('',*,*,#5769,.F.);
#4090=ORIENTED_EDGE('',*,*,#5770,.F.);
#4091=ORIENTED_EDGE('',*,*,#4959,.F.);
#4092=ORIENTED_EDGE('',*,*,#5769,.T.);
#4093=ORIENTED_EDGE('',*,*,#5736,.F.);
#4094=ORIENTED_EDGE('',*,*,#4973,.F.);
#4095=ORIENTED_EDGE('',*,*,#5770,.T.);
#4096=ORIENTED_EDGE('',*,*,#5771,.F.);
#4097=ORIENTED_EDGE('',*,*,#5771,.T.);
#4098=ORIENTED_EDGE('',*,*,#5735,.F.);
#4099=ORIENTED_EDGE('',*,*,#5772,.F.);
#4100=ORIENTED_EDGE('',*,*,#4963,.F.);
#4101=ORIENTED_EDGE('',*,*,#5752,.F.);
#4102=ORIENTED_EDGE('',*,*,#4969,.F.);
#4103=ORIENTED_EDGE('',*,*,#5772,.T.);
#4104=ORIENTED_EDGE('',*,*,#5734,.F.);
#4105=ORIENTED_EDGE('',*,*,#5716,.F.);
#4106=ORIENTED_EDGE('',*,*,#5773,.T.);
#4107=ORIENTED_EDGE('',*,*,#4989,.F.);
#4108=ORIENTED_EDGE('',*,*,#5774,.F.);
#4109=ORIENTED_EDGE('',*,*,#5774,.T.);
#4110=ORIENTED_EDGE('',*,*,#5025,.F.);
#4111=ORIENTED_EDGE('',*,*,#5775,.F.);
#4112=ORIENTED_EDGE('',*,*,#5775,.T.);
#4113=ORIENTED_EDGE('',*,*,#4995,.F.);
#4114=ORIENTED_EDGE('',*,*,#5776,.F.);
#4115=ORIENTED_EDGE('',*,*,#5717,.F.);
#4116=ORIENTED_EDGE('',*,*,#5776,.T.);
#4117=ORIENTED_EDGE('',*,*,#5040,.F.);
#4118=ORIENTED_EDGE('',*,*,#5777,.F.);
#4119=ORIENTED_EDGE('',*,*,#5718,.F.);
#4120=ORIENTED_EDGE('',*,*,#5777,.T.);
#4121=ORIENTED_EDGE('',*,*,#4999,.F.);
#4122=ORIENTED_EDGE('',*,*,#5778,.F.);
#4123=ORIENTED_EDGE('',*,*,#5719,.F.);
#4124=ORIENTED_EDGE('',*,*,#5778,.T.);
#4125=ORIENTED_EDGE('',*,*,#5036,.F.);
#4126=ORIENTED_EDGE('',*,*,#5779,.F.);
#4127=ORIENTED_EDGE('',*,*,#5779,.T.);
#4128=ORIENTED_EDGE('',*,*,#5003,.F.);
#4129=ORIENTED_EDGE('',*,*,#5780,.F.);
#4130=ORIENTED_EDGE('',*,*,#5720,.F.);
#4131=ORIENTED_EDGE('',*,*,#5780,.T.);
#4132=ORIENTED_EDGE('',*,*,#5034,.F.);
#4133=ORIENTED_EDGE('',*,*,#5781,.F.);
#4134=ORIENTED_EDGE('',*,*,#5781,.T.);
#4135=ORIENTED_EDGE('',*,*,#5007,.F.);
#4136=ORIENTED_EDGE('',*,*,#5782,.F.);
#4137=ORIENTED_EDGE('',*,*,#5721,.F.);
#4138=ORIENTED_EDGE('',*,*,#5782,.T.);
#4139=ORIENTED_EDGE('',*,*,#5038,.F.);
#4140=ORIENTED_EDGE('',*,*,#5783,.F.);
#4141=ORIENTED_EDGE('',*,*,#5722,.F.);
#4142=ORIENTED_EDGE('',*,*,#5783,.T.);
#4143=ORIENTED_EDGE('',*,*,#5011,.F.);
#4144=ORIENTED_EDGE('',*,*,#5784,.F.);
#4145=ORIENTED_EDGE('',*,*,#5723,.F.);
#4146=ORIENTED_EDGE('',*,*,#5784,.T.);
#4147=ORIENTED_EDGE('',*,*,#5042,.F.);
#4148=ORIENTED_EDGE('',*,*,#5785,.F.);
#4149=ORIENTED_EDGE('',*,*,#5724,.F.);
#4150=ORIENTED_EDGE('',*,*,#5785,.T.);
#4151=ORIENTED_EDGE('',*,*,#5015,.F.);
#4152=ORIENTED_EDGE('',*,*,#5786,.F.);
#4153=ORIENTED_EDGE('',*,*,#5725,.F.);
#4154=ORIENTED_EDGE('',*,*,#5786,.T.);
#4155=ORIENTED_EDGE('',*,*,#5030,.F.);
#4156=ORIENTED_EDGE('',*,*,#5787,.F.);
#4157=ORIENTED_EDGE('',*,*,#5787,.T.);
#4158=ORIENTED_EDGE('',*,*,#5019,.F.);
#4159=ORIENTED_EDGE('',*,*,#5788,.F.);
#4160=ORIENTED_EDGE('',*,*,#5726,.F.);
#4161=ORIENTED_EDGE('',*,*,#5788,.T.);
#4162=ORIENTED_EDGE('',*,*,#5032,.F.);
#4163=ORIENTED_EDGE('',*,*,#5789,.F.);
#4164=ORIENTED_EDGE('',*,*,#5789,.T.);
#4165=ORIENTED_EDGE('',*,*,#5023,.F.);
#4166=ORIENTED_EDGE('',*,*,#5790,.F.);
#4167=ORIENTED_EDGE('',*,*,#5727,.F.);
#4168=ORIENTED_EDGE('',*,*,#5751,.F.);
#4169=ORIENTED_EDGE('',*,*,#5728,.F.);
#4170=ORIENTED_EDGE('',*,*,#5790,.T.);
#4171=ORIENTED_EDGE('',*,*,#5028,.F.);
#4172=ORIENTED_EDGE('',*,*,#5791,.F.);
#4173=ORIENTED_EDGE('',*,*,#5792,.T.);
#4174=ORIENTED_EDGE('',*,*,#5793,.F.);
#4175=ORIENTED_EDGE('',*,*,#5794,.T.);
#4176=ORIENTED_EDGE('',*,*,#5795,.F.);
#4177=ORIENTED_EDGE('',*,*,#5796,.F.);
#4178=ORIENTED_EDGE('',*,*,#5797,.F.);
#4179=ORIENTED_EDGE('',*,*,#5798,.F.);
#4180=ORIENTED_EDGE('',*,*,#5799,.F.);
#4181=ORIENTED_EDGE('',*,*,#5800,.F.);
#4182=ORIENTED_EDGE('',*,*,#5801,.F.);
#4183=ORIENTED_EDGE('',*,*,#5802,.F.);
#4184=ORIENTED_EDGE('',*,*,#5803,.F.);
#4185=ORIENTED_EDGE('',*,*,#5804,.F.);
#4186=ORIENTED_EDGE('',*,*,#5805,.F.);
#4187=ORIENTED_EDGE('',*,*,#5806,.F.);
#4188=ORIENTED_EDGE('',*,*,#5807,.F.);
#4189=ORIENTED_EDGE('',*,*,#5808,.T.);
#4190=ORIENTED_EDGE('',*,*,#5809,.F.);
#4191=ORIENTED_EDGE('',*,*,#5810,.F.);
#4192=ORIENTED_EDGE('',*,*,#5811,.F.);
#4193=ORIENTED_EDGE('',*,*,#5812,.F.);
#4194=ORIENTED_EDGE('',*,*,#5813,.F.);
#4195=ORIENTED_EDGE('',*,*,#5814,.F.);
#4196=ORIENTED_EDGE('',*,*,#5815,.F.);
#4197=ORIENTED_EDGE('',*,*,#5816,.F.);
#4198=ORIENTED_EDGE('',*,*,#5817,.F.);
#4199=ORIENTED_EDGE('',*,*,#5818,.F.);
#4200=ORIENTED_EDGE('',*,*,#5819,.F.);
#4201=ORIENTED_EDGE('',*,*,#5820,.F.);
#4202=ORIENTED_EDGE('',*,*,#5821,.F.);
#4203=ORIENTED_EDGE('',*,*,#5822,.F.);
#4204=ORIENTED_EDGE('',*,*,#5823,.T.);
#4205=ORIENTED_EDGE('',*,*,#5824,.T.);
#4206=ORIENTED_EDGE('',*,*,#5825,.F.);
#4207=ORIENTED_EDGE('',*,*,#5826,.T.);
#4208=ORIENTED_EDGE('',*,*,#5794,.F.);
#4209=ORIENTED_EDGE('',*,*,#5827,.F.);
#4210=ORIENTED_EDGE('',*,*,#5822,.T.);
#4211=ORIENTED_EDGE('',*,*,#5828,.F.);
#4212=ORIENTED_EDGE('',*,*,#5050,.F.);
#4213=ORIENTED_EDGE('',*,*,#5829,.F.);
#4214=ORIENTED_EDGE('',*,*,#5825,.T.);
#4215=ORIENTED_EDGE('',*,*,#5830,.T.);
#4216=ORIENTED_EDGE('',*,*,#5807,.T.);
#4217=ORIENTED_EDGE('',*,*,#5827,.T.);
#4218=ORIENTED_EDGE('',*,*,#5793,.T.);
#4219=ORIENTED_EDGE('',*,*,#5831,.T.);
#4220=ORIENTED_EDGE('',*,*,#5809,.T.);
#4221=ORIENTED_EDGE('',*,*,#5832,.T.);
#4222=ORIENTED_EDGE('',*,*,#4985,.T.);
#4223=ORIENTED_EDGE('',*,*,#5833,.T.);
#4224=ORIENTED_EDGE('',*,*,#5833,.F.);
#4225=ORIENTED_EDGE('',*,*,#4964,.F.);
#4226=ORIENTED_EDGE('',*,*,#5834,.T.);
#4227=ORIENTED_EDGE('',*,*,#5834,.F.);
#4228=ORIENTED_EDGE('',*,*,#4933,.T.);
#4229=ORIENTED_EDGE('',*,*,#5835,.T.);
#4230=ORIENTED_EDGE('',*,*,#5810,.T.);
#4231=ORIENTED_EDGE('',*,*,#5835,.F.);
#4232=ORIENTED_EDGE('',*,*,#4980,.F.);
#4233=ORIENTED_EDGE('',*,*,#5836,.T.);
#4234=ORIENTED_EDGE('',*,*,#5811,.T.);
#4235=ORIENTED_EDGE('',*,*,#5836,.F.);
#4236=ORIENTED_EDGE('',*,*,#4937,.F.);
#4237=ORIENTED_EDGE('',*,*,#5837,.T.);
#4238=ORIENTED_EDGE('',*,*,#5812,.T.);
#4239=ORIENTED_EDGE('',*,*,#5837,.F.);
#4240=ORIENTED_EDGE('',*,*,#4976,.F.);
#4241=ORIENTED_EDGE('',*,*,#5838,.T.);
#4242=ORIENTED_EDGE('',*,*,#5838,.F.);
#4243=ORIENTED_EDGE('',*,*,#4941,.F.);
#4244=ORIENTED_EDGE('',*,*,#5839,.T.);
#4245=ORIENTED_EDGE('',*,*,#5813,.T.);
#4246=ORIENTED_EDGE('',*,*,#5839,.F.);
#4247=ORIENTED_EDGE('',*,*,#4974,.F.);
#4248=ORIENTED_EDGE('',*,*,#5840,.T.);
#4249=ORIENTED_EDGE('',*,*,#5840,.F.);
#4250=ORIENTED_EDGE('',*,*,#4945,.F.);
#4251=ORIENTED_EDGE('',*,*,#5841,.T.);
#4252=ORIENTED_EDGE('',*,*,#5814,.T.);
#4253=ORIENTED_EDGE('',*,*,#5841,.F.);
#4254=ORIENTED_EDGE('',*,*,#4978,.F.);
#4255=ORIENTED_EDGE('',*,*,#5842,.T.);
#4256=ORIENTED_EDGE('',*,*,#5815,.T.);
#4257=ORIENTED_EDGE('',*,*,#5842,.F.);
#4258=ORIENTED_EDGE('',*,*,#4949,.F.);
#4259=ORIENTED_EDGE('',*,*,#5843,.T.);
#4260=ORIENTED_EDGE('',*,*,#5816,.T.);
#4261=ORIENTED_EDGE('',*,*,#5843,.F.);
#4262=ORIENTED_EDGE('',*,*,#4982,.F.);
#4263=ORIENTED_EDGE('',*,*,#5844,.T.);
#4264=ORIENTED_EDGE('',*,*,#5817,.T.);
#4265=ORIENTED_EDGE('',*,*,#5844,.F.);
#4266=ORIENTED_EDGE('',*,*,#4953,.F.);
#4267=ORIENTED_EDGE('',*,*,#5845,.T.);
#4268=ORIENTED_EDGE('',*,*,#5818,.T.);
#4269=ORIENTED_EDGE('',*,*,#5845,.F.);
#4270=ORIENTED_EDGE('',*,*,#4970,.F.);
#4271=ORIENTED_EDGE('',*,*,#5846,.T.);
#4272=ORIENTED_EDGE('',*,*,#5846,.F.);
#4273=ORIENTED_EDGE('',*,*,#4957,.F.);
#4274=ORIENTED_EDGE('',*,*,#5847,.T.);
#4275=ORIENTED_EDGE('',*,*,#5819,.T.);
#4276=ORIENTED_EDGE('',*,*,#5847,.F.);
#4277=ORIENTED_EDGE('',*,*,#4972,.F.);
#4278=ORIENTED_EDGE('',*,*,#5848,.T.);
#4279=ORIENTED_EDGE('',*,*,#5848,.F.);
#4280=ORIENTED_EDGE('',*,*,#4961,.F.);
#4281=ORIENTED_EDGE('',*,*,#5849,.T.);
#4282=ORIENTED_EDGE('',*,*,#5820,.T.);
#4283=ORIENTED_EDGE('',*,*,#5828,.T.);
#4284=ORIENTED_EDGE('',*,*,#5821,.T.);
#4285=ORIENTED_EDGE('',*,*,#5849,.F.);
#4286=ORIENTED_EDGE('',*,*,#4968,.F.);
#4287=ORIENTED_EDGE('',*,*,#4987,.T.);
#4288=ORIENTED_EDGE('',*,*,#5850,.T.);
#4289=ORIENTED_EDGE('',*,*,#5791,.T.);
#4290=ORIENTED_EDGE('',*,*,#5851,.T.);
#4291=ORIENTED_EDGE('',*,*,#5024,.F.);
#4292=ORIENTED_EDGE('',*,*,#5851,.F.);
#4293=ORIENTED_EDGE('',*,*,#5852,.T.);
#4294=ORIENTED_EDGE('',*,*,#5852,.F.);
#4295=ORIENTED_EDGE('',*,*,#5806,.T.);
#4296=ORIENTED_EDGE('',*,*,#5853,.T.);
#4297=ORIENTED_EDGE('',*,*,#4993,.F.);
#4298=ORIENTED_EDGE('',*,*,#5853,.F.);
#4299=ORIENTED_EDGE('',*,*,#5805,.T.);
#4300=ORIENTED_EDGE('',*,*,#5854,.T.);
#4301=ORIENTED_EDGE('',*,*,#5039,.F.);
#4302=ORIENTED_EDGE('',*,*,#5855,.T.);
#4303=ORIENTED_EDGE('',*,*,#4997,.F.);
#4304=ORIENTED_EDGE('',*,*,#5854,.F.);
#4305=ORIENTED_EDGE('',*,*,#5804,.T.);
#4306=ORIENTED_EDGE('',*,*,#5035,.F.);
#4307=ORIENTED_EDGE('',*,*,#5855,.F.);
#4308=ORIENTED_EDGE('',*,*,#5856,.T.);
#4309=ORIENTED_EDGE('',*,*,#5857,.T.);
#4310=ORIENTED_EDGE('',*,*,#5001,.F.);
#4311=ORIENTED_EDGE('',*,*,#5856,.F.);
#4312=ORIENTED_EDGE('',*,*,#5803,.T.);
#4313=ORIENTED_EDGE('',*,*,#5033,.F.);
#4314=ORIENTED_EDGE('',*,*,#5857,.F.);
#4315=ORIENTED_EDGE('',*,*,#5858,.T.);
#4316=ORIENTED_EDGE('',*,*,#5858,.F.);
#4317=ORIENTED_EDGE('',*,*,#5802,.T.);
#4318=ORIENTED_EDGE('',*,*,#5859,.T.);
#4319=ORIENTED_EDGE('',*,*,#5005,.F.);
#4320=ORIENTED_EDGE('',*,*,#5859,.F.);
#4321=ORIENTED_EDGE('',*,*,#5801,.T.);
#4322=ORIENTED_EDGE('',*,*,#5860,.T.);
#4323=ORIENTED_EDGE('',*,*,#5037,.F.);
#4324=ORIENTED_EDGE('',*,*,#5860,.F.);
#4325=ORIENTED_EDGE('',*,*,#5800,.T.);
#4326=ORIENTED_EDGE('',*,*,#5861,.T.);
#4327=ORIENTED_EDGE('',*,*,#5009,.F.);
#4328=ORIENTED_EDGE('',*,*,#5861,.F.);
#4329=ORIENTED_EDGE('',*,*,#5799,.T.);
#4330=ORIENTED_EDGE('',*,*,#5862,.T.);
#4331=ORIENTED_EDGE('',*,*,#5041,.F.);
#4332=ORIENTED_EDGE('',*,*,#5863,.T.);
#4333=ORIENTED_EDGE('',*,*,#5013,.F.);
#4334=ORIENTED_EDGE('',*,*,#5862,.F.);
#4335=ORIENTED_EDGE('',*,*,#5798,.T.);
#4336=ORIENTED_EDGE('',*,*,#5029,.F.);
#4337=ORIENTED_EDGE('',*,*,#5863,.F.);
#4338=ORIENTED_EDGE('',*,*,#5864,.T.);
#4339=ORIENTED_EDGE('',*,*,#5865,.T.);
#4340=ORIENTED_EDGE('',*,*,#5017,.F.);
#4341=ORIENTED_EDGE('',*,*,#5864,.F.);
#4342=ORIENTED_EDGE('',*,*,#5797,.T.);
#4343=ORIENTED_EDGE('',*,*,#5031,.F.);
#4344=ORIENTED_EDGE('',*,*,#5865,.F.);
#4345=ORIENTED_EDGE('',*,*,#5866,.T.);
#4346=ORIENTED_EDGE('',*,*,#5866,.F.);
#4347=ORIENTED_EDGE('',*,*,#5796,.T.);
#4348=ORIENTED_EDGE('',*,*,#5867,.T.);
#4349=ORIENTED_EDGE('',*,*,#5021,.F.);
#4350=ORIENTED_EDGE('',*,*,#5829,.T.);
#4351=ORIENTED_EDGE('',*,*,#5026,.F.);
#4352=ORIENTED_EDGE('',*,*,#5867,.F.);
#4353=ORIENTED_EDGE('',*,*,#5795,.T.);
#4354=ORIENTED_EDGE('',*,*,#4986,.F.);
#4355=ORIENTED_EDGE('',*,*,#5868,.T.);
#4356=ORIENTED_EDGE('',*,*,#5823,.F.);
#4357=ORIENTED_EDGE('',*,*,#5869,.T.);
#4358=ORIENTED_EDGE('',*,*,#5748,.F.);
#4359=ORIENTED_EDGE('',*,*,#5870,.T.);
#4360=ORIENTED_EDGE('',*,*,#4990,.F.);
#4361=ORIENTED_EDGE('',*,*,#5871,.T.);
#4362=ORIENTED_EDGE('',*,*,#5830,.F.);
#4363=ORIENTED_EDGE('',*,*,#5824,.F.);
#4364=ORIENTED_EDGE('',*,*,#5872,.F.);
#4365=ORIENTED_EDGE('',*,*,#5808,.F.);
#4366=ORIENTED_EDGE('',*,*,#5872,.T.);
#4367=ORIENTED_EDGE('',*,*,#5868,.F.);
#4368=ORIENTED_EDGE('',*,*,#5832,.F.);
#4369=ORIENTED_EDGE('',*,*,#5831,.F.);
#4370=ORIENTED_EDGE('',*,*,#5792,.F.);
#4371=ORIENTED_EDGE('',*,*,#5873,.F.);
#4372=ORIENTED_EDGE('',*,*,#5826,.F.);
#4373=ORIENTED_EDGE('',*,*,#5850,.F.);
#4374=ORIENTED_EDGE('',*,*,#5869,.F.);
#4375=ORIENTED_EDGE('',*,*,#5873,.T.);
#4376=ORIENTED_EDGE('',*,*,#5753,.F.);
#4377=ORIENTED_EDGE('',*,*,#5731,.F.);
#4378=ORIENTED_EDGE('',*,*,#5874,.F.);
#4379=ORIENTED_EDGE('',*,*,#5747,.F.);
#4380=ORIENTED_EDGE('',*,*,#5755,.F.);
#4381=ORIENTED_EDGE('',*,*,#5870,.F.);
#4382=ORIENTED_EDGE('',*,*,#5874,.T.);
#4383=ORIENTED_EDGE('',*,*,#5754,.F.);
#4384=ORIENTED_EDGE('',*,*,#5749,.F.);
#4385=ORIENTED_EDGE('',*,*,#5875,.F.);
#4386=ORIENTED_EDGE('',*,*,#5715,.F.);
#4387=ORIENTED_EDGE('',*,*,#5875,.T.);
#4388=ORIENTED_EDGE('',*,*,#5871,.F.);
#4389=ORIENTED_EDGE('',*,*,#5773,.F.);
#4390=VERTEX_POINT('',#8947);
#4391=VERTEX_POINT('',#8948);
#4392=VERTEX_POINT('',#8950);
#4393=VERTEX_POINT('',#8952);
#4394=VERTEX_POINT('',#8956);
#4395=VERTEX_POINT('',#8957);
#4396=VERTEX_POINT('',#8959);
#4397=VERTEX_POINT('',#8961);
#4398=VERTEX_POINT('',#8965);
#4399=VERTEX_POINT('',#8966);
#4400=VERTEX_POINT('',#8968);
#4401=VERTEX_POINT('',#8970);
#4402=VERTEX_POINT('',#8974);
#4403=VERTEX_POINT('',#8975);
#4404=VERTEX_POINT('',#8977);
#4405=VERTEX_POINT('',#8979);
#4406=VERTEX_POINT('',#8983);
#4407=VERTEX_POINT('',#8984);
#4408=VERTEX_POINT('',#8986);
#4409=VERTEX_POINT('',#8988);
#4410=VERTEX_POINT('',#8992);
#4411=VERTEX_POINT('',#8993);
#4412=VERTEX_POINT('',#8995);
#4413=VERTEX_POINT('',#8997);
#4414=VERTEX_POINT('',#9001);
#4415=VERTEX_POINT('',#9002);
#4416=VERTEX_POINT('',#9004);
#4417=VERTEX_POINT('',#9006);
#4418=VERTEX_POINT('',#9010);
#4419=VERTEX_POINT('',#9011);
#4420=VERTEX_POINT('',#9013);
#4421=VERTEX_POINT('',#9015);
#4422=VERTEX_POINT('',#9019);
#4423=VERTEX_POINT('',#9021);
#4424=VERTEX_POINT('',#9025);
#4425=VERTEX_POINT('',#9026);
#4426=VERTEX_POINT('',#9172);
#4427=VERTEX_POINT('',#9174);
#4428=VERTEX_POINT('',#9176);
#4429=VERTEX_POINT('',#9178);
#4430=VERTEX_POINT('',#9180);
#4431=VERTEX_POINT('',#9182);
#4432=VERTEX_POINT('',#9184);
#4433=VERTEX_POINT('',#9188);
#4434=VERTEX_POINT('',#9189);
#4435=VERTEX_POINT('',#9191);
#4436=VERTEX_POINT('',#9193);
#4437=VERTEX_POINT('',#9197);
#4438=VERTEX_POINT('',#9198);
#4439=VERTEX_POINT('',#9200);
#4440=VERTEX_POINT('',#9202);
#4441=VERTEX_POINT('',#9206);
#4442=VERTEX_POINT('',#9207);
#4443=VERTEX_POINT('',#9209);
#4444=VERTEX_POINT('',#9211);
#4445=VERTEX_POINT('',#9215);
#4446=VERTEX_POINT('',#9216);
#4447=VERTEX_POINT('',#9218);
#4448=VERTEX_POINT('',#9220);
#4449=VERTEX_POINT('',#9224);
#4450=VERTEX_POINT('',#9225);
#4451=VERTEX_POINT('',#9227);
#4452=VERTEX_POINT('',#9229);
#4453=VERTEX_POINT('',#9233);
#4454=VERTEX_POINT('',#9234);
#4455=VERTEX_POINT('',#9236);
#4456=VERTEX_POINT('',#9238);
#4457=VERTEX_POINT('',#9242);
#4458=VERTEX_POINT('',#9243);
#4459=VERTEX_POINT('',#9245);
#4460=VERTEX_POINT('',#9247);
#4461=VERTEX_POINT('',#9251);
#4462=VERTEX_POINT('',#9252);
#4463=VERTEX_POINT('',#9254);
#4464=VERTEX_POINT('',#9256);
#4465=VERTEX_POINT('',#9278);
#4466=VERTEX_POINT('',#9280);
#4467=VERTEX_POINT('',#9410);
#4468=VERTEX_POINT('',#9412);
#4469=VERTEX_POINT('',#9415);
#4470=VERTEX_POINT('',#9417);
#4471=VERTEX_POINT('',#9420);
#4472=VERTEX_POINT('',#9422);
#4473=VERTEX_POINT('',#9427);
#4474=VERTEX_POINT('',#9430);
#4475=VERTEX_POINT('',#9432);
#4476=VERTEX_POINT('',#9433);
#4477=VERTEX_POINT('',#9444);
#4478=VERTEX_POINT('',#9452);
#4479=VERTEX_POINT('',#9454);
#4480=VERTEX_POINT('',#9462);
#4481=VERTEX_POINT('',#9473);
#4482=VERTEX_POINT('',#9475);
#4483=VERTEX_POINT('',#9486);
#4484=VERTEX_POINT('',#9494);
#4485=VERTEX_POINT('',#9496);
#4486=VERTEX_POINT('',#9504);
#4487=VERTEX_POINT('',#9515);
#4488=VERTEX_POINT('',#9517);
#4489=VERTEX_POINT('',#9528);
#4490=VERTEX_POINT('',#9536);
#4491=VERTEX_POINT('',#9538);
#4492=VERTEX_POINT('',#9546);
#4493=VERTEX_POINT('',#9557);
#4494=VERTEX_POINT('',#9559);
#4495=VERTEX_POINT('',#9570);
#4496=VERTEX_POINT('',#9578);
#4497=VERTEX_POINT('',#9580);
#4498=VERTEX_POINT('',#9588);
#4499=VERTEX_POINT('',#9599);
#4500=VERTEX_POINT('',#9601);
#4501=VERTEX_POINT('',#9612);
#4502=VERTEX_POINT('',#9620);
#4503=VERTEX_POINT('',#9622);
#4504=VERTEX_POINT('',#9630);
#4505=VERTEX_POINT('',#9641);
#4506=VERTEX_POINT('',#9643);
#4507=VERTEX_POINT('',#9654);
#4508=VERTEX_POINT('',#9662);
#4509=VERTEX_POINT('',#9664);
#4510=VERTEX_POINT('',#9672);
#4511=VERTEX_POINT('',#9683);
#4512=VERTEX_POINT('',#9685);
#4513=VERTEX_POINT('',#9696);
#4514=VERTEX_POINT('',#9704);
#4515=VERTEX_POINT('',#9706);
#4516=VERTEX_POINT('',#9714);
#4517=VERTEX_POINT('',#9725);
#4518=VERTEX_POINT('',#9727);
#4519=VERTEX_POINT('',#9738);
#4520=VERTEX_POINT('',#9746);
#4521=VERTEX_POINT('',#9748);
#4522=VERTEX_POINT('',#9756);
#4523=VERTEX_POINT('',#9767);
#4524=VERTEX_POINT('',#9769);
#4525=VERTEX_POINT('',#9780);
#4526=VERTEX_POINT('',#9788);
#4527=VERTEX_POINT('',#9790);
#4528=VERTEX_POINT('',#9798);
#4529=VERTEX_POINT('',#9809);
#4530=VERTEX_POINT('',#9811);
#4531=VERTEX_POINT('',#9822);
#4532=VERTEX_POINT('',#9830);
#4533=VERTEX_POINT('',#9832);
#4534=VERTEX_POINT('',#9840);
#4535=VERTEX_POINT('',#9851);
#4536=VERTEX_POINT('',#9853);
#4537=VERTEX_POINT('',#9864);
#4538=VERTEX_POINT('',#9872);
#4539=VERTEX_POINT('',#9874);
#4540=VERTEX_POINT('',#9882);
#4541=VERTEX_POINT('',#9893);
#4542=VERTEX_POINT('',#9895);
#4543=VERTEX_POINT('',#9906);
#4544=VERTEX_POINT('',#9914);
#4545=VERTEX_POINT('',#9916);
#4546=VERTEX_POINT('',#9924);
#4547=VERTEX_POINT('',#9937);
#4548=VERTEX_POINT('',#9939);
#4549=VERTEX_POINT('',#9940);
#4550=VERTEX_POINT('',#9960);
#4551=VERTEX_POINT('',#9962);
#4552=VERTEX_POINT('',#9964);
#4553=VERTEX_POINT('',#9966);
#4554=VERTEX_POINT('',#9968);
#4555=VERTEX_POINT('',#9970);
#4556=VERTEX_POINT('',#9987);
#4557=VERTEX_POINT('',#9989);
#4558=VERTEX_POINT('',#10009);
#4559=VERTEX_POINT('',#10011);
#4560=VERTEX_POINT('',#10013);
#4561=VERTEX_POINT('',#10015);
#4562=VERTEX_POINT('',#10017);
#4563=VERTEX_POINT('',#10019);
#4564=VERTEX_POINT('',#10036);
#4565=VERTEX_POINT('',#10038);
#4566=VERTEX_POINT('',#10058);
#4567=VERTEX_POINT('',#10060);
#4568=VERTEX_POINT('',#10062);
#4569=VERTEX_POINT('',#10064);
#4570=VERTEX_POINT('',#10066);
#4571=VERTEX_POINT('',#10068);
#4572=VERTEX_POINT('',#10085);
#4573=VERTEX_POINT('',#10087);
#4574=VERTEX_POINT('',#10107);
#4575=VERTEX_POINT('',#10109);
#4576=VERTEX_POINT('',#10111);
#4577=VERTEX_POINT('',#10113);
#4578=VERTEX_POINT('',#10115);
#4579=VERTEX_POINT('',#10117);
#4580=VERTEX_POINT('',#10134);
#4581=VERTEX_POINT('',#10136);
#4582=VERTEX_POINT('',#10156);
#4583=VERTEX_POINT('',#10158);
#4584=VERTEX_POINT('',#10160);
#4585=VERTEX_POINT('',#10162);
#4586=VERTEX_POINT('',#10164);
#4587=VERTEX_POINT('',#10166);
#4588=VERTEX_POINT('',#10183);
#4589=VERTEX_POINT('',#10185);
#4590=VERTEX_POINT('',#10205);
#4591=VERTEX_POINT('',#10207);
#4592=VERTEX_POINT('',#10209);
#4593=VERTEX_POINT('',#10211);
#4594=VERTEX_POINT('',#10213);
#4595=VERTEX_POINT('',#10215);
#4596=VERTEX_POINT('',#10232);
#4597=VERTEX_POINT('',#10234);
#4598=VERTEX_POINT('',#10254);
#4599=VERTEX_POINT('',#10256);
#4600=VERTEX_POINT('',#10258);
#4601=VERTEX_POINT('',#10260);
#4602=VERTEX_POINT('',#10262);
#4603=VERTEX_POINT('',#10264);
#4604=VERTEX_POINT('',#10281);
#4605=VERTEX_POINT('',#10283);
#4606=VERTEX_POINT('',#10303);
#4607=VERTEX_POINT('',#10305);
#4608=VERTEX_POINT('',#10307);
#4609=VERTEX_POINT('',#10309);
#4610=VERTEX_POINT('',#10311);
#4611=VERTEX_POINT('',#10313);
#4612=VERTEX_POINT('',#10330);
#4613=VERTEX_POINT('',#10332);
#4614=VERTEX_POINT('',#10352);
#4615=VERTEX_POINT('',#10354);
#4616=VERTEX_POINT('',#10356);
#4617=VERTEX_POINT('',#10358);
#4618=VERTEX_POINT('',#10360);
#4619=VERTEX_POINT('',#10362);
#4620=VERTEX_POINT('',#10379);
#4621=VERTEX_POINT('',#10381);
#4622=VERTEX_POINT('',#10401);
#4623=VERTEX_POINT('',#10403);
#4624=VERTEX_POINT('',#10405);
#4625=VERTEX_POINT('',#10407);
#4626=VERTEX_POINT('',#10409);
#4627=VERTEX_POINT('',#10411);
#4628=VERTEX_POINT('',#10428);
#4629=VERTEX_POINT('',#10430);
#4630=VERTEX_POINT('',#10450);
#4631=VERTEX_POINT('',#10452);
#4632=VERTEX_POINT('',#10454);
#4633=VERTEX_POINT('',#10456);
#4634=VERTEX_POINT('',#10458);
#4635=VERTEX_POINT('',#10460);
#4636=VERTEX_POINT('',#10477);
#4637=VERTEX_POINT('',#10479);
#4638=VERTEX_POINT('',#10499);
#4639=VERTEX_POINT('',#10501);
#4640=VERTEX_POINT('',#10503);
#4641=VERTEX_POINT('',#10505);
#4642=VERTEX_POINT('',#10507);
#4643=VERTEX_POINT('',#10509);
#4644=VERTEX_POINT('',#10528);
#4645=VERTEX_POINT('',#10529);
#4646=VERTEX_POINT('',#10531);
#4647=VERTEX_POINT('',#10539);
#4648=VERTEX_POINT('',#10543);
#4649=VERTEX_POINT('',#10544);
#4650=VERTEX_POINT('',#10546);
#4651=VERTEX_POINT('',#10548);
#4652=VERTEX_POINT('',#10558);
#4653=VERTEX_POINT('',#10559);
#4654=VERTEX_POINT('',#10561);
#4655=VERTEX_POINT('',#10563);
#4656=VERTEX_POINT('',#10579);
#4657=VERTEX_POINT('',#10581);
#4658=VERTEX_POINT('',#10583);
#4659=VERTEX_POINT('',#10585);
#4660=VERTEX_POINT('',#10587);
#4661=VERTEX_POINT('',#10589);
#4662=VERTEX_POINT('',#10602);
#4663=VERTEX_POINT('',#10603);
#4664=VERTEX_POINT('',#10605);
#4665=VERTEX_POINT('',#10613);
#4666=VERTEX_POINT('',#10617);
#4667=VERTEX_POINT('',#10618);
#4668=VERTEX_POINT('',#10620);
#4669=VERTEX_POINT('',#10622);
#4670=VERTEX_POINT('',#10632);
#4671=VERTEX_POINT('',#10633);
#4672=VERTEX_POINT('',#10635);
#4673=VERTEX_POINT('',#10637);
#4674=VERTEX_POINT('',#10653);
#4675=VERTEX_POINT('',#10655);
#4676=VERTEX_POINT('',#10657);
#4677=VERTEX_POINT('',#10659);
#4678=VERTEX_POINT('',#10661);
#4679=VERTEX_POINT('',#10663);
#4680=VERTEX_POINT('',#10676);
#4681=VERTEX_POINT('',#10677);
#4682=VERTEX_POINT('',#10679);
#4683=VERTEX_POINT('',#10687);
#4684=VERTEX_POINT('',#10691);
#4685=VERTEX_POINT('',#10692);
#4686=VERTEX_POINT('',#10694);
#4687=VERTEX_POINT('',#10696);
#4688=VERTEX_POINT('',#10706);
#4689=VERTEX_POINT('',#10707);
#4690=VERTEX_POINT('',#10709);
#4691=VERTEX_POINT('',#10711);
#4692=VERTEX_POINT('',#10727);
#4693=VERTEX_POINT('',#10729);
#4694=VERTEX_POINT('',#10731);
#4695=VERTEX_POINT('',#10733);
#4696=VERTEX_POINT('',#10735);
#4697=VERTEX_POINT('',#10737);
#4698=VERTEX_POINT('',#10750);
#4699=VERTEX_POINT('',#10751);
#4700=VERTEX_POINT('',#10753);
#4701=VERTEX_POINT('',#10761);
#4702=VERTEX_POINT('',#10765);
#4703=VERTEX_POINT('',#10766);
#4704=VERTEX_POINT('',#10768);
#4705=VERTEX_POINT('',#10770);
#4706=VERTEX_POINT('',#10780);
#4707=VERTEX_POINT('',#10781);
#4708=VERTEX_POINT('',#10783);
#4709=VERTEX_POINT('',#10785);
#4710=VERTEX_POINT('',#10801);
#4711=VERTEX_POINT('',#10803);
#4712=VERTEX_POINT('',#10805);
#4713=VERTEX_POINT('',#10807);
#4714=VERTEX_POINT('',#10809);
#4715=VERTEX_POINT('',#10811);
#4716=VERTEX_POINT('',#10824);
#4717=VERTEX_POINT('',#10825);
#4718=VERTEX_POINT('',#10827);
#4719=VERTEX_POINT('',#10835);
#4720=VERTEX_POINT('',#10839);
#4721=VERTEX_POINT('',#10840);
#4722=VERTEX_POINT('',#10842);
#4723=VERTEX_POINT('',#10844);
#4724=VERTEX_POINT('',#10854);
#4725=VERTEX_POINT('',#10855);
#4726=VERTEX_POINT('',#10857);
#4727=VERTEX_POINT('',#10859);
#4728=VERTEX_POINT('',#10875);
#4729=VERTEX_POINT('',#10877);
#4730=VERTEX_POINT('',#10879);
#4731=VERTEX_POINT('',#10881);
#4732=VERTEX_POINT('',#10883);
#4733=VERTEX_POINT('',#10885);
#4734=VERTEX_POINT('',#10898);
#4735=VERTEX_POINT('',#10899);
#4736=VERTEX_POINT('',#10901);
#4737=VERTEX_POINT('',#10909);
#4738=VERTEX_POINT('',#10913);
#4739=VERTEX_POINT('',#10914);
#4740=VERTEX_POINT('',#10916);
#4741=VERTEX_POINT('',#10918);
#4742=VERTEX_POINT('',#10928);
#4743=VERTEX_POINT('',#10929);
#4744=VERTEX_POINT('',#10931);
#4745=VERTEX_POINT('',#10933);
#4746=VERTEX_POINT('',#10949);
#4747=VERTEX_POINT('',#10951);
#4748=VERTEX_POINT('',#10953);
#4749=VERTEX_POINT('',#10955);
#4750=VERTEX_POINT('',#10957);
#4751=VERTEX_POINT('',#10959);
#4752=VERTEX_POINT('',#10972);
#4753=VERTEX_POINT('',#10973);
#4754=VERTEX_POINT('',#10975);
#4755=VERTEX_POINT('',#10983);
#4756=VERTEX_POINT('',#10987);
#4757=VERTEX_POINT('',#10988);
#4758=VERTEX_POINT('',#10990);
#4759=VERTEX_POINT('',#10992);
#4760=VERTEX_POINT('',#11002);
#4761=VERTEX_POINT('',#11003);
#4762=VERTEX_POINT('',#11005);
#4763=VERTEX_POINT('',#11007);
#4764=VERTEX_POINT('',#11023);
#4765=VERTEX_POINT('',#11025);
#4766=VERTEX_POINT('',#11027);
#4767=VERTEX_POINT('',#11029);
#4768=VERTEX_POINT('',#11031);
#4769=VERTEX_POINT('',#11033);
#4770=VERTEX_POINT('',#11046);
#4771=VERTEX_POINT('',#11047);
#4772=VERTEX_POINT('',#11049);
#4773=VERTEX_POINT('',#11057);
#4774=VERTEX_POINT('',#11061);
#4775=VERTEX_POINT('',#11062);
#4776=VERTEX_POINT('',#11064);
#4777=VERTEX_POINT('',#11066);
#4778=VERTEX_POINT('',#11076);
#4779=VERTEX_POINT('',#11077);
#4780=VERTEX_POINT('',#11079);
#4781=VERTEX_POINT('',#11081);
#4782=VERTEX_POINT('',#11097);
#4783=VERTEX_POINT('',#11099);
#4784=VERTEX_POINT('',#11101);
#4785=VERTEX_POINT('',#11103);
#4786=VERTEX_POINT('',#11105);
#4787=VERTEX_POINT('',#11107);
#4788=VERTEX_POINT('',#11120);
#4789=VERTEX_POINT('',#11121);
#4790=VERTEX_POINT('',#11123);
#4791=VERTEX_POINT('',#11131);
#4792=VERTEX_POINT('',#11135);
#4793=VERTEX_POINT('',#11136);
#4794=VERTEX_POINT('',#11138);
#4795=VERTEX_POINT('',#11140);
#4796=VERTEX_POINT('',#11150);
#4797=VERTEX_POINT('',#11151);
#4798=VERTEX_POINT('',#11153);
#4799=VERTEX_POINT('',#11155);
#4800=VERTEX_POINT('',#11171);
#4801=VERTEX_POINT('',#11173);
#4802=VERTEX_POINT('',#11175);
#4803=VERTEX_POINT('',#11177);
#4804=VERTEX_POINT('',#11179);
#4805=VERTEX_POINT('',#11181);
#4806=VERTEX_POINT('',#11194);
#4807=VERTEX_POINT('',#11195);
#4808=VERTEX_POINT('',#11197);
#4809=VERTEX_POINT('',#11205);
#4810=VERTEX_POINT('',#11209);
#4811=VERTEX_POINT('',#11210);
#4812=VERTEX_POINT('',#11212);
#4813=VERTEX_POINT('',#11214);
#4814=VERTEX_POINT('',#11224);
#4815=VERTEX_POINT('',#11225);
#4816=VERTEX_POINT('',#11227);
#4817=VERTEX_POINT('',#11229);
#4818=VERTEX_POINT('',#11245);
#4819=VERTEX_POINT('',#11247);
#4820=VERTEX_POINT('',#11249);
#4821=VERTEX_POINT('',#11251);
#4822=VERTEX_POINT('',#11253);
#4823=VERTEX_POINT('',#11255);
#4824=VERTEX_POINT('',#11268);
#4825=VERTEX_POINT('',#11269);
#4826=VERTEX_POINT('',#11271);
#4827=VERTEX_POINT('',#11279);
#4828=VERTEX_POINT('',#11283);
#4829=VERTEX_POINT('',#11284);
#4830=VERTEX_POINT('',#11286);
#4831=VERTEX_POINT('',#11288);
#4832=VERTEX_POINT('',#11298);
#4833=VERTEX_POINT('',#11299);
#4834=VERTEX_POINT('',#11301);
#4835=VERTEX_POINT('',#11303);
#4836=VERTEX_POINT('',#11319);
#4837=VERTEX_POINT('',#11321);
#4838=VERTEX_POINT('',#11323);
#4839=VERTEX_POINT('',#11325);
#4840=VERTEX_POINT('',#11327);
#4841=VERTEX_POINT('',#11329);
#4842=VERTEX_POINT('',#11342);
#4843=VERTEX_POINT('',#11343);
#4844=VERTEX_POINT('',#11345);
#4845=VERTEX_POINT('',#11353);
#4846=VERTEX_POINT('',#11357);
#4847=VERTEX_POINT('',#11358);
#4848=VERTEX_POINT('',#11360);
#4849=VERTEX_POINT('',#11362);
#4850=VERTEX_POINT('',#11372);
#4851=VERTEX_POINT('',#11373);
#4852=VERTEX_POINT('',#11375);
#4853=VERTEX_POINT('',#11377);
#4854=VERTEX_POINT('',#11393);
#4855=VERTEX_POINT('',#11395);
#4856=VERTEX_POINT('',#11397);
#4857=VERTEX_POINT('',#11399);
#4858=VERTEX_POINT('',#11401);
#4859=VERTEX_POINT('',#11403);
#4860=VERTEX_POINT('',#13533);
#4861=VERTEX_POINT('',#13534);
#4862=VERTEX_POINT('',#13536);
#4863=VERTEX_POINT('',#13538);
#4864=VERTEX_POINT('',#13540);
#4865=VERTEX_POINT('',#13557);
#4866=VERTEX_POINT('',#13559);
#4867=VERTEX_POINT('',#13561);
#4868=VERTEX_POINT('',#13563);
#4869=VERTEX_POINT('',#13580);
#4870=VERTEX_POINT('',#13582);
#4871=VERTEX_POINT('',#13599);
#4872=VERTEX_POINT('',#13601);
#4873=VERTEX_POINT('',#13603);
#4874=VERTEX_POINT('',#13605);
#4875=VERTEX_POINT('',#13622);
#4876=VERTEX_POINT('',#13626);
#4877=VERTEX_POINT('',#13627);
#4878=VERTEX_POINT('',#13629);
#4879=VERTEX_POINT('',#13631);
#4880=VERTEX_POINT('',#13633);
#4881=VERTEX_POINT('',#13650);
#4882=VERTEX_POINT('',#13652);
#4883=VERTEX_POINT('',#13654);
#4884=VERTEX_POINT('',#13656);
#4885=VERTEX_POINT('',#13673);
#4886=VERTEX_POINT('',#13675);
#4887=VERTEX_POINT('',#13692);
#4888=VERTEX_POINT('',#13694);
#4889=VERTEX_POINT('',#13696);
#4890=VERTEX_POINT('',#13698);
#4891=VERTEX_POINT('',#13715);
#4892=VERTEX_POINT('',#13719);
#4893=VERTEX_POINT('',#13720);
#4894=VERTEX_POINT('',#13722);
#4895=VERTEX_POINT('',#13724);
#4896=VERTEX_POINT('',#13895);
#4897=VERTEX_POINT('',#13896);
#4898=VERTEX_POINT('',#13898);
#4899=VERTEX_POINT('',#13900);
#4900=VERTEX_POINT('',#13902);
#4901=VERTEX_POINT('',#13919);
#4902=VERTEX_POINT('',#13921);
#4903=VERTEX_POINT('',#13923);
#4904=VERTEX_POINT('',#13925);
#4905=VERTEX_POINT('',#13942);
#4906=VERTEX_POINT('',#13944);
#4907=VERTEX_POINT('',#13961);
#4908=VERTEX_POINT('',#13963);
#4909=VERTEX_POINT('',#13965);
#4910=VERTEX_POINT('',#13967);
#4911=VERTEX_POINT('',#13984);
#4912=VERTEX_POINT('',#13988);
#4913=VERTEX_POINT('',#13989);
#4914=VERTEX_POINT('',#13991);
#4915=VERTEX_POINT('',#13993);
#4916=VERTEX_POINT('',#13995);
#4917=VERTEX_POINT('',#14012);
#4918=VERTEX_POINT('',#14014);
#4919=VERTEX_POINT('',#14016);
#4920=VERTEX_POINT('',#14018);
#4921=VERTEX_POINT('',#14035);
#4922=VERTEX_POINT('',#14037);
#4923=VERTEX_POINT('',#14054);
#4924=VERTEX_POINT('',#14056);
#4925=VERTEX_POINT('',#14058);
#4926=VERTEX_POINT('',#14060);
#4927=VERTEX_POINT('',#14077);
#4928=VERTEX_POINT('',#14081);
#4929=VERTEX_POINT('',#14082);
#4930=VERTEX_POINT('',#14084);
#4931=VERTEX_POINT('',#14086);
#4932=EDGE_CURVE('',#4390,#4391,#5876,.T.);
#4933=EDGE_CURVE('',#4392,#4391,#1926,.T.);
#4934=EDGE_CURVE('',#4392,#4393,#5877,.T.);
#4935=EDGE_CURVE('',#4393,#4390,#1927,.T.);
#4936=EDGE_CURVE('',#4394,#4395,#5878,.T.);
#4937=EDGE_CURVE('',#4395,#4396,#1928,.T.);
#4938=EDGE_CURVE('',#4396,#4397,#5879,.T.);
#4939=EDGE_CURVE('',#4397,#4394,#1929,.T.);
#4940=EDGE_CURVE('',#4398,#4399,#5880,.T.);
#4941=EDGE_CURVE('',#4399,#4400,#1930,.T.);
#4942=EDGE_CURVE('',#4400,#4401,#5881,.T.);
#4943=EDGE_CURVE('',#4401,#4398,#1931,.T.);
#4944=EDGE_CURVE('',#4402,#4403,#5882,.T.);
#4945=EDGE_CURVE('',#4403,#4404,#1932,.T.);
#4946=EDGE_CURVE('',#4404,#4405,#5883,.T.);
#4947=EDGE_CURVE('',#4405,#4402,#1933,.T.);
#4948=EDGE_CURVE('',#4406,#4407,#5884,.T.);
#4949=EDGE_CURVE('',#4407,#4408,#1934,.T.);
#4950=EDGE_CURVE('',#4408,#4409,#5885,.T.);
#4951=EDGE_CURVE('',#4409,#4406,#1935,.T.);
#4952=EDGE_CURVE('',#4410,#4411,#5886,.T.);
#4953=EDGE_CURVE('',#4411,#4412,#1936,.T.);
#4954=EDGE_CURVE('',#4412,#4413,#5887,.T.);
#4955=EDGE_CURVE('',#4413,#4410,#1937,.T.);
#4956=EDGE_CURVE('',#4414,#4415,#5888,.T.);
#4957=EDGE_CURVE('',#4415,#4416,#1938,.T.);
#4958=EDGE_CURVE('',#4416,#4417,#5889,.T.);
#4959=EDGE_CURVE('',#4417,#4414,#1939,.T.);
#4960=EDGE_CURVE('',#4418,#4419,#5890,.T.);
#4961=EDGE_CURVE('',#4419,#4420,#1940,.T.);
#4962=EDGE_CURVE('',#4420,#4421,#5891,.T.);
#4963=EDGE_CURVE('',#4421,#4418,#1941,.T.);
#4964=EDGE_CURVE('',#4392,#4422,#5892,.T.);
#4965=EDGE_CURVE('',#4423,#4422,#5893,.T.);
#4966=EDGE_CURVE('',#4423,#4393,#5894,.T.);
#4967=EDGE_CURVE('',#4424,#4425,#5895,.T.);
#4968=EDGE_CURVE('',#4424,#4419,#186,.T.);
#4969=EDGE_CURVE('',#4418,#4425,#187,.T.);
#4970=EDGE_CURVE('',#4416,#4411,#5896,.T.);
#4971=EDGE_CURVE('',#4410,#4417,#5897,.T.);
#4972=EDGE_CURVE('',#4420,#4415,#5898,.T.);
#4973=EDGE_CURVE('',#4414,#4421,#5899,.T.);
#4974=EDGE_CURVE('',#4404,#4399,#5900,.T.);
#4975=EDGE_CURVE('',#4398,#4405,#5901,.T.);
#4976=EDGE_CURVE('',#4400,#4395,#5902,.T.);
#4977=EDGE_CURVE('',#4394,#4401,#5903,.T.);
#4978=EDGE_CURVE('',#4408,#4403,#188,.T.);
#4979=EDGE_CURVE('',#4402,#4409,#189,.T.);
#4980=EDGE_CURVE('',#4396,#4391,#190,.T.);
#4981=EDGE_CURVE('',#4390,#4397,#191,.T.);
#4982=EDGE_CURVE('',#4412,#4407,#192,.T.);
#4983=EDGE_CURVE('',#4406,#4413,#193,.T.);
#4984=EDGE_CURVE('',#4426,#4426,#5904,.T.);
#4985=EDGE_CURVE('',#4427,#4422,#1942,.T.);
#4986=EDGE_CURVE('',#4427,#4428,#1943,.T.);
#4987=EDGE_CURVE('',#4429,#4428,#1944,.T.);
#4988=EDGE_CURVE('',#4429,#4430,#5905,.T.);
#4989=EDGE_CURVE('',#4430,#4431,#1945,.T.);
#4990=EDGE_CURVE('',#4431,#4432,#1946,.T.);
#4991=EDGE_CURVE('',#4432,#4423,#1947,.T.);
#4992=EDGE_CURVE('',#4433,#4434,#5906,.T.);
#4993=EDGE_CURVE('',#4434,#4435,#1948,.T.);
#4994=EDGE_CURVE('',#4435,#4436,#5907,.T.);
#4995=EDGE_CURVE('',#4436,#4433,#1949,.T.);
#4996=EDGE_CURVE('',#4437,#4438,#5908,.T.);
#4997=EDGE_CURVE('',#4438,#4439,#1950,.T.);
#4998=EDGE_CURVE('',#4439,#4440,#5909,.T.);
#4999=EDGE_CURVE('',#4440,#4437,#1951,.T.);
#5000=EDGE_CURVE('',#4441,#4442,#5910,.T.);
#5001=EDGE_CURVE('',#4442,#4443,#1952,.T.);
#5002=EDGE_CURVE('',#4443,#4444,#5911,.T.);
#5003=EDGE_CURVE('',#4444,#4441,#1953,.T.);
#5004=EDGE_CURVE('',#4445,#4446,#5912,.T.);
#5005=EDGE_CURVE('',#4446,#4447,#1954,.T.);
#5006=EDGE_CURVE('',#4447,#4448,#5913,.T.);
#5007=EDGE_CURVE('',#4448,#4445,#1955,.T.);
#5008=EDGE_CURVE('',#4449,#4450,#5914,.T.);
#5009=EDGE_CURVE('',#4450,#4451,#1956,.T.);
#5010=EDGE_CURVE('',#4451,#4452,#5915,.T.);
#5011=EDGE_CURVE('',#4452,#4449,#1957,.T.);
#5012=EDGE_CURVE('',#4453,#4454,#5916,.T.);
#5013=EDGE_CURVE('',#4454,#4455,#1958,.T.);
#5014=EDGE_CURVE('',#4455,#4456,#5917,.T.);
#5015=EDGE_CURVE('',#4456,#4453,#1959,.T.);
#5016=EDGE_CURVE('',#4457,#4458,#5918,.T.);
#5017=EDGE_CURVE('',#4458,#4459,#1960,.T.);
#5018=EDGE_CURVE('',#4459,#4460,#5919,.T.);
#5019=EDGE_CURVE('',#4460,#4457,#1961,.T.);
#5020=EDGE_CURVE('',#4461,#4462,#5920,.T.);
#5021=EDGE_CURVE('',#4462,#4463,#1962,.T.);
#5022=EDGE_CURVE('',#4463,#4464,#5921,.T.);
#5023=EDGE_CURVE('',#4464,#4461,#1963,.T.);
#5024=EDGE_CURVE('',#4429,#4434,#5922,.T.);
#5025=EDGE_CURVE('',#4433,#4430,#5923,.T.);
#5026=EDGE_CURVE('',#4463,#4465,#194,.T.);
#5027=EDGE_CURVE('',#4466,#4465,#5924,.T.);
#5028=EDGE_CURVE('',#4466,#4464,#195,.T.);
#5029=EDGE_CURVE('',#4455,#4458,#5925,.T.);
#5030=EDGE_CURVE('',#4457,#4456,#5926,.T.);
#5031=EDGE_CURVE('',#4459,#4462,#5927,.T.);
#5032=EDGE_CURVE('',#4461,#4460,#5928,.T.);
#5033=EDGE_CURVE('',#4443,#4446,#5929,.T.);
#5034=EDGE_CURVE('',#4445,#4444,#5930,.T.);
#5035=EDGE_CURVE('',#4439,#4442,#5931,.T.);
#5036=EDGE_CURVE('',#4441,#4440,#5932,.T.);
#5037=EDGE_CURVE('',#4447,#4450,#196,.T.);
#5038=EDGE_CURVE('',#4449,#4448,#197,.T.);
#5039=EDGE_CURVE('',#4435,#4438,#198,.T.);
#5040=EDGE_CURVE('',#4437,#4436,#199,.T.);
#5041=EDGE_CURVE('',#4451,#4454,#200,.T.);
#5042=EDGE_CURVE('',#4453,#4452,#201,.T.);
#5043=EDGE_CURVE('',#4467,#4467,#5933,.T.);
#5044=EDGE_CURVE('',#4468,#4468,#5934,.T.);
#5045=EDGE_CURVE('',#4469,#4469,#5935,.T.);
#5046=EDGE_CURVE('',#4470,#4470,#5936,.T.);
#5047=EDGE_CURVE('',#4471,#4471,#5937,.T.);
#5048=EDGE_CURVE('',#4472,#4472,#5938,.T.);
#5049=EDGE_CURVE('',#4425,#4466,#5939,.T.);
#5050=EDGE_CURVE('',#4465,#4424,#5940,.T.);
#5051=EDGE_CURVE('',#4473,#4473,#5941,.T.);
#5052=EDGE_CURVE('',#4474,#4474,#5942,.T.);
#5053=EDGE_CURVE('',#4475,#4476,#5943,.T.);
#5054=EDGE_CURVE('',#4476,#4477,#202,.T.);
#5055=EDGE_CURVE('',#4477,#4478,#203,.T.);
#5056=EDGE_CURVE('',#4478,#4479,#5944,.T.);
#5057=EDGE_CURVE('',#4479,#4480,#204,.T.);
#5058=EDGE_CURVE('',#4480,#4481,#205,.T.);
#5059=EDGE_CURVE('',#4481,#4482,#5945,.T.);
#5060=EDGE_CURVE('',#4482,#4483,#206,.T.);
#5061=EDGE_CURVE('',#4483,#4484,#207,.T.);
#5062=EDGE_CURVE('',#4484,#4485,#5946,.T.);
#5063=EDGE_CURVE('',#4485,#4486,#208,.T.);
#5064=EDGE_CURVE('',#4486,#4487,#209,.T.);
#5065=EDGE_CURVE('',#4487,#4488,#5947,.T.);
#5066=EDGE_CURVE('',#4488,#4489,#210,.T.);
#5067=EDGE_CURVE('',#4489,#4490,#211,.T.);
#5068=EDGE_CURVE('',#4490,#4491,#5948,.T.);
#5069=EDGE_CURVE('',#4491,#4492,#212,.T.);
#5070=EDGE_CURVE('',#4492,#4493,#213,.T.);
#5071=EDGE_CURVE('',#4493,#4494,#5949,.T.);
#5072=EDGE_CURVE('',#4494,#4495,#214,.T.);
#5073=EDGE_CURVE('',#4495,#4496,#215,.T.);
#5074=EDGE_CURVE('',#4496,#4497,#5950,.T.);
#5075=EDGE_CURVE('',#4497,#4498,#216,.T.);
#5076=EDGE_CURVE('',#4498,#4499,#217,.T.);
#5077=EDGE_CURVE('',#4499,#4500,#5951,.T.);
#5078=EDGE_CURVE('',#4500,#4501,#218,.T.);
#5079=EDGE_CURVE('',#4501,#4502,#219,.T.);
#5080=EDGE_CURVE('',#4502,#4503,#5952,.T.);
#5081=EDGE_CURVE('',#4503,#4504,#220,.T.);
#5082=EDGE_CURVE('',#4504,#4505,#221,.T.);
#5083=EDGE_CURVE('',#4505,#4506,#5953,.T.);
#5084=EDGE_CURVE('',#4506,#4507,#222,.T.);
#5085=EDGE_CURVE('',#4507,#4508,#223,.T.);
#5086=EDGE_CURVE('',#4508,#4509,#5954,.T.);
#5087=EDGE_CURVE('',#4509,#4510,#224,.T.);
#5088=EDGE_CURVE('',#4510,#4511,#225,.T.);
#5089=EDGE_CURVE('',#4511,#4512,#5955,.T.);
#5090=EDGE_CURVE('',#4512,#4513,#226,.T.);
#5091=EDGE_CURVE('',#4513,#4514,#227,.T.);
#5092=EDGE_CURVE('',#4514,#4515,#5956,.T.);
#5093=EDGE_CURVE('',#4515,#4516,#228,.T.);
#5094=EDGE_CURVE('',#4516,#4517,#229,.T.);
#5095=EDGE_CURVE('',#4517,#4518,#5957,.T.);
#5096=EDGE_CURVE('',#4518,#4519,#230,.T.);
#5097=EDGE_CURVE('',#4519,#4520,#231,.T.);
#5098=EDGE_CURVE('',#4520,#4521,#5958,.T.);
#5099=EDGE_CURVE('',#4521,#4522,#232,.T.);
#5100=EDGE_CURVE('',#4522,#4523,#233,.T.);
#5101=EDGE_CURVE('',#4523,#4524,#5959,.T.);
#5102=EDGE_CURVE('',#4524,#4525,#234,.T.);
#5103=EDGE_CURVE('',#4525,#4526,#235,.T.);
#5104=EDGE_CURVE('',#4526,#4527,#5960,.T.);
#5105=EDGE_CURVE('',#4527,#4528,#236,.T.);
#5106=EDGE_CURVE('',#4528,#4529,#237,.T.);
#5107=EDGE_CURVE('',#4529,#4530,#5961,.T.);
#5108=EDGE_CURVE('',#4530,#4531,#238,.T.);
#5109=EDGE_CURVE('',#4531,#4532,#239,.T.);
#5110=EDGE_CURVE('',#4532,#4533,#5962,.T.);
#5111=EDGE_CURVE('',#4533,#4534,#240,.T.);
#5112=EDGE_CURVE('',#4534,#4535,#241,.T.);
#5113=EDGE_CURVE('',#4535,#4536,#5963,.T.);
#5114=EDGE_CURVE('',#4536,#4537,#242,.T.);
#5115=EDGE_CURVE('',#4537,#4538,#243,.T.);
#5116=EDGE_CURVE('',#4538,#4539,#5964,.T.);
#5117=EDGE_CURVE('',#4539,#4540,#244,.T.);
#5118=EDGE_CURVE('',#4540,#4541,#245,.T.);
#5119=EDGE_CURVE('',#4541,#4542,#5965,.T.);
#5120=EDGE_CURVE('',#4542,#4543,#246,.T.);
#5121=EDGE_CURVE('',#4543,#4544,#247,.T.);
#5122=EDGE_CURVE('',#4544,#4545,#5966,.T.);
#5123=EDGE_CURVE('',#4545,#4546,#248,.T.);
#5124=EDGE_CURVE('',#4546,#4475,#249,.T.);
#5125=EDGE_CURVE('',#4547,#4547,#5967,.T.);
#5126=EDGE_CURVE('',#4548,#4549,#5968,.T.);
#5127=EDGE_CURVE('',#4549,#4550,#250,.T.);
#5128=EDGE_CURVE('',#4550,#4551,#1964,.T.);
#5129=EDGE_CURVE('',#4551,#4552,#5969,.T.);
#5130=EDGE_CURVE('',#4552,#4553,#1965,.T.);
#5131=EDGE_CURVE('',#4553,#4554,#5970,.T.);
#5132=EDGE_CURVE('',#4554,#4555,#1966,.T.);
#5133=EDGE_CURVE('',#4555,#4556,#251,.T.);
#5134=EDGE_CURVE('',#4556,#4557,#5971,.T.);
#5135=EDGE_CURVE('',#4557,#4558,#252,.T.);
#5136=EDGE_CURVE('',#4558,#4559,#1967,.T.);
#5137=EDGE_CURVE('',#4559,#4560,#5972,.T.);
#5138=EDGE_CURVE('',#4560,#4561,#1968,.T.);
#5139=EDGE_CURVE('',#4561,#4562,#5973,.T.);
#5140=EDGE_CURVE('',#4562,#4563,#1969,.T.);
#5141=EDGE_CURVE('',#4563,#4564,#253,.T.);
#5142=EDGE_CURVE('',#4564,#4565,#5974,.T.);
#5143=EDGE_CURVE('',#4565,#4566,#254,.T.);
#5144=EDGE_CURVE('',#4566,#4567,#1970,.T.);
#5145=EDGE_CURVE('',#4567,#4568,#5975,.T.);
#5146=EDGE_CURVE('',#4568,#4569,#1971,.T.);
#5147=EDGE_CURVE('',#4569,#4570,#5976,.T.);
#5148=EDGE_CURVE('',#4570,#4571,#1972,.T.);
#5149=EDGE_CURVE('',#4571,#4572,#255,.T.);
#5150=EDGE_CURVE('',#4572,#4573,#5977,.T.);
#5151=EDGE_CURVE('',#4573,#4574,#256,.T.);
#5152=EDGE_CURVE('',#4574,#4575,#1973,.T.);
#5153=EDGE_CURVE('',#4575,#4576,#5978,.T.);
#5154=EDGE_CURVE('',#4576,#4577,#1974,.T.);
#5155=EDGE_CURVE('',#4577,#4578,#5979,.T.);
#5156=EDGE_CURVE('',#4578,#4579,#1975,.T.);
#5157=EDGE_CURVE('',#4579,#4580,#257,.T.);
#5158=EDGE_CURVE('',#4580,#4581,#5980,.T.);
#5159=EDGE_CURVE('',#4581,#4582,#258,.T.);
#5160=EDGE_CURVE('',#4582,#4583,#1976,.T.);
#5161=EDGE_CURVE('',#4583,#4584,#5981,.T.);
#5162=EDGE_CURVE('',#4584,#4585,#1977,.T.);
#5163=EDGE_CURVE('',#4585,#4586,#5982,.T.);
#5164=EDGE_CURVE('',#4586,#4587,#1978,.T.);
#5165=EDGE_CURVE('',#4587,#4588,#259,.T.);
#5166=EDGE_CURVE('',#4588,#4589,#5983,.T.);
#5167=EDGE_CURVE('',#4589,#4590,#260,.T.);
#5168=EDGE_CURVE('',#4590,#4591,#1979,.T.);
#5169=EDGE_CURVE('',#4591,#4592,#5984,.T.);
#5170=EDGE_CURVE('',#4592,#4593,#1980,.T.);
#5171=EDGE_CURVE('',#4593,#4594,#5985,.T.);
#5172=EDGE_CURVE('',#4594,#4595,#1981,.T.);
#5173=EDGE_CURVE('',#4595,#4596,#261,.T.);
#5174=EDGE_CURVE('',#4596,#4597,#5986,.T.);
#5175=EDGE_CURVE('',#4597,#4598,#262,.T.);
#5176=EDGE_CURVE('',#4598,#4599,#1982,.T.);
#5177=EDGE_CURVE('',#4599,#4600,#5987,.T.);
#5178=EDGE_CURVE('',#4600,#4601,#1983,.T.);
#5179=EDGE_CURVE('',#4601,#4602,#5988,.T.);
#5180=EDGE_CURVE('',#4602,#4603,#1984,.T.);
#5181=EDGE_CURVE('',#4603,#4604,#263,.T.);
#5182=EDGE_CURVE('',#4604,#4605,#5989,.T.);
#5183=EDGE_CURVE('',#4605,#4606,#264,.T.);
#5184=EDGE_CURVE('',#4606,#4607,#1985,.T.);
#5185=EDGE_CURVE('',#4607,#4608,#5990,.T.);
#5186=EDGE_CURVE('',#4608,#4609,#1986,.T.);
#5187=EDGE_CURVE('',#4609,#4610,#5991,.T.);
#5188=EDGE_CURVE('',#4610,#4611,#1987,.T.);
#5189=EDGE_CURVE('',#4611,#4612,#265,.T.);
#5190=EDGE_CURVE('',#4612,#4613,#5992,.T.);
#5191=EDGE_CURVE('',#4613,#4614,#266,.T.);
#5192=EDGE_CURVE('',#4614,#4615,#1988,.T.);
#5193=EDGE_CURVE('',#4615,#4616,#5993,.T.);
#5194=EDGE_CURVE('',#4616,#4617,#1989,.T.);
#5195=EDGE_CURVE('',#4617,#4618,#5994,.T.);
#5196=EDGE_CURVE('',#4618,#4619,#1990,.T.);
#5197=EDGE_CURVE('',#4619,#4620,#267,.T.);
#5198=EDGE_CURVE('',#4620,#4621,#5995,.T.);
#5199=EDGE_CURVE('',#4621,#4622,#268,.T.);
#5200=EDGE_CURVE('',#4622,#4623,#1991,.T.);
#5201=EDGE_CURVE('',#4623,#4624,#5996,.T.);
#5202=EDGE_CURVE('',#4624,#4625,#1992,.T.);
#5203=EDGE_CURVE('',#4625,#4626,#5997,.T.);
#5204=EDGE_CURVE('',#4626,#4627,#1993,.T.);
#5205=EDGE_CURVE('',#4627,#4628,#269,.T.);
#5206=EDGE_CURVE('',#4628,#4629,#5998,.T.);
#5207=EDGE_CURVE('',#4629,#4630,#270,.T.);
#5208=EDGE_CURVE('',#4630,#4631,#1994,.T.);
#5209=EDGE_CURVE('',#4631,#4632,#5999,.T.);
#5210=EDGE_CURVE('',#4632,#4633,#1995,.T.);
#5211=EDGE_CURVE('',#4633,#4634,#6000,.T.);
#5212=EDGE_CURVE('',#4634,#4635,#1996,.T.);
#5213=EDGE_CURVE('',#4635,#4636,#271,.T.);
#5214=EDGE_CURVE('',#4636,#4637,#6001,.T.);
#5215=EDGE_CURVE('',#4637,#4638,#272,.T.);
#5216=EDGE_CURVE('',#4638,#4639,#1997,.T.);
#5217=EDGE_CURVE('',#4639,#4640,#6002,.T.);
#5218=EDGE_CURVE('',#4640,#4641,#1998,.T.);
#5219=EDGE_CURVE('',#4641,#4642,#6003,.T.);
#5220=EDGE_CURVE('',#4642,#4643,#1999,.T.);
#5221=EDGE_CURVE('',#4643,#4548,#273,.T.);
#5222=EDGE_CURVE('',#4644,#4645,#2000,.T.);
#5223=EDGE_CURVE('',#4645,#4646,#2001,.T.);
#5224=EDGE_CURVE('',#4646,#4647,#274,.T.);
#5225=EDGE_CURVE('',#4647,#4644,#2002,.T.);
#5226=EDGE_CURVE('',#4648,#4649,#2003,.T.);
#5227=EDGE_CURVE('',#4649,#4650,#2004,.T.);
#5228=EDGE_CURVE('',#4650,#4651,#2005,.T.);
#5229=EDGE_CURVE('',#4651,#4648,#2006,.T.);
#5230=EDGE_CURVE('',#4652,#4653,#275,.T.);
#5231=EDGE_CURVE('',#4653,#4654,#2007,.T.);
#5232=EDGE_CURVE('',#4654,#4655,#2008,.T.);
#5233=EDGE_CURVE('',#4655,#4652,#2009,.T.);
#5234=EDGE_CURVE('',#4499,#4656,#276,.T.);
#5235=EDGE_CURVE('',#4656,#4657,#2010,.T.);
#5236=EDGE_CURVE('',#4657,#4658,#6004,.T.);
#5237=EDGE_CURVE('',#4658,#4659,#2011,.T.);
#5238=EDGE_CURVE('',#4659,#4660,#6005,.T.);
#5239=EDGE_CURVE('',#4660,#4661,#2012,.T.);
#5240=EDGE_CURVE('',#4661,#4500,#277,.T.);
#5241=EDGE_CURVE('',#4662,#4663,#2013,.T.);
#5242=EDGE_CURVE('',#4663,#4664,#2014,.T.);
#5243=EDGE_CURVE('',#4664,#4665,#278,.T.);
#5244=EDGE_CURVE('',#4665,#4662,#2015,.T.);
#5245=EDGE_CURVE('',#4666,#4667,#2016,.T.);
#5246=EDGE_CURVE('',#4667,#4668,#2017,.T.);
#5247=EDGE_CURVE('',#4668,#4669,#2018,.T.);
#5248=EDGE_CURVE('',#4669,#4666,#2019,.T.);
#5249=EDGE_CURVE('',#4670,#4671,#279,.T.);
#5250=EDGE_CURVE('',#4671,#4672,#2020,.T.);
#5251=EDGE_CURVE('',#4672,#4673,#2021,.T.);
#5252=EDGE_CURVE('',#4673,#4670,#2022,.T.);
#5253=EDGE_CURVE('',#4505,#4674,#280,.T.);
#5254=EDGE_CURVE('',#4674,#4675,#2023,.T.);
#5255=EDGE_CURVE('',#4675,#4676,#6006,.T.);
#5256=EDGE_CURVE('',#4676,#4677,#2024,.T.);
#5257=EDGE_CURVE('',#4677,#4678,#6007,.T.);
#5258=EDGE_CURVE('',#4678,#4679,#2025,.T.);
#5259=EDGE_CURVE('',#4679,#4506,#281,.T.);
#5260=EDGE_CURVE('',#4680,#4681,#2026,.T.);
#5261=EDGE_CURVE('',#4681,#4682,#2027,.T.);
#5262=EDGE_CURVE('',#4682,#4683,#282,.T.);
#5263=EDGE_CURVE('',#4683,#4680,#2028,.T.);
#5264=EDGE_CURVE('',#4684,#4685,#2029,.T.);
#5265=EDGE_CURVE('',#4685,#4686,#2030,.T.);
#5266=EDGE_CURVE('',#4686,#4687,#2031,.T.);
#5267=EDGE_CURVE('',#4687,#4684,#2032,.T.);
#5268=EDGE_CURVE('',#4688,#4689,#283,.T.);
#5269=EDGE_CURVE('',#4689,#4690,#2033,.T.);
#5270=EDGE_CURVE('',#4690,#4691,#2034,.T.);
#5271=EDGE_CURVE('',#4691,#4688,#2035,.T.);
#5272=EDGE_CURVE('',#4487,#4692,#284,.T.);
#5273=EDGE_CURVE('',#4692,#4693,#2036,.T.);
#5274=EDGE_CURVE('',#4693,#4694,#6008,.T.);
#5275=EDGE_CURVE('',#4694,#4695,#2037,.T.);
#5276=EDGE_CURVE('',#4695,#4696,#6009,.T.);
#5277=EDGE_CURVE('',#4696,#4697,#2038,.T.);
#5278=EDGE_CURVE('',#4697,#4488,#285,.T.);
#5279=EDGE_CURVE('',#4698,#4699,#2039,.T.);
#5280=EDGE_CURVE('',#4699,#4700,#2040,.T.);
#5281=EDGE_CURVE('',#4700,#4701,#286,.T.);
#5282=EDGE_CURVE('',#4701,#4698,#2041,.T.);
#5283=EDGE_CURVE('',#4702,#4703,#2042,.T.);
#5284=EDGE_CURVE('',#4703,#4704,#2043,.T.);
#5285=EDGE_CURVE('',#4704,#4705,#2044,.T.);
#5286=EDGE_CURVE('',#4705,#4702,#2045,.T.);
#5287=EDGE_CURVE('',#4706,#4707,#287,.T.);
#5288=EDGE_CURVE('',#4707,#4708,#2046,.T.);
#5289=EDGE_CURVE('',#4708,#4709,#2047,.T.);
#5290=EDGE_CURVE('',#4709,#4706,#2048,.T.);
#5291=EDGE_CURVE('',#4493,#4710,#288,.T.);
#5292=EDGE_CURVE('',#4710,#4711,#2049,.T.);
#5293=EDGE_CURVE('',#4711,#4712,#6010,.T.);
#5294=EDGE_CURVE('',#4712,#4713,#2050,.T.);
#5295=EDGE_CURVE('',#4713,#4714,#6011,.T.);
#5296=EDGE_CURVE('',#4714,#4715,#2051,.T.);
#5297=EDGE_CURVE('',#4715,#4494,#289,.T.);
#5298=EDGE_CURVE('',#4716,#4717,#2052,.T.);
#5299=EDGE_CURVE('',#4717,#4718,#2053,.T.);
#5300=EDGE_CURVE('',#4718,#4719,#290,.T.);
#5301=EDGE_CURVE('',#4719,#4716,#2054,.T.);
#5302=EDGE_CURVE('',#4720,#4721,#2055,.T.);
#5303=EDGE_CURVE('',#4721,#4722,#2056,.T.);
#5304=EDGE_CURVE('',#4722,#4723,#2057,.T.);
#5305=EDGE_CURVE('',#4723,#4720,#2058,.T.);
#5306=EDGE_CURVE('',#4724,#4725,#291,.T.);
#5307=EDGE_CURVE('',#4725,#4726,#2059,.T.);
#5308=EDGE_CURVE('',#4726,#4727,#2060,.T.);
#5309=EDGE_CURVE('',#4727,#4724,#2061,.T.);
#5310=EDGE_CURVE('',#4535,#4728,#292,.T.);
#5311=EDGE_CURVE('',#4728,#4729,#2062,.T.);
#5312=EDGE_CURVE('',#4729,#4730,#6012,.T.);
#5313=EDGE_CURVE('',#4730,#4731,#2063,.T.);
#5314=EDGE_CURVE('',#4731,#4732,#6013,.T.);
#5315=EDGE_CURVE('',#4732,#4733,#2064,.T.);
#5316=EDGE_CURVE('',#4733,#4536,#293,.T.);
#5317=EDGE_CURVE('',#4734,#4735,#2065,.T.);
#5318=EDGE_CURVE('',#4735,#4736,#2066,.T.);
#5319=EDGE_CURVE('',#4736,#4737,#294,.T.);
#5320=EDGE_CURVE('',#4737,#4734,#2067,.T.);
#5321=EDGE_CURVE('',#4738,#4739,#2068,.T.);
#5322=EDGE_CURVE('',#4739,#4740,#2069,.T.);
#5323=EDGE_CURVE('',#4740,#4741,#2070,.T.);
#5324=EDGE_CURVE('',#4741,#4738,#2071,.T.);
#5325=EDGE_CURVE('',#4742,#4743,#295,.T.);
#5326=EDGE_CURVE('',#4743,#4744,#2072,.T.);
#5327=EDGE_CURVE('',#4744,#4745,#2073,.T.);
#5328=EDGE_CURVE('',#4745,#4742,#2074,.T.);
#5329=EDGE_CURVE('',#4541,#4746,#296,.T.);
#5330=EDGE_CURVE('',#4746,#4747,#2075,.T.);
#5331=EDGE_CURVE('',#4747,#4748,#6014,.T.);
#5332=EDGE_CURVE('',#4748,#4749,#2076,.T.);
#5333=EDGE_CURVE('',#4749,#4750,#6015,.T.);
#5334=EDGE_CURVE('',#4750,#4751,#2077,.T.);
#5335=EDGE_CURVE('',#4751,#4542,#297,.T.);
#5336=EDGE_CURVE('',#4752,#4753,#2078,.T.);
#5337=EDGE_CURVE('',#4753,#4754,#2079,.T.);
#5338=EDGE_CURVE('',#4754,#4755,#298,.T.);
#5339=EDGE_CURVE('',#4755,#4752,#2080,.T.);
#5340=EDGE_CURVE('',#4756,#4757,#2081,.T.);
#5341=EDGE_CURVE('',#4757,#4758,#2082,.T.);
#5342=EDGE_CURVE('',#4758,#4759,#2083,.T.);
#5343=EDGE_CURVE('',#4759,#4756,#2084,.T.);
#5344=EDGE_CURVE('',#4760,#4761,#299,.T.);
#5345=EDGE_CURVE('',#4761,#4762,#2085,.T.);
#5346=EDGE_CURVE('',#4762,#4763,#2086,.T.);
#5347=EDGE_CURVE('',#4763,#4760,#2087,.T.);
#5348=EDGE_CURVE('',#4475,#4764,#300,.T.);
#5349=EDGE_CURVE('',#4764,#4765,#2088,.T.);
#5350=EDGE_CURVE('',#4765,#4766,#6016,.T.);
#5351=EDGE_CURVE('',#4766,#4767,#2089,.T.);
#5352=EDGE_CURVE('',#4767,#4768,#6017,.T.);
#5353=EDGE_CURVE('',#4768,#4769,#2090,.T.);
#5354=EDGE_CURVE('',#4769,#4476,#301,.T.);
#5355=EDGE_CURVE('',#4770,#4771,#2091,.T.);
#5356=EDGE_CURVE('',#4771,#4772,#2092,.T.);
#5357=EDGE_CURVE('',#4772,#4773,#302,.T.);
#5358=EDGE_CURVE('',#4773,#4770,#2093,.T.);
#5359=EDGE_CURVE('',#4774,#4775,#2094,.T.);
#5360=EDGE_CURVE('',#4775,#4776,#2095,.T.);
#5361=EDGE_CURVE('',#4776,#4777,#2096,.T.);
#5362=EDGE_CURVE('',#4777,#4774,#2097,.T.);
#5363=EDGE_CURVE('',#4778,#4779,#303,.T.);
#5364=EDGE_CURVE('',#4779,#4780,#2098,.T.);
#5365=EDGE_CURVE('',#4780,#4781,#2099,.T.);
#5366=EDGE_CURVE('',#4781,#4778,#2100,.T.);
#5367=EDGE_CURVE('',#4481,#4782,#304,.T.);
#5368=EDGE_CURVE('',#4782,#4783,#2101,.T.);
#5369=EDGE_CURVE('',#4783,#4784,#6018,.T.);
#5370=EDGE_CURVE('',#4784,#4785,#2102,.T.);
#5371=EDGE_CURVE('',#4785,#4786,#6019,.T.);
#5372=EDGE_CURVE('',#4786,#4787,#2103,.T.);
#5373=EDGE_CURVE('',#4787,#4482,#305,.T.);
#5374=EDGE_CURVE('',#4788,#4789,#2104,.T.);
#5375=EDGE_CURVE('',#4789,#4790,#2105,.T.);
#5376=EDGE_CURVE('',#4790,#4791,#306,.T.);
#5377=EDGE_CURVE('',#4791,#4788,#2106,.T.);
#5378=EDGE_CURVE('',#4792,#4793,#2107,.T.);
#5379=EDGE_CURVE('',#4793,#4794,#2108,.T.);
#5380=EDGE_CURVE('',#4794,#4795,#2109,.T.);
#5381=EDGE_CURVE('',#4795,#4792,#2110,.T.);
#5382=EDGE_CURVE('',#4796,#4797,#307,.T.);
#5383=EDGE_CURVE('',#4797,#4798,#2111,.T.);
#5384=EDGE_CURVE('',#4798,#4799,#2112,.T.);
#5385=EDGE_CURVE('',#4799,#4796,#2113,.T.);
#5386=EDGE_CURVE('',#4523,#4800,#308,.T.);
#5387=EDGE_CURVE('',#4800,#4801,#2114,.T.);
#5388=EDGE_CURVE('',#4801,#4802,#6020,.T.);
#5389=EDGE_CURVE('',#4802,#4803,#2115,.T.);
#5390=EDGE_CURVE('',#4803,#4804,#6021,.T.);
#5391=EDGE_CURVE('',#4804,#4805,#2116,.T.);
#5392=EDGE_CURVE('',#4805,#4524,#309,.T.);
#5393=EDGE_CURVE('',#4806,#4807,#2117,.T.);
#5394=EDGE_CURVE('',#4807,#4808,#2118,.T.);
#5395=EDGE_CURVE('',#4808,#4809,#310,.T.);
#5396=EDGE_CURVE('',#4809,#4806,#2119,.T.);
#5397=EDGE_CURVE('',#4810,#4811,#2120,.T.);
#5398=EDGE_CURVE('',#4811,#4812,#2121,.T.);
#5399=EDGE_CURVE('',#4812,#4813,#2122,.T.);
#5400=EDGE_CURVE('',#4813,#4810,#2123,.T.);
#5401=EDGE_CURVE('',#4814,#4815,#311,.T.);
#5402=EDGE_CURVE('',#4815,#4816,#2124,.T.);
#5403=EDGE_CURVE('',#4816,#4817,#2125,.T.);
#5404=EDGE_CURVE('',#4817,#4814,#2126,.T.);
#5405=EDGE_CURVE('',#4529,#4818,#312,.T.);
#5406=EDGE_CURVE('',#4818,#4819,#2127,.T.);
#5407=EDGE_CURVE('',#4819,#4820,#6022,.T.);
#5408=EDGE_CURVE('',#4820,#4821,#2128,.T.);
#5409=EDGE_CURVE('',#4821,#4822,#6023,.T.);
#5410=EDGE_CURVE('',#4822,#4823,#2129,.T.);
#5411=EDGE_CURVE('',#4823,#4530,#313,.T.);
#5412=EDGE_CURVE('',#4824,#4825,#2130,.T.);
#5413=EDGE_CURVE('',#4825,#4826,#2131,.T.);
#5414=EDGE_CURVE('',#4826,#4827,#314,.T.);
#5415=EDGE_CURVE('',#4827,#4824,#2132,.T.);
#5416=EDGE_CURVE('',#4828,#4829,#2133,.T.);
#5417=EDGE_CURVE('',#4829,#4830,#2134,.T.);
#5418=EDGE_CURVE('',#4830,#4831,#2135,.T.);
#5419=EDGE_CURVE('',#4831,#4828,#2136,.T.);
#5420=EDGE_CURVE('',#4832,#4833,#315,.T.);
#5421=EDGE_CURVE('',#4833,#4834,#2137,.T.);
#5422=EDGE_CURVE('',#4834,#4835,#2138,.T.);
#5423=EDGE_CURVE('',#4835,#4832,#2139,.T.);
#5424=EDGE_CURVE('',#4517,#4836,#316,.T.);
#5425=EDGE_CURVE('',#4836,#4837,#2140,.T.);
#5426=EDGE_CURVE('',#4837,#4838,#6024,.T.);
#5427=EDGE_CURVE('',#4838,#4839,#2141,.T.);
#5428=EDGE_CURVE('',#4839,#4840,#6025,.T.);
#5429=EDGE_CURVE('',#4840,#4841,#2142,.T.);
#5430=EDGE_CURVE('',#4841,#4518,#317,.T.);
#5431=EDGE_CURVE('',#4842,#4843,#2143,.T.);
#5432=EDGE_CURVE('',#4843,#4844,#2144,.T.);
#5433=EDGE_CURVE('',#4844,#4845,#318,.T.);
#5434=EDGE_CURVE('',#4845,#4842,#2145,.T.);
#5435=EDGE_CURVE('',#4846,#4847,#2146,.T.);
#5436=EDGE_CURVE('',#4847,#4848,#2147,.T.);
#5437=EDGE_CURVE('',#4848,#4849,#2148,.T.);
#5438=EDGE_CURVE('',#4849,#4846,#2149,.T.);
#5439=EDGE_CURVE('',#4850,#4851,#319,.T.);
#5440=EDGE_CURVE('',#4851,#4852,#2150,.T.);
#5441=EDGE_CURVE('',#4852,#4853,#2151,.T.);
#5442=EDGE_CURVE('',#4853,#4850,#2152,.T.);
#5443=EDGE_CURVE('',#4511,#4854,#320,.T.);
#5444=EDGE_CURVE('',#4854,#4855,#2153,.T.);
#5445=EDGE_CURVE('',#4855,#4856,#6026,.T.);
#5446=EDGE_CURVE('',#4856,#4857,#2154,.T.);
#5447=EDGE_CURVE('',#4857,#4858,#6027,.T.);
#5448=EDGE_CURVE('',#4858,#4859,#2155,.T.);
#5449=EDGE_CURVE('',#4859,#4512,#321,.T.);
#5450=EDGE_CURVE('',#4798,#4793,#6028,.T.);
#5451=EDGE_CURVE('',#4792,#4799,#6029,.T.);
#5452=EDGE_CURVE('',#4776,#4771,#6030,.T.);
#5453=EDGE_CURVE('',#4770,#4777,#6031,.T.);
#5454=EDGE_CURVE('',#4762,#4757,#6032,.T.);
#5455=EDGE_CURVE('',#4756,#4763,#6033,.T.);
#5456=EDGE_CURVE('',#4816,#4811,#6034,.T.);
#5457=EDGE_CURVE('',#4810,#4817,#6035,.T.);
#5458=EDGE_CURVE('',#4758,#4753,#6036,.T.);
#5459=EDGE_CURVE('',#4752,#4759,#6037,.T.);
#5460=EDGE_CURVE('',#4794,#4789,#6038,.T.);
#5461=EDGE_CURVE('',#4788,#4795,#6039,.T.);
#5462=EDGE_CURVE('',#4812,#4807,#6040,.T.);
#5463=EDGE_CURVE('',#4806,#4813,#6041,.T.);
#5464=EDGE_CURVE('',#4834,#4829,#6042,.T.);
#5465=EDGE_CURVE('',#4828,#4835,#6043,.T.);
#5466=EDGE_CURVE('',#4704,#4699,#6044,.T.);
#5467=EDGE_CURVE('',#4698,#4705,#6045,.T.);
#5468=EDGE_CURVE('',#4780,#4775,#6046,.T.);
#5469=EDGE_CURVE('',#4774,#4781,#6047,.T.);
#5470=EDGE_CURVE('',#4848,#4843,#6048,.T.);
#5471=EDGE_CURVE('',#4842,#4849,#6049,.T.);
#5472=EDGE_CURVE('',#4722,#4717,#6050,.T.);
#5473=EDGE_CURVE('',#4716,#4723,#6051,.T.);
#5474=EDGE_CURVE('',#4852,#4847,#6052,.T.);
#5475=EDGE_CURVE('',#4846,#4853,#6053,.T.);
#5476=EDGE_CURVE('',#4672,#4667,#6054,.T.);
#5477=EDGE_CURVE('',#4666,#4673,#6055,.T.);
#5478=EDGE_CURVE('',#4668,#4663,#6056,.T.);
#5479=EDGE_CURVE('',#4662,#4669,#6057,.T.);
#5480=EDGE_CURVE('',#4654,#4649,#6058,.T.);
#5481=EDGE_CURVE('',#4648,#4655,#6059,.T.);
#5482=EDGE_CURVE('',#4726,#4721,#6060,.T.);
#5483=EDGE_CURVE('',#4720,#4727,#6061,.T.);
#5484=EDGE_CURVE('',#4744,#4739,#6062,.T.);
#5485=EDGE_CURVE('',#4738,#4745,#6063,.T.);
#5486=EDGE_CURVE('',#4686,#4681,#6064,.T.);
#5487=EDGE_CURVE('',#4680,#4687,#6065,.T.);
#5488=EDGE_CURVE('',#4690,#4685,#6066,.T.);
#5489=EDGE_CURVE('',#4684,#4691,#6067,.T.);
#5490=EDGE_CURVE('',#4830,#4825,#6068,.T.);
#5491=EDGE_CURVE('',#4824,#4831,#6069,.T.);
#5492=EDGE_CURVE('',#4740,#4735,#6070,.T.);
#5493=EDGE_CURVE('',#4734,#4741,#6071,.T.);
#5494=EDGE_CURVE('',#4650,#4645,#6072,.T.);
#5495=EDGE_CURVE('',#4644,#4651,#6073,.T.);
#5496=EDGE_CURVE('',#4708,#4703,#6074,.T.);
#5497=EDGE_CURVE('',#4702,#4709,#6075,.T.);
#5498=EDGE_CURVE('',#4477,#4761,#322,.T.);
#5499=EDGE_CURVE('',#4760,#4478,#323,.T.);
#5500=EDGE_CURVE('',#4519,#4833,#324,.T.);
#5501=EDGE_CURVE('',#4832,#4520,#325,.T.);
#5502=EDGE_CURVE('',#4483,#4779,#326,.T.);
#5503=EDGE_CURVE('',#4778,#4484,#327,.T.);
#5504=EDGE_CURVE('',#4507,#4671,#328,.T.);
#5505=EDGE_CURVE('',#4670,#4508,#329,.T.);
#5506=EDGE_CURVE('',#4772,#4480,#330,.T.);
#5507=EDGE_CURVE('',#4479,#4773,#331,.T.);
#5508=EDGE_CURVE('',#4501,#4653,#332,.T.);
#5509=EDGE_CURVE('',#4652,#4502,#333,.T.);
#5510=EDGE_CURVE('',#4790,#4522,#334,.T.);
#5511=EDGE_CURVE('',#4521,#4791,#335,.T.);
#5512=EDGE_CURVE('',#4664,#4504,#336,.T.);
#5513=EDGE_CURVE('',#4503,#4665,#337,.T.);
#5514=EDGE_CURVE('',#4808,#4528,#338,.T.);
#5515=EDGE_CURVE('',#4527,#4809,#339,.T.);
#5516=EDGE_CURVE('',#4513,#4851,#340,.T.);
#5517=EDGE_CURVE('',#4850,#4514,#341,.T.);
#5518=EDGE_CURVE('',#4531,#4815,#342,.T.);
#5519=EDGE_CURVE('',#4814,#4532,#343,.T.);
#5520=EDGE_CURVE('',#4682,#4486,#344,.T.);
#5521=EDGE_CURVE('',#4485,#4683,#345,.T.);
#5522=EDGE_CURVE('',#4754,#4546,#346,.T.);
#5523=EDGE_CURVE('',#4545,#4755,#347,.T.);
#5524=EDGE_CURVE('',#4646,#4498,#348,.T.);
#5525=EDGE_CURVE('',#4497,#4647,#349,.T.);
#5526=EDGE_CURVE('',#4736,#4540,#350,.T.);
#5527=EDGE_CURVE('',#4539,#4737,#351,.T.);
#5528=EDGE_CURVE('',#4543,#4743,#352,.T.);
#5529=EDGE_CURVE('',#4742,#4544,#353,.T.);
#5530=EDGE_CURVE('',#4489,#4689,#354,.T.);
#5531=EDGE_CURVE('',#4688,#4490,#355,.T.);
#5532=EDGE_CURVE('',#4844,#4510,#356,.T.);
#5533=EDGE_CURVE('',#4509,#4845,#357,.T.);
#5534=EDGE_CURVE('',#4826,#4516,#358,.T.);
#5535=EDGE_CURVE('',#4515,#4827,#359,.T.);
#5536=EDGE_CURVE('',#4537,#4725,#360,.T.);
#5537=EDGE_CURVE('',#4724,#4538,#361,.T.);
#5538=EDGE_CURVE('',#4718,#4534,#362,.T.);
#5539=EDGE_CURVE('',#4533,#4719,#363,.T.);
#5540=EDGE_CURVE('',#4700,#4492,#364,.T.);
#5541=EDGE_CURVE('',#4491,#4701,#365,.T.);
#5542=EDGE_CURVE('',#4525,#4797,#366,.T.);
#5543=EDGE_CURVE('',#4796,#4526,#367,.T.);
#5544=EDGE_CURVE('',#4495,#4707,#368,.T.);
#5545=EDGE_CURVE('',#4706,#4496,#369,.T.);
#5546=EDGE_CURVE('',#4520,#4597,#6076,.T.);
#5547=EDGE_CURVE('',#4598,#4832,#6077,.T.);
#5548=EDGE_CURVE('',#4599,#4835,#6078,.T.);
#5549=EDGE_CURVE('',#4521,#4596,#6079,.T.);
#5550=EDGE_CURVE('',#4600,#4828,#6080,.T.);
#5551=EDGE_CURVE('',#4791,#4595,#6081,.T.);
#5552=EDGE_CURVE('',#4601,#4831,#6082,.T.);
#5553=EDGE_CURVE('',#4788,#4594,#6083,.T.);
#5554=EDGE_CURVE('',#4602,#4824,#6084,.T.);
#5555=EDGE_CURVE('',#4795,#4593,#6085,.T.);
#5556=EDGE_CURVE('',#4603,#4827,#6086,.T.);
#5557=EDGE_CURVE('',#4792,#4592,#6087,.T.);
#5558=EDGE_CURVE('',#4604,#4515,#6088,.T.);
#5559=EDGE_CURVE('',#4799,#4591,#6089,.T.);
#5560=EDGE_CURVE('',#4605,#4514,#6090,.T.);
#5561=EDGE_CURVE('',#4796,#4590,#6091,.T.);
#5562=EDGE_CURVE('',#4606,#4850,#6092,.T.);
#5563=EDGE_CURVE('',#4526,#4589,#6093,.T.);
#5564=EDGE_CURVE('',#4607,#4853,#6094,.T.);
#5565=EDGE_CURVE('',#4527,#4588,#6095,.T.);
#5566=EDGE_CURVE('',#4608,#4846,#6096,.T.);
#5567=EDGE_CURVE('',#4809,#4587,#6097,.T.);
#5568=EDGE_CURVE('',#4609,#4849,#6098,.T.);
#5569=EDGE_CURVE('',#4806,#4586,#6099,.T.);
#5570=EDGE_CURVE('',#4610,#4842,#6100,.T.);
#5571=EDGE_CURVE('',#4813,#4585,#6101,.T.);
#5572=EDGE_CURVE('',#4611,#4845,#6102,.T.);
#5573=EDGE_CURVE('',#4810,#4584,#6103,.T.);
#5574=EDGE_CURVE('',#4612,#4509,#6104,.T.);
#5575=EDGE_CURVE('',#4817,#4583,#6105,.T.);
#5576=EDGE_CURVE('',#4613,#4508,#6106,.T.);
#5577=EDGE_CURVE('',#4814,#4582,#6107,.T.);
#5578=EDGE_CURVE('',#4614,#4670,#6108,.T.);
#5579=EDGE_CURVE('',#4532,#4581,#6109,.T.);
#5580=EDGE_CURVE('',#4615,#4673,#6110,.T.);
#5581=EDGE_CURVE('',#4533,#4580,#6111,.T.);
#5582=EDGE_CURVE('',#4616,#4666,#6112,.T.);
#5583=EDGE_CURVE('',#4719,#4579,#6113,.T.);
#5584=EDGE_CURVE('',#4617,#4669,#6114,.T.);
#5585=EDGE_CURVE('',#4716,#4578,#6115,.T.);
#5586=EDGE_CURVE('',#4618,#4662,#6116,.T.);
#5587=EDGE_CURVE('',#4723,#4577,#6117,.T.);
#5588=EDGE_CURVE('',#4619,#4665,#6118,.T.);
#5589=EDGE_CURVE('',#4720,#4576,#6119,.T.);
#5590=EDGE_CURVE('',#4620,#4503,#6120,.T.);
#5591=EDGE_CURVE('',#4727,#4575,#6121,.T.);
#5592=EDGE_CURVE('',#4621,#4502,#6122,.T.);
#5593=EDGE_CURVE('',#4724,#4574,#6123,.T.);
#5594=EDGE_CURVE('',#4622,#4652,#6124,.T.);
#5595=EDGE_CURVE('',#4538,#4573,#6125,.T.);
#5596=EDGE_CURVE('',#4623,#4655,#6126,.T.);
#5597=EDGE_CURVE('',#4539,#4572,#6127,.T.);
#5598=EDGE_CURVE('',#4624,#4648,#6128,.T.);
#5599=EDGE_CURVE('',#4737,#4571,#6129,.T.);
#5600=EDGE_CURVE('',#4625,#4651,#6130,.T.);
#5601=EDGE_CURVE('',#4734,#4570,#6131,.T.);
#5602=EDGE_CURVE('',#4626,#4644,#6132,.T.);
#5603=EDGE_CURVE('',#4741,#4569,#6133,.T.);
#5604=EDGE_CURVE('',#4627,#4647,#6134,.T.);
#5605=EDGE_CURVE('',#4738,#4568,#6135,.T.);
#5606=EDGE_CURVE('',#4628,#4497,#6136,.T.);
#5607=EDGE_CURVE('',#4745,#4567,#6137,.T.);
#5608=EDGE_CURVE('',#4629,#4496,#6138,.T.);
#5609=EDGE_CURVE('',#4742,#4566,#6139,.T.);
#5610=EDGE_CURVE('',#4630,#4706,#6140,.T.);
#5611=EDGE_CURVE('',#4544,#4565,#6141,.T.);
#5612=EDGE_CURVE('',#4631,#4709,#6142,.T.);
#5613=EDGE_CURVE('',#4545,#4564,#6143,.T.);
#5614=EDGE_CURVE('',#4632,#4702,#6144,.T.);
#5615=EDGE_CURVE('',#4755,#4563,#6145,.T.);
#5616=EDGE_CURVE('',#4633,#4705,#6146,.T.);
#5617=EDGE_CURVE('',#4752,#4562,#6147,.T.);
#5618=EDGE_CURVE('',#4634,#4698,#6148,.T.);
#5619=EDGE_CURVE('',#4759,#4561,#6149,.T.);
#5620=EDGE_CURVE('',#4635,#4701,#6150,.T.);
#5621=EDGE_CURVE('',#4756,#4560,#6151,.T.);
#5622=EDGE_CURVE('',#4636,#4491,#6152,.T.);
#5623=EDGE_CURVE('',#4763,#4559,#6153,.T.);
#5624=EDGE_CURVE('',#4637,#4490,#6154,.T.);
#5625=EDGE_CURVE('',#4760,#4558,#6155,.T.);
#5626=EDGE_CURVE('',#4638,#4688,#6156,.T.);
#5627=EDGE_CURVE('',#4478,#4557,#6157,.T.);
#5628=EDGE_CURVE('',#4639,#4691,#6158,.T.);
#5629=EDGE_CURVE('',#4479,#4556,#6159,.T.);
#5630=EDGE_CURVE('',#4640,#4684,#6160,.T.);
#5631=EDGE_CURVE('',#4773,#4555,#6161,.T.);
#5632=EDGE_CURVE('',#4641,#4687,#6162,.T.);
#5633=EDGE_CURVE('',#4770,#4554,#6163,.T.);
#5634=EDGE_CURVE('',#4642,#4680,#6164,.T.);
#5635=EDGE_CURVE('',#4777,#4553,#6165,.T.);
#5636=EDGE_CURVE('',#4643,#4683,#6166,.T.);
#5637=EDGE_CURVE('',#4774,#4552,#6167,.T.);
#5638=EDGE_CURVE('',#4548,#4485,#6168,.T.);
#5639=EDGE_CURVE('',#4781,#4551,#6169,.T.);
#5640=EDGE_CURVE('',#4549,#4484,#6170,.T.);
#5641=EDGE_CURVE('',#4778,#4550,#6171,.T.);
#5642=EDGE_CURVE('',#4743,#4751,#6172,.T.);
#5643=EDGE_CURVE('',#4744,#4750,#6173,.T.);
#5644=EDGE_CURVE('',#4739,#4749,#6174,.T.);
#5645=EDGE_CURVE('',#4740,#4748,#6175,.T.);
#5646=EDGE_CURVE('',#4735,#4747,#6176,.T.);
#5647=EDGE_CURVE('',#4736,#4746,#6177,.T.);
#5648=EDGE_CURVE('',#4725,#4733,#6178,.T.);
#5649=EDGE_CURVE('',#4726,#4732,#6179,.T.);
#5650=EDGE_CURVE('',#4721,#4731,#6180,.T.);
#5651=EDGE_CURVE('',#4722,#4730,#6181,.T.);
#5652=EDGE_CURVE('',#4717,#4729,#6182,.T.);
#5653=EDGE_CURVE('',#4718,#4728,#6183,.T.);
#5654=EDGE_CURVE('',#4797,#4805,#6184,.T.);
#5655=EDGE_CURVE('',#4798,#4804,#6185,.T.);
#5656=EDGE_CURVE('',#4793,#4803,#6186,.T.);
#5657=EDGE_CURVE('',#4794,#4802,#6187,.T.);
#5658=EDGE_CURVE('',#4789,#4801,#6188,.T.);
#5659=EDGE_CURVE('',#4790,#4800,#6189,.T.);
#5660=EDGE_CURVE('',#4851,#4859,#6190,.T.);
#5661=EDGE_CURVE('',#4852,#4858,#6191,.T.);
#5662=EDGE_CURVE('',#4847,#4857,#6192,.T.);
#5663=EDGE_CURVE('',#4848,#4856,#6193,.T.);
#5664=EDGE_CURVE('',#4843,#4855,#6194,.T.);
#5665=EDGE_CURVE('',#4844,#4854,#6195,.T.);
#5666=EDGE_CURVE('',#4689,#4697,#6196,.T.);
#5667=EDGE_CURVE('',#4690,#4696,#6197,.T.);
#5668=EDGE_CURVE('',#4685,#4695,#6198,.T.);
#5669=EDGE_CURVE('',#4686,#4694,#6199,.T.);
#5670=EDGE_CURVE('',#4681,#4693,#6200,.T.);
#5671=EDGE_CURVE('',#4682,#4692,#6201,.T.);
#5672=EDGE_CURVE('',#4707,#4715,#6202,.T.);
#5673=EDGE_CURVE('',#4708,#4714,#6203,.T.);
#5674=EDGE_CURVE('',#4703,#4713,#6204,.T.);
#5675=EDGE_CURVE('',#4704,#4712,#6205,.T.);
#5676=EDGE_CURVE('',#4699,#4711,#6206,.T.);
#5677=EDGE_CURVE('',#4700,#4710,#6207,.T.);
#5678=EDGE_CURVE('',#4761,#4769,#6208,.T.);
#5679=EDGE_CURVE('',#4762,#4768,#6209,.T.);
#5680=EDGE_CURVE('',#4757,#4767,#6210,.T.);
#5681=EDGE_CURVE('',#4758,#4766,#6211,.T.);
#5682=EDGE_CURVE('',#4753,#4765,#6212,.T.);
#5683=EDGE_CURVE('',#4754,#4764,#6213,.T.);
#5684=EDGE_CURVE('',#4653,#4661,#6214,.T.);
#5685=EDGE_CURVE('',#4654,#4660,#6215,.T.);
#5686=EDGE_CURVE('',#4649,#4659,#6216,.T.);
#5687=EDGE_CURVE('',#4650,#4658,#6217,.T.);
#5688=EDGE_CURVE('',#4645,#4657,#6218,.T.);
#5689=EDGE_CURVE('',#4646,#4656,#6219,.T.);
#5690=EDGE_CURVE('',#4671,#4679,#6220,.T.);
#5691=EDGE_CURVE('',#4672,#4678,#6221,.T.);
#5692=EDGE_CURVE('',#4667,#4677,#6222,.T.);
#5693=EDGE_CURVE('',#4668,#4676,#6223,.T.);
#5694=EDGE_CURVE('',#4663,#4675,#6224,.T.);
#5695=EDGE_CURVE('',#4664,#4674,#6225,.T.);
#5696=EDGE_CURVE('',#4833,#4841,#6226,.T.);
#5697=EDGE_CURVE('',#4834,#4840,#6227,.T.);
#5698=EDGE_CURVE('',#4829,#4839,#6228,.T.);
#5699=EDGE_CURVE('',#4830,#4838,#6229,.T.);
#5700=EDGE_CURVE('',#4825,#4837,#6230,.T.);
#5701=EDGE_CURVE('',#4826,#4836,#6231,.T.);
#5702=EDGE_CURVE('',#4815,#4823,#6232,.T.);
#5703=EDGE_CURVE('',#4816,#4822,#6233,.T.);
#5704=EDGE_CURVE('',#4811,#4821,#6234,.T.);
#5705=EDGE_CURVE('',#4812,#4820,#6235,.T.);
#5706=EDGE_CURVE('',#4807,#4819,#6236,.T.);
#5707=EDGE_CURVE('',#4808,#4818,#6237,.T.);
#5708=EDGE_CURVE('',#4779,#4787,#6238,.T.);
#5709=EDGE_CURVE('',#4780,#4786,#6239,.T.);
#5710=EDGE_CURVE('',#4775,#4785,#6240,.T.);
#5711=EDGE_CURVE('',#4776,#4784,#6241,.T.);
#5712=EDGE_CURVE('',#4771,#4783,#6242,.T.);
#5713=EDGE_CURVE('',#4772,#4782,#6243,.T.);
#5714=EDGE_CURVE('',#4860,#4861,#2156,.T.);
#5715=EDGE_CURVE('',#4861,#4862,#2157,.T.);
#5716=EDGE_CURVE('',#4862,#4863,#2158,.T.);
#5717=EDGE_CURVE('',#4863,#4864,#2159,.T.);
#5718=EDGE_CURVE('',#4864,#4865,#370,.T.);
#5719=EDGE_CURVE('',#4865,#4866,#2160,.T.);
#5720=EDGE_CURVE('',#4866,#4867,#2161,.T.);
#5721=EDGE_CURVE('',#4867,#4868,#2162,.T.);
#5722=EDGE_CURVE('',#4868,#4869,#371,.T.);
#5723=EDGE_CURVE('',#4869,#4870,#2163,.T.);
#5724=EDGE_CURVE('',#4870,#4871,#372,.T.);
#5725=EDGE_CURVE('',#4871,#4872,#2164,.T.);
#5726=EDGE_CURVE('',#4872,#4873,#2165,.T.);
#5727=EDGE_CURVE('',#4873,#4874,#2166,.T.);
#5728=EDGE_CURVE('',#4874,#4875,#373,.T.);
#5729=EDGE_CURVE('',#4860,#4875,#2167,.T.);
#5730=EDGE_CURVE('',#4876,#4877,#2168,.T.);
#5731=EDGE_CURVE('',#4877,#4878,#2169,.T.);
#5732=EDGE_CURVE('',#4878,#4879,#2170,.T.);
#5733=EDGE_CURVE('',#4879,#4880,#2171,.T.);
#5734=EDGE_CURVE('',#4880,#4881,#374,.T.);
#5735=EDGE_CURVE('',#4881,#4882,#2172,.T.);
#5736=EDGE_CURVE('',#4882,#4883,#2173,.T.);
#5737=EDGE_CURVE('',#4883,#4884,#2174,.T.);
#5738=EDGE_CURVE('',#4884,#4885,#375,.T.);
#5739=EDGE_CURVE('',#4885,#4886,#2175,.T.);
#5740=EDGE_CURVE('',#4886,#4887,#376,.T.);
#5741=EDGE_CURVE('',#4887,#4888,#2176,.T.);
#5742=EDGE_CURVE('',#4888,#4889,#2177,.T.);
#5743=EDGE_CURVE('',#4889,#4890,#2178,.T.);
#5744=EDGE_CURVE('',#4890,#4891,#377,.T.);
#5745=EDGE_CURVE('',#4891,#4876,#2179,.T.);
#5746=EDGE_CURVE('',#4892,#4893,#2180,.T.);
#5747=EDGE_CURVE('',#4893,#4894,#2181,.T.);
#5748=EDGE_CURVE('',#4894,#4895,#2182,.T.);
#5749=EDGE_CURVE('',#4895,#4892,#2183,.T.);
#5750=EDGE_CURVE('',#4879,#4860,#2184,.T.);
#5751=EDGE_CURVE('',#4875,#4466,#6244,.T.);
#5752=EDGE_CURVE('',#4425,#4880,#6245,.T.);
#5753=EDGE_CURVE('',#4878,#4893,#54,.T.);
#5754=EDGE_CURVE('',#4892,#4861,#55,.T.);
#5755=EDGE_CURVE('',#4432,#4877,#56,.T.);
#5756=EDGE_CURVE('',#4423,#4876,#6246,.T.);
#5757=EDGE_CURVE('',#4393,#4876,#6247,.T.);
#5758=EDGE_CURVE('',#4390,#4891,#6248,.T.);
#5759=EDGE_CURVE('',#4397,#4890,#6249,.T.);
#5760=EDGE_CURVE('',#4394,#4889,#6250,.T.);
#5761=EDGE_CURVE('',#4401,#4889,#6251,.T.);
#5762=EDGE_CURVE('',#4398,#4888,#6252,.T.);
#5763=EDGE_CURVE('',#4405,#4888,#6253,.T.);
#5764=EDGE_CURVE('',#4402,#4887,#6254,.T.);
#5765=EDGE_CURVE('',#4409,#4886,#6255,.T.);
#5766=EDGE_CURVE('',#4406,#4885,#6256,.T.);
#5767=EDGE_CURVE('',#4413,#4884,#6257,.T.);
#5768=EDGE_CURVE('',#4410,#4883,#6258,.T.);
#5769=EDGE_CURVE('',#4417,#4883,#6259,.T.);
#5770=EDGE_CURVE('',#4414,#4882,#6260,.T.);
#5771=EDGE_CURVE('',#4421,#4882,#6261,.T.);
#5772=EDGE_CURVE('',#4418,#4881,#6262,.T.);
#5773=EDGE_CURVE('',#4862,#4431,#57,.T.);
#5774=EDGE_CURVE('',#4863,#4430,#6263,.T.);
#5775=EDGE_CURVE('',#4863,#4433,#6264,.T.);
#5776=EDGE_CURVE('',#4864,#4436,#6265,.T.);
#5777=EDGE_CURVE('',#4865,#4437,#6266,.T.);
#5778=EDGE_CURVE('',#4866,#4440,#6267,.T.);
#5779=EDGE_CURVE('',#4866,#4441,#6268,.T.);
#5780=EDGE_CURVE('',#4867,#4444,#6269,.T.);
#5781=EDGE_CURVE('',#4867,#4445,#6270,.T.);
#5782=EDGE_CURVE('',#4868,#4448,#6271,.T.);
#5783=EDGE_CURVE('',#4869,#4449,#6272,.T.);
#5784=EDGE_CURVE('',#4870,#4452,#6273,.T.);
#5785=EDGE_CURVE('',#4871,#4453,#6274,.T.);
#5786=EDGE_CURVE('',#4872,#4456,#6275,.T.);
#5787=EDGE_CURVE('',#4872,#4457,#6276,.T.);
#5788=EDGE_CURVE('',#4873,#4460,#6277,.T.);
#5789=EDGE_CURVE('',#4873,#4461,#6278,.T.);
#5790=EDGE_CURVE('',#4874,#4464,#6279,.T.);
#5791=EDGE_CURVE('',#4896,#4897,#2185,.T.);
#5792=EDGE_CURVE('',#4896,#4898,#2186,.T.);
#5793=EDGE_CURVE('',#4899,#4898,#2187,.T.);
#5794=EDGE_CURVE('',#4899,#4900,#2188,.T.);
#5795=EDGE_CURVE('',#4901,#4900,#378,.T.);
#5796=EDGE_CURVE('',#4902,#4901,#2189,.T.);
#5797=EDGE_CURVE('',#4903,#4902,#2190,.T.);
#5798=EDGE_CURVE('',#4904,#4903,#2191,.T.);
#5799=EDGE_CURVE('',#4905,#4904,#379,.T.);
#5800=EDGE_CURVE('',#4906,#4905,#2192,.T.);
#5801=EDGE_CURVE('',#4907,#4906,#380,.T.);
#5802=EDGE_CURVE('',#4908,#4907,#2193,.T.);
#5803=EDGE_CURVE('',#4909,#4908,#2194,.T.);
#5804=EDGE_CURVE('',#4910,#4909,#2195,.T.);
#5805=EDGE_CURVE('',#4911,#4910,#381,.T.);
#5806=EDGE_CURVE('',#4897,#4911,#2196,.T.);
#5807=EDGE_CURVE('',#4912,#4913,#2197,.T.);
#5808=EDGE_CURVE('',#4912,#4914,#2198,.T.);
#5809=EDGE_CURVE('',#4915,#4914,#2199,.T.);
#5810=EDGE_CURVE('',#4916,#4915,#2200,.T.);
#5811=EDGE_CURVE('',#4917,#4916,#382,.T.);
#5812=EDGE_CURVE('',#4918,#4917,#2201,.T.);
#5813=EDGE_CURVE('',#4919,#4918,#2202,.T.);
#5814=EDGE_CURVE('',#4920,#4919,#2203,.T.);
#5815=EDGE_CURVE('',#4921,#4920,#383,.T.);
#5816=EDGE_CURVE('',#4922,#4921,#2204,.T.);
#5817=EDGE_CURVE('',#4923,#4922,#384,.T.);
#5818=EDGE_CURVE('',#4924,#4923,#2205,.T.);
#5819=EDGE_CURVE('',#4925,#4924,#2206,.T.);
#5820=EDGE_CURVE('',#4926,#4925,#2207,.T.);
#5821=EDGE_CURVE('',#4927,#4926,#385,.T.);
#5822=EDGE_CURVE('',#4913,#4927,#2208,.T.);
#5823=EDGE_CURVE('',#4928,#4929,#2209,.T.);
#5824=EDGE_CURVE('',#4929,#4930,#2210,.T.);
#5825=EDGE_CURVE('',#4931,#4930,#2211,.T.);
#5826=EDGE_CURVE('',#4931,#4928,#2212,.T.);
#5827=EDGE_CURVE('',#4913,#4899,#2213,.T.);
#5828=EDGE_CURVE('',#4424,#4927,#6280,.T.);
#5829=EDGE_CURVE('',#4900,#4465,#6281,.T.);
#5830=EDGE_CURVE('',#4930,#4912,#58,.T.);
#5831=EDGE_CURVE('',#4898,#4931,#59,.T.);
#5832=EDGE_CURVE('',#4914,#4427,#60,.T.);
#5833=EDGE_CURVE('',#4422,#4915,#6282,.T.);
#5834=EDGE_CURVE('',#4392,#4915,#6283,.T.);
#5835=EDGE_CURVE('',#4391,#4916,#6284,.T.);
#5836=EDGE_CURVE('',#4396,#4917,#6285,.T.);
#5837=EDGE_CURVE('',#4395,#4918,#6286,.T.);
#5838=EDGE_CURVE('',#4400,#4918,#6287,.T.);
#5839=EDGE_CURVE('',#4399,#4919,#6288,.T.);
#5840=EDGE_CURVE('',#4404,#4919,#6289,.T.);
#5841=EDGE_CURVE('',#4403,#4920,#6290,.T.);
#5842=EDGE_CURVE('',#4408,#4921,#6291,.T.);
#5843=EDGE_CURVE('',#4407,#4922,#6292,.T.);
#5844=EDGE_CURVE('',#4412,#4923,#6293,.T.);
#5845=EDGE_CURVE('',#4411,#4924,#6294,.T.);
#5846=EDGE_CURVE('',#4416,#4924,#6295,.T.);
#5847=EDGE_CURVE('',#4415,#4925,#6296,.T.);
#5848=EDGE_CURVE('',#4420,#4925,#6297,.T.);
#5849=EDGE_CURVE('',#4419,#4926,#6298,.T.);
#5850=EDGE_CURVE('',#4428,#4896,#61,.T.);
#5851=EDGE_CURVE('',#4897,#4429,#6299,.T.);
#5852=EDGE_CURVE('',#4897,#4434,#6300,.T.);
#5853=EDGE_CURVE('',#4911,#4435,#6301,.T.);
#5854=EDGE_CURVE('',#4910,#4438,#6302,.T.);
#5855=EDGE_CURVE('',#4909,#4439,#6303,.T.);
#5856=EDGE_CURVE('',#4909,#4442,#6304,.T.);
#5857=EDGE_CURVE('',#4908,#4443,#6305,.T.);
#5858=EDGE_CURVE('',#4908,#4446,#6306,.T.);
#5859=EDGE_CURVE('',#4907,#4447,#6307,.T.);
#5860=EDGE_CURVE('',#4906,#4450,#6308,.T.);
#5861=EDGE_CURVE('',#4905,#4451,#6309,.T.);
#5862=EDGE_CURVE('',#4904,#4454,#6310,.T.);
#5863=EDGE_CURVE('',#4903,#4455,#6311,.T.);
#5864=EDGE_CURVE('',#4903,#4458,#6312,.T.);
#5865=EDGE_CURVE('',#4902,#4459,#6313,.T.);
#5866=EDGE_CURVE('',#4902,#4462,#6314,.T.);
#5867=EDGE_CURVE('',#4901,#4463,#6315,.T.);
#5868=EDGE_CURVE('',#4427,#4929,#62,.T.);
#5869=EDGE_CURVE('',#4928,#4428,#63,.T.);
#5870=EDGE_CURVE('',#4894,#4432,#64,.T.);
#5871=EDGE_CURVE('',#4431,#4895,#65,.T.);
#5872=EDGE_CURVE('',#4914,#4929,#6316,.T.);
#5873=EDGE_CURVE('',#4928,#4896,#6317,.T.);
#5874=EDGE_CURVE('',#4894,#4877,#6318,.T.);
#5875=EDGE_CURVE('',#4862,#4895,#6319,.T.);
#5876=CIRCLE('',#6321,12.5);
#5877=CIRCLE('',#6322,12.5);
#5878=CIRCLE('',#6324,9.99999999999999);
#5879=CIRCLE('',#6325,12.);
#5880=CIRCLE('',#6327,9.49999999999999);
#5881=CIRCLE('',#6328,9.49999999999999);
#5882=CIRCLE('',#6330,12.);
#5883=CIRCLE('',#6331,9.99999999999999);
#5884=CIRCLE('',#6333,12.5);
#5885=CIRCLE('',#6334,12.5);
#5886=CIRCLE('',#6336,9.99999999999999);
#5887=CIRCLE('',#6337,12.);
#5888=CIRCLE('',#6339,9.49999999999999);
#5889=CIRCLE('',#6340,9.49999999999999);
#5890=CIRCLE('',#6342,12.);
#5891=CIRCLE('',#6343,9.99999999999999);
#5892=CIRCLE('',#6345,0.5);
#5893=CIRCLE('',#6346,13.);
#5894=CIRCLE('',#6347,0.5);
#5895=CIRCLE('',#6349,12.5);
#5896=CIRCLE('',#6351,0.5);
#5897=CIRCLE('',#6352,0.5);
#5898=CIRCLE('',#6354,0.5);
#5899=CIRCLE('',#6355,0.5);
#5900=CIRCLE('',#6357,0.5);
#5901=CIRCLE('',#6358,0.5);
#5902=CIRCLE('',#6360,0.5);
#5903=CIRCLE('',#6361,0.5);
#5904=CIRCLE('',#6366,17.5);
#5905=CIRCLE('',#6367,13.);
#5906=CIRCLE('',#6369,12.5);
#5907=CIRCLE('',#6370,12.5);
#5908=CIRCLE('',#6372,12.);
#5909=CIRCLE('',#6373,9.99999999999999);
#5910=CIRCLE('',#6375,9.49999999999999);
#5911=CIRCLE('',#6376,9.49999999999999);
#5912=CIRCLE('',#6378,9.99999999999999);
#5913=CIRCLE('',#6379,12.);
#5914=CIRCLE('',#6381,12.5);
#5915=CIRCLE('',#6382,12.5);
#5916=CIRCLE('',#6384,12.);
#5917=CIRCLE('',#6385,9.99999999999999);
#5918=CIRCLE('',#6387,9.49999999999999);
#5919=CIRCLE('',#6388,9.49999999999999);
#5920=CIRCLE('',#6390,9.99999999999999);
#5921=CIRCLE('',#6391,12.);
#5922=CIRCLE('',#6393,0.5);
#5923=CIRCLE('',#6394,0.5);
#5924=CIRCLE('',#6396,12.5);
#5925=CIRCLE('',#6398,0.5);
#5926=CIRCLE('',#6399,0.5);
#5927=CIRCLE('',#6401,0.5);
#5928=CIRCLE('',#6402,0.5);
#5929=CIRCLE('',#6404,0.5);
#5930=CIRCLE('',#6405,0.5);
#5931=CIRCLE('',#6407,0.5);
#5932=CIRCLE('',#6408,0.5);
#5933=CIRCLE('',#6413,6.);
#5934=CIRCLE('',#6414,6.);
#5935=CIRCLE('',#6416,7.);
#5936=CIRCLE('',#6417,17.);
#5937=CIRCLE('',#6419,18.);
#5938=CIRCLE('',#6420,18.);
#5939=CIRCLE('',#6422,12.5);
#5940=CIRCLE('',#6423,12.5);
#5941=CIRCLE('',#6424,12.5);
#5942=CIRCLE('',#6426,12.4829629131445);
#5943=CIRCLE('',#6427,12.3660254037844);
#5944=CIRCLE('',#6428,10.272081573913);
#5945=CIRCLE('',#6429,12.3660254037844);
#5946=CIRCLE('',#6430,10.272081573913);
#5947=CIRCLE('',#6431,12.3660254037844);
#5948=CIRCLE('',#6432,10.272081573913);
#5949=CIRCLE('',#6433,12.3660254037844);
#5950=CIRCLE('',#6434,10.272081573913);
#5951=CIRCLE('',#6435,12.3660254037844);
#5952=CIRCLE('',#6436,10.272081573913);
#5953=CIRCLE('',#6437,12.3660254037844);
#5954=CIRCLE('',#6438,10.272081573913);
#5955=CIRCLE('',#6439,12.3660254037844);
#5956=CIRCLE('',#6440,10.272081573913);
#5957=CIRCLE('',#6441,12.3660254037844);
#5958=CIRCLE('',#6442,10.272081573913);
#5959=CIRCLE('',#6443,12.3660254037844);
#5960=CIRCLE('',#6444,10.272081573913);
#5961=CIRCLE('',#6445,12.3660254037844);
#5962=CIRCLE('',#6446,10.272081573913);
#5963=CIRCLE('',#6447,12.3660254037844);
#5964=CIRCLE('',#6448,10.272081573913);
#5965=CIRCLE('',#6449,12.3660254037844);
#5966=CIRCLE('',#6450,10.272081573913);
#5967=CIRCLE('',#6452,7.);
#5968=CIRCLE('',#6453,10.0306001173407);
#5969=CIRCLE('',#6454,1.);
#5970=CIRCLE('',#6455,1.);
#5971=CIRCLE('',#6456,10.0306001173407);
#5972=CIRCLE('',#6457,1.);
#5973=CIRCLE('',#6458,1.);
#5974=CIRCLE('',#6459,10.0306001173407);
#5975=CIRCLE('',#6460,1.);
#5976=CIRCLE('',#6461,1.);
#5977=CIRCLE('',#6462,10.0306001173407);
#5978=CIRCLE('',#6463,1.);
#5979=CIRCLE('',#6464,1.);
#5980=CIRCLE('',#6465,10.0306001173407);
#5981=CIRCLE('',#6466,1.);
#5982=CIRCLE('',#6467,1.);
#5983=CIRCLE('',#6468,10.0306001173407);
#5984=CIRCLE('',#6469,1.);
#5985=CIRCLE('',#6470,1.);
#5986=CIRCLE('',#6471,10.0306001173407);
#5987=CIRCLE('',#6472,1.);
#5988=CIRCLE('',#6473,1.);
#5989=CIRCLE('',#6474,10.0306001173407);
#5990=CIRCLE('',#6475,1.);
#5991=CIRCLE('',#6476,1.);
#5992=CIRCLE('',#6477,10.0306001173407);
#5993=CIRCLE('',#6478,1.);
#5994=CIRCLE('',#6479,1.);
#5995=CIRCLE('',#6480,10.0306001173407);
#5996=CIRCLE('',#6481,1.);
#5997=CIRCLE('',#6482,1.);
#5998=CIRCLE('',#6483,10.0306001173407);
#5999=CIRCLE('',#6484,1.);
#6000=CIRCLE('',#6485,1.);
#6001=CIRCLE('',#6486,10.0306001173407);
#6002=CIRCLE('',#6487,1.);
#6003=CIRCLE('',#6488,1.);
#6004=CIRCLE('',#6493,0.5);
#6005=CIRCLE('',#6494,0.5);
#6006=CIRCLE('',#6499,0.5);
#6007=CIRCLE('',#6500,0.5);
#6008=CIRCLE('',#6505,0.5);
#6009=CIRCLE('',#6506,0.5);
#6010=CIRCLE('',#6511,0.5);
#6011=CIRCLE('',#6512,0.5);
#6012=CIRCLE('',#6517,0.5);
#6013=CIRCLE('',#6518,0.5);
#6014=CIRCLE('',#6523,0.5);
#6015=CIRCLE('',#6524,0.5);
#6016=CIRCLE('',#6529,0.5);
#6017=CIRCLE('',#6530,0.5);
#6018=CIRCLE('',#6535,0.5);
#6019=CIRCLE('',#6536,0.5);
#6020=CIRCLE('',#6541,0.5);
#6021=CIRCLE('',#6542,0.5);
#6022=CIRCLE('',#6547,0.5);
#6023=CIRCLE('',#6548,0.5);
#6024=CIRCLE('',#6553,0.5);
#6025=CIRCLE('',#6554,0.5);
#6026=CIRCLE('',#6559,0.5);
#6027=CIRCLE('',#6560,0.5);
#6028=CIRCLE('',#6562,0.75);
#6029=CIRCLE('',#6563,0.75);
#6030=CIRCLE('',#6565,0.75);
#6031=CIRCLE('',#6566,0.75);
#6032=CIRCLE('',#6568,0.75);
#6033=CIRCLE('',#6569,0.75);
#6034=CIRCLE('',#6571,0.75);
#6035=CIRCLE('',#6572,0.75);
#6036=CIRCLE('',#6574,0.75);
#6037=CIRCLE('',#6575,0.75);
#6038=CIRCLE('',#6577,0.75);
#6039=CIRCLE('',#6578,0.75);
#6040=CIRCLE('',#6580,0.75);
#6041=CIRCLE('',#6581,0.75);
#6042=CIRCLE('',#6583,0.75);
#6043=CIRCLE('',#6584,0.75);
#6044=CIRCLE('',#6586,0.75);
#6045=CIRCLE('',#6587,0.75);
#6046=CIRCLE('',#6589,0.75);
#6047=CIRCLE('',#6590,0.75);
#6048=CIRCLE('',#6592,0.75);
#6049=CIRCLE('',#6593,0.75);
#6050=CIRCLE('',#6595,0.75);
#6051=CIRCLE('',#6596,0.75);
#6052=CIRCLE('',#6598,0.75);
#6053=CIRCLE('',#6599,0.75);
#6054=CIRCLE('',#6601,0.75);
#6055=CIRCLE('',#6602,0.75);
#6056=CIRCLE('',#6604,0.75);
#6057=CIRCLE('',#6605,0.75);
#6058=CIRCLE('',#6607,0.75);
#6059=CIRCLE('',#6608,0.75);
#6060=CIRCLE('',#6610,0.75);
#6061=CIRCLE('',#6611,0.75);
#6062=CIRCLE('',#6613,0.75);
#6063=CIRCLE('',#6614,0.75);
#6064=CIRCLE('',#6616,0.75);
#6065=CIRCLE('',#6617,0.75);
#6066=CIRCLE('',#6619,0.75);
#6067=CIRCLE('',#6620,0.75);
#6068=CIRCLE('',#6622,0.75);
#6069=CIRCLE('',#6623,0.75);
#6070=CIRCLE('',#6625,0.75);
#6071=CIRCLE('',#6626,0.75);
#6072=CIRCLE('',#6628,0.75);
#6073=CIRCLE('',#6629,0.75);
#6074=CIRCLE('',#6631,0.75);
#6075=CIRCLE('',#6632,0.75);
#6076=CIRCLE('',#6634,0.25);
#6077=CIRCLE('',#6635,0.25);
#6078=CIRCLE('',#6636,0.25);
#6079=CIRCLE('',#6638,0.25);
#6080=CIRCLE('',#6640,0.25);
#6081=CIRCLE('',#6642,0.25);
#6082=CIRCLE('',#6643,0.25);
#6083=CIRCLE('',#6645,0.25);
#6084=CIRCLE('',#6647,0.25);
#6085=CIRCLE('',#6649,0.25);
#6086=CIRCLE('',#6651,0.25);
#6087=CIRCLE('',#6653,0.25);
#6088=CIRCLE('',#6655,0.25);
#6089=CIRCLE('',#6656,0.25);
#6090=CIRCLE('',#6658,0.25);
#6091=CIRCLE('',#6660,0.25);
#6092=CIRCLE('',#6662,0.25);
#6093=CIRCLE('',#6663,0.25);
#6094=CIRCLE('',#6664,0.25);
#6095=CIRCLE('',#6666,0.25);
#6096=CIRCLE('',#6668,0.25);
#6097=CIRCLE('',#6670,0.25);
#6098=CIRCLE('',#6671,0.25);
#6099=CIRCLE('',#6673,0.25);
#6100=CIRCLE('',#6675,0.25);
#6101=CIRCLE('',#6677,0.25);
#6102=CIRCLE('',#6679,0.25);
#6103=CIRCLE('',#6681,0.25);
#6104=CIRCLE('',#6683,0.25);
#6105=CIRCLE('',#6684,0.25);
#6106=CIRCLE('',#6686,0.25);
#6107=CIRCLE('',#6688,0.25);
#6108=CIRCLE('',#6690,0.25);
#6109=CIRCLE('',#6691,0.25);
#6110=CIRCLE('',#6692,0.25);
#6111=CIRCLE('',#6694,0.25);
#6112=CIRCLE('',#6696,0.25);
#6113=CIRCLE('',#6698,0.25);
#6114=CIRCLE('',#6699,0.25);
#6115=CIRCLE('',#6701,0.25);
#6116=CIRCLE('',#6703,0.25);
#6117=CIRCLE('',#6705,0.25);
#6118=CIRCLE('',#6707,0.25);
#6119=CIRCLE('',#6709,0.25);
#6120=CIRCLE('',#6711,0.25);
#6121=CIRCLE('',#6712,0.25);
#6122=CIRCLE('',#6714,0.25);
#6123=CIRCLE('',#6716,0.25);
#6124=CIRCLE('',#6718,0.25);
#6125=CIRCLE('',#6719,0.25);
#6126=CIRCLE('',#6720,0.25);
#6127=CIRCLE('',#6722,0.25);
#6128=CIRCLE('',#6724,0.25);
#6129=CIRCLE('',#6726,0.25);
#6130=CIRCLE('',#6727,0.25);
#6131=CIRCLE('',#6729,0.25);
#6132=CIRCLE('',#6731,0.25);
#6133=CIRCLE('',#6733,0.25);
#6134=CIRCLE('',#6735,0.25);
#6135=CIRCLE('',#6737,0.25);
#6136=CIRCLE('',#6739,0.25);
#6137=CIRCLE('',#6740,0.25);
#6138=CIRCLE('',#6742,0.25);
#6139=CIRCLE('',#6744,0.25);
#6140=CIRCLE('',#6746,0.25);
#6141=CIRCLE('',#6747,0.25);
#6142=CIRCLE('',#6748,0.25);
#6143=CIRCLE('',#6750,0.25);
#6144=CIRCLE('',#6752,0.25);
#6145=CIRCLE('',#6754,0.25);
#6146=CIRCLE('',#6755,0.25);
#6147=CIRCLE('',#6757,0.25);
#6148=CIRCLE('',#6759,0.25);
#6149=CIRCLE('',#6761,0.25);
#6150=CIRCLE('',#6763,0.25);
#6151=CIRCLE('',#6765,0.25);
#6152=CIRCLE('',#6767,0.25);
#6153=CIRCLE('',#6768,0.25);
#6154=CIRCLE('',#6770,0.25);
#6155=CIRCLE('',#6772,0.25);
#6156=CIRCLE('',#6774,0.25);
#6157=CIRCLE('',#6775,0.25);
#6158=CIRCLE('',#6776,0.25);
#6159=CIRCLE('',#6778,0.25);
#6160=CIRCLE('',#6780,0.25);
#6161=CIRCLE('',#6782,0.25);
#6162=CIRCLE('',#6783,0.25);
#6163=CIRCLE('',#6785,0.25);
#6164=CIRCLE('',#6787,0.25);
#6165=CIRCLE('',#6789,0.25);
#6166=CIRCLE('',#6791,0.25);
#6167=CIRCLE('',#6793,0.25);
#6168=CIRCLE('',#6795,0.25);
#6169=CIRCLE('',#6796,0.25);
#6170=CIRCLE('',#6798,0.25);
#6171=CIRCLE('',#6800,0.25);
#6172=CIRCLE('',#6802,0.25);
#6173=CIRCLE('',#6803,0.25);
#6174=CIRCLE('',#6805,0.25);
#6175=CIRCLE('',#6807,0.25);
#6176=CIRCLE('',#6809,0.25);
#6177=CIRCLE('',#6811,0.25);
#6178=CIRCLE('',#6813,0.25);
#6179=CIRCLE('',#6814,0.25);
#6180=CIRCLE('',#6816,0.25);
#6181=CIRCLE('',#6818,0.25);
#6182=CIRCLE('',#6820,0.25);
#6183=CIRCLE('',#6822,0.25);
#6184=CIRCLE('',#6824,0.25);
#6185=CIRCLE('',#6825,0.25);
#6186=CIRCLE('',#6827,0.25);
#6187=CIRCLE('',#6829,0.25);
#6188=CIRCLE('',#6831,0.25);
#6189=CIRCLE('',#6833,0.25);
#6190=CIRCLE('',#6835,0.25);
#6191=CIRCLE('',#6836,0.25);
#6192=CIRCLE('',#6838,0.25);
#6193=CIRCLE('',#6840,0.25);
#6194=CIRCLE('',#6842,0.25);
#6195=CIRCLE('',#6844,0.25);
#6196=CIRCLE('',#6846,0.25);
#6197=CIRCLE('',#6847,0.25);
#6198=CIRCLE('',#6849,0.25);
#6199=CIRCLE('',#6851,0.25);
#6200=CIRCLE('',#6853,0.25);
#6201=CIRCLE('',#6855,0.25);
#6202=CIRCLE('',#6857,0.25);
#6203=CIRCLE('',#6858,0.25);
#6204=CIRCLE('',#6860,0.25);
#6205=CIRCLE('',#6862,0.25);
#6206=CIRCLE('',#6864,0.25);
#6207=CIRCLE('',#6866,0.25);
#6208=CIRCLE('',#6868,0.25);
#6209=CIRCLE('',#6869,0.25);
#6210=CIRCLE('',#6871,0.25);
#6211=CIRCLE('',#6873,0.25);
#6212=CIRCLE('',#6875,0.25);
#6213=CIRCLE('',#6877,0.25);
#6214=CIRCLE('',#6879,0.25);
#6215=CIRCLE('',#6880,0.25);
#6216=CIRCLE('',#6882,0.25);
#6217=CIRCLE('',#6884,0.25);
#6218=CIRCLE('',#6886,0.25);
#6219=CIRCLE('',#6888,0.25);
#6220=CIRCLE('',#6890,0.25);
#6221=CIRCLE('',#6891,0.25);
#6222=CIRCLE('',#6893,0.25);
#6223=CIRCLE('',#6895,0.25);
#6224=CIRCLE('',#6897,0.25);
#6225=CIRCLE('',#6899,0.25);
#6226=CIRCLE('',#6901,0.25);
#6227=CIRCLE('',#6902,0.25);
#6228=CIRCLE('',#6904,0.25);
#6229=CIRCLE('',#6906,0.25);
#6230=CIRCLE('',#6908,0.25);
#6231=CIRCLE('',#6910,0.25);
#6232=CIRCLE('',#6912,0.25);
#6233=CIRCLE('',#6913,0.25);
#6234=CIRCLE('',#6915,0.25);
#6235=CIRCLE('',#6917,0.25);
#6236=CIRCLE('',#6919,0.25);
#6237=CIRCLE('',#6921,0.25);
#6238=CIRCLE('',#6923,0.25);
#6239=CIRCLE('',#6924,0.25);
#6240=CIRCLE('',#6926,0.25);
#6241=CIRCLE('',#6928,0.25);
#6242=CIRCLE('',#6930,0.25);
#6243=CIRCLE('',#6932,0.25);
#6244=CIRCLE('',#6942,0.5);
#6245=CIRCLE('',#6943,0.5);
#6246=CIRCLE('',#6949,0.5);
#6247=CIRCLE('',#6951,0.5);
#6248=CIRCLE('',#6953,0.5);
#6249=CIRCLE('',#6955,0.5);
#6250=CIRCLE('',#6956,0.5);
#6251=CIRCLE('',#6958,0.5);
#6252=CIRCLE('',#6960,0.5);
#6253=CIRCLE('',#6962,0.5);
#6254=CIRCLE('',#6964,0.5);
#6255=CIRCLE('',#6966,0.5);
#6256=CIRCLE('',#6967,0.5);
#6257=CIRCLE('',#6969,0.5);
#6258=CIRCLE('',#6970,0.5);
#6259=CIRCLE('',#6972,0.5);
#6260=CIRCLE('',#6974,0.5);
#6261=CIRCLE('',#6976,0.5);
#6262=CIRCLE('',#6978,0.5);
#6263=CIRCLE('',#6981,0.5);
#6264=CIRCLE('',#6983,0.5);
#6265=CIRCLE('',#6985,0.5);
#6266=CIRCLE('',#6987,0.5);
#6267=CIRCLE('',#6988,0.5);
#6268=CIRCLE('',#6990,0.5);
#6269=CIRCLE('',#6992,0.5);
#6270=CIRCLE('',#6994,0.5);
#6271=CIRCLE('',#6996,0.5);
#6272=CIRCLE('',#6998,0.5);
#6273=CIRCLE('',#6999,0.5);
#6274=CIRCLE('',#7001,0.5);
#6275=CIRCLE('',#7002,0.5);
#6276=CIRCLE('',#7004,0.5);
#6277=CIRCLE('',#7006,0.5);
#6278=CIRCLE('',#7008,0.5);
#6279=CIRCLE('',#7010,0.5);
#6280=CIRCLE('',#7015,0.5);
#6281=CIRCLE('',#7016,0.5);
#6282=CIRCLE('',#7022,0.5);
#6283=CIRCLE('',#7024,0.5);
#6284=CIRCLE('',#7026,0.5);
#6285=CIRCLE('',#7028,0.5);
#6286=CIRCLE('',#7029,0.5);
#6287=CIRCLE('',#7031,0.5);
#6288=CIRCLE('',#7033,0.5);
#6289=CIRCLE('',#7035,0.5);
#6290=CIRCLE('',#7037,0.5);
#6291=CIRCLE('',#7039,0.5);
#6292=CIRCLE('',#7040,0.5);
#6293=CIRCLE('',#7042,0.5);
#6294=CIRCLE('',#7043,0.5);
#6295=CIRCLE('',#7045,0.5);
#6296=CIRCLE('',#7047,0.5);
#6297=CIRCLE('',#7049,0.5);
#6298=CIRCLE('',#7051,0.5);
#6299=CIRCLE('',#7054,0.5);
#6300=CIRCLE('',#7056,0.5);
#6301=CIRCLE('',#7058,0.5);
#6302=CIRCLE('',#7060,0.5);
#6303=CIRCLE('',#7061,0.5);
#6304=CIRCLE('',#7063,0.5);
#6305=CIRCLE('',#7065,0.5);
#6306=CIRCLE('',#7067,0.5);
#6307=CIRCLE('',#7069,0.5);
#6308=CIRCLE('',#7071,0.5);
#6309=CIRCLE('',#7072,0.5);
#6310=CIRCLE('',#7074,0.5);
#6311=CIRCLE('',#7075,0.5);
#6312=CIRCLE('',#7077,0.5);
#6313=CIRCLE('',#7079,0.5);
#6314=CIRCLE('',#7081,0.5);
#6315=CIRCLE('',#7083,0.5);
#6316=CIRCLE('',#7091,0.5);
#6317=CIRCLE('',#7093,0.5);
#6318=CIRCLE('',#7095,0.5);
#6319=CIRCLE('',#7097,0.5);
#6320=AXIS2_PLACEMENT_3D('',#8945,#7099,#7100);
#6321=AXIS2_PLACEMENT_3D('',#8946,#7101,#7102);
#6322=AXIS2_PLACEMENT_3D('',#8951,#7104,#7105);
#6323=AXIS2_PLACEMENT_3D('',#8954,#7107,#7108);
#6324=AXIS2_PLACEMENT_3D('',#8955,#7109,#7110);
#6325=AXIS2_PLACEMENT_3D('',#8960,#7112,#7113);
#6326=AXIS2_PLACEMENT_3D('',#8963,#7115,#7116);
#6327=AXIS2_PLACEMENT_3D('',#8964,#7117,#7118);
#6328=AXIS2_PLACEMENT_3D('',#8969,#7120,#7121);
#6329=AXIS2_PLACEMENT_3D('',#8972,#7123,#7124);
#6330=AXIS2_PLACEMENT_3D('',#8973,#7125,#7126);
#6331=AXIS2_PLACEMENT_3D('',#8978,#7128,#7129);
#6332=AXIS2_PLACEMENT_3D('',#8981,#7131,#7132);
#6333=AXIS2_PLACEMENT_3D('',#8982,#7133,#7134);
#6334=AXIS2_PLACEMENT_3D('',#8987,#7136,#7137);
#6335=AXIS2_PLACEMENT_3D('',#8990,#7139,#7140);
#6336=AXIS2_PLACEMENT_3D('',#8991,#7141,#7142);
#6337=AXIS2_PLACEMENT_3D('',#8996,#7144,#7145);
#6338=AXIS2_PLACEMENT_3D('',#8999,#7147,#7148);
#6339=AXIS2_PLACEMENT_3D('',#9000,#7149,#7150);
#6340=AXIS2_PLACEMENT_3D('',#9005,#7152,#7153);
#6341=AXIS2_PLACEMENT_3D('',#9008,#7155,#7156);
#6342=AXIS2_PLACEMENT_3D('',#9009,#7157,#7158);
#6343=AXIS2_PLACEMENT_3D('',#9014,#7160,#7161);
#6344=AXIS2_PLACEMENT_3D('',#9017,#7163,#7164);
#6345=AXIS2_PLACEMENT_3D('',#9018,#7165,#7166);
#6346=AXIS2_PLACEMENT_3D('',#9020,#7167,#7168);
#6347=AXIS2_PLACEMENT_3D('',#9022,#7169,#7170);
#6348=AXIS2_PLACEMENT_3D('',#9023,#7171,#7172);
#6349=AXIS2_PLACEMENT_3D('',#9024,#7173,#7174);
#6350=AXIS2_PLACEMENT_3D('',#9059,#7175,#7176);
#6351=AXIS2_PLACEMENT_3D('',#9060,#7177,#7178);
#6352=AXIS2_PLACEMENT_3D('',#9061,#7179,#7180);
#6353=AXIS2_PLACEMENT_3D('',#9062,#7181,#7182);
#6354=AXIS2_PLACEMENT_3D('',#9063,#7183,#7184);
#6355=AXIS2_PLACEMENT_3D('',#9064,#7185,#7186);
#6356=AXIS2_PLACEMENT_3D('',#9065,#7187,#7188);
#6357=AXIS2_PLACEMENT_3D('',#9066,#7189,#7190);
#6358=AXIS2_PLACEMENT_3D('',#9067,#7191,#7192);
#6359=AXIS2_PLACEMENT_3D('',#9068,#7193,#7194);
#6360=AXIS2_PLACEMENT_3D('',#9069,#7195,#7196);
#6361=AXIS2_PLACEMENT_3D('',#9070,#7197,#7198);
#6362=AXIS2_PLACEMENT_3D('',#9071,#7199,#7200);
#6363=AXIS2_PLACEMENT_3D('',#9104,#7201,#7202);
#6364=AXIS2_PLACEMENT_3D('',#9137,#7203,#7204);
#6365=AXIS2_PLACEMENT_3D('',#9170,#7205,#7206);
#6366=AXIS2_PLACEMENT_3D('',#9171,#7207,#7208);
#6367=AXIS2_PLACEMENT_3D('',#9179,#7212,#7213);
#6368=AXIS2_PLACEMENT_3D('',#9186,#7217,#7218);
#6369=AXIS2_PLACEMENT_3D('',#9187,#7219,#7220);
#6370=AXIS2_PLACEMENT_3D('',#9192,#7222,#7223);
#6371=AXIS2_PLACEMENT_3D('',#9195,#7225,#7226);
#6372=AXIS2_PLACEMENT_3D('',#9196,#7227,#7228);
#6373=AXIS2_PLACEMENT_3D('',#9201,#7230,#7231);
#6374=AXIS2_PLACEMENT_3D('',#9204,#7233,#7234);
#6375=AXIS2_PLACEMENT_3D('',#9205,#7235,#7236);
#6376=AXIS2_PLACEMENT_3D('',#9210,#7238,#7239);
#6377=AXIS2_PLACEMENT_3D('',#9213,#7241,#7242);
#6378=AXIS2_PLACEMENT_3D('',#9214,#7243,#7244);
#6379=AXIS2_PLACEMENT_3D('',#9219,#7246,#7247);
#6380=AXIS2_PLACEMENT_3D('',#9222,#7249,#7250);
#6381=AXIS2_PLACEMENT_3D('',#9223,#7251,#7252);
#6382=AXIS2_PLACEMENT_3D('',#9228,#7254,#7255);
#6383=AXIS2_PLACEMENT_3D('',#9231,#7257,#7258);
#6384=AXIS2_PLACEMENT_3D('',#9232,#7259,#7260);
#6385=AXIS2_PLACEMENT_3D('',#9237,#7262,#7263);
#6386=AXIS2_PLACEMENT_3D('',#9240,#7265,#7266);
#6387=AXIS2_PLACEMENT_3D('',#9241,#7267,#7268);
#6388=AXIS2_PLACEMENT_3D('',#9246,#7270,#7271);
#6389=AXIS2_PLACEMENT_3D('',#9249,#7273,#7274);
#6390=AXIS2_PLACEMENT_3D('',#9250,#7275,#7276);
#6391=AXIS2_PLACEMENT_3D('',#9255,#7278,#7279);
#6392=AXIS2_PLACEMENT_3D('',#9258,#7281,#7282);
#6393=AXIS2_PLACEMENT_3D('',#9259,#7283,#7284);
#6394=AXIS2_PLACEMENT_3D('',#9260,#7285,#7286);
#6395=AXIS2_PLACEMENT_3D('',#9261,#7287,#7288);
#6396=AXIS2_PLACEMENT_3D('',#9279,#7289,#7290);
#6397=AXIS2_PLACEMENT_3D('',#9297,#7291,#7292);
#6398=AXIS2_PLACEMENT_3D('',#9298,#7293,#7294);
#6399=AXIS2_PLACEMENT_3D('',#9299,#7295,#7296);
#6400=AXIS2_PLACEMENT_3D('',#9300,#7297,#7298);
#6401=AXIS2_PLACEMENT_3D('',#9301,#7299,#7300);
#6402=AXIS2_PLACEMENT_3D('',#9302,#7301,#7302);
#6403=AXIS2_PLACEMENT_3D('',#9303,#7303,#7304);
#6404=AXIS2_PLACEMENT_3D('',#9304,#7305,#7306);
#6405=AXIS2_PLACEMENT_3D('',#9305,#7307,#7308);
#6406=AXIS2_PLACEMENT_3D('',#9306,#7309,#7310);
#6407=AXIS2_PLACEMENT_3D('',#9307,#7311,#7312);
#6408=AXIS2_PLACEMENT_3D('',#9308,#7313,#7314);
#6409=AXIS2_PLACEMENT_3D('',#9309,#7315,#7316);
#6410=AXIS2_PLACEMENT_3D('',#9342,#7317,#7318);
#6411=AXIS2_PLACEMENT_3D('',#9375,#7319,#7320);
#6412=AXIS2_PLACEMENT_3D('',#9408,#7321,#7322);
#6413=AXIS2_PLACEMENT_3D('',#9409,#7323,#7324);
#6414=AXIS2_PLACEMENT_3D('',#9411,#7325,#7326);
#6415=AXIS2_PLACEMENT_3D('',#9413,#7327,#7328);
#6416=AXIS2_PLACEMENT_3D('',#9414,#7329,#7330);
#6417=AXIS2_PLACEMENT_3D('',#9416,#7331,#7332);
#6418=AXIS2_PLACEMENT_3D('',#9418,#7333,#7334);
#6419=AXIS2_PLACEMENT_3D('',#9419,#7335,#7336);
#6420=AXIS2_PLACEMENT_3D('',#9421,#7337,#7338);
#6421=AXIS2_PLACEMENT_3D('',#9423,#7339,#7340);
#6422=AXIS2_PLACEMENT_3D('',#9424,#7341,#7342);
#6423=AXIS2_PLACEMENT_3D('',#9425,#7343,#7344);
#6424=AXIS2_PLACEMENT_3D('',#9426,#7345,#7346);
#6425=AXIS2_PLACEMENT_3D('',#9428,#7347,#7348);
#6426=AXIS2_PLACEMENT_3D('',#9429,#7349,#7350);
#6427=AXIS2_PLACEMENT_3D('',#9431,#7351,#7352);
#6428=AXIS2_PLACEMENT_3D('',#9453,#7353,#7354);
#6429=AXIS2_PLACEMENT_3D('',#9474,#7355,#7356);
#6430=AXIS2_PLACEMENT_3D('',#9495,#7357,#7358);
#6431=AXIS2_PLACEMENT_3D('',#9516,#7359,#7360);
#6432=AXIS2_PLACEMENT_3D('',#9537,#7361,#7362);
#6433=AXIS2_PLACEMENT_3D('',#9558,#7363,#7364);
#6434=AXIS2_PLACEMENT_3D('',#9579,#7365,#7366);
#6435=AXIS2_PLACEMENT_3D('',#9600,#7367,#7368);
#6436=AXIS2_PLACEMENT_3D('',#9621,#7369,#7370);
#6437=AXIS2_PLACEMENT_3D('',#9642,#7371,#7372);
#6438=AXIS2_PLACEMENT_3D('',#9663,#7373,#7374);
#6439=AXIS2_PLACEMENT_3D('',#9684,#7375,#7376);
#6440=AXIS2_PLACEMENT_3D('',#9705,#7377,#7378);
#6441=AXIS2_PLACEMENT_3D('',#9726,#7379,#7380);
#6442=AXIS2_PLACEMENT_3D('',#9747,#7381,#7382);
#6443=AXIS2_PLACEMENT_3D('',#9768,#7383,#7384);
#6444=AXIS2_PLACEMENT_3D('',#9789,#7385,#7386);
#6445=AXIS2_PLACEMENT_3D('',#9810,#7387,#7388);
#6446=AXIS2_PLACEMENT_3D('',#9831,#7389,#7390);
#6447=AXIS2_PLACEMENT_3D('',#9852,#7391,#7392);
#6448=AXIS2_PLACEMENT_3D('',#9873,#7393,#7394);
#6449=AXIS2_PLACEMENT_3D('',#9894,#7395,#7396);
#6450=AXIS2_PLACEMENT_3D('',#9915,#7397,#7398);
#6451=AXIS2_PLACEMENT_3D('',#9935,#7399,#7400);
#6452=AXIS2_PLACEMENT_3D('',#9936,#7401,#7402);
#6453=AXIS2_PLACEMENT_3D('',#9938,#7403,#7404);
#6454=AXIS2_PLACEMENT_3D('',#9963,#7406,#7407);
#6455=AXIS2_PLACEMENT_3D('',#9967,#7409,#7410);
#6456=AXIS2_PLACEMENT_3D('',#9988,#7412,#7413);
#6457=AXIS2_PLACEMENT_3D('',#10012,#7415,#7416);
#6458=AXIS2_PLACEMENT_3D('',#10016,#7418,#7419);
#6459=AXIS2_PLACEMENT_3D('',#10037,#7421,#7422);
#6460=AXIS2_PLACEMENT_3D('',#10061,#7424,#7425);
#6461=AXIS2_PLACEMENT_3D('',#10065,#7427,#7428);
#6462=AXIS2_PLACEMENT_3D('',#10086,#7430,#7431);
#6463=AXIS2_PLACEMENT_3D('',#10110,#7433,#7434);
#6464=AXIS2_PLACEMENT_3D('',#10114,#7436,#7437);
#6465=AXIS2_PLACEMENT_3D('',#10135,#7439,#7440);
#6466=AXIS2_PLACEMENT_3D('',#10159,#7442,#7443);
#6467=AXIS2_PLACEMENT_3D('',#10163,#7445,#7446);
#6468=AXIS2_PLACEMENT_3D('',#10184,#7448,#7449);
#6469=AXIS2_PLACEMENT_3D('',#10208,#7451,#7452);
#6470=AXIS2_PLACEMENT_3D('',#10212,#7454,#7455);
#6471=AXIS2_PLACEMENT_3D('',#10233,#7457,#7458);
#6472=AXIS2_PLACEMENT_3D('',#10257,#7460,#7461);
#6473=AXIS2_PLACEMENT_3D('',#10261,#7463,#7464);
#6474=AXIS2_PLACEMENT_3D('',#10282,#7466,#7467);
#6475=AXIS2_PLACEMENT_3D('',#10306,#7469,#7470);
#6476=AXIS2_PLACEMENT_3D('',#10310,#7472,#7473);
#6477=AXIS2_PLACEMENT_3D('',#10331,#7475,#7476);
#6478=AXIS2_PLACEMENT_3D('',#10355,#7478,#7479);
#6479=AXIS2_PLACEMENT_3D('',#10359,#7481,#7482);
#6480=AXIS2_PLACEMENT_3D('',#10380,#7484,#7485);
#6481=AXIS2_PLACEMENT_3D('',#10404,#7487,#7488);
#6482=AXIS2_PLACEMENT_3D('',#10408,#7490,#7491);
#6483=AXIS2_PLACEMENT_3D('',#10429,#7493,#7494);
#6484=AXIS2_PLACEMENT_3D('',#10453,#7496,#7497);
#6485=AXIS2_PLACEMENT_3D('',#10457,#7499,#7500);
#6486=AXIS2_PLACEMENT_3D('',#10478,#7502,#7503);
#6487=AXIS2_PLACEMENT_3D('',#10502,#7505,#7506);
#6488=AXIS2_PLACEMENT_3D('',#10506,#7508,#7509);
#6489=AXIS2_PLACEMENT_3D('',#10526,#7511,#7512);
#6490=AXIS2_PLACEMENT_3D('',#10541,#7516,#7517);
#6491=AXIS2_PLACEMENT_3D('',#10550,#7522,#7523);
#6492=AXIS2_PLACEMENT_3D('',#10565,#7527,#7528);
#6493=AXIS2_PLACEMENT_3D('',#10582,#7530,#7531);
#6494=AXIS2_PLACEMENT_3D('',#10586,#7533,#7534);
#6495=AXIS2_PLACEMENT_3D('',#10600,#7536,#7537);
#6496=AXIS2_PLACEMENT_3D('',#10615,#7541,#7542);
#6497=AXIS2_PLACEMENT_3D('',#10624,#7547,#7548);
#6498=AXIS2_PLACEMENT_3D('',#10639,#7552,#7553);
#6499=AXIS2_PLACEMENT_3D('',#10656,#7555,#7556);
#6500=AXIS2_PLACEMENT_3D('',#10660,#7558,#7559);
#6501=AXIS2_PLACEMENT_3D('',#10674,#7561,#7562);
#6502=AXIS2_PLACEMENT_3D('',#10689,#7566,#7567);
#6503=AXIS2_PLACEMENT_3D('',#10698,#7572,#7573);
#6504=AXIS2_PLACEMENT_3D('',#10713,#7577,#7578);
#6505=AXIS2_PLACEMENT_3D('',#10730,#7580,#7581);
#6506=AXIS2_PLACEMENT_3D('',#10734,#7583,#7584);
#6507=AXIS2_PLACEMENT_3D('',#10748,#7586,#7587);
#6508=AXIS2_PLACEMENT_3D('',#10763,#7591,#7592);
#6509=AXIS2_PLACEMENT_3D('',#10772,#7597,#7598);
#6510=AXIS2_PLACEMENT_3D('',#10787,#7602,#7603);
#6511=AXIS2_PLACEMENT_3D('',#10804,#7605,#7606);
#6512=AXIS2_PLACEMENT_3D('',#10808,#7608,#7609);
#6513=AXIS2_PLACEMENT_3D('',#10822,#7611,#7612);
#6514=AXIS2_PLACEMENT_3D('',#10837,#7616,#7617);
#6515=AXIS2_PLACEMENT_3D('',#10846,#7622,#7623);
#6516=AXIS2_PLACEMENT_3D('',#10861,#7627,#7628);
#6517=AXIS2_PLACEMENT_3D('',#10878,#7630,#7631);
#6518=AXIS2_PLACEMENT_3D('',#10882,#7633,#7634);
#6519=AXIS2_PLACEMENT_3D('',#10896,#7636,#7637);
#6520=AXIS2_PLACEMENT_3D('',#10911,#7641,#7642);
#6521=AXIS2_PLACEMENT_3D('',#10920,#7647,#7648);
#6522=AXIS2_PLACEMENT_3D('',#10935,#7652,#7653);
#6523=AXIS2_PLACEMENT_3D('',#10952,#7655,#7656);
#6524=AXIS2_PLACEMENT_3D('',#10956,#7658,#7659);
#6525=AXIS2_PLACEMENT_3D('',#10970,#7661,#7662);
#6526=AXIS2_PLACEMENT_3D('',#10985,#7666,#7667);
#6527=AXIS2_PLACEMENT_3D('',#10994,#7672,#7673);
#6528=AXIS2_PLACEMENT_3D('',#11009,#7677,#7678);
#6529=AXIS2_PLACEMENT_3D('',#11026,#7680,#7681);
#6530=AXIS2_PLACEMENT_3D('',#11030,#7683,#7684);
#6531=AXIS2_PLACEMENT_3D('',#11044,#7686,#7687);
#6532=AXIS2_PLACEMENT_3D('',#11059,#7691,#7692);
#6533=AXIS2_PLACEMENT_3D('',#11068,#7697,#7698);
#6534=AXIS2_PLACEMENT_3D('',#11083,#7702,#7703);
#6535=AXIS2_PLACEMENT_3D('',#11100,#7705,#7706);
#6536=AXIS2_PLACEMENT_3D('',#11104,#7708,#7709);
#6537=AXIS2_PLACEMENT_3D('',#11118,#7711,#7712);
#6538=AXIS2_PLACEMENT_3D('',#11133,#7716,#7717);
#6539=AXIS2_PLACEMENT_3D('',#11142,#7722,#7723);
#6540=AXIS2_PLACEMENT_3D('',#11157,#7727,#7728);
#6541=AXIS2_PLACEMENT_3D('',#11174,#7730,#7731);
#6542=AXIS2_PLACEMENT_3D('',#11178,#7733,#7734);
#6543=AXIS2_PLACEMENT_3D('',#11192,#7736,#7737);
#6544=AXIS2_PLACEMENT_3D('',#11207,#7741,#7742);
#6545=AXIS2_PLACEMENT_3D('',#11216,#7747,#7748);
#6546=AXIS2_PLACEMENT_3D('',#11231,#7752,#7753);
#6547=AXIS2_PLACEMENT_3D('',#11248,#7755,#7756);
#6548=AXIS2_PLACEMENT_3D('',#11252,#7758,#7759);
#6549=AXIS2_PLACEMENT_3D('',#11266,#7761,#7762);
#6550=AXIS2_PLACEMENT_3D('',#11281,#7766,#7767);
#6551=AXIS2_PLACEMENT_3D('',#11290,#7772,#7773);
#6552=AXIS2_PLACEMENT_3D('',#11305,#7777,#7778);
#6553=AXIS2_PLACEMENT_3D('',#11322,#7780,#7781);
#6554=AXIS2_PLACEMENT_3D('',#11326,#7783,#7784);
#6555=AXIS2_PLACEMENT_3D('',#11340,#7786,#7787);
#6556=AXIS2_PLACEMENT_3D('',#11355,#7791,#7792);
#6557=AXIS2_PLACEMENT_3D('',#11364,#7797,#7798);
#6558=AXIS2_PLACEMENT_3D('',#11379,#7802,#7803);
#6559=AXIS2_PLACEMENT_3D('',#11396,#7805,#7806);
#6560=AXIS2_PLACEMENT_3D('',#11400,#7808,#7809);
#6561=AXIS2_PLACEMENT_3D('',#11414,#7811,#7812);
#6562=AXIS2_PLACEMENT_3D('',#11415,#7813,#7814);
#6563=AXIS2_PLACEMENT_3D('',#11416,#7815,#7816);
#6564=AXIS2_PLACEMENT_3D('',#11417,#7817,#7818);
#6565=AXIS2_PLACEMENT_3D('',#11418,#7819,#7820);
#6566=AXIS2_PLACEMENT_3D('',#11419,#7821,#7822);
#6567=AXIS2_PLACEMENT_3D('',#11420,#7823,#7824);
#6568=AXIS2_PLACEMENT_3D('',#11421,#7825,#7826);
#6569=AXIS2_PLACEMENT_3D('',#11422,#7827,#7828);
#6570=AXIS2_PLACEMENT_3D('',#11423,#7829,#7830);
#6571=AXIS2_PLACEMENT_3D('',#11424,#7831,#7832);
#6572=AXIS2_PLACEMENT_3D('',#11425,#7833,#7834);
#6573=AXIS2_PLACEMENT_3D('',#11426,#7835,#7836);
#6574=AXIS2_PLACEMENT_3D('',#11427,#7837,#7838);
#6575=AXIS2_PLACEMENT_3D('',#11428,#7839,#7840);
#6576=AXIS2_PLACEMENT_3D('',#11429,#7841,#7842);
#6577=AXIS2_PLACEMENT_3D('',#11430,#7843,#7844);
#6578=AXIS2_PLACEMENT_3D('',#11431,#7845,#7846);
#6579=AXIS2_PLACEMENT_3D('',#11432,#7847,#7848);
#6580=AXIS2_PLACEMENT_3D('',#11433,#7849,#7850);
#6581=AXIS2_PLACEMENT_3D('',#11434,#7851,#7852);
#6582=AXIS2_PLACEMENT_3D('',#11435,#7853,#7854);
#6583=AXIS2_PLACEMENT_3D('',#11436,#7855,#7856);
#6584=AXIS2_PLACEMENT_3D('',#11437,#7857,#7858);
#6585=AXIS2_PLACEMENT_3D('',#11438,#7859,#7860);
#6586=AXIS2_PLACEMENT_3D('',#11439,#7861,#7862);
#6587=AXIS2_PLACEMENT_3D('',#11440,#7863,#7864);
#6588=AXIS2_PLACEMENT_3D('',#11441,#7865,#7866);
#6589=AXIS2_PLACEMENT_3D('',#11442,#7867,#7868);
#6590=AXIS2_PLACEMENT_3D('',#11443,#7869,#7870);
#6591=AXIS2_PLACEMENT_3D('',#11444,#7871,#7872);
#6592=AXIS2_PLACEMENT_3D('',#11445,#7873,#7874);
#6593=AXIS2_PLACEMENT_3D('',#11446,#7875,#7876);
#6594=AXIS2_PLACEMENT_3D('',#11447,#7877,#7878);
#6595=AXIS2_PLACEMENT_3D('',#11448,#7879,#7880);
#6596=AXIS2_PLACEMENT_3D('',#11449,#7881,#7882);
#6597=AXIS2_PLACEMENT_3D('',#11450,#7883,#7884);
#6598=AXIS2_PLACEMENT_3D('',#11451,#7885,#7886);
#6599=AXIS2_PLACEMENT_3D('',#11452,#7887,#7888);
#6600=AXIS2_PLACEMENT_3D('',#11453,#7889,#7890);
#6601=AXIS2_PLACEMENT_3D('',#11454,#7891,#7892);
#6602=AXIS2_PLACEMENT_3D('',#11455,#7893,#7894);
#6603=AXIS2_PLACEMENT_3D('',#11456,#7895,#7896);
#6604=AXIS2_PLACEMENT_3D('',#11457,#7897,#7898);
#6605=AXIS2_PLACEMENT_3D('',#11458,#7899,#7900);
#6606=AXIS2_PLACEMENT_3D('',#11459,#7901,#7902);
#6607=AXIS2_PLACEMENT_3D('',#11460,#7903,#7904);
#6608=AXIS2_PLACEMENT_3D('',#11461,#7905,#7906);
#6609=AXIS2_PLACEMENT_3D('',#11462,#7907,#7908);
#6610=AXIS2_PLACEMENT_3D('',#11463,#7909,#7910);
#6611=AXIS2_PLACEMENT_3D('',#11464,#7911,#7912);
#6612=AXIS2_PLACEMENT_3D('',#11465,#7913,#7914);
#6613=AXIS2_PLACEMENT_3D('',#11466,#7915,#7916);
#6614=AXIS2_PLACEMENT_3D('',#11467,#7917,#7918);
#6615=AXIS2_PLACEMENT_3D('',#11468,#7919,#7920);
#6616=AXIS2_PLACEMENT_3D('',#11469,#7921,#7922);
#6617=AXIS2_PLACEMENT_3D('',#11470,#7923,#7924);
#6618=AXIS2_PLACEMENT_3D('',#11471,#7925,#7926);
#6619=AXIS2_PLACEMENT_3D('',#11472,#7927,#7928);
#6620=AXIS2_PLACEMENT_3D('',#11473,#7929,#7930);
#6621=AXIS2_PLACEMENT_3D('',#11474,#7931,#7932);
#6622=AXIS2_PLACEMENT_3D('',#11475,#7933,#7934);
#6623=AXIS2_PLACEMENT_3D('',#11476,#7935,#7936);
#6624=AXIS2_PLACEMENT_3D('',#11477,#7937,#7938);
#6625=AXIS2_PLACEMENT_3D('',#11478,#7939,#7940);
#6626=AXIS2_PLACEMENT_3D('',#11479,#7941,#7942);
#6627=AXIS2_PLACEMENT_3D('',#11480,#7943,#7944);
#6628=AXIS2_PLACEMENT_3D('',#11481,#7945,#7946);
#6629=AXIS2_PLACEMENT_3D('',#11482,#7947,#7948);
#6630=AXIS2_PLACEMENT_3D('',#11483,#7949,#7950);
#6631=AXIS2_PLACEMENT_3D('',#11484,#7951,#7952);
#6632=AXIS2_PLACEMENT_3D('',#11485,#7953,#7954);
#6633=AXIS2_PLACEMENT_3D('',#11486,#7955,#7956);
#6634=AXIS2_PLACEMENT_3D('',#12651,#7957,#7958);
#6635=AXIS2_PLACEMENT_3D('',#12652,#7959,#7960);
#6636=AXIS2_PLACEMENT_3D('',#12665,#7961,#7962);
#6637=AXIS2_PLACEMENT_3D('',#12666,#7963,#7964);
#6638=AXIS2_PLACEMENT_3D('',#12667,#7965,#7966);
#6639=AXIS2_PLACEMENT_3D('',#12668,#7967,#7968);
#6640=AXIS2_PLACEMENT_3D('',#12669,#7969,#7970);
#6641=AXIS2_PLACEMENT_3D('',#12670,#7971,#7972);
#6642=AXIS2_PLACEMENT_3D('',#12671,#7973,#7974);
#6643=AXIS2_PLACEMENT_3D('',#12684,#7975,#7976);
#6644=AXIS2_PLACEMENT_3D('',#12685,#7977,#7978);
#6645=AXIS2_PLACEMENT_3D('',#12686,#7979,#7980);
#6646=AXIS2_PLACEMENT_3D('',#12687,#7981,#7982);
#6647=AXIS2_PLACEMENT_3D('',#12688,#7983,#7984);
#6648=AXIS2_PLACEMENT_3D('',#12689,#7985,#7986);
#6649=AXIS2_PLACEMENT_3D('',#12690,#7987,#7988);
#6650=AXIS2_PLACEMENT_3D('',#12691,#7989,#7990);
#6651=AXIS2_PLACEMENT_3D('',#12692,#7991,#7992);
#6652=AXIS2_PLACEMENT_3D('',#12693,#7993,#7994);
#6653=AXIS2_PLACEMENT_3D('',#12694,#7995,#7996);
#6654=AXIS2_PLACEMENT_3D('',#12695,#7997,#7998);
#6655=AXIS2_PLACEMENT_3D('',#12696,#7999,#8000);
#6656=AXIS2_PLACEMENT_3D('',#12709,#8001,#8002);
#6657=AXIS2_PLACEMENT_3D('',#12710,#8003,#8004);
#6658=AXIS2_PLACEMENT_3D('',#12711,#8005,#8006);
#6659=AXIS2_PLACEMENT_3D('',#12712,#8007,#8008);
#6660=AXIS2_PLACEMENT_3D('',#12713,#8009,#8010);
#6661=AXIS2_PLACEMENT_3D('',#12714,#8011,#8012);
#6662=AXIS2_PLACEMENT_3D('',#12715,#8013,#8014);
#6663=AXIS2_PLACEMENT_3D('',#12728,#8015,#8016);
#6664=AXIS2_PLACEMENT_3D('',#12741,#8017,#8018);
#6665=AXIS2_PLACEMENT_3D('',#12742,#8019,#8020);
#6666=AXIS2_PLACEMENT_3D('',#12743,#8021,#8022);
#6667=AXIS2_PLACEMENT_3D('',#12744,#8023,#8024);
#6668=AXIS2_PLACEMENT_3D('',#12745,#8025,#8026);
#6669=AXIS2_PLACEMENT_3D('',#12746,#8027,#8028);
#6670=AXIS2_PLACEMENT_3D('',#12747,#8029,#8030);
#6671=AXIS2_PLACEMENT_3D('',#12760,#8031,#8032);
#6672=AXIS2_PLACEMENT_3D('',#12761,#8033,#8034);
#6673=AXIS2_PLACEMENT_3D('',#12762,#8035,#8036);
#6674=AXIS2_PLACEMENT_3D('',#12763,#8037,#8038);
#6675=AXIS2_PLACEMENT_3D('',#12764,#8039,#8040);
#6676=AXIS2_PLACEMENT_3D('',#12765,#8041,#8042);
#6677=AXIS2_PLACEMENT_3D('',#12766,#8043,#8044);
#6678=AXIS2_PLACEMENT_3D('',#12767,#8045,#8046);
#6679=AXIS2_PLACEMENT_3D('',#12768,#8047,#8048);
#6680=AXIS2_PLACEMENT_3D('',#12769,#8049,#8050);
#6681=AXIS2_PLACEMENT_3D('',#12770,#8051,#8052);
#6682=AXIS2_PLACEMENT_3D('',#12771,#8053,#8054);
#6683=AXIS2_PLACEMENT_3D('',#12772,#8055,#8056);
#6684=AXIS2_PLACEMENT_3D('',#12785,#8057,#8058);
#6685=AXIS2_PLACEMENT_3D('',#12786,#8059,#8060);
#6686=AXIS2_PLACEMENT_3D('',#12787,#8061,#8062);
#6687=AXIS2_PLACEMENT_3D('',#12788,#8063,#8064);
#6688=AXIS2_PLACEMENT_3D('',#12789,#8065,#8066);
#6689=AXIS2_PLACEMENT_3D('',#12790,#8067,#8068);
#6690=AXIS2_PLACEMENT_3D('',#12791,#8069,#8070);
#6691=AXIS2_PLACEMENT_3D('',#12804,#8071,#8072);
#6692=AXIS2_PLACEMENT_3D('',#12817,#8073,#8074);
#6693=AXIS2_PLACEMENT_3D('',#12818,#8075,#8076);
#6694=AXIS2_PLACEMENT_3D('',#12819,#8077,#8078);
#6695=AXIS2_PLACEMENT_3D('',#12820,#8079,#8080);
#6696=AXIS2_PLACEMENT_3D('',#12821,#8081,#8082);
#6697=AXIS2_PLACEMENT_3D('',#12822,#8083,#8084);
#6698=AXIS2_PLACEMENT_3D('',#12823,#8085,#8086);
#6699=AXIS2_PLACEMENT_3D('',#12836,#8087,#8088);
#6700=AXIS2_PLACEMENT_3D('',#12837,#8089,#8090);
#6701=AXIS2_PLACEMENT_3D('',#12838,#8091,#8092);
#6702=AXIS2_PLACEMENT_3D('',#12839,#8093,#8094);
#6703=AXIS2_PLACEMENT_3D('',#12840,#8095,#8096);
#6704=AXIS2_PLACEMENT_3D('',#12841,#8097,#8098);
#6705=AXIS2_PLACEMENT_3D('',#12842,#8099,#8100);
#6706=AXIS2_PLACEMENT_3D('',#12843,#8101,#8102);
#6707=AXIS2_PLACEMENT_3D('',#12844,#8103,#8104);
#6708=AXIS2_PLACEMENT_3D('',#12845,#8105,#8106);
#6709=AXIS2_PLACEMENT_3D('',#12846,#8107,#8108);
#6710=AXIS2_PLACEMENT_3D('',#12847,#8109,#8110);
#6711=AXIS2_PLACEMENT_3D('',#12848,#8111,#8112);
#6712=AXIS2_PLACEMENT_3D('',#12861,#8113,#8114);
#6713=AXIS2_PLACEMENT_3D('',#12862,#8115,#8116);
#6714=AXIS2_PLACEMENT_3D('',#12863,#8117,#8118);
#6715=AXIS2_PLACEMENT_3D('',#12864,#8119,#8120);
#6716=AXIS2_PLACEMENT_3D('',#12865,#8121,#8122);
#6717=AXIS2_PLACEMENT_3D('',#12866,#8123,#8124);
#6718=AXIS2_PLACEMENT_3D('',#12867,#8125,#8126);
#6719=AXIS2_PLACEMENT_3D('',#12880,#8127,#8128);
#6720=AXIS2_PLACEMENT_3D('',#12893,#8129,#8130);
#6721=AXIS2_PLACEMENT_3D('',#12894,#8131,#8132);
#6722=AXIS2_PLACEMENT_3D('',#12895,#8133,#8134);
#6723=AXIS2_PLACEMENT_3D('',#12896,#8135,#8136);
#6724=AXIS2_PLACEMENT_3D('',#12897,#8137,#8138);
#6725=AXIS2_PLACEMENT_3D('',#12898,#8139,#8140);
#6726=AXIS2_PLACEMENT_3D('',#12899,#8141,#8142);
#6727=AXIS2_PLACEMENT_3D('',#12912,#8143,#8144);
#6728=AXIS2_PLACEMENT_3D('',#12913,#8145,#8146);
#6729=AXIS2_PLACEMENT_3D('',#12914,#8147,#8148);
#6730=AXIS2_PLACEMENT_3D('',#12915,#8149,#8150);
#6731=AXIS2_PLACEMENT_3D('',#12916,#8151,#8152);
#6732=AXIS2_PLACEMENT_3D('',#12917,#8153,#8154);
#6733=AXIS2_PLACEMENT_3D('',#12918,#8155,#8156);
#6734=AXIS2_PLACEMENT_3D('',#12919,#8157,#8158);
#6735=AXIS2_PLACEMENT_3D('',#12920,#8159,#8160);
#6736=AXIS2_PLACEMENT_3D('',#12921,#8161,#8162);
#6737=AXIS2_PLACEMENT_3D('',#12922,#8163,#8164);
#6738=AXIS2_PLACEMENT_3D('',#12923,#8165,#8166);
#6739=AXIS2_PLACEMENT_3D('',#12924,#8167,#8168);
#6740=AXIS2_PLACEMENT_3D('',#12937,#8169,#8170);
#6741=AXIS2_PLACEMENT_3D('',#12938,#8171,#8172);
#6742=AXIS2_PLACEMENT_3D('',#12939,#8173,#8174);
#6743=AXIS2_PLACEMENT_3D('',#12940,#8175,#8176);
#6744=AXIS2_PLACEMENT_3D('',#12941,#8177,#8178);
#6745=AXIS2_PLACEMENT_3D('',#12942,#8179,#8180);
#6746=AXIS2_PLACEMENT_3D('',#12943,#8181,#8182);
#6747=AXIS2_PLACEMENT_3D('',#12956,#8183,#8184);
#6748=AXIS2_PLACEMENT_3D('',#12969,#8185,#8186);
#6749=AXIS2_PLACEMENT_3D('',#12970,#8187,#8188);
#6750=AXIS2_PLACEMENT_3D('',#12971,#8189,#8190);
#6751=AXIS2_PLACEMENT_3D('',#12972,#8191,#8192);
#6752=AXIS2_PLACEMENT_3D('',#12973,#8193,#8194);
#6753=AXIS2_PLACEMENT_3D('',#12974,#8195,#8196);
#6754=AXIS2_PLACEMENT_3D('',#12975,#8197,#8198);
#6755=AXIS2_PLACEMENT_3D('',#12988,#8199,#8200);
#6756=AXIS2_PLACEMENT_3D('',#12989,#8201,#8202);
#6757=AXIS2_PLACEMENT_3D('',#12990,#8203,#8204);
#6758=AXIS2_PLACEMENT_3D('',#12991,#8205,#8206);
#6759=AXIS2_PLACEMENT_3D('',#12992,#8207,#8208);
#6760=AXIS2_PLACEMENT_3D('',#12993,#8209,#8210);
#6761=AXIS2_PLACEMENT_3D('',#12994,#8211,#8212);
#6762=AXIS2_PLACEMENT_3D('',#12995,#8213,#8214);
#6763=AXIS2_PLACEMENT_3D('',#12996,#8215,#8216);
#6764=AXIS2_PLACEMENT_3D('',#12997,#8217,#8218);
#6765=AXIS2_PLACEMENT_3D('',#12998,#8219,#8220);
#6766=AXIS2_PLACEMENT_3D('',#12999,#8221,#8222);
#6767=AXIS2_PLACEMENT_3D('',#13000,#8223,#8224);
#6768=AXIS2_PLACEMENT_3D('',#13013,#8225,#8226);
#6769=AXIS2_PLACEMENT_3D('',#13014,#8227,#8228);
#6770=AXIS2_PLACEMENT_3D('',#13015,#8229,#8230);
#6771=AXIS2_PLACEMENT_3D('',#13016,#8231,#8232);
#6772=AXIS2_PLACEMENT_3D('',#13017,#8233,#8234);
#6773=AXIS2_PLACEMENT_3D('',#13018,#8235,#8236);
#6774=AXIS2_PLACEMENT_3D('',#13019,#8237,#8238);
#6775=AXIS2_PLACEMENT_3D('',#13032,#8239,#8240);
#6776=AXIS2_PLACEMENT_3D('',#13045,#8241,#8242);
#6777=AXIS2_PLACEMENT_3D('',#13046,#8243,#8244);
#6778=AXIS2_PLACEMENT_3D('',#13047,#8245,#8246);
#6779=AXIS2_PLACEMENT_3D('',#13048,#8247,#8248);
#6780=AXIS2_PLACEMENT_3D('',#13049,#8249,#8250);
#6781=AXIS2_PLACEMENT_3D('',#13050,#8251,#8252);
#6782=AXIS2_PLACEMENT_3D('',#13051,#8253,#8254);
#6783=AXIS2_PLACEMENT_3D('',#13064,#8255,#8256);
#6784=AXIS2_PLACEMENT_3D('',#13065,#8257,#8258);
#6785=AXIS2_PLACEMENT_3D('',#13066,#8259,#8260);
#6786=AXIS2_PLACEMENT_3D('',#13067,#8261,#8262);
#6787=AXIS2_PLACEMENT_3D('',#13068,#8263,#8264);
#6788=AXIS2_PLACEMENT_3D('',#13069,#8265,#8266);
#6789=AXIS2_PLACEMENT_3D('',#13070,#8267,#8268);
#6790=AXIS2_PLACEMENT_3D('',#13071,#8269,#8270);
#6791=AXIS2_PLACEMENT_3D('',#13072,#8271,#8272);
#6792=AXIS2_PLACEMENT_3D('',#13073,#8273,#8274);
#6793=AXIS2_PLACEMENT_3D('',#13074,#8275,#8276);
#6794=AXIS2_PLACEMENT_3D('',#13075,#8277,#8278);
#6795=AXIS2_PLACEMENT_3D('',#13076,#8279,#8280);
#6796=AXIS2_PLACEMENT_3D('',#13089,#8281,#8282);
#6797=AXIS2_PLACEMENT_3D('',#13090,#8283,#8284);
#6798=AXIS2_PLACEMENT_3D('',#13091,#8285,#8286);
#6799=AXIS2_PLACEMENT_3D('',#13092,#8287,#8288);
#6800=AXIS2_PLACEMENT_3D('',#13093,#8289,#8290);
#6801=AXIS2_PLACEMENT_3D('',#13094,#8291,#8292);
#6802=AXIS2_PLACEMENT_3D('',#13107,#8293,#8294);
#6803=AXIS2_PLACEMENT_3D('',#13120,#8295,#8296);
#6804=AXIS2_PLACEMENT_3D('',#13121,#8297,#8298);
#6805=AXIS2_PLACEMENT_3D('',#13122,#8299,#8300);
#6806=AXIS2_PLACEMENT_3D('',#13123,#8301,#8302);
#6807=AXIS2_PLACEMENT_3D('',#13124,#8303,#8304);
#6808=AXIS2_PLACEMENT_3D('',#13125,#8305,#8306);
#6809=AXIS2_PLACEMENT_3D('',#13126,#8307,#8308);
#6810=AXIS2_PLACEMENT_3D('',#13127,#8309,#8310);
#6811=AXIS2_PLACEMENT_3D('',#13128,#8311,#8312);
#6812=AXIS2_PLACEMENT_3D('',#13129,#8313,#8314);
#6813=AXIS2_PLACEMENT_3D('',#13142,#8315,#8316);
#6814=AXIS2_PLACEMENT_3D('',#13155,#8317,#8318);
#6815=AXIS2_PLACEMENT_3D('',#13156,#8319,#8320);
#6816=AXIS2_PLACEMENT_3D('',#13157,#8321,#8322);
#6817=AXIS2_PLACEMENT_3D('',#13158,#8323,#8324);
#6818=AXIS2_PLACEMENT_3D('',#13159,#8325,#8326);
#6819=AXIS2_PLACEMENT_3D('',#13160,#8327,#8328);
#6820=AXIS2_PLACEMENT_3D('',#13161,#8329,#8330);
#6821=AXIS2_PLACEMENT_3D('',#13162,#8331,#8332);
#6822=AXIS2_PLACEMENT_3D('',#13163,#8333,#8334);
#6823=AXIS2_PLACEMENT_3D('',#13164,#8335,#8336);
#6824=AXIS2_PLACEMENT_3D('',#13177,#8337,#8338);
#6825=AXIS2_PLACEMENT_3D('',#13190,#8339,#8340);
#6826=AXIS2_PLACEMENT_3D('',#13191,#8341,#8342);
#6827=AXIS2_PLACEMENT_3D('',#13192,#8343,#8344);
#6828=AXIS2_PLACEMENT_3D('',#13193,#8345,#8346);
#6829=AXIS2_PLACEMENT_3D('',#13194,#8347,#8348);
#6830=AXIS2_PLACEMENT_3D('',#13195,#8349,#8350);
#6831=AXIS2_PLACEMENT_3D('',#13196,#8351,#8352);
#6832=AXIS2_PLACEMENT_3D('',#13197,#8353,#8354);
#6833=AXIS2_PLACEMENT_3D('',#13198,#8355,#8356);
#6834=AXIS2_PLACEMENT_3D('',#13199,#8357,#8358);
#6835=AXIS2_PLACEMENT_3D('',#13212,#8359,#8360);
#6836=AXIS2_PLACEMENT_3D('',#13225,#8361,#8362);
#6837=AXIS2_PLACEMENT_3D('',#13226,#8363,#8364);
#6838=AXIS2_PLACEMENT_3D('',#13227,#8365,#8366);
#6839=AXIS2_PLACEMENT_3D('',#13228,#8367,#8368);
#6840=AXIS2_PLACEMENT_3D('',#13229,#8369,#8370);
#6841=AXIS2_PLACEMENT_3D('',#13230,#8371,#8372);
#6842=AXIS2_PLACEMENT_3D('',#13231,#8373,#8374);
#6843=AXIS2_PLACEMENT_3D('',#13232,#8375,#8376);
#6844=AXIS2_PLACEMENT_3D('',#13233,#8377,#8378);
#6845=AXIS2_PLACEMENT_3D('',#13234,#8379,#8380);
#6846=AXIS2_PLACEMENT_3D('',#13247,#8381,#8382);
#6847=AXIS2_PLACEMENT_3D('',#13260,#8383,#8384);
#6848=AXIS2_PLACEMENT_3D('',#13261,#8385,#8386);
#6849=AXIS2_PLACEMENT_3D('',#13262,#8387,#8388);
#6850=AXIS2_PLACEMENT_3D('',#13263,#8389,#8390);
#6851=AXIS2_PLACEMENT_3D('',#13264,#8391,#8392);
#6852=AXIS2_PLACEMENT_3D('',#13265,#8393,#8394);
#6853=AXIS2_PLACEMENT_3D('',#13266,#8395,#8396);
#6854=AXIS2_PLACEMENT_3D('',#13267,#8397,#8398);
#6855=AXIS2_PLACEMENT_3D('',#13268,#8399,#8400);
#6856=AXIS2_PLACEMENT_3D('',#13269,#8401,#8402);
#6857=AXIS2_PLACEMENT_3D('',#13282,#8403,#8404);
#6858=AXIS2_PLACEMENT_3D('',#13295,#8405,#8406);
#6859=AXIS2_PLACEMENT_3D('',#13296,#8407,#8408);
#6860=AXIS2_PLACEMENT_3D('',#13297,#8409,#8410);
#6861=AXIS2_PLACEMENT_3D('',#13298,#8411,#8412);
#6862=AXIS2_PLACEMENT_3D('',#13299,#8413,#8414);
#6863=AXIS2_PLACEMENT_3D('',#13300,#8415,#8416);
#6864=AXIS2_PLACEMENT_3D('',#13301,#8417,#8418);
#6865=AXIS2_PLACEMENT_3D('',#13302,#8419,#8420);
#6866=AXIS2_PLACEMENT_3D('',#13303,#8421,#8422);
#6867=AXIS2_PLACEMENT_3D('',#13304,#8423,#8424);
#6868=AXIS2_PLACEMENT_3D('',#13317,#8425,#8426);
#6869=AXIS2_PLACEMENT_3D('',#13330,#8427,#8428);
#6870=AXIS2_PLACEMENT_3D('',#13331,#8429,#8430);
#6871=AXIS2_PLACEMENT_3D('',#13332,#8431,#8432);
#6872=AXIS2_PLACEMENT_3D('',#13333,#8433,#8434);
#6873=AXIS2_PLACEMENT_3D('',#13334,#8435,#8436);
#6874=AXIS2_PLACEMENT_3D('',#13335,#8437,#8438);
#6875=AXIS2_PLACEMENT_3D('',#13336,#8439,#8440);
#6876=AXIS2_PLACEMENT_3D('',#13337,#8441,#8442);
#6877=AXIS2_PLACEMENT_3D('',#13338,#8443,#8444);
#6878=AXIS2_PLACEMENT_3D('',#13339,#8445,#8446);
#6879=AXIS2_PLACEMENT_3D('',#13352,#8447,#8448);
#6880=AXIS2_PLACEMENT_3D('',#13365,#8449,#8450);
#6881=AXIS2_PLACEMENT_3D('',#13366,#8451,#8452);
#6882=AXIS2_PLACEMENT_3D('',#13367,#8453,#8454);
#6883=AXIS2_PLACEMENT_3D('',#13368,#8455,#8456);
#6884=AXIS2_PLACEMENT_3D('',#13369,#8457,#8458);
#6885=AXIS2_PLACEMENT_3D('',#13370,#8459,#8460);
#6886=AXIS2_PLACEMENT_3D('',#13371,#8461,#8462);
#6887=AXIS2_PLACEMENT_3D('',#13372,#8463,#8464);
#6888=AXIS2_PLACEMENT_3D('',#13373,#8465,#8466);
#6889=AXIS2_PLACEMENT_3D('',#13374,#8467,#8468);
#6890=AXIS2_PLACEMENT_3D('',#13387,#8469,#8470);
#6891=AXIS2_PLACEMENT_3D('',#13400,#8471,#8472);
#6892=AXIS2_PLACEMENT_3D('',#13401,#8473,#8474);
#6893=AXIS2_PLACEMENT_3D('',#13402,#8475,#8476);
#6894=AXIS2_PLACEMENT_3D('',#13403,#8477,#8478);
#6895=AXIS2_PLACEMENT_3D('',#13404,#8479,#8480);
#6896=AXIS2_PLACEMENT_3D('',#13405,#8481,#8482);
#6897=AXIS2_PLACEMENT_3D('',#13406,#8483,#8484);
#6898=AXIS2_PLACEMENT_3D('',#13407,#8485,#8486);
#6899=AXIS2_PLACEMENT_3D('',#13408,#8487,#8488);
#6900=AXIS2_PLACEMENT_3D('',#13409,#8489,#8490);
#6901=AXIS2_PLACEMENT_3D('',#13422,#8491,#8492);
#6902=AXIS2_PLACEMENT_3D('',#13435,#8493,#8494);
#6903=AXIS2_PLACEMENT_3D('',#13436,#8495,#8496);
#6904=AXIS2_PLACEMENT_3D('',#13437,#8497,#8498);
#6905=AXIS2_PLACEMENT_3D('',#13438,#8499,#8500);
#6906=AXIS2_PLACEMENT_3D('',#13439,#8501,#8502);
#6907=AXIS2_PLACEMENT_3D('',#13440,#8503,#8504);
#6908=AXIS2_PLACEMENT_3D('',#13441,#8505,#8506);
#6909=AXIS2_PLACEMENT_3D('',#13442,#8507,#8508);
#6910=AXIS2_PLACEMENT_3D('',#13443,#8509,#8510);
#6911=AXIS2_PLACEMENT_3D('',#13444,#8511,#8512);
#6912=AXIS2_PLACEMENT_3D('',#13457,#8513,#8514);
#6913=AXIS2_PLACEMENT_3D('',#13470,#8515,#8516);
#6914=AXIS2_PLACEMENT_3D('',#13471,#8517,#8518);
#6915=AXIS2_PLACEMENT_3D('',#13472,#8519,#8520);
#6916=AXIS2_PLACEMENT_3D('',#13473,#8521,#8522);
#6917=AXIS2_PLACEMENT_3D('',#13474,#8523,#8524);
#6918=AXIS2_PLACEMENT_3D('',#13475,#8525,#8526);
#6919=AXIS2_PLACEMENT_3D('',#13476,#8527,#8528);
#6920=AXIS2_PLACEMENT_3D('',#13477,#8529,#8530);
#6921=AXIS2_PLACEMENT_3D('',#13478,#8531,#8532);
#6922=AXIS2_PLACEMENT_3D('',#13479,#8533,#8534);
#6923=AXIS2_PLACEMENT_3D('',#13492,#8535,#8536);
#6924=AXIS2_PLACEMENT_3D('',#13505,#8537,#8538);
#6925=AXIS2_PLACEMENT_3D('',#13506,#8539,#8540);
#6926=AXIS2_PLACEMENT_3D('',#13507,#8541,#8542);
#6927=AXIS2_PLACEMENT_3D('',#13508,#8543,#8544);
#6928=AXIS2_PLACEMENT_3D('',#13509,#8545,#8546);
#6929=AXIS2_PLACEMENT_3D('',#13510,#8547,#8548);
#6930=AXIS2_PLACEMENT_3D('',#13511,#8549,#8550);
#6931=AXIS2_PLACEMENT_3D('',#13512,#8551,#8552);
#6932=AXIS2_PLACEMENT_3D('',#13513,#8553,#8554);
#6933=AXIS2_PLACEMENT_3D('',#13514,#8555,#8556);
#6934=AXIS2_PLACEMENT_3D('',#13527,#8557,#8558);
#6935=AXIS2_PLACEMENT_3D('',#13528,#8559,#8560);
#6936=AXIS2_PLACEMENT_3D('',#13529,#8561,#8562);
#6937=AXIS2_PLACEMENT_3D('',#13530,#8563,#8564);
#6938=AXIS2_PLACEMENT_3D('',#13531,#8565,#8566);
#6939=AXIS2_PLACEMENT_3D('',#13624,#8579,#8580);
#6940=AXIS2_PLACEMENT_3D('',#13717,#8593,#8594);
#6941=AXIS2_PLACEMENT_3D('',#13726,#8599,#8600);
#6942=AXIS2_PLACEMENT_3D('',#13728,#8602,#8603);
#6943=AXIS2_PLACEMENT_3D('',#13729,#8604,#8605);
#6944=AXIS2_PLACEMENT_3D('',#13730,#8606,#8607);
#6945=AXIS2_PLACEMENT_3D('',#13731,#8608,#8609);
#6946=AXIS2_PLACEMENT_3D('',#13732,#8610,#8611);
#6947=AXIS2_PLACEMENT_3D('',#13733,#8612,#8613);
#6948=AXIS2_PLACEMENT_3D('',#13734,#8614,#8615);
#6949=AXIS2_PLACEMENT_3D('',#13735,#8616,#8617);
#6950=AXIS2_PLACEMENT_3D('',#13736,#8618,#8619);
#6951=AXIS2_PLACEMENT_3D('',#13737,#8620,#8621);
#6952=AXIS2_PLACEMENT_3D('',#13738,#8622,#8623);
#6953=AXIS2_PLACEMENT_3D('',#13739,#8624,#8625);
#6954=AXIS2_PLACEMENT_3D('',#13740,#8626,#8627);
#6955=AXIS2_PLACEMENT_3D('',#13741,#8628,#8629);
#6956=AXIS2_PLACEMENT_3D('',#13754,#8630,#8631);
#6957=AXIS2_PLACEMENT_3D('',#13755,#8632,#8633);
#6958=AXIS2_PLACEMENT_3D('',#13756,#8634,#8635);
#6959=AXIS2_PLACEMENT_3D('',#13757,#8636,#8637);
#6960=AXIS2_PLACEMENT_3D('',#13758,#8638,#8639);
#6961=AXIS2_PLACEMENT_3D('',#13759,#8640,#8641);
#6962=AXIS2_PLACEMENT_3D('',#13760,#8642,#8643);
#6963=AXIS2_PLACEMENT_3D('',#13761,#8644,#8645);
#6964=AXIS2_PLACEMENT_3D('',#13762,#8646,#8647);
#6965=AXIS2_PLACEMENT_3D('',#13763,#8648,#8649);
#6966=AXIS2_PLACEMENT_3D('',#13764,#8650,#8651);
#6967=AXIS2_PLACEMENT_3D('',#13777,#8652,#8653);
#6968=AXIS2_PLACEMENT_3D('',#13778,#8654,#8655);
#6969=AXIS2_PLACEMENT_3D('',#13779,#8656,#8657);
#6970=AXIS2_PLACEMENT_3D('',#13792,#8658,#8659);
#6971=AXIS2_PLACEMENT_3D('',#13793,#8660,#8661);
#6972=AXIS2_PLACEMENT_3D('',#13794,#8662,#8663);
#6973=AXIS2_PLACEMENT_3D('',#13795,#8664,#8665);
#6974=AXIS2_PLACEMENT_3D('',#13796,#8666,#8667);
#6975=AXIS2_PLACEMENT_3D('',#13797,#8668,#8669);
#6976=AXIS2_PLACEMENT_3D('',#13798,#8670,#8671);
#6977=AXIS2_PLACEMENT_3D('',#13799,#8672,#8673);
#6978=AXIS2_PLACEMENT_3D('',#13800,#8674,#8675);
#6979=AXIS2_PLACEMENT_3D('',#13801,#8676,#8677);
#6980=AXIS2_PLACEMENT_3D('',#13814,#8678,#8679);
#6981=AXIS2_PLACEMENT_3D('',#13815,#8680,#8681);
#6982=AXIS2_PLACEMENT_3D('',#13816,#8682,#8683);
#6983=AXIS2_PLACEMENT_3D('',#13817,#8684,#8685);
#6984=AXIS2_PLACEMENT_3D('',#13818,#8686,#8687);
#6985=AXIS2_PLACEMENT_3D('',#13819,#8688,#8689);
#6986=AXIS2_PLACEMENT_3D('',#13820,#8690,#8691);
#6987=AXIS2_PLACEMENT_3D('',#13821,#8692,#8693);
#6988=AXIS2_PLACEMENT_3D('',#13834,#8694,#8695);
#6989=AXIS2_PLACEMENT_3D('',#13835,#8696,#8697);
#6990=AXIS2_PLACEMENT_3D('',#13836,#8698,#8699);
#6991=AXIS2_PLACEMENT_3D('',#13837,#8700,#8701);
#6992=AXIS2_PLACEMENT_3D('',#13838,#8702,#8703);
#6993=AXIS2_PLACEMENT_3D('',#13839,#8704,#8705);
#6994=AXIS2_PLACEMENT_3D('',#13840,#8706,#8707);
#6995=AXIS2_PLACEMENT_3D('',#13841,#8708,#8709);
#6996=AXIS2_PLACEMENT_3D('',#13842,#8710,#8711);
#6997=AXIS2_PLACEMENT_3D('',#13843,#8712,#8713);
#6998=AXIS2_PLACEMENT_3D('',#13844,#8714,#8715);
#6999=AXIS2_PLACEMENT_3D('',#13857,#8716,#8717);
#7000=AXIS2_PLACEMENT_3D('',#13858,#8718,#8719);
#7001=AXIS2_PLACEMENT_3D('',#13859,#8720,#8721);
#7002=AXIS2_PLACEMENT_3D('',#13872,#8722,#8723);
#7003=AXIS2_PLACEMENT_3D('',#13873,#8724,#8725);
#7004=AXIS2_PLACEMENT_3D('',#13874,#8726,#8727);
#7005=AXIS2_PLACEMENT_3D('',#13875,#8728,#8729);
#7006=AXIS2_PLACEMENT_3D('',#13876,#8730,#8731);
#7007=AXIS2_PLACEMENT_3D('',#13877,#8732,#8733);
#7008=AXIS2_PLACEMENT_3D('',#13878,#8734,#8735);
#7009=AXIS2_PLACEMENT_3D('',#13879,#8736,#8737);
#7010=AXIS2_PLACEMENT_3D('',#13880,#8738,#8739);
#7011=AXIS2_PLACEMENT_3D('',#13881,#8740,#8741);
#7012=AXIS2_PLACEMENT_3D('',#13986,#8754,#8755);
#7013=AXIS2_PLACEMENT_3D('',#14079,#8768,#8769);
#7014=AXIS2_PLACEMENT_3D('',#14088,#8774,#8775);
#7015=AXIS2_PLACEMENT_3D('',#14090,#8777,#8778);
#7016=AXIS2_PLACEMENT_3D('',#14091,#8779,#8780);
#7017=AXIS2_PLACEMENT_3D('',#14092,#8781,#8782);
#7018=AXIS2_PLACEMENT_3D('',#14093,#8783,#8784);
#7019=AXIS2_PLACEMENT_3D('',#14094,#8785,#8786);
#7020=AXIS2_PLACEMENT_3D('',#14095,#8787,#8788);
#7021=AXIS2_PLACEMENT_3D('',#14096,#8789,#8790);
#7022=AXIS2_PLACEMENT_3D('',#14097,#8791,#8792);
#7023=AXIS2_PLACEMENT_3D('',#14098,#8793,#8794);
#7024=AXIS2_PLACEMENT_3D('',#14099,#8795,#8796);
#7025=AXIS2_PLACEMENT_3D('',#14100,#8797,#8798);
#7026=AXIS2_PLACEMENT_3D('',#14101,#8799,#8800);
#7027=AXIS2_PLACEMENT_3D('',#14102,#8801,#8802);
#7028=AXIS2_PLACEMENT_3D('',#14103,#8803,#8804);
#7029=AXIS2_PLACEMENT_3D('',#14116,#8805,#8806);
#7030=AXIS2_PLACEMENT_3D('',#14117,#8807,#8808);
#7031=AXIS2_PLACEMENT_3D('',#14118,#8809,#8810);
#7032=AXIS2_PLACEMENT_3D('',#14119,#8811,#8812);
#7033=AXIS2_PLACEMENT_3D('',#14120,#8813,#8814);
#7034=AXIS2_PLACEMENT_3D('',#14121,#8815,#8816);
#7035=AXIS2_PLACEMENT_3D('',#14122,#8817,#8818);
#7036=AXIS2_PLACEMENT_3D('',#14123,#8819,#8820);
#7037=AXIS2_PLACEMENT_3D('',#14124,#8821,#8822);
#7038=AXIS2_PLACEMENT_3D('',#14125,#8823,#8824);
#7039=AXIS2_PLACEMENT_3D('',#14126,#8825,#8826);
#7040=AXIS2_PLACEMENT_3D('',#14139,#8827,#8828);
#7041=AXIS2_PLACEMENT_3D('',#14140,#8829,#8830);
#7042=AXIS2_PLACEMENT_3D('',#14141,#8831,#8832);
#7043=AXIS2_PLACEMENT_3D('',#14154,#8833,#8834);
#7044=AXIS2_PLACEMENT_3D('',#14155,#8835,#8836);
#7045=AXIS2_PLACEMENT_3D('',#14156,#8837,#8838);
#7046=AXIS2_PLACEMENT_3D('',#14157,#8839,#8840);
#7047=AXIS2_PLACEMENT_3D('',#14158,#8841,#8842);
#7048=AXIS2_PLACEMENT_3D('',#14159,#8843,#8844);
#7049=AXIS2_PLACEMENT_3D('',#14160,#8845,#8846);
#7050=AXIS2_PLACEMENT_3D('',#14161,#8847,#8848);
#7051=AXIS2_PLACEMENT_3D('',#14162,#8849,#8850);
#7052=AXIS2_PLACEMENT_3D('',#14163,#8851,#8852);
#7053=AXIS2_PLACEMENT_3D('',#14176,#8853,#8854);
#7054=AXIS2_PLACEMENT_3D('',#14177,#8855,#8856);
#7055=AXIS2_PLACEMENT_3D('',#14178,#8857,#8858);
#7056=AXIS2_PLACEMENT_3D('',#14179,#8859,#8860);
#7057=AXIS2_PLACEMENT_3D('',#14180,#8861,#8862);
#7058=AXIS2_PLACEMENT_3D('',#14181,#8863,#8864);
#7059=AXIS2_PLACEMENT_3D('',#14182,#8865,#8866);
#7060=AXIS2_PLACEMENT_3D('',#14183,#8867,#8868);
#7061=AXIS2_PLACEMENT_3D('',#14196,#8869,#8870);
#7062=AXIS2_PLACEMENT_3D('',#14197,#8871,#8872);
#7063=AXIS2_PLACEMENT_3D('',#14198,#8873,#8874);
#7064=AXIS2_PLACEMENT_3D('',#14199,#8875,#8876);
#7065=AXIS2_PLACEMENT_3D('',#14200,#8877,#8878);
#7066=AXIS2_PLACEMENT_3D('',#14201,#8879,#8880);
#7067=AXIS2_PLACEMENT_3D('',#14202,#8881,#8882);
#7068=AXIS2_PLACEMENT_3D('',#14203,#8883,#8884);
#7069=AXIS2_PLACEMENT_3D('',#14204,#8885,#8886);
#7070=AXIS2_PLACEMENT_3D('',#14205,#8887,#8888);
#7071=AXIS2_PLACEMENT_3D('',#14206,#8889,#8890);
#7072=AXIS2_PLACEMENT_3D('',#14219,#8891,#8892);
#7073=AXIS2_PLACEMENT_3D('',#14220,#8893,#8894);
#7074=AXIS2_PLACEMENT_3D('',#14221,#8895,#8896);
#7075=AXIS2_PLACEMENT_3D('',#14234,#8897,#8898);
#7076=AXIS2_PLACEMENT_3D('',#14235,#8899,#8900);
#7077=AXIS2_PLACEMENT_3D('',#14236,#8901,#8902);
#7078=AXIS2_PLACEMENT_3D('',#14237,#8903,#8904);
#7079=AXIS2_PLACEMENT_3D('',#14238,#8905,#8906);
#7080=AXIS2_PLACEMENT_3D('',#14239,#8907,#8908);
#7081=AXIS2_PLACEMENT_3D('',#14240,#8909,#8910);
#7082=AXIS2_PLACEMENT_3D('',#14241,#8911,#8912);
#7083=AXIS2_PLACEMENT_3D('',#14242,#8913,#8914);
#7084=AXIS2_PLACEMENT_3D('',#14243,#8915,#8916);
#7085=AXIS2_PLACEMENT_3D('',#14256,#8917,#8918);
#7086=AXIS2_PLACEMENT_3D('',#14257,#8919,#8920);
#7087=AXIS2_PLACEMENT_3D('',#14258,#8921,#8922);
#7088=AXIS2_PLACEMENT_3D('',#14259,#8923,#8924);
#7089=AXIS2_PLACEMENT_3D('',#14260,#8925,#8926);
#7090=AXIS2_PLACEMENT_3D('',#14261,#8927,#8928);
#7091=AXIS2_PLACEMENT_3D('',#14262,#8929,#8930);
#7092=AXIS2_PLACEMENT_3D('',#14263,#8931,#8932);
#7093=AXIS2_PLACEMENT_3D('',#14282,#8933,#8934);
#7094=AXIS2_PLACEMENT_3D('',#14283,#8935,#8936);
#7095=AXIS2_PLACEMENT_3D('',#14302,#8937,#8938);
#7096=AXIS2_PLACEMENT_3D('',#14303,#8939,#8940);
#7097=AXIS2_PLACEMENT_3D('',#14322,#8941,#8942);
#7098=AXIS2_PLACEMENT_3D('',#14323,#8943,#8944);
#7099=DIRECTION('',(0.,0.,1.));
#7100=DIRECTION('',(1.,0.,0.));
#7101=DIRECTION('',(0.,0.,-1.));
#7102=DIRECTION('',(1.,0.,0.));
#7103=DIRECTION('',(0.,0.,1.));
#7104=DIRECTION('',(0.,0.,1.));
#7105=DIRECTION('',(1.,0.,0.));
#7106=DIRECTION('',(0.,0.,1.));
#7107=DIRECTION('',(0.,0.,-1.));
#7108=DIRECTION('',(-1.,0.,0.));
#7109=DIRECTION('',(0.,0.,-1.));
#7110=DIRECTION('',(1.,0.,0.));
#7111=DIRECTION('',(-0.642787609686542,0.766044443118976,0.));
#7112=DIRECTION('',(0.,0.,1.));
#7113=DIRECTION('',(1.,0.,0.));
#7114=DIRECTION('',(-0.64278760968654,0.766044443118978,0.));
#7115=DIRECTION('',(0.,0.,1.));
#7116=DIRECTION('',(1.,0.,0.));
#7117=DIRECTION('',(0.,0.,-1.));
#7118=DIRECTION('',(-1.,0.,0.));
#7119=DIRECTION('',(0.,0.,-1.));
#7120=DIRECTION('',(0.,0.,1.));
#7121=DIRECTION('',(1.,0.,0.));
#7122=DIRECTION('',(0.,0.,1.));
#7123=DIRECTION('',(0.,0.,-1.));
#7124=DIRECTION('',(-1.,0.,0.));
#7125=DIRECTION('',(0.,0.,-1.));
#7126=DIRECTION('',(-1.,0.,0.));
#7127=DIRECTION('',(0.642787609686542,-0.766044443118976,0.));
#7128=DIRECTION('',(0.,0.,1.));
#7129=DIRECTION('',(-1.,0.,0.));
#7130=DIRECTION('',(0.64278760968654,-0.766044443118978,0.));
#7131=DIRECTION('',(0.,0.,-1.));
#7132=DIRECTION('',(-1.,0.,0.));
#7133=DIRECTION('',(0.,0.,-1.));
#7134=DIRECTION('',(1.,0.,0.));
#7135=DIRECTION('',(0.,0.,-1.));
#7136=DIRECTION('',(0.,0.,1.));
#7137=DIRECTION('',(-1.,0.,0.));
#7138=DIRECTION('',(0.,0.,1.));
#7139=DIRECTION('',(0.,0.,-1.));
#7140=DIRECTION('',(-1.,0.,0.));
#7141=DIRECTION('',(0.,0.,-1.));
#7142=DIRECTION('',(1.,0.,0.));
#7143=DIRECTION('',(-0.642787609686542,0.766044443118976,0.));
#7144=DIRECTION('',(0.,0.,1.));
#7145=DIRECTION('',(1.,0.,0.));
#7146=DIRECTION('',(-0.64278760968654,0.766044443118978,0.));
#7147=DIRECTION('',(0.,0.,1.));
#7148=DIRECTION('',(1.,0.,0.));
#7149=DIRECTION('',(0.,0.,-1.));
#7150=DIRECTION('',(-1.,0.,0.));
#7151=DIRECTION('',(0.,0.,-1.));
#7152=DIRECTION('',(0.,0.,1.));
#7153=DIRECTION('',(1.,0.,0.));
#7154=DIRECTION('',(0.,0.,1.));
#7155=DIRECTION('',(0.,0.,-1.));
#7156=DIRECTION('',(-1.,0.,0.));
#7157=DIRECTION('',(0.,0.,-1.));
#7158=DIRECTION('',(-1.,0.,0.));
#7159=DIRECTION('',(0.642787609686542,-0.766044443118976,0.));
#7160=DIRECTION('',(0.,0.,1.));
#7161=DIRECTION('',(-1.,0.,0.));
#7162=DIRECTION('',(0.64278760968654,-0.766044443118978,0.));
#7163=DIRECTION('',(0.,0.,-1.));
#7164=DIRECTION('',(-1.,0.,0.));
#7165=DIRECTION('',(0.686760146909359,0.726884103978781,0.));
#7166=DIRECTION('',(0.726884103978781,-0.686760146909358,0.));
#7167=DIRECTION('',(0.,0.,-1.));
#7168=DIRECTION('',(1.,0.,0.));
#7169=DIRECTION('',(0.835095749144717,0.550104617105169,0.));
#7170=DIRECTION('',(-0.550104617105168,0.835095749144716,0.));
#7171=DIRECTION('',(0.,0.,1.));
#7172=DIRECTION('',(1.,0.,0.));
#7173=DIRECTION('',(0.,0.,1.));
#7174=DIRECTION('',(-1.,0.,0.));
#7175=DIRECTION('',(0.,0.,-1.));
#7176=DIRECTION('',(-1.,0.,0.));
#7177=DIRECTION('',(0.660959272281221,0.750421774994222,0.));
#7178=DIRECTION('',(0.750421774994223,-0.660959272281221,0.));
#7179=DIRECTION('',(0.853795555187185,0.520608442058527,0.));
#7180=DIRECTION('',(-0.520608442058527,0.853795555187185,0.));
#7181=DIRECTION('',(0.,0.,1.));
#7182=DIRECTION('',(1.,0.,0.));
#7183=DIRECTION('',(0.660959272281221,0.750421774994222,0.));
#7184=DIRECTION('',(-0.750421774994221,0.660959272281221,0.));
#7185=DIRECTION('',(0.853795555187185,0.520608442058527,0.));
#7186=DIRECTION('',(0.520608442058527,-0.853795555187185,0.));
#7187=DIRECTION('',(0.,0.,-1.));
#7188=DIRECTION('',(-1.,0.,0.));
#7189=DIRECTION('',(0.660959272281221,0.750421774994222,0.));
#7190=DIRECTION('',(-0.750421774994221,0.660959272281221,0.));
#7191=DIRECTION('',(0.853795555187185,0.520608442058527,0.));
#7192=DIRECTION('',(0.520608442058527,-0.853795555187185,0.));
#7193=DIRECTION('',(0.,0.,-1.));
#7194=DIRECTION('',(-1.,0.,0.));
#7195=DIRECTION('',(0.660959272281221,0.750421774994222,0.));
#7196=DIRECTION('',(0.750421774994223,-0.660959272281221,0.));
#7197=DIRECTION('',(0.853795555187185,0.520608442058527,0.));
#7198=DIRECTION('',(-0.520608442058527,0.853795555187185,0.));
#7199=DIRECTION('',(0.,0.,1.));
#7200=DIRECTION('',(1.,0.,0.));
#7201=DIRECTION('',(0.,0.,-1.));
#7202=DIRECTION('',(-1.,0.,0.));
#7203=DIRECTION('',(0.,0.,1.));
#7204=DIRECTION('',(1.,0.,0.));
#7205=DIRECTION('',(0.,0.,1.));
#7206=DIRECTION('',(1.,0.,0.));
#7207=DIRECTION('',(0.,0.,1.));
#7208=DIRECTION('',(1.,0.,0.));
#7209=DIRECTION('',(0.642787609686542,-0.766044443118976,0.));
#7210=DIRECTION('',(0.766044443118976,0.642787609686542,0.));
#7211=DIRECTION('',(-0.642787609686542,0.766044443118976,0.));
#7212=DIRECTION('',(0.,0.,-1.));
#7213=DIRECTION('',(1.,0.,0.));
#7214=DIRECTION('',(0.64278760968654,-0.766044443118978,0.));
#7215=DIRECTION('',(-0.766044443118978,-0.64278760968654,0.));
#7216=DIRECTION('',(-0.64278760968654,0.766044443118978,0.));
#7217=DIRECTION('',(0.,0.,1.));
#7218=DIRECTION('',(1.,0.,0.));
#7219=DIRECTION('',(0.,0.,1.));
#7220=DIRECTION('',(1.,0.,0.));
#7221=DIRECTION('',(0.,0.,1.));
#7222=DIRECTION('',(0.,0.,-1.));
#7223=DIRECTION('',(1.,0.,0.));
#7224=DIRECTION('',(0.,0.,-1.));
#7225=DIRECTION('',(0.,0.,-1.));
#7226=DIRECTION('',(-1.,0.,0.));
#7227=DIRECTION('',(0.,0.,1.));
#7228=DIRECTION('',(1.,0.,0.));
#7229=DIRECTION('',(0.642787609686542,-0.766044443118976,0.));
#7230=DIRECTION('',(0.,0.,-1.));
#7231=DIRECTION('',(1.,0.,0.));
#7232=DIRECTION('',(0.64278760968654,-0.766044443118978,0.));
#7233=DIRECTION('',(0.,0.,1.));
#7234=DIRECTION('',(1.,0.,0.));
#7235=DIRECTION('',(0.,0.,1.));
#7236=DIRECTION('',(1.,0.,0.));
#7237=DIRECTION('',(0.,0.,1.));
#7238=DIRECTION('',(0.,0.,-1.));
#7239=DIRECTION('',(-1.,0.,0.));
#7240=DIRECTION('',(0.,0.,-1.));
#7241=DIRECTION('',(0.,0.,-1.));
#7242=DIRECTION('',(-1.,0.,0.));
#7243=DIRECTION('',(0.,0.,1.));
#7244=DIRECTION('',(-1.,0.,0.));
#7245=DIRECTION('',(-0.642787609686542,0.766044443118976,0.));
#7246=DIRECTION('',(0.,0.,-1.));
#7247=DIRECTION('',(-1.,0.,0.));
#7248=DIRECTION('',(-0.64278760968654,0.766044443118978,0.));
#7249=DIRECTION('',(0.,0.,-1.));
#7250=DIRECTION('',(-1.,0.,0.));
#7251=DIRECTION('',(0.,0.,1.));
#7252=DIRECTION('',(-1.,0.,0.));
#7253=DIRECTION('',(0.,0.,1.));
#7254=DIRECTION('',(0.,0.,-1.));
#7255=DIRECTION('',(1.,0.,0.));
#7256=DIRECTION('',(0.,0.,-1.));
#7257=DIRECTION('',(0.,0.,-1.));
#7258=DIRECTION('',(-1.,0.,0.));
#7259=DIRECTION('',(0.,0.,1.));
#7260=DIRECTION('',(1.,0.,0.));
#7261=DIRECTION('',(0.642787609686542,-0.766044443118976,0.));
#7262=DIRECTION('',(0.,0.,-1.));
#7263=DIRECTION('',(1.,0.,0.));
#7264=DIRECTION('',(0.64278760968654,-0.766044443118978,0.));
#7265=DIRECTION('',(0.,0.,1.));
#7266=DIRECTION('',(1.,0.,0.));
#7267=DIRECTION('',(0.,0.,1.));
#7268=DIRECTION('',(1.,0.,0.));
#7269=DIRECTION('',(0.,0.,1.));
#7270=DIRECTION('',(0.,0.,-1.));
#7271=DIRECTION('',(-1.,0.,0.));
#7272=DIRECTION('',(0.,0.,-1.));
#7273=DIRECTION('',(0.,0.,-1.));
#7274=DIRECTION('',(-1.,0.,0.));
#7275=DIRECTION('',(0.,0.,1.));
#7276=DIRECTION('',(-1.,0.,0.));
#7277=DIRECTION('',(-0.642787609686542,0.766044443118976,0.));
#7278=DIRECTION('',(0.,0.,-1.));
#7279=DIRECTION('',(-1.,0.,0.));
#7280=DIRECTION('',(-0.64278760968654,0.766044443118978,0.));
#7281=DIRECTION('',(0.,0.,-1.));
#7282=DIRECTION('',(-1.,0.,0.));
#7283=DIRECTION('',(-0.835095749144715,-0.550104617105171,0.));
#7284=DIRECTION('',(0.550104617105172,-0.835095749144716,0.));
#7285=DIRECTION('',(-0.686760146909361,-0.726884103978779,0.));
#7286=DIRECTION('',(-0.726884103978778,0.686760146909361,0.));
#7287=DIRECTION('',(0.,0.,1.));
#7288=DIRECTION('',(1.,0.,0.));
#7289=DIRECTION('',(0.,0.,1.));
#7290=DIRECTION('',(-1.,0.,0.));
#7291=DIRECTION('',(0.,0.,-1.));
#7292=DIRECTION('',(-1.,0.,0.));
#7293=DIRECTION('',(-0.853795555187184,-0.520608442058529,0.));
#7294=DIRECTION('',(0.520608442058529,-0.853795555187185,0.));
#7295=DIRECTION('',(-0.660959272281223,-0.75042177499422,0.));
#7296=DIRECTION('',(-0.750421774994221,0.660959272281223,0.));
#7297=DIRECTION('',(0.,0.,1.));
#7298=DIRECTION('',(1.,0.,0.));
#7299=DIRECTION('',(-0.853795555187184,-0.520608442058529,0.));
#7300=DIRECTION('',(-0.520608442058529,0.853795555187185,0.));
#7301=DIRECTION('',(-0.660959272281223,-0.75042177499422,0.));
#7302=DIRECTION('',(0.750421774994219,-0.660959272281223,0.));
#7303=DIRECTION('',(0.,0.,-1.));
#7304=DIRECTION('',(-1.,0.,0.));
#7305=DIRECTION('',(-0.853795555187184,-0.520608442058529,0.));
#7306=DIRECTION('',(-0.520608442058529,0.853795555187185,0.));
#7307=DIRECTION('',(-0.660959272281223,-0.75042177499422,0.));
#7308=DIRECTION('',(0.750421774994219,-0.660959272281223,0.));
#7309=DIRECTION('',(0.,0.,-1.));
#7310=DIRECTION('',(-1.,0.,0.));
#7311=DIRECTION('',(-0.853795555187184,-0.520608442058529,0.));
#7312=DIRECTION('',(0.520608442058529,-0.853795555187185,0.));
#7313=DIRECTION('',(-0.660959272281223,-0.75042177499422,0.));
#7314=DIRECTION('',(-0.750421774994221,0.660959272281223,0.));
#7315=DIRECTION('',(0.,0.,1.));
#7316=DIRECTION('',(1.,0.,0.));
#7317=DIRECTION('',(0.,0.,-1.));
#7318=DIRECTION('',(-1.,0.,0.));
#7319=DIRECTION('',(0.,0.,1.));
#7320=DIRECTION('',(1.,0.,0.));
#7321=DIRECTION('',(0.,0.,1.));
#7322=DIRECTION('',(1.,0.,0.));
#7323=DIRECTION('',(0.,0.,-1.));
#7324=DIRECTION('',(-1.,0.,0.));
#7325=DIRECTION('',(0.,0.,1.));
#7326=DIRECTION('',(1.,0.,0.));
#7327=DIRECTION('',(0.,0.,-1.));
#7328=DIRECTION('',(-1.,0.,0.));
#7329=DIRECTION('',(0.,0.,1.));
#7330=DIRECTION('',(-1.,0.,0.));
#7331=DIRECTION('',(0.,0.,-1.));
#7332=DIRECTION('',(-1.,0.,0.));
#7333=DIRECTION('',(0.,0.,-1.));
#7334=DIRECTION('',(-1.,0.,0.));
#7335=DIRECTION('',(0.,0.,1.));
#7336=DIRECTION('',(-1.,0.,0.));
#7337=DIRECTION('',(0.,0.,-1.));
#7338=DIRECTION('',(1.,0.,0.));
#7339=DIRECTION('',(0.,0.,-1.));
#7340=DIRECTION('',(-1.,0.,0.));
#7341=DIRECTION('',(0.,0.,1.));
#7342=DIRECTION('',(-1.,0.,0.));
#7343=DIRECTION('',(0.,0.,1.));
#7344=DIRECTION('',(-1.,0.,0.));
#7345=DIRECTION('',(0.,0.,-1.));
#7346=DIRECTION('',(1.,0.,0.));
#7347=DIRECTION('',(0.,0.,-1.));
#7348=DIRECTION('',(-1.,0.,0.));
#7349=DIRECTION('',(0.,0.,1.));
#7350=DIRECTION('',(1.,0.,0.));
#7351=DIRECTION('',(0.,0.,-1.));
#7352=DIRECTION('',(1.,0.,0.));
#7353=DIRECTION('',(0.,0.,-1.));
#7354=DIRECTION('',(1.,0.,0.));
#7355=DIRECTION('',(0.,0.,-1.));
#7356=DIRECTION('',(1.,0.,0.));
#7357=DIRECTION('',(0.,0.,-1.));
#7358=DIRECTION('',(1.,0.,0.));
#7359=DIRECTION('',(0.,0.,-1.));
#7360=DIRECTION('',(1.,0.,0.));
#7361=DIRECTION('',(0.,0.,-1.));
#7362=DIRECTION('',(1.,0.,0.));
#7363=DIRECTION('',(0.,0.,-1.));
#7364=DIRECTION('',(1.,0.,0.));
#7365=DIRECTION('',(0.,0.,-1.));
#7366=DIRECTION('',(1.,0.,0.));
#7367=DIRECTION('',(0.,0.,-1.));
#7368=DIRECTION('',(1.,0.,0.));
#7369=DIRECTION('',(0.,0.,-1.));
#7370=DIRECTION('',(1.,0.,0.));
#7371=DIRECTION('',(0.,0.,-1.));
#7372=DIRECTION('',(1.,0.,0.));
#7373=DIRECTION('',(0.,0.,-1.));
#7374=DIRECTION('',(1.,0.,0.));
#7375=DIRECTION('',(0.,0.,-1.));
#7376=DIRECTION('',(1.,0.,0.));
#7377=DIRECTION('',(0.,0.,-1.));
#7378=DIRECTION('',(1.,0.,0.));
#7379=DIRECTION('',(0.,0.,-1.));
#7380=DIRECTION('',(1.,0.,0.));
#7381=DIRECTION('',(0.,0.,-1.));
#7382=DIRECTION('',(1.,0.,0.));
#7383=DIRECTION('',(0.,0.,-1.));
#7384=DIRECTION('',(1.,0.,0.));
#7385=DIRECTION('',(0.,0.,-1.));
#7386=DIRECTION('',(1.,0.,0.));
#7387=DIRECTION('',(0.,0.,-1.));
#7388=DIRECTION('',(1.,0.,0.));
#7389=DIRECTION('',(0.,0.,-1.));
#7390=DIRECTION('',(1.,0.,0.));
#7391=DIRECTION('',(0.,0.,-1.));
#7392=DIRECTION('',(1.,0.,0.));
#7393=DIRECTION('',(0.,0.,-1.));
#7394=DIRECTION('',(1.,0.,0.));
#7395=DIRECTION('',(0.,0.,-1.));
#7396=DIRECTION('',(1.,0.,0.));
#7397=DIRECTION('',(0.,0.,-1.));
#7398=DIRECTION('',(1.,0.,0.));
#7399=DIRECTION('',(0.,0.,-1.));
#7400=DIRECTION('',(-1.,0.,-9.89682850395289E-17));
#7401=DIRECTION('',(0.,0.,-1.));
#7402=DIRECTION('',(1.,0.,0.));
#7403=DIRECTION('',(0.,0.,1.));
#7404=DIRECTION('',(1.,0.,0.));
#7405=DIRECTION('',(1.,-8.5367578938633E-15,0.));
#7406=DIRECTION('',(0.,0.,-1.));
#7407=DIRECTION('',(1.,0.,0.));
#7408=DIRECTION('',(3.7364106986726E-15,-1.,0.));
#7409=DIRECTION('',(0.,0.,-1.));
#7410=DIRECTION('',(1.,0.,0.));
#7411=DIRECTION('',(-1.,-1.17450507460989E-14,0.));
#7412=DIRECTION('',(0.,0.,1.));
#7413=DIRECTION('',(1.,0.,0.));
#7414=DIRECTION('',(0.866025403784443,0.499999999999992,0.));
#7415=DIRECTION('',(0.,0.,-1.));
#7416=DIRECTION('',(1.,0.,0.));
#7417=DIRECTION('',(0.500000000000003,-0.866025403784437,0.));
#7418=DIRECTION('',(0.,0.,-1.));
#7419=DIRECTION('',(1.,0.,0.));
#7420=DIRECTION('',(-0.866025403784433,-0.50000000000001,0.));
#7421=DIRECTION('',(0.,0.,1.));
#7422=DIRECTION('',(1.,0.,0.));
#7423=DIRECTION('',(0.500000000000008,0.866025403784434,0.));
#7424=DIRECTION('',(0.,0.,-1.));
#7425=DIRECTION('',(1.,0.,0.));
#7426=DIRECTION('',(0.86602540378444,-0.499999999999997,0.));
#7427=DIRECTION('',(0.,0.,-1.));
#7428=DIRECTION('',(1.,0.,0.));
#7429=DIRECTION('',(-0.499999999999991,-0.866025403784444,0.));
#7430=DIRECTION('',(0.,0.,1.));
#7431=DIRECTION('',(1.,0.,0.));
#7432=DIRECTION('',(9.93025786337086E-15,1.,0.));
#7433=DIRECTION('',(0.,0.,-1.));
#7434=DIRECTION('',(1.,0.,0.));
#7435=DIRECTION('',(1.,2.34291072916505E-15,0.));
#7436=DIRECTION('',(0.,0.,-1.));
#7437=DIRECTION('',(1.,0.,0.));
#7438=DIRECTION('',(1.03515507765913E-14,-1.,0.));
#7439=DIRECTION('',(0.,0.,1.));
#7440=DIRECTION('',(1.,0.,0.));
#7441=DIRECTION('',(-0.499999999999991,0.866025403784444,0.));
#7442=DIRECTION('',(0.,0.,-1.));
#7443=DIRECTION('',(1.,0.,0.));
#7444=DIRECTION('',(0.866025403784438,0.500000000000002,0.));
#7445=DIRECTION('',(0.,0.,-1.));
#7446=DIRECTION('',(1.,0.,0.));
#7447=DIRECTION('',(0.500000000000009,-0.866025403784434,0.));
#7448=DIRECTION('',(0.,0.,1.));
#7449=DIRECTION('',(1.,0.,0.));
#7450=DIRECTION('',(-0.866025403784433,0.500000000000009,0.));
#7451=DIRECTION('',(0.,0.,-1.));
#7452=DIRECTION('',(1.,0.,0.));
#7453=DIRECTION('',(0.499999999999999,0.86602540378444,0.));
#7454=DIRECTION('',(0.,0.,-1.));
#7455=DIRECTION('',(1.,0.,0.));
#7456=DIRECTION('',(0.866025403784444,-0.499999999999992,0.));
#7457=DIRECTION('',(0.,0.,1.));
#7458=DIRECTION('',(1.,0.,0.));
#7459=DIRECTION('',(-1.,1.11017132279534E-14,0.));
#7460=DIRECTION('',(0.,0.,-1.));
#7461=DIRECTION('',(1.,0.,0.));
#7462=DIRECTION('',(-1.17145536458252E-15,1.,0.));
#7463=DIRECTION('',(0.,0.,-1.));
#7464=DIRECTION('',(1.,0.,0.));
#7465=DIRECTION('',(1.,9.18009541200878E-15,0.));
#7466=DIRECTION('',(0.,0.,1.));
#7467=DIRECTION('',(1.,0.,0.));
#7468=DIRECTION('',(-0.866025403784444,-0.49999999999999,0.));
#7469=DIRECTION('',(0.,0.,-1.));
#7470=DIRECTION('',(1.,0.,0.));
#7471=DIRECTION('',(-0.500000000000001,0.866025403784438,0.));
#7472=DIRECTION('',(0.,0.,-1.));
#7473=DIRECTION('',(0.999999999999999,0.,0.));
#7474=DIRECTION('',(0.866025403784434,0.500000000000008,0.));
#7475=DIRECTION('',(0.,0.,1.));
#7476=DIRECTION('',(1.,0.,0.));
#7477=DIRECTION('',(-0.50000000000001,-0.866025403784433,0.));
#7478=DIRECTION('',(0.,0.,-1.));
#7479=DIRECTION('',(1.,0.,0.));
#7480=DIRECTION('',(-0.866025403784439,0.5,0.));
#7481=DIRECTION('',(0.,0.,-1.));
#7482=DIRECTION('',(1.,0.,0.));
#7483=DIRECTION('',(0.499999999999993,0.866025403784443,0.));
#7484=DIRECTION('',(0.,0.,1.));
#7485=DIRECTION('',(1.,0.,0.));
#7486=DIRECTION('',(-1.22731685925359E-14,-1.,0.));
#7487=DIRECTION('',(0.,0.,-1.));
#7488=DIRECTION('',(1.,0.,0.));
#7489=DIRECTION('',(-1.,0.,0.));
#7490=DIRECTION('',(0.,0.,-1.));
#7491=DIRECTION('',(1.,0.,0.));
#7492=DIRECTION('',(-8.00864004742626E-15,1.,0.));
#7493=DIRECTION('',(0.,0.,1.));
#7494=DIRECTION('',(1.,0.,0.));
#7495=DIRECTION('',(0.499999999999994,-0.866025403784442,0.));
#7496=DIRECTION('',(0.,0.,-1.));
#7497=DIRECTION('',(1.,0.,0.));
#7498=DIRECTION('',(-0.866025403784436,-0.500000000000004,0.));
#7499=DIRECTION('',(0.,0.,-1.));
#7500=DIRECTION('',(1.,0.,0.));
#7501=DIRECTION('',(-0.500000000000011,0.866025403784432,0.));
#7502=DIRECTION('',(0.,0.,1.));
#7503=DIRECTION('',(1.,0.,0.));
#7504=DIRECTION('',(0.866025403784435,-0.500000000000007,0.));
#7505=DIRECTION('',(0.,0.,-1.));
#7506=DIRECTION('',(1.,0.,0.));
#7507=DIRECTION('',(-0.499999999999996,-0.866025403784441,0.));
#7508=DIRECTION('',(0.,0.,-1.));
#7509=DIRECTION('',(1.,0.,0.));
#7510=DIRECTION('',(-0.866025403784445,0.499999999999989,0.));
#7511=DIRECTION('',(0.,0.,1.));
#7512=DIRECTION('',(1.,0.,0.));
#7513=DIRECTION('',(0.,0.,-1.));
#7514=DIRECTION('',(-8.00864004742626E-15,1.,0.));
#7515=DIRECTION('',(8.00864004742626E-15,-1.,0.));
#7516=DIRECTION('',(-1.,-8.00864004742626E-15,0.));
#7517=DIRECTION('',(8.00856776728143E-15,-1.,0.));
#7518=DIRECTION('',(0.,0.,-1.));
#7519=DIRECTION('',(-1.,0.,0.));
#7520=DIRECTION('',(0.,0.,1.));
#7521=DIRECTION('',(1.,0.,0.));
#7522=DIRECTION('',(0.,-1.,0.));
#7523=DIRECTION('',(0.,0.,-1.));
#7524=DIRECTION('',(-1.22731685925359E-14,-1.,0.));
#7525=DIRECTION('',(0.,0.,1.));
#7526=DIRECTION('',(1.22731685925359E-14,1.,0.));
#7527=DIRECTION('',(1.,-1.22731685925359E-14,0.));
#7528=DIRECTION('',(1.22731685925359E-14,1.,0.));
#7529=DIRECTION('',(8.00864004742626E-15,-1.,0.));
#7530=DIRECTION('',(0.,0.,1.));
#7531=DIRECTION('',(1.,0.,0.));
#7532=DIRECTION('',(1.,0.,0.));
#7533=DIRECTION('',(0.,0.,1.));
#7534=DIRECTION('',(1.,0.,0.));
#7535=DIRECTION('',(1.22731685925359E-14,1.,0.));
#7536=DIRECTION('',(0.,0.,1.));
#7537=DIRECTION('',(1.,0.,0.));
#7538=DIRECTION('',(0.,0.,-1.));
#7539=DIRECTION('',(0.499999999999993,0.866025403784443,0.));
#7540=DIRECTION('',(-0.499999999999993,-0.866025403784443,0.));
#7541=DIRECTION('',(-0.866025403784443,0.499999999999993,0.));
#7542=DIRECTION('',(-0.499999999999993,-0.866025403784443,0.));
#7543=DIRECTION('',(0.,0.,-1.));
#7544=DIRECTION('',(-0.866025403784439,0.5,0.));
#7545=DIRECTION('',(0.,0.,1.));
#7546=DIRECTION('',(0.866025403784439,-0.5,0.));
#7547=DIRECTION('',(-0.5,-0.866025403784439,0.));
#7548=DIRECTION('',(0.,0.,-1.));
#7549=DIRECTION('',(-0.50000000000001,-0.866025403784433,0.));
#7550=DIRECTION('',(0.,0.,1.));
#7551=DIRECTION('',(0.50000000000001,0.866025403784433,0.));
#7552=DIRECTION('',(0.866025403784433,-0.50000000000001,0.));
#7553=DIRECTION('',(0.50000000000001,0.866025403784433,0.));
#7554=DIRECTION('',(-0.499999999999993,-0.866025403784443,0.));
#7555=DIRECTION('',(0.,0.,1.));
#7556=DIRECTION('',(1.,0.,0.));
#7557=DIRECTION('',(0.866025403784439,-0.5,0.));
#7558=DIRECTION('',(0.,0.,1.));
#7559=DIRECTION('',(0.999999999999999,0.,0.));
#7560=DIRECTION('',(0.50000000000001,0.866025403784433,0.));
#7561=DIRECTION('',(0.,0.,1.));
#7562=DIRECTION('',(0.866025403784439,-0.5,0.));
#7563=DIRECTION('',(0.,0.,-1.));
#7564=DIRECTION('',(-0.866025403784445,0.499999999999989,0.));
#7565=DIRECTION('',(0.866025403784445,-0.499999999999989,0.));
#7566=DIRECTION('',(-0.499999999999989,-0.866025403784445,0.));
#7567=DIRECTION('',(0.866025403784445,-0.499999999999989,0.));
#7568=DIRECTION('',(0.,0.,-1.));
#7569=DIRECTION('',(-0.499999999999996,-0.866025403784441,0.));
#7570=DIRECTION('',(0.,0.,1.));
#7571=DIRECTION('',(0.499999999999996,0.866025403784441,0.));
#7572=DIRECTION('',(0.866025403784441,-0.499999999999996,0.));
#7573=DIRECTION('',(0.,0.,-1.));
#7574=DIRECTION('',(0.866025403784435,-0.500000000000007,0.));
#7575=DIRECTION('',(0.,0.,1.));
#7576=DIRECTION('',(-0.866025403784435,0.500000000000007,0.));
#7577=DIRECTION('',(0.500000000000007,0.866025403784435,0.));
#7578=DIRECTION('',(-0.866025403784435,0.500000000000007,0.));
#7579=DIRECTION('',(0.866025403784445,-0.499999999999989,0.));
#7580=DIRECTION('',(0.,0.,1.));
#7581=DIRECTION('',(0.999999999999999,0.,0.));
#7582=DIRECTION('',(0.499999999999996,0.866025403784441,0.));
#7583=DIRECTION('',(0.,0.,1.));
#7584=DIRECTION('',(1.,0.,0.));
#7585=DIRECTION('',(-0.866025403784435,0.500000000000007,0.));
#7586=DIRECTION('',(0.,0.,1.));
#7587=DIRECTION('',(0.499999999999996,0.866025403784441,0.));
#7588=DIRECTION('',(0.,0.,-1.));
#7589=DIRECTION('',(-0.500000000000011,0.866025403784432,0.));
#7590=DIRECTION('',(0.500000000000011,-0.866025403784432,0.));
#7591=DIRECTION('',(-0.866025403784432,-0.500000000000011,0.));
#7592=DIRECTION('',(0.500000000000011,-0.866025403784432,0.));
#7593=DIRECTION('',(0.,0.,-1.));
#7594=DIRECTION('',(-0.866025403784436,-0.500000000000004,0.));
#7595=DIRECTION('',(0.,0.,1.));
#7596=DIRECTION('',(0.866025403784436,0.500000000000004,0.));
#7597=DIRECTION('',(0.500000000000004,-0.866025403784436,0.));
#7598=DIRECTION('',(0.,0.,-1.));
#7599=DIRECTION('',(0.499999999999994,-0.866025403784442,0.));
#7600=DIRECTION('',(0.,0.,1.));
#7601=DIRECTION('',(-0.499999999999994,0.866025403784442,0.));
#7602=DIRECTION('',(0.866025403784442,0.499999999999994,0.));
#7603=DIRECTION('',(-0.499999999999994,0.866025403784442,0.));
#7604=DIRECTION('',(0.500000000000011,-0.866025403784432,0.));
#7605=DIRECTION('',(0.,0.,1.));
#7606=DIRECTION('',(0.999999999999999,0.,0.));
#7607=DIRECTION('',(0.866025403784436,0.500000000000004,0.));
#7608=DIRECTION('',(0.,0.,1.));
#7609=DIRECTION('',(1.,0.,0.));
#7610=DIRECTION('',(-0.499999999999994,0.866025403784442,0.));
#7611=DIRECTION('',(0.,0.,1.));
#7612=DIRECTION('',(0.866025403784436,0.500000000000004,0.));
#7613=DIRECTION('',(0.,0.,-1.));
#7614=DIRECTION('',(1.03515507765913E-14,-1.,0.));
#7615=DIRECTION('',(-1.03515507765913E-14,1.,0.));
#7616=DIRECTION('',(1.,1.03515507765913E-14,0.));
#7617=DIRECTION('',(-1.03515286620226E-14,1.,0.));
#7618=DIRECTION('',(0.,0.,-1.));
#7619=DIRECTION('',(1.,2.34291072916505E-15,0.));
#7620=DIRECTION('',(0.,0.,1.));
#7621=DIRECTION('',(-1.,-2.34291072916505E-15,0.));
#7622=DIRECTION('',(-2.34291072916505E-15,1.,0.));
#7623=DIRECTION('',(0.,0.,-1.));
#7624=DIRECTION('',(9.93025786337086E-15,1.,0.));
#7625=DIRECTION('',(0.,0.,1.));
#7626=DIRECTION('',(-9.93025786337086E-15,-1.,0.));
#7627=DIRECTION('',(-1.,9.93025786337086E-15,0.));
#7628=DIRECTION('',(-9.93020769779474E-15,-1.,0.));
#7629=DIRECTION('',(-1.03515507765913E-14,1.,0.));
#7630=DIRECTION('',(0.,0.,1.));
#7631=DIRECTION('',(1.,0.,0.));
#7632=DIRECTION('',(-1.,-2.34291072916505E-15,0.));
#7633=DIRECTION('',(0.,0.,1.));
#7634=DIRECTION('',(1.,0.,0.));
#7635=DIRECTION('',(-9.93025786337086E-15,-1.,0.));
#7636=DIRECTION('',(0.,0.,1.));
#7637=DIRECTION('',(-1.,-2.34291072916505E-15,0.));
#7638=DIRECTION('',(0.,0.,-1.));
#7639=DIRECTION('',(-0.499999999999991,-0.866025403784444,0.));
#7640=DIRECTION('',(0.499999999999991,0.866025403784444,0.));
#7641=DIRECTION('',(0.866025403784444,-0.499999999999991,0.));
#7642=DIRECTION('',(0.499999999999991,0.866025403784444,0.));
#7643=DIRECTION('',(0.,0.,-1.));
#7644=DIRECTION('',(0.86602540378444,-0.499999999999997,0.));
#7645=DIRECTION('',(0.,0.,1.));
#7646=DIRECTION('',(-0.86602540378444,0.499999999999997,0.));
#7647=DIRECTION('',(0.499999999999997,0.86602540378444,0.));
#7648=DIRECTION('',(0.,0.,-1.));
#7649=DIRECTION('',(0.500000000000008,0.866025403784434,0.));
#7650=DIRECTION('',(0.,0.,1.));
#7651=DIRECTION('',(-0.500000000000008,-0.866025403784434,0.));
#7652=DIRECTION('',(-0.866025403784434,0.500000000000008,0.));
#7653=DIRECTION('',(-0.500000000000008,-0.866025403784434,0.));
#7654=DIRECTION('',(0.499999999999991,0.866025403784444,0.));
#7655=DIRECTION('',(0.,0.,1.));
#7656=DIRECTION('',(1.,0.,0.));
#7657=DIRECTION('',(-0.86602540378444,0.499999999999997,0.));
#7658=DIRECTION('',(0.,0.,1.));
#7659=DIRECTION('',(1.,0.,0.));
#7660=DIRECTION('',(-0.500000000000008,-0.866025403784434,0.));
#7661=DIRECTION('',(0.,0.,1.));
#7662=DIRECTION('',(-0.86602540378444,0.499999999999997,0.));
#7663=DIRECTION('',(0.,0.,-1.));
#7664=DIRECTION('',(-0.866025403784433,-0.50000000000001,0.));
#7665=DIRECTION('',(0.866025403784433,0.50000000000001,0.));
#7666=DIRECTION('',(0.50000000000001,-0.866025403784433,0.));
#7667=DIRECTION('',(0.866025403784433,0.50000000000001,0.));
#7668=DIRECTION('',(0.,0.,-1.));
#7669=DIRECTION('',(0.500000000000003,-0.866025403784437,0.));
#7670=DIRECTION('',(0.,0.,1.));
#7671=DIRECTION('',(-0.500000000000003,0.866025403784437,0.));
#7672=DIRECTION('',(0.866025403784437,0.500000000000003,0.));
#7673=DIRECTION('',(0.,0.,-1.));
#7674=DIRECTION('',(0.866025403784443,0.499999999999992,0.));
#7675=DIRECTION('',(0.,0.,1.));
#7676=DIRECTION('',(-0.866025403784443,-0.499999999999992,0.));
#7677=DIRECTION('',(-0.499999999999992,0.866025403784443,0.));
#7678=DIRECTION('',(-0.866025403784443,-0.499999999999992,0.));
#7679=DIRECTION('',(0.866025403784433,0.50000000000001,0.));
#7680=DIRECTION('',(0.,0.,1.));
#7681=DIRECTION('',(1.,0.,0.));
#7682=DIRECTION('',(-0.500000000000003,0.866025403784437,0.));
#7683=DIRECTION('',(0.,0.,1.));
#7684=DIRECTION('',(0.999999999999999,0.,0.));
#7685=DIRECTION('',(-0.866025403784443,-0.499999999999992,0.));
#7686=DIRECTION('',(0.,0.,1.));
#7687=DIRECTION('',(-0.500000000000003,0.866025403784437,0.));
#7688=DIRECTION('',(0.,0.,-1.));
#7689=DIRECTION('',(-1.,-1.17450507460989E-14,0.));
#7690=DIRECTION('',(1.,1.17450507460989E-14,0.));
#7691=DIRECTION('',(1.17450507460989E-14,-1.,0.));
#7692=DIRECTION('',(1.,1.1744945294101E-14,0.));
#7693=DIRECTION('',(0.,0.,-1.));
#7694=DIRECTION('',(3.7364106986726E-15,-1.,0.));
#7695=DIRECTION('',(0.,0.,1.));
#7696=DIRECTION('',(-3.7364106986726E-15,1.,0.));
#7697=DIRECTION('',(1.,3.7364106986726E-15,0.));
#7698=DIRECTION('',(0.,0.,-1.));
#7699=DIRECTION('',(1.,-8.5367578938633E-15,0.));
#7700=DIRECTION('',(0.,0.,1.));
#7701=DIRECTION('',(-1.,8.5367578938633E-15,0.));
#7702=DIRECTION('',(8.5367578938633E-15,1.,0.));
#7703=DIRECTION('',(-1.,8.53679106571636E-15,0.));
#7704=DIRECTION('',(1.,1.17450507460989E-14,0.));
#7705=DIRECTION('',(0.,0.,1.));
#7706=DIRECTION('',(1.,0.,0.));
#7707=DIRECTION('',(-3.7364106986726E-15,1.,0.));
#7708=DIRECTION('',(0.,0.,1.));
#7709=DIRECTION('',(1.,0.,0.));
#7710=DIRECTION('',(-1.,8.5367578938633E-15,0.));
#7711=DIRECTION('',(0.,0.,1.));
#7712=DIRECTION('',(-3.7364106986726E-15,1.,0.));
#7713=DIRECTION('',(0.,0.,-1.));
#7714=DIRECTION('',(0.866025403784444,-0.499999999999992,0.));
#7715=DIRECTION('',(-0.866025403784444,0.499999999999992,0.));
#7716=DIRECTION('',(0.499999999999992,0.866025403784443,0.));
#7717=DIRECTION('',(-0.866025403784443,0.499999999999992,0.));
#7718=DIRECTION('',(0.,0.,-1.));
#7719=DIRECTION('',(0.499999999999999,0.86602540378444,0.));
#7720=DIRECTION('',(0.,0.,1.));
#7721=DIRECTION('',(-0.499999999999999,-0.86602540378444,0.));
#7722=DIRECTION('',(-0.866025403784439,0.499999999999999,0.));
#7723=DIRECTION('',(0.,0.,-1.));
#7724=DIRECTION('',(-0.866025403784433,0.500000000000009,0.));
#7725=DIRECTION('',(0.,0.,1.));
#7726=DIRECTION('',(0.866025403784433,-0.500000000000009,0.));
#7727=DIRECTION('',(-0.500000000000009,-0.866025403784433,0.));
#7728=DIRECTION('',(0.866025403784433,-0.500000000000009,0.));
#7729=DIRECTION('',(-0.866025403784444,0.499999999999992,0.));
#7730=DIRECTION('',(0.,0.,1.));
#7731=DIRECTION('',(0.999999999999999,0.,0.));
#7732=DIRECTION('',(-0.499999999999999,-0.86602540378444,0.));
#7733=DIRECTION('',(0.,0.,1.));
#7734=DIRECTION('',(1.,0.,0.));
#7735=DIRECTION('',(0.866025403784433,-0.500000000000009,0.));
#7736=DIRECTION('',(0.,0.,1.));
#7737=DIRECTION('',(-0.499999999999999,-0.866025403784439,0.));
#7738=DIRECTION('',(0.,0.,-1.));
#7739=DIRECTION('',(0.500000000000009,-0.866025403784434,0.));
#7740=DIRECTION('',(-0.500000000000009,0.866025403784434,0.));
#7741=DIRECTION('',(0.866025403784434,0.500000000000009,0.));
#7742=DIRECTION('',(-0.500000000000009,0.866025403784434,0.));
#7743=DIRECTION('',(0.,0.,-1.));
#7744=DIRECTION('',(0.866025403784438,0.500000000000002,0.));
#7745=DIRECTION('',(0.,0.,1.));
#7746=DIRECTION('',(-0.866025403784438,-0.500000000000002,0.));
#7747=DIRECTION('',(-0.500000000000002,0.866025403784438,0.));
#7748=DIRECTION('',(0.,0.,-1.));
#7749=DIRECTION('',(-0.499999999999991,0.866025403784444,0.));
#7750=DIRECTION('',(0.,0.,1.));
#7751=DIRECTION('',(0.499999999999991,-0.866025403784444,0.));
#7752=DIRECTION('',(-0.866025403784444,-0.499999999999991,0.));
#7753=DIRECTION('',(0.499999999999991,-0.866025403784444,0.));
#7754=DIRECTION('',(-0.500000000000009,0.866025403784434,0.));
#7755=DIRECTION('',(0.,0.,1.));
#7756=DIRECTION('',(1.,0.,0.));
#7757=DIRECTION('',(-0.866025403784438,-0.500000000000002,0.));
#7758=DIRECTION('',(0.,0.,1.));
#7759=DIRECTION('',(0.999999999999999,0.,0.));
#7760=DIRECTION('',(0.499999999999991,-0.866025403784444,0.));
#7761=DIRECTION('',(0.,0.,1.));
#7762=DIRECTION('',(-0.866025403784438,-0.500000000000002,0.));
#7763=DIRECTION('',(0.,0.,-1.));
#7764=DIRECTION('',(1.,9.18009541200878E-15,0.));
#7765=DIRECTION('',(-1.,-9.18009541200878E-15,0.));
#7766=DIRECTION('',(-9.18009541200878E-15,1.,0.));
#7767=DIRECTION('',(-1.,-9.18015663486926E-15,0.));
#7768=DIRECTION('',(0.,0.,-1.));
#7769=DIRECTION('',(-1.17145536458252E-15,1.,0.));
#7770=DIRECTION('',(0.,0.,1.));
#7771=DIRECTION('',(1.17145536458252E-15,-1.,0.));
#7772=DIRECTION('',(-1.,-1.17145536458252E-15,0.));
#7773=DIRECTION('',(0.,0.,-1.));
#7774=DIRECTION('',(-1.,1.11017132279534E-14,0.));
#7775=DIRECTION('',(0.,0.,1.));
#7776=DIRECTION('',(1.,-1.11017132279534E-14,0.));
#7777=DIRECTION('',(-1.11017132279534E-14,-1.,0.));
#7778=DIRECTION('',(1.,-1.11017965653826E-14,0.));
#7779=DIRECTION('',(-1.,-9.18009541200878E-15,0.));
#7780=DIRECTION('',(0.,0.,1.));
#7781=DIRECTION('',(1.,0.,0.));
#7782=DIRECTION('',(1.17145536458252E-15,-1.,0.));
#7783=DIRECTION('',(0.,0.,1.));
#7784=DIRECTION('',(1.,0.,0.));
#7785=DIRECTION('',(1.,-1.11017132279534E-14,0.));
#7786=DIRECTION('',(0.,0.,1.));
#7787=DIRECTION('',(1.17145536458252E-15,-1.,0.));
#7788=DIRECTION('',(0.,0.,-1.));
#7789=DIRECTION('',(0.866025403784434,0.500000000000008,0.));
#7790=DIRECTION('',(-0.866025403784434,-0.500000000000008,0.));
#7791=DIRECTION('',(-0.500000000000008,0.866025403784434,0.));
#7792=DIRECTION('',(-0.866025403784434,-0.500000000000008,0.));
#7793=DIRECTION('',(0.,0.,-1.));
#7794=DIRECTION('',(-0.500000000000001,0.866025403784438,0.));
#7795=DIRECTION('',(0.,0.,1.));
#7796=DIRECTION('',(0.500000000000001,-0.866025403784438,0.));
#7797=DIRECTION('',(-0.866025403784438,-0.500000000000001,0.));
#7798=DIRECTION('',(0.,0.,-1.));
#7799=DIRECTION('',(-0.866025403784444,-0.49999999999999,0.));
#7800=DIRECTION('',(0.,0.,1.));
#7801=DIRECTION('',(0.866025403784444,0.49999999999999,0.));
#7802=DIRECTION('',(0.49999999999999,-0.866025403784444,0.));
#7803=DIRECTION('',(0.866025403784444,0.49999999999999,0.));
#7804=DIRECTION('',(-0.866025403784434,-0.500000000000008,0.));
#7805=DIRECTION('',(0.,0.,1.));
#7806=DIRECTION('',(1.,0.,0.));
#7807=DIRECTION('',(0.500000000000001,-0.866025403784438,0.));
#7808=DIRECTION('',(0.,0.,1.));
#7809=DIRECTION('',(1.,0.,0.));
#7810=DIRECTION('',(0.866025403784444,0.49999999999999,0.));
#7811=DIRECTION('',(0.,0.,1.));
#7812=DIRECTION('',(0.500000000000001,-0.866025403784438,0.));
#7813=DIRECTION('',(0.,0.,-1.));
#7814=DIRECTION('',(1.,0.,0.));
#7815=DIRECTION('',(0.,0.,1.));
#7816=DIRECTION('',(1.,0.,0.));
#7817=DIRECTION('',(0.,0.,-1.));
#7818=DIRECTION('',(-1.,0.,0.));
#7819=DIRECTION('',(0.,0.,-1.));
#7820=DIRECTION('',(1.,0.,0.));
#7821=DIRECTION('',(0.,0.,1.));
#7822=DIRECTION('',(1.,0.,0.));
#7823=DIRECTION('',(0.,0.,-1.));
#7824=DIRECTION('',(-1.,0.,0.));
#7825=DIRECTION('',(0.,0.,-1.));
#7826=DIRECTION('',(1.,0.,0.));
#7827=DIRECTION('',(0.,0.,1.));
#7828=DIRECTION('',(1.,0.,0.));
#7829=DIRECTION('',(0.,0.,-1.));
#7830=DIRECTION('',(-1.,0.,0.));
#7831=DIRECTION('',(0.,0.,-1.));
#7832=DIRECTION('',(1.,0.,0.));
#7833=DIRECTION('',(0.,0.,1.));
#7834=DIRECTION('',(1.,0.,0.));
#7835=DIRECTION('',(0.,0.,-1.));
#7836=DIRECTION('',(-1.,0.,0.));
#7837=DIRECTION('',(0.,0.,-1.));
#7838=DIRECTION('',(1.,0.,0.));
#7839=DIRECTION('',(0.,0.,1.));
#7840=DIRECTION('',(1.,0.,0.));
#7841=DIRECTION('',(0.,0.,-1.));
#7842=DIRECTION('',(-1.,0.,0.));
#7843=DIRECTION('',(0.,0.,-1.));
#7844=DIRECTION('',(1.,0.,0.));
#7845=DIRECTION('',(0.,0.,1.));
#7846=DIRECTION('',(1.,0.,0.));
#7847=DIRECTION('',(0.,0.,-1.));
#7848=DIRECTION('',(-1.,0.,0.));
#7849=DIRECTION('',(0.,0.,-1.));
#7850=DIRECTION('',(1.,0.,0.));
#7851=DIRECTION('',(0.,0.,1.));
#7852=DIRECTION('',(1.,0.,0.));
#7853=DIRECTION('',(0.,0.,-1.));
#7854=DIRECTION('',(-1.,0.,0.));
#7855=DIRECTION('',(0.,0.,-1.));
#7856=DIRECTION('',(1.,0.,0.));
#7857=DIRECTION('',(0.,0.,1.));
#7858=DIRECTION('',(1.,0.,0.));
#7859=DIRECTION('',(0.,0.,-1.));
#7860=DIRECTION('',(-1.,0.,0.));
#7861=DIRECTION('',(0.,0.,-1.));
#7862=DIRECTION('',(1.,0.,0.));
#7863=DIRECTION('',(0.,0.,1.));
#7864=DIRECTION('',(1.,0.,0.));
#7865=DIRECTION('',(0.,0.,-1.));
#7866=DIRECTION('',(-1.,0.,0.));
#7867=DIRECTION('',(0.,0.,-1.));
#7868=DIRECTION('',(1.,0.,0.));
#7869=DIRECTION('',(0.,0.,1.));
#7870=DIRECTION('',(1.,0.,0.));
#7871=DIRECTION('',(0.,0.,-1.));
#7872=DIRECTION('',(-1.,0.,0.));
#7873=DIRECTION('',(0.,0.,-1.));
#7874=DIRECTION('',(1.,0.,0.));
#7875=DIRECTION('',(0.,0.,1.));
#7876=DIRECTION('',(1.,0.,0.));
#7877=DIRECTION('',(0.,0.,-1.));
#7878=DIRECTION('',(-1.,0.,0.));
#7879=DIRECTION('',(0.,0.,-1.));
#7880=DIRECTION('',(1.,0.,0.));
#7881=DIRECTION('',(0.,0.,1.));
#7882=DIRECTION('',(1.,0.,0.));
#7883=DIRECTION('',(0.,0.,-1.));
#7884=DIRECTION('',(-1.,0.,0.));
#7885=DIRECTION('',(0.,0.,-1.));
#7886=DIRECTION('',(1.,0.,0.));
#7887=DIRECTION('',(0.,0.,1.));
#7888=DIRECTION('',(1.,0.,0.));
#7889=DIRECTION('',(0.,0.,-1.));
#7890=DIRECTION('',(-1.,0.,0.));
#7891=DIRECTION('',(0.,0.,-1.));
#7892=DIRECTION('',(1.,0.,0.));
#7893=DIRECTION('',(0.,0.,1.));
#7894=DIRECTION('',(1.,0.,0.));
#7895=DIRECTION('',(0.,0.,-1.));
#7896=DIRECTION('',(-1.,0.,0.));
#7897=DIRECTION('',(0.,0.,-1.));
#7898=DIRECTION('',(1.,0.,0.));
#7899=DIRECTION('',(0.,0.,1.));
#7900=DIRECTION('',(1.,0.,0.));
#7901=DIRECTION('',(0.,0.,-1.));
#7902=DIRECTION('',(-1.,0.,0.));
#7903=DIRECTION('',(0.,0.,-1.));
#7904=DIRECTION('',(1.,0.,0.));
#7905=DIRECTION('',(0.,0.,1.));
#7906=DIRECTION('',(1.,0.,0.));
#7907=DIRECTION('',(0.,0.,1.));
#7908=DIRECTION('',(1.,0.,0.));
#7909=DIRECTION('',(0.,0.,-1.));
#7910=DIRECTION('',(1.,0.,0.));
#7911=DIRECTION('',(0.,0.,1.));
#7912=DIRECTION('',(1.,0.,0.));
#7913=DIRECTION('',(0.,0.,-1.));
#7914=DIRECTION('',(-1.,0.,0.));
#7915=DIRECTION('',(0.,0.,-1.));
#7916=DIRECTION('',(1.,0.,0.));
#7917=DIRECTION('',(0.,0.,1.));
#7918=DIRECTION('',(1.,0.,0.));
#7919=DIRECTION('',(0.,0.,-1.));
#7920=DIRECTION('',(-1.,0.,0.));
#7921=DIRECTION('',(0.,0.,-1.));
#7922=DIRECTION('',(1.,0.,0.));
#7923=DIRECTION('',(0.,0.,1.));
#7924=DIRECTION('',(1.,0.,0.));
#7925=DIRECTION('',(0.,0.,-1.));
#7926=DIRECTION('',(-1.,0.,0.));
#7927=DIRECTION('',(0.,0.,-1.));
#7928=DIRECTION('',(1.,0.,0.));
#7929=DIRECTION('',(0.,0.,1.));
#7930=DIRECTION('',(1.,0.,0.));
#7931=DIRECTION('',(0.,0.,-1.));
#7932=DIRECTION('',(-1.,0.,0.));
#7933=DIRECTION('',(0.,0.,-1.));
#7934=DIRECTION('',(1.,0.,0.));
#7935=DIRECTION('',(0.,0.,1.));
#7936=DIRECTION('',(1.,0.,0.));
#7937=DIRECTION('',(0.,0.,-1.));
#7938=DIRECTION('',(-1.,0.,0.));
#7939=DIRECTION('',(0.,0.,-1.));
#7940=DIRECTION('',(1.,0.,0.));
#7941=DIRECTION('',(0.,0.,1.));
#7942=DIRECTION('',(1.,0.,0.));
#7943=DIRECTION('',(0.,0.,-1.));
#7944=DIRECTION('',(-1.,0.,0.));
#7945=DIRECTION('',(0.,0.,-1.));
#7946=DIRECTION('',(1.,0.,0.));
#7947=DIRECTION('',(0.,0.,1.));
#7948=DIRECTION('',(1.,0.,0.));
#7949=DIRECTION('',(0.,0.,1.));
#7950=DIRECTION('',(1.,0.,0.));
#7951=DIRECTION('',(0.,0.,-1.));
#7952=DIRECTION('',(1.,0.,0.));
#7953=DIRECTION('',(0.,0.,1.));
#7954=DIRECTION('',(1.,0.,0.));
#7955=DIRECTION('',(0.,0.,-1.));
#7956=DIRECTION('',(-1.,0.,0.));
#7957=DIRECTION('',(-0.183291422010885,-0.983058622167177,-1.41106405737377E-13));
#7958=DIRECTION('',(0.983058622167174,-0.183291422010886,0.));
#7959=DIRECTION('',(-1.,-3.42781358853017E-12,0.));
#7960=DIRECTION('',(3.42781358853017E-12,-1.,0.));
#7961=DIRECTION('',(-1.,1.38777878078145E-14,0.));
#7962=DIRECTION('',(-1.38777878078145E-14,-1.,0.));
#7963=DIRECTION('',(-1.,1.11017132279534E-14,0.));
#7964=DIRECTION('',(-1.38777878078145E-14,-1.,0.));
#7965=DIRECTION('',(-0.332794283326453,-0.942999451211523,-1.72243062660521E-13));
#7966=DIRECTION('',(0.942999451211519,-0.332794283326453,0.));
#7967=DIRECTION('',(0.,0.,1.));
#7968=DIRECTION('',(1.,0.,0.));
#7969=DIRECTION('',(-1.08420217248551E-15,1.,0.));
#7970=DIRECTION('',(-1.,-1.0842021724855E-15,0.));
#7971=DIRECTION('',(0.,0.,1.));
#7972=DIRECTION('',(0.999999999999999,0.,0.));
#7973=DIRECTION('',(-0.86602540378292,0.50000000000263,-2.74038214408023E-12));
#7974=DIRECTION('',(-0.50000000000263,-0.86602540378292,0.));
#7975=DIRECTION('',(-1.0842021724855E-15,1.,0.));
#7976=DIRECTION('',(-1.,-1.0842021724855E-15,0.));
#7977=DIRECTION('',(-1.17145536458252E-15,1.,0.));
#7978=DIRECTION('',(-1.,-8.67361737988404E-16,0.));
#7979=DIRECTION('',(-0.866025403784442,0.499999999999993,2.60208521396517E-15));
#7980=DIRECTION('',(-0.499999999999994,-0.866025403784443,0.));
#7981=DIRECTION('',(0.866025403784444,-0.499999999999992,0.));
#7982=DIRECTION('',(0.499999999999987,0.866025403784443,0.));
#7983=DIRECTION('',(1.,6.93889390390723E-15,0.));
#7984=DIRECTION('',(-6.93889390390723E-15,1.,0.));
#7985=DIRECTION('',(0.,0.,1.));
#7986=DIRECTION('',(0.999999999999999,0.,0.));
#7987=DIRECTION('',(-0.499999999999999,-0.866025403784439,0.));
#7988=DIRECTION('',(0.866025403784439,-0.499999999999999,0.));
#7989=DIRECTION('',(0.,0.,1.));
#7990=DIRECTION('',(1.,0.,0.));
#7991=DIRECTION('',(1.,6.93889390390723E-15,0.));
#7992=DIRECTION('',(-6.93889390390723E-15,1.,0.));
#7993=DIRECTION('',(1.,9.18009541200878E-15,0.));
#7994=DIRECTION('',(-1.38777878078145E-14,1.,0.));
#7995=DIRECTION('',(-0.5,-0.866025403784439,-4.73935267345112E-15));
#7996=DIRECTION('',(0.866025403784439,-0.5,0.));
#7997=DIRECTION('',(0.499999999999999,0.86602540378444,0.));
#7998=DIRECTION('',(-0.866025403784439,0.499999999999999,0.));
#7999=DIRECTION('',(-0.18329142201095,0.983058622167165,0.));
#8000=DIRECTION('',(-0.983058622167167,-0.18329142201095,0.));
#8001=DIRECTION('',(0.866025403784432,-0.500000000000011,0.));
#8002=DIRECTION('',(0.500000000000011,0.866025403784432,0.));
#8003=DIRECTION('',(0.,0.,1.));
#8004=DIRECTION('',(0.999999999999999,0.,0.));
#8005=DIRECTION('',(-0.332794283326504,0.942999451211505,0.));
#8006=DIRECTION('',(-0.942999451211506,-0.332794283326504,0.));
#8007=DIRECTION('',(0.,0.,1.));
#8008=DIRECTION('',(1.,0.,0.));
#8009=DIRECTION('',(0.866025403784432,-0.500000000000011,-3.44613867738838E-12));
#8010=DIRECTION('',(0.500000000000011,0.866025403784432,0.));
#8011=DIRECTION('',(-0.866025403784433,0.500000000000009,0.));
#8012=DIRECTION('',(-0.500000000000011,-0.866025403784432,0.));
#8013=DIRECTION('',(-0.866025403782721,-0.500000000002976,0.));
#8014=DIRECTION('',(0.500000000002977,-0.86602540378272,0.));
#8015=DIRECTION('',(-0.650264338840789,-0.75970802920066,-1.41756647130707E-13));
#8016=DIRECTION('',(0.75970802920066,-0.65026433884079,0.));
#8017=DIRECTION('',(-0.866025403784446,-0.499999999999987,0.));
#8018=DIRECTION('',(0.499999999999987,-0.866025403784446,0.));
#8019=DIRECTION('',(-0.866025403784444,-0.49999999999999,0.));
#8020=DIRECTION('',(0.49999999999999,-0.866025403784444,0.));
#8021=DIRECTION('',(-0.759708029200704,-0.650264338840738,-1.72732688024127E-13));
#8022=DIRECTION('',(0.650264338840738,-0.759708029200706,0.));
#8023=DIRECTION('',(0.,0.,1.));
#8024=DIRECTION('',(1.,0.,0.));
#8025=DIRECTION('',(-0.5,0.866025403784439,0.));
#8026=DIRECTION('',(-0.866025403784439,-0.5,0.));
#8027=DIRECTION('',(0.,0.,1.));
#8028=DIRECTION('',(0.999999999999999,0.,0.));
#8029=DIRECTION('',(-0.499999999997374,0.866025403785955,-2.73737751488275E-12));
#8030=DIRECTION('',(-0.866025403785955,-0.499999999997374,0.));
#8031=DIRECTION('',(-0.5,0.866025403784439,0.));
#8032=DIRECTION('',(-0.866025403784439,-0.5,0.));
#8033=DIRECTION('',(-0.500000000000001,0.866025403784438,0.));
#8034=DIRECTION('',(-0.866025403784439,-0.5,0.));
#8035=DIRECTION('',(-0.500000000000008,0.866025403784434,4.64817754479369E-16));
#8036=DIRECTION('',(-0.866025403784432,-0.500000000000007,0.));
#8037=DIRECTION('',(0.500000000000009,-0.866025403784434,0.));
#8038=DIRECTION('',(0.866025403784436,0.500000000000014,0.));
#8039=DIRECTION('',(0.866025403784434,0.500000000000008,0.));
#8040=DIRECTION('',(-0.500000000000007,0.866025403784432,0.));
#8041=DIRECTION('',(0.,0.,1.));
#8042=DIRECTION('',(0.999999999999999,0.,0.));
#8043=DIRECTION('',(-0.866025403784439,-0.5,-1.73472347597681E-15));
#8044=DIRECTION('',(0.5,-0.866025403784439,0.));
#8045=DIRECTION('',(0.,0.,1.));
#8046=DIRECTION('',(1.,0.,0.));
#8047=DIRECTION('',(0.866025403784434,0.500000000000008,0.));
#8048=DIRECTION('',(-0.500000000000007,0.866025403784436,0.));
#8049=DIRECTION('',(0.866025403784434,0.500000000000008,0.));
#8050=DIRECTION('',(-0.500000000000014,0.866025403784436,0.));
#8051=DIRECTION('',(-0.866025403784438,-0.500000000000001,-2.32408877239653E-16));
#8052=DIRECTION('',(0.500000000000002,-0.866025403784439,0.));
#8053=DIRECTION('',(0.866025403784438,0.500000000000002,0.));
#8054=DIRECTION('',(-0.5,0.866025403784436,0.));
#8055=DIRECTION('',(-0.650264338840839,0.759708029200618,0.));
#8056=DIRECTION('',(-0.759708029200619,-0.650264338840838,0.));
#8057=DIRECTION('',(0.499999999999993,-0.866025403784442,0.));
#8058=DIRECTION('',(0.866025403784443,0.499999999999994,0.));
#8059=DIRECTION('',(0.,0.,1.));
#8060=DIRECTION('',(1.,0.,0.));
#8061=DIRECTION('',(-0.75970802920074,0.650264338840696,0.));
#8062=DIRECTION('',(-0.650264338840696,-0.75970802920074,0.));
#8063=DIRECTION('',(0.,0.,1.));
#8064=DIRECTION('',(1.,0.,0.));
#8065=DIRECTION('',(0.499999999999993,-0.866025403784443,-3.44527131565039E-12));
#8066=DIRECTION('',(0.866025403784443,0.499999999999994,0.));
#8067=DIRECTION('',(-0.499999999999991,0.866025403784444,0.));
#8068=DIRECTION('',(-0.866025403784443,-0.49999999999999,0.));
#8069=DIRECTION('',(-0.499999999997028,-0.866025403786155,0.));
#8070=DIRECTION('',(0.866025403786153,-0.499999999997027,0.));
#8071=DIRECTION('',(-0.942999451211545,-0.332794283326388,-1.40522929844456E-13));
#8072=DIRECTION('',(0.332794283326387,-0.942999451211547,0.));
#8073=DIRECTION('',(-0.500000000000011,-0.866025403784432,0.));
#8074=DIRECTION('',(0.866025403784432,-0.500000000000011,0.));
#8075=DIRECTION('',(-0.50000000000001,-0.866025403784433,0.));
#8076=DIRECTION('',(0.866025403784432,-0.500000000000011,0.));
#8077=DIRECTION('',(-0.983058622167189,-0.183291422010819,-1.77326180806936E-13));
#8078=DIRECTION('',(0.183291422010819,-0.983058622167188,0.));
#8079=DIRECTION('',(0.,0.,1.));
#8080=DIRECTION('',(1.,0.,0.));
#8081=DIRECTION('',(-0.86602540378444,0.499999999999997,0.));
#8082=DIRECTION('',(-0.499999999999997,-0.866025403784439,0.));
#8083=DIRECTION('',(0.,0.,1.));
#8084=DIRECTION('',(1.,0.,0.));
#8085=DIRECTION('',(3.03229663599479E-12,1.,-2.73392419813641E-12));
#8086=DIRECTION('',(-1.,3.03229663600746E-12,0.));
#8087=DIRECTION('',(-0.866025403784439,0.5,0.));
#8088=DIRECTION('',(-0.5,-0.866025403784439,0.));
#8089=DIRECTION('',(-0.866025403784439,0.5,0.));
#8090=DIRECTION('',(-0.5,-0.866025403784439,0.));
#8091=DIRECTION('',(-6.93889390390723E-15,1.,0.));
#8092=DIRECTION('',(-1.,-6.93889390390723E-15,0.));
#8093=DIRECTION('',(1.03515507765913E-14,-1.,0.));
#8094=DIRECTION('',(1.,1.38777878078145E-14,0.));
#8095=DIRECTION('',(0.499999999999993,0.866025403784442,0.));
#8096=DIRECTION('',(-0.866025403784443,0.499999999999994,0.));
#8097=DIRECTION('',(0.,0.,1.));
#8098=DIRECTION('',(1.,0.,0.));
#8099=DIRECTION('',(-1.,-2.38524477946811E-15,-8.27548022978889E-30));
#8100=DIRECTION('',(2.38524477946811E-15,-1.,0.));
#8101=DIRECTION('',(0.,0.,1.));
#8102=DIRECTION('',(1.,0.,0.));
#8103=DIRECTION('',(0.499999999999996,0.866025403784441,0.));
#8104=DIRECTION('',(-0.866025403784441,0.499999999999994,0.));
#8105=DIRECTION('',(0.499999999999993,0.866025403784443,0.));
#8106=DIRECTION('',(-0.866025403784443,0.499999999999987,0.));
#8107=DIRECTION('',(-1.,-2.38524477946811E-15,8.27548022978889E-30));
#8108=DIRECTION('',(2.38524477946811E-15,-1.,0.));
#8109=DIRECTION('',(1.,2.34291072916505E-15,0.));
#8110=DIRECTION('',(-2.60208521396521E-15,1.,0.));
#8111=DIRECTION('',(-0.942999451211567,0.332794283326326,0.));
#8112=DIRECTION('',(-0.332794283326327,-0.942999451211568,0.));
#8113=DIRECTION('',(-6.93889390390723E-15,-1.,0.));
#8114=DIRECTION('',(1.,-6.93889390390723E-15,0.));
#8115=DIRECTION('',(0.,0.,1.));
#8116=DIRECTION('',(1.,0.,0.));
#8117=DIRECTION('',(-0.983058622167199,0.183291422010764,0.));
#8118=DIRECTION('',(-0.183291422010763,-0.983058622167202,0.));
#8119=DIRECTION('',(0.,0.,1.));
#8120=DIRECTION('',(1.,0.,0.));
#8121=DIRECTION('',(-6.93889390390723E-15,-1.,-3.43475248243407E-12));
#8122=DIRECTION('',(0.,3.43475248243408E-12,-1.));
#8123=DIRECTION('',(9.93025786337086E-15,1.,0.));
#8124=DIRECTION('',(-1.,6.93889390390723E-15,0.));
#8125=DIRECTION('',(3.42781358853017E-12,-1.,0.));
#8126=DIRECTION('',(1.,3.42781358853017E-12,0.));
#8127=DIRECTION('',(-0.983058622167177,0.183291422010884,-1.41106405737376E-13));
#8128=DIRECTION('',(-0.183291422010885,-0.983058622167174,0.));
#8129=DIRECTION('',(-1.38777878078145E-14,-1.,0.));
#8130=DIRECTION('',(1.,-1.38777878078145E-14,0.));
#8131=DIRECTION('',(-1.22731685925359E-14,-1.,0.));
#8132=DIRECTION('',(1.,-1.38777878078145E-14,0.));
#8133=DIRECTION('',(-0.942999451211523,0.332794283326453,-1.73205525008391E-13));
#8134=DIRECTION('',(-0.332794283326452,-0.942999451211519,0.));
#8135=DIRECTION('',(0.,0.,1.));
#8136=DIRECTION('',(1.,0.,0.));
#8137=DIRECTION('',(-1.,0.,0.));
#8138=DIRECTION('',(0.,0.,1.));
#8139=DIRECTION('',(0.,0.,1.));
#8140=DIRECTION('',(1.,0.,0.));
#8141=DIRECTION('',(0.50000000000263,0.86602540378292,-2.73951478234224E-12));
#8142=DIRECTION('',(-0.86602540378292,0.50000000000263,0.));
#8143=DIRECTION('',(-1.,0.,0.));
#8144=DIRECTION('',(0.,0.,1.));
#8145=DIRECTION('',(-1.,0.,0.));
#8146=DIRECTION('',(0.,0.,1.));
#8147=DIRECTION('',(0.499999999999993,0.866025403784443,3.46944695195356E-15));
#8148=DIRECTION('',(-0.866025403784443,0.499999999999994,0.));
#8149=DIRECTION('',(-0.499999999999991,-0.866025403784444,0.));
#8150=DIRECTION('',(0.866025403784443,-0.499999999999987,0.));
#8151=DIRECTION('',(-6.93889390390723E-15,1.,0.));
#8152=DIRECTION('',(-1.,-6.93889390390723E-15,0.));
#8153=DIRECTION('',(0.,0.,1.));
#8154=DIRECTION('',(1.,0.,0.));
#8155=DIRECTION('',(-0.86602540378444,0.499999999999997,0.));
#8156=DIRECTION('',(-0.499999999999997,-0.866025403784439,0.));
#8157=DIRECTION('',(0.,0.,1.));
#8158=DIRECTION('',(1.,0.,0.));
#8159=DIRECTION('',(-6.93889390390723E-15,1.,0.));
#8160=DIRECTION('',(-1.,-6.93889390390723E-15,0.));
#8161=DIRECTION('',(-8.00864004742626E-15,1.,0.));
#8162=DIRECTION('',(-1.,-1.38777878078145E-14,0.));
#8163=DIRECTION('',(-0.86602540378444,0.499999999999997,0.));
#8164=DIRECTION('',(-0.499999999999997,-0.866025403784439,0.));
#8165=DIRECTION('',(0.86602540378444,-0.499999999999997,0.));
#8166=DIRECTION('',(0.499999999999997,0.866025403784439,0.));
#8167=DIRECTION('',(-0.983058622167165,-0.183291422010948,0.));
#8168=DIRECTION('',(0.183291422010948,-0.983058622167167,0.));
#8169=DIRECTION('',(-0.500000000000008,-0.866025403784434,-1.73472347597683E-15));
#8170=DIRECTION('',(0.866025403784432,-0.500000000000007,0.));
#8171=DIRECTION('',(0.,0.,1.));
#8172=DIRECTION('',(1.,0.,0.));
#8173=DIRECTION('',(-0.942999451211503,-0.332794283326507,0.));
#8174=DIRECTION('',(0.332794283326507,-0.942999451211506,0.));
#8175=DIRECTION('',(0.,0.,1.));
#8176=DIRECTION('',(1.,0.,0.));
#8177=DIRECTION('',(-0.500000000000008,-0.866025403784434,-3.44613867738838E-12));
#8178=DIRECTION('',(0.866025403784432,-0.500000000000007,0.));
#8179=DIRECTION('',(0.500000000000008,0.866025403784434,0.));
#8180=DIRECTION('',(-0.866025403784432,0.500000000000007,0.));
#8181=DIRECTION('',(0.500000000002976,-0.86602540378272,0.));
#8182=DIRECTION('',(0.86602540378272,0.500000000002977,0.));
#8183=DIRECTION('',(-0.759708029200661,0.650264338840788,-1.3950058950235E-13));
#8184=DIRECTION('',(-0.650264338840786,-0.75970802920066,0.));
#8185=DIRECTION('',(0.499999999999993,-0.866025403784443,0.));
#8186=DIRECTION('',(0.866025403784443,0.499999999999994,0.));
#8187=DIRECTION('',(0.499999999999994,-0.866025403784442,0.));
#8188=DIRECTION('',(0.866025403784443,0.499999999999994,0.));
#8189=DIRECTION('',(-0.650264338840738,0.759708029200704,-1.73112397102057E-13));
#8190=DIRECTION('',(-0.759708029200706,-0.650264338840738,0.));
#8191=DIRECTION('',(0.,0.,1.));
#8192=DIRECTION('',(1.,0.,0.));
#8193=DIRECTION('',(-0.866025403784436,-0.500000000000005,0.));
#8194=DIRECTION('',(0.500000000000006,-0.866025403784436,0.));
#8195=DIRECTION('',(0.,0.,1.));
#8196=DIRECTION('',(1.,0.,0.));
#8197=DIRECTION('',(0.866025403785955,0.499999999997374,-2.74038214408023E-12));
#8198=DIRECTION('',(-0.499999999997374,0.866025403785955,0.));
#8199=DIRECTION('',(-0.866025403784436,-0.500000000000004,0.));
#8200=DIRECTION('',(0.500000000000004,-0.866025403784436,0.));
#8201=DIRECTION('',(-0.866025403784436,-0.500000000000004,0.));
#8202=DIRECTION('',(0.500000000000004,-0.866025403784436,0.));
#8203=DIRECTION('',(0.866025403784432,0.500000000000011,-1.26990572149745E-15));
#8204=DIRECTION('',(-0.500000000000011,0.866025403784432,0.));
#8205=DIRECTION('',(-0.866025403784433,-0.50000000000001,0.));
#8206=DIRECTION('',(0.500000000000014,-0.866025403784436,0.));
#8207=DIRECTION('',(-0.500000000000011,0.866025403784432,0.));
#8208=DIRECTION('',(-0.866025403784432,-0.500000000000011,0.));
#8209=DIRECTION('',(0.,0.,1.));
#8210=DIRECTION('',(1.,0.,0.));
#8211=DIRECTION('',(-0.500000000000004,0.866025403784436,0.));
#8212=DIRECTION('',(-0.866025403784436,-0.500000000000004,0.));
#8213=DIRECTION('',(0.,0.,1.));
#8214=DIRECTION('',(1.,0.,0.));
#8215=DIRECTION('',(-0.500000000000011,0.866025403784432,0.));
#8216=DIRECTION('',(-0.866025403784432,-0.500000000000011,0.));
#8217=DIRECTION('',(-0.500000000000011,0.866025403784432,0.));
#8218=DIRECTION('',(-0.866025403784429,-0.500000000000014,0.));
#8219=DIRECTION('',(-0.500000000000003,0.866025403784437,0.));
#8220=DIRECTION('',(-0.866025403784436,-0.500000000000002,0.));
#8221=DIRECTION('',(0.500000000000003,-0.866025403784437,0.));
#8222=DIRECTION('',(0.866025403784436,0.500000000000004,0.));
#8223=DIRECTION('',(-0.759708029200613,-0.650264338840845,0.));
#8224=DIRECTION('',(0.650264338840845,-0.759708029200612,0.));
#8225=DIRECTION('',(-0.866025403784442,-0.499999999999993,0.));
#8226=DIRECTION('',(0.499999999999994,-0.866025403784443,0.));
#8227=DIRECTION('',(0.,0.,1.));
#8228=DIRECTION('',(1.,0.,0.));
#8229=DIRECTION('',(-0.650264338840691,-0.759708029200744,0.));
#8230=DIRECTION('',(0.759708029200744,-0.650264338840693,0.));
#8231=DIRECTION('',(0.,0.,1.));
#8232=DIRECTION('',(1.,0.,0.));
#8233=DIRECTION('',(-0.866025403784442,-0.499999999999993,-3.4452713156504E-12));
#8234=DIRECTION('',(0.499999999999994,-0.866025403784443,0.));
#8235=DIRECTION('',(0.866025403784443,0.499999999999992,0.));
#8236=DIRECTION('',(-0.499999999999994,0.866025403784443,0.));
#8237=DIRECTION('',(0.866025403786158,-0.499999999997021,0.));
#8238=DIRECTION('',(0.49999999999702,0.86602540378616,0.));
#8239=DIRECTION('',(-0.332794283326388,0.942999451211545,-1.40522929844456E-13));
#8240=DIRECTION('',(-0.942999451211547,-0.332794283326387,0.));
#8241=DIRECTION('',(0.866025403784435,-0.500000000000007,0.));
#8242=DIRECTION('',(0.500000000000007,0.866025403784436,0.));
#8243=DIRECTION('',(0.866025403784435,-0.500000000000007,0.));
#8244=DIRECTION('',(0.500000000000007,0.866025403784436,0.));
#8245=DIRECTION('',(-0.183291422010819,0.983058622167189,-1.73915511066666E-13));
#8246=DIRECTION('',(-0.983058622167188,-0.18329142201082,0.));
#8247=DIRECTION('',(0.,0.,1.));
#8248=DIRECTION('',(1.,0.,0.));
#8249=DIRECTION('',(-0.499999999999997,-0.86602540378444,0.));
#8250=DIRECTION('',(0.866025403784439,-0.499999999999997,0.));
#8251=DIRECTION('',(0.,0.,1.));
#8252=DIRECTION('',(1.,0.,0.));
#8253=DIRECTION('',(1.,-3.03229663599475E-12,-2.74086309204031E-12));
#8254=DIRECTION('',(3.03229663600746E-12,1.,0.));
#8255=DIRECTION('',(-0.499999999999997,-0.86602540378444,0.));
#8256=DIRECTION('',(0.866025403784439,-0.499999999999997,0.));
#8257=DIRECTION('',(-0.499999999999996,-0.866025403784441,0.));
#8258=DIRECTION('',(0.866025403784439,-0.499999999999997,0.));
#8259=DIRECTION('',(1.,1.38777878078145E-14,0.));
#8260=DIRECTION('',(-1.38777878078145E-14,1.,0.));
#8261=DIRECTION('',(-1.,-1.17450507460989E-14,0.));
#8262=DIRECTION('',(1.38777878078145E-14,-1.,0.));
#8263=DIRECTION('',(-0.866025403784443,0.499999999999992,0.));
#8264=DIRECTION('',(-0.499999999999994,-0.866025403784443,0.));
#8265=DIRECTION('',(0.,0.,1.));
#8266=DIRECTION('',(1.,0.,0.));
#8267=DIRECTION('',(-3.68628738645071E-15,1.,-1.27893785369465E-29));
#8268=DIRECTION('',(-1.,-3.68628738645072E-15,0.));
#8269=DIRECTION('',(0.,0.,1.));
#8270=DIRECTION('',(1.,0.,0.));
#8271=DIRECTION('',(-0.866025403784445,0.499999999999989,0.));
#8272=DIRECTION('',(-0.499999999999987,-0.866025403784444,0.));
#8273=DIRECTION('',(-0.866025403784445,0.499999999999989,0.));
#8274=DIRECTION('',(-0.499999999999987,-0.866025403784443,0.));
#8275=DIRECTION('',(-3.68628738645071E-15,1.,1.27893785369465E-29));
#8276=DIRECTION('',(-1.,-3.68628738645072E-15,0.));
#8277=DIRECTION('',(3.7364106986726E-15,-1.,0.));
#8278=DIRECTION('',(1.,3.46944695195361E-15,0.));
#8279=DIRECTION('',(-0.332794283326322,-0.942999451211569,0.));
#8280=DIRECTION('',(0.942999451211568,-0.332794283326322,0.));
#8281=DIRECTION('',(-1.,6.93889390390723E-15,0.));
#8282=DIRECTION('',(-6.93889390390723E-15,-1.,0.));
#8283=DIRECTION('',(0.,0.,1.));
#8284=DIRECTION('',(1.,0.,0.));
#8285=DIRECTION('',(-0.183291422010916,-0.983058622167171,0.));
#8286=DIRECTION('',(0.983058622167174,-0.183291422010915,0.));
#8287=DIRECTION('',(0.,0.,1.));
#8288=DIRECTION('',(1.,0.,0.));
#8289=DIRECTION('',(-1.,6.93889390390723E-15,-3.43475248243407E-12));
#8290=DIRECTION('',(-3.43475248243408E-12,0.,1.));
#8291=DIRECTION('',(1.,-8.5367578938633E-15,0.));
#8292=DIRECTION('',(6.93889390390723E-15,1.,0.));
#8293=DIRECTION('',(-0.499999999999577,-0.866025403784683,9.63972294030854E-14));
#8294=DIRECTION('',(0.866025403784682,-0.499999999999577,0.));
#8295=DIRECTION('',(-0.500000000000008,-0.866025403784434,1.73472347597683E-15));
#8296=DIRECTION('',(0.866025403784432,-0.500000000000007,0.));
#8297=DIRECTION('',(-0.500000000000008,-0.866025403784434,0.));
#8298=DIRECTION('',(0.866025403784434,-0.500000000000008,0.));
#8299=DIRECTION('',(-0.86602540378444,0.499999999999997,0.));
#8300=DIRECTION('',(-0.499999999999997,-0.866025403784439,0.));
#8301=DIRECTION('',(0.,0.,1.));
#8302=DIRECTION('',(1.,0.,0.));
#8303=DIRECTION('',(-0.86602540378444,0.499999999999997,0.));
#8304=DIRECTION('',(-0.499999999999997,-0.866025403784439,0.));
#8305=DIRECTION('',(-0.86602540378444,0.499999999999997,0.));
#8306=DIRECTION('',(-0.499999999999997,-0.866025403784439,0.));
#8307=DIRECTION('',(0.499999999999993,0.866025403784443,1.73472347597678E-15));
#8308=DIRECTION('',(-0.866025403784444,0.499999999999994,0.));
#8309=DIRECTION('',(0.,0.,1.));
#8310=DIRECTION('',(1.,0.,0.));
#8311=DIRECTION('',(0.499999999999993,0.866025403784442,2.89191688209177E-13));
#8312=DIRECTION('',(-0.866025403784443,0.499999999999994,0.));
#8313=DIRECTION('',(0.499999999999991,0.866025403784444,0.));
#8314=DIRECTION('',(-0.866025403784444,0.49999999999999,0.));
#8315=DIRECTION('',(4.85722573273442E-13,-1.,1.04083408558637E-13));
#8316=DIRECTION('',(1.,4.85722573273506E-13,0.));
#8317=DIRECTION('',(-6.93889390390723E-15,-1.,0.));
#8318=DIRECTION('',(1.,-6.93889390390723E-15,0.));
#8319=DIRECTION('',(-9.93025786337086E-15,-1.,0.));
#8320=DIRECTION('',(1.,-9.93025786337086E-15,0.));
#8321=DIRECTION('',(-1.,-2.38524477946811E-15,0.));
#8322=DIRECTION('',(2.38524477946811E-15,-1.,0.));
#8323=DIRECTION('',(0.,0.,1.));
#8324=DIRECTION('',(1.,0.,0.));
#8325=DIRECTION('',(-1.,-2.38524477946811E-15,-1.65509604595778E-29));
#8326=DIRECTION('',(2.38524477946811E-15,-1.,0.));
#8327=DIRECTION('',(-1.,-2.34291072916505E-15,0.));
#8328=DIRECTION('',(2.34291072916505E-15,-1.,0.));
#8329=DIRECTION('',(-6.93889390390723E-15,1.,3.00926553810505E-30));
#8330=DIRECTION('',(-1.,-6.93889390390723E-15,0.));
#8331=DIRECTION('',(0.,0.,1.));
#8332=DIRECTION('',(1.,0.,0.));
#8333=DIRECTION('',(-6.93889390390723E-15,1.,2.91433543964103E-13));
#8334=DIRECTION('',(0.,-2.91433543964104E-13,1.));
#8335=DIRECTION('',(-1.03515507765913E-14,1.,0.));
#8336=DIRECTION('',(-1.,-1.03515507765913E-14,0.));
#8337=DIRECTION('',(0.866025403784679,-0.499999999999584,9.46625059271096E-14));
#8338=DIRECTION('',(0.499999999999584,0.866025403784679,0.));
#8339=DIRECTION('',(0.866025403784432,-0.500000000000011,0.));
#8340=DIRECTION('',(0.500000000000011,0.866025403784432,0.));
#8341=DIRECTION('',(0.866025403784433,-0.500000000000009,0.));
#8342=DIRECTION('',(0.500000000000009,0.866025403784433,0.));
#8343=DIRECTION('',(-0.5,-0.866025403784439,0.));
#8344=DIRECTION('',(0.866025403784439,-0.5,0.));
#8345=DIRECTION('',(0.,0.,1.));
#8346=DIRECTION('',(1.,0.,0.));
#8347=DIRECTION('',(-0.5,-0.866025403784439,-4.64817754479295E-16));
#8348=DIRECTION('',(0.866025403784439,-0.5,0.));
#8349=DIRECTION('',(-0.499999999999999,-0.86602540378444,0.));
#8350=DIRECTION('',(0.866025403784439,-0.499999999999997,0.));
#8351=DIRECTION('',(-0.866025403784442,0.499999999999993,0.));
#8352=DIRECTION('',(-0.499999999999994,-0.866025403784441,0.));
#8353=DIRECTION('',(0.,0.,1.));
#8354=DIRECTION('',(1.,0.,0.));
#8355=DIRECTION('',(-0.866025403784442,0.499999999999993,2.83182429814228E-13));
#8356=DIRECTION('',(-0.499999999999994,-0.866025403784443,0.));
#8357=DIRECTION('',(-0.866025403784444,0.499999999999992,0.));
#8358=DIRECTION('',(-0.499999999999992,-0.866025403784443,0.));
#8359=DIRECTION('',(0.866025403784198,0.500000000000417,9.81319528790646E-14));
#8360=DIRECTION('',(-0.500000000000417,0.866025403784196,0.));
#8361=DIRECTION('',(0.866025403784446,0.499999999999987,8.67361737988381E-16));
#8362=DIRECTION('',(-0.499999999999987,0.866025403784444,0.));
#8363=DIRECTION('',(0.866025403784444,0.49999999999999,0.));
#8364=DIRECTION('',(-0.49999999999999,0.866025403784444,0.));
#8365=DIRECTION('',(0.5,-0.866025403784439,0.));
#8366=DIRECTION('',(0.866025403784439,0.5,0.));
#8367=DIRECTION('',(0.,0.,1.));
#8368=DIRECTION('',(1.,0.,0.));
#8369=DIRECTION('',(0.5,-0.866025403784439,0.));
#8370=DIRECTION('',(0.866025403784439,0.5,0.));
#8371=DIRECTION('',(0.500000000000001,-0.866025403784438,0.));
#8372=DIRECTION('',(0.866025403784439,0.5,0.));
#8373=DIRECTION('',(-0.866025403784435,-0.500000000000007,0.));
#8374=DIRECTION('',(0.500000000000007,-0.866025403784436,0.));
#8375=DIRECTION('',(0.,0.,1.));
#8376=DIRECTION('',(1.,0.,0.));
#8377=DIRECTION('',(-0.866025403784435,-0.500000000000007,2.89191688209177E-13));
#8378=DIRECTION('',(0.500000000000007,-0.866025403784436,0.));
#8379=DIRECTION('',(-0.866025403784434,-0.500000000000008,0.));
#8380=DIRECTION('',(0.500000000000008,-0.866025403784434,0.));
#8381=DIRECTION('',(-0.866025403784683,0.499999999999577,9.46625059271096E-14));
#8382=DIRECTION('',(-0.499999999999577,-0.866025403784682,0.));
#8383=DIRECTION('',(-0.866025403784435,0.500000000000007,0.));
#8384=DIRECTION('',(-0.500000000000007,-0.866025403784436,0.));
#8385=DIRECTION('',(-0.866025403784435,0.500000000000007,0.));
#8386=DIRECTION('',(-0.500000000000007,-0.866025403784435,0.));
#8387=DIRECTION('',(0.499999999999996,0.866025403784441,0.));
#8388=DIRECTION('',(-0.866025403784439,0.499999999999997,0.));
#8389=DIRECTION('',(0.,0.,1.));
#8390=DIRECTION('',(1.,0.,0.));
#8391=DIRECTION('',(0.499999999999997,0.86602540378444,0.));
#8392=DIRECTION('',(-0.866025403784439,0.499999999999997,0.));
#8393=DIRECTION('',(0.499999999999996,0.866025403784441,0.));
#8394=DIRECTION('',(-0.866025403784439,0.499999999999997,0.));
#8395=DIRECTION('',(0.866025403784446,-0.499999999999987,0.));
#8396=DIRECTION('',(0.499999999999987,0.866025403784446,0.));
#8397=DIRECTION('',(0.,0.,1.));
#8398=DIRECTION('',(1.,0.,0.));
#8399=DIRECTION('',(0.866025403784446,-0.499999999999987,2.90926411685153E-13));
#8400=DIRECTION('',(0.499999999999987,0.866025403784446,0.));
#8401=DIRECTION('',(0.866025403784445,-0.499999999999989,0.));
#8402=DIRECTION('',(0.499999999999989,0.866025403784445,0.));
#8403=DIRECTION('',(-0.500000000000423,0.866025403784195,9.46625059271071E-14));
#8404=DIRECTION('',(-0.866025403784193,-0.500000000000424,0.));
#8405=DIRECTION('',(-0.499999999999993,0.866025403784442,0.));
#8406=DIRECTION('',(-0.866025403784441,-0.499999999999994,0.));
#8407=DIRECTION('',(-0.499999999999994,0.866025403784442,0.));
#8408=DIRECTION('',(-0.866025403784442,-0.499999999999994,0.));
#8409=DIRECTION('',(0.866025403784436,0.500000000000004,0.));
#8410=DIRECTION('',(-0.500000000000004,0.866025403784436,0.));
#8411=DIRECTION('',(0.,0.,1.));
#8412=DIRECTION('',(1.,0.,0.));
#8413=DIRECTION('',(0.866025403784436,0.500000000000004,0.));
#8414=DIRECTION('',(-0.500000000000004,0.866025403784436,0.));
#8415=DIRECTION('',(0.866025403784436,0.500000000000004,0.));
#8416=DIRECTION('',(-0.500000000000004,0.866025403784436,0.));
#8417=DIRECTION('',(0.500000000000011,-0.866025403784432,0.));
#8418=DIRECTION('',(0.866025403784432,0.500000000000011,0.));
#8419=DIRECTION('',(0.,0.,1.));
#8420=DIRECTION('',(1.,0.,0.));
#8421=DIRECTION('',(0.500000000000013,-0.866025403784431,2.91731499652171E-13));
#8422=DIRECTION('',(0.866025403784432,0.500000000000014,0.));
#8423=DIRECTION('',(0.500000000000011,-0.866025403784432,0.));
#8424=DIRECTION('',(0.866025403784432,0.500000000000011,0.));
#8425=DIRECTION('',(-0.866025403784198,-0.500000000000417,9.63972294030858E-14));
#8426=DIRECTION('',(0.500000000000417,-0.866025403784196,0.));
#8427=DIRECTION('',(-0.866025403784442,-0.499999999999993,0.));
#8428=DIRECTION('',(0.499999999999994,-0.866025403784443,0.));
#8429=DIRECTION('',(-0.866025403784443,-0.499999999999992,0.));
#8430=DIRECTION('',(0.499999999999992,-0.866025403784443,0.));
#8431=DIRECTION('',(-0.500000000000003,0.866025403784437,0.));
#8432=DIRECTION('',(-0.866025403784436,-0.500000000000004,0.));
#8433=DIRECTION('',(0.,0.,1.));
#8434=DIRECTION('',(1.,0.,0.));
#8435=DIRECTION('',(-0.500000000000004,0.866025403784436,0.));
#8436=DIRECTION('',(-0.866025403784436,-0.500000000000004,0.));
#8437=DIRECTION('',(-0.500000000000003,0.866025403784437,0.));
#8438=DIRECTION('',(-0.866025403784436,-0.500000000000004,0.));
#8439=DIRECTION('',(0.866025403784432,0.500000000000011,0.));
#8440=DIRECTION('',(-0.500000000000011,0.866025403784432,0.));
#8441=DIRECTION('',(0.,0.,1.));
#8442=DIRECTION('',(1.,0.,0.));
#8443=DIRECTION('',(0.866025403784434,0.500000000000008,2.80642618371233E-13));
#8444=DIRECTION('',(-0.500000000000007,0.866025403784432,0.));
#8445=DIRECTION('',(0.866025403784433,0.50000000000001,0.));
#8446=DIRECTION('',(-0.50000000000001,0.866025403784433,0.));
#8447=DIRECTION('',(-4.85722573273442E-13,1.,1.04083408558637E-13));
#8448=DIRECTION('',(-1.,-4.85722573273506E-13,0.));
#8449=DIRECTION('',(1.38777878078145E-14,1.,6.01853107621011E-30));
#8450=DIRECTION('',(-1.,1.38777878078145E-14,0.));
#8451=DIRECTION('',(-1.22731685925359E-14,-1.,0.));
#8452=DIRECTION('',(1.,-1.38777878078145E-14,0.));
#8453=DIRECTION('',(1.,0.,0.));
#8454=DIRECTION('',(0.,0.,-1.));
#8455=DIRECTION('',(0.,0.,1.));
#8456=DIRECTION('',(1.,0.,0.));
#8457=DIRECTION('',(1.,0.,0.));
#8458=DIRECTION('',(0.,0.,-1.));
#8459=DIRECTION('',(-1.,0.,0.));
#8460=DIRECTION('',(0.,0.,1.));
#8461=DIRECTION('',(6.93889390390723E-15,-1.,3.00926553810505E-30));
#8462=DIRECTION('',(1.,6.93889390390723E-15,0.));
#8463=DIRECTION('',(0.,0.,1.));
#8464=DIRECTION('',(1.,0.,0.));
#8465=DIRECTION('',(6.93889390390723E-15,-1.,2.91433543964103E-13));
#8466=DIRECTION('',(0.,-2.91433543964104E-13,-1.));
#8467=DIRECTION('',(-8.00864004742626E-15,1.,0.));
#8468=DIRECTION('',(-1.,-1.38777878078145E-14,0.));
#8469=DIRECTION('',(0.499999999999584,0.866025403784679,9.63972294030854E-14));
#8470=DIRECTION('',(-0.866025403784679,0.499999999999584,0.));
#8471=DIRECTION('',(0.500000000000011,0.866025403784432,1.26990572149745E-15));
#8472=DIRECTION('',(-0.866025403784432,0.500000000000011,0.));
#8473=DIRECTION('',(0.50000000000001,0.866025403784433,0.));
#8474=DIRECTION('',(-0.866025403784433,0.50000000000001,0.));
#8475=DIRECTION('',(0.866025403784439,-0.5,1.73472347597681E-15));
#8476=DIRECTION('',(0.5,0.866025403784439,0.));
#8477=DIRECTION('',(0.,0.,1.));
#8478=DIRECTION('',(1.,0.,0.));
#8479=DIRECTION('',(0.866025403784439,-0.499999999999999,0.));
#8480=DIRECTION('',(0.5,0.866025403784439,0.));
#8481=DIRECTION('',(0.866025403784439,-0.5,0.));
#8482=DIRECTION('',(0.5,0.866025403784439,0.));
#8483=DIRECTION('',(-0.499999999999993,-0.866025403784443,1.73472347597678E-15));
#8484=DIRECTION('',(0.866025403784443,-0.499999999999994,0.));
#8485=DIRECTION('',(0.,0.,1.));
#8486=DIRECTION('',(1.,0.,0.));
#8487=DIRECTION('',(-0.499999999999993,-0.866025403784442,2.9266113516113E-13));
#8488=DIRECTION('',(0.866025403784443,-0.499999999999994,0.));
#8489=DIRECTION('',(-0.499999999999993,-0.866025403784443,0.));
#8490=DIRECTION('',(0.866025403784443,-0.499999999999993,0.));
#8491=DIRECTION('',(1.,4.78783679369539E-13,9.71445146547281E-14));
#8492=DIRECTION('',(-4.78783679369599E-13,1.,0.));
#8493=DIRECTION('',(1.,-1.38777878078145E-14,6.01853107621011E-30));
#8494=DIRECTION('',(1.38777878078145E-14,1.,0.));
#8495=DIRECTION('',(1.,-1.11017132279534E-14,0.));
#8496=DIRECTION('',(1.11017132279534E-14,1.,0.));
#8497=DIRECTION('',(1.0842021724855E-15,-1.,0.));
#8498=DIRECTION('',(1.,1.0842021724855E-15,0.));
#8499=DIRECTION('',(0.,0.,1.));
#8500=DIRECTION('',(1.,0.,0.));
#8501=DIRECTION('',(1.0842021724855E-15,-1.,0.));
#8502=DIRECTION('',(1.,1.0842021724855E-15,0.));
#8503=DIRECTION('',(1.17145536458252E-15,-1.,0.));
#8504=DIRECTION('',(1.,1.17145536458253E-15,0.));
#8505=DIRECTION('',(-1.,-6.93889390390723E-15,3.00926553810505E-30));
#8506=DIRECTION('',(6.93889390390723E-15,-1.,0.));
#8507=DIRECTION('',(0.,0.,1.));
#8508=DIRECTION('',(1.,0.,0.));
#8509=DIRECTION('',(-1.,-6.93889390390723E-15,2.91433543964103E-13));
#8510=DIRECTION('',(2.91433543964104E-13,0.,1.));
#8511=DIRECTION('',(-1.,-9.18009541200878E-15,0.));
#8512=DIRECTION('',(9.18009541200878E-15,-1.,0.));
#8513=DIRECTION('',(0.500000000000417,-0.866025403784198,9.63972294030858E-14));
#8514=DIRECTION('',(0.866025403784196,0.500000000000417,0.));
#8515=DIRECTION('',(0.499999999999993,-0.866025403784443,0.));
#8516=DIRECTION('',(0.866025403784443,0.499999999999994,0.));
#8517=DIRECTION('',(0.499999999999991,-0.866025403784444,0.));
#8518=DIRECTION('',(0.866025403784444,0.499999999999991,0.));
#8519=DIRECTION('',(-0.866025403784438,-0.500000000000002,-3.00462919747431E-15));
#8520=DIRECTION('',(0.5,-0.866025403784439,0.));
#8521=DIRECTION('',(0.,0.,1.));
#8522=DIRECTION('',(1.,0.,0.));
#8523=DIRECTION('',(-0.866025403784439,-0.5,-1.73472347597681E-15));
#8524=DIRECTION('',(0.5,-0.866025403784439,0.));
#8525=DIRECTION('',(-0.866025403784438,-0.500000000000002,0.));
#8526=DIRECTION('',(0.5,-0.866025403784439,0.));
#8527=DIRECTION('',(-0.500000000000008,0.866025403784434,0.));
#8528=DIRECTION('',(-0.866025403784432,-0.500000000000007,0.));
#8529=DIRECTION('',(0.,0.,1.));
#8530=DIRECTION('',(1.,0.,0.));
#8531=DIRECTION('',(-0.500000000000008,0.866025403784434,2.88386600242159E-13));
#8532=DIRECTION('',(-0.866025403784432,-0.500000000000007,0.));
#8533=DIRECTION('',(-0.500000000000009,0.866025403784434,0.));
#8534=DIRECTION('',(-0.866025403784434,-0.500000000000009,0.));
#8535=DIRECTION('',(-1.,-4.85722573273442E-13,1.04083408558637E-13));
#8536=DIRECTION('',(4.85722573273506E-13,-1.,0.));
#8537=DIRECTION('',(-1.,6.93889390390723E-15,-3.00926553810505E-30));
#8538=DIRECTION('',(-6.93889390390723E-15,-1.,0.));
#8539=DIRECTION('',(-1.,8.5367578938633E-15,0.));
#8540=DIRECTION('',(-8.5367578938633E-15,-1.,0.));
#8541=DIRECTION('',(-3.68628738645071E-15,1.,0.));
#8542=DIRECTION('',(-1.,-3.68628738645072E-15,0.));
#8543=DIRECTION('',(0.,0.,1.));
#8544=DIRECTION('',(1.,0.,0.));
#8545=DIRECTION('',(-3.68628738645071E-15,1.,0.));
#8546=DIRECTION('',(-1.,-3.68628738645072E-15,0.));
#8547=DIRECTION('',(-3.7364106986726E-15,1.,0.));
#8548=DIRECTION('',(-1.,-3.7364106986726E-15,0.));
#8549=DIRECTION('',(1.,1.38777878078145E-14,0.));
#8550=DIRECTION('',(-1.38777878078145E-14,1.,0.));
#8551=DIRECTION('',(0.,0.,1.));
#8552=DIRECTION('',(1.,0.,0.));
#8553=DIRECTION('',(1.,1.38777878078145E-14,2.91433543964103E-13));
#8554=DIRECTION('',(2.91433543964104E-13,0.,-1.));
#8555=DIRECTION('',(1.,1.17450507460989E-14,0.));
#8556=DIRECTION('',(-1.17450507460989E-14,1.,0.));
#8557=DIRECTION('',(0.,0.,1.));
#8558=DIRECTION('',(1.,0.,0.));
#8559=DIRECTION('',(0.,0.,1.));
#8560=DIRECTION('',(1.,0.,0.));
#8561=DIRECTION('',(0.,0.,1.));
#8562=DIRECTION('',(1.,0.,3.44532964444252E-17));
#8563=DIRECTION('',(0.,0.,-1.));
#8564=DIRECTION('',(-1.,0.,8.62188606350302E-19));
#8565=DIRECTION('',(0.,0.,1.));
#8566=DIRECTION('',(1.,0.,0.));
#8567=DIRECTION('',(0.454519477672044,-0.541675220419701,-0.707106781186548));
#8568=DIRECTION('',(0.,0.,-1.));
#8569=DIRECTION('',(-0.64278760968654,0.766044443118978,0.));
#8570=DIRECTION('',(0.,0.,1.));
#8571=DIRECTION('',(-0.64278760968654,0.766044443118978,0.));
#8572=DIRECTION('',(0.,0.,1.));
#8573=DIRECTION('',(0.64278760968654,-0.766044443118978,0.));
#8574=DIRECTION('',(0.,0.,1.));
#8575=DIRECTION('',(-0.64278760968654,0.766044443118978,0.));
#8576=DIRECTION('',(0.,0.,1.));
#8577=DIRECTION('',(0.64278760968654,-0.766044443118978,0.));
#8578=DIRECTION('',(-0.64278760968654,0.766044443118978,0.));
#8579=DIRECTION('',(-0.766044443118978,-0.64278760968654,0.));
#8580=DIRECTION('',(0.64278760968654,-0.766044443118978,0.));
#8581=DIRECTION('',(0.64278760968654,-0.766044443118978,0.));
#8582=DIRECTION('',(0.,0.,1.));
#8583=DIRECTION('',(-0.454519477672044,0.541675220419701,0.707106781186548));
#8584=DIRECTION('',(-0.64278760968654,0.766044443118978,0.));
#8585=DIRECTION('',(-0.64278760968654,0.766044443118978,0.));
#8586=DIRECTION('',(0.,0.,-1.));
#8587=DIRECTION('',(0.64278760968654,-0.766044443118978,0.));
#8588=DIRECTION('',(0.,0.,-1.));
#8589=DIRECTION('',(-0.64278760968654,0.766044443118978,0.));
#8590=DIRECTION('',(0.,0.,-1.));
#8591=DIRECTION('',(0.64278760968654,-0.766044443118978,0.));
#8592=DIRECTION('',(0.,0.,-1.));
#8593=DIRECTION('',(-0.766044443118978,-0.64278760968654,0.));
#8594=DIRECTION('',(0.64278760968654,-0.766044443118978,0.));
#8595=DIRECTION('',(-0.766044443118978,-0.64278760968654,0.));
#8596=DIRECTION('',(0.,0.,-1.));
#8597=DIRECTION('',(0.766044443118978,0.64278760968654,0.));
#8598=DIRECTION('',(0.,0.,1.));
#8599=DIRECTION('',(0.64278760968654,-0.766044443118978,0.));
#8600=DIRECTION('',(0.766044443118978,0.64278760968654,0.));
#8601=DIRECTION('',(0.766044443118978,0.64278760968654,0.));
#8602=DIRECTION('',(0.,0.,-1.));
#8603=DIRECTION('',(1.,0.,0.));
#8604=DIRECTION('',(0.,0.,-1.));
#8605=DIRECTION('',(0.999999999999999,0.,0.));
#8606=DIRECTION('',(0.,0.,1.));
#8607=DIRECTION('',(1.,0.,0.));
#8608=DIRECTION('',(0.454519477672044,-0.541675220419702,0.707106781186547));
#8609=DIRECTION('',(-0.454519477672044,0.541675220419701,0.707106781186548));
#8610=DIRECTION('',(0.454519477672044,-0.541675220419702,0.707106781186547));
#8611=DIRECTION('',(0.454519477672044,-0.541675220419701,-0.707106781186548));
#8612=DIRECTION('',(-0.454519477672044,0.541675220419702,-0.707106781186547));
#8613=DIRECTION('',(-0.766044443118978,-0.64278760968654,0.));
#8614=DIRECTION('',(0.972634337510744,0.23234122642148,0.));
#8615=DIRECTION('',(-0.23234122642148,0.972634337510743,0.));
#8616=DIRECTION('',(0.642787609686538,-0.766044443118979,0.));
#8617=DIRECTION('',(0.766044443118979,0.64278760968654,0.));
#8618=DIRECTION('',(-0.64278760968654,0.766044443118978,0.));
#8619=DIRECTION('',(-0.766044443118978,-0.64278760968654,0.));
#8620=DIRECTION('',(0.,0.,-1.));
#8621=DIRECTION('',(-1.,0.,0.));
#8622=DIRECTION('',(-0.766044443118978,-0.64278760968654,0.));
#8623=DIRECTION('',(0.64278760968654,-0.766044443118976,0.));
#8624=DIRECTION('',(0.,0.,-1.));
#8625=DIRECTION('',(-1.,0.,0.));
#8626=DIRECTION('',(0.,0.,-1.));
#8627=DIRECTION('',(-0.999999999999999,0.,0.));
#8628=DIRECTION('',(0.642787609686543,-0.766044443118975,-3.77280931483039E-15));
#8629=DIRECTION('',(0.766044443118974,0.642787609686543,0.));
#8630=DIRECTION('',(0.64278760968654,-0.766044443118978,0.));
#8631=DIRECTION('',(0.766044443118978,0.64278760968654,0.));
#8632=DIRECTION('',(-0.64278760968654,0.766044443118978,0.));
#8633=DIRECTION('',(-0.766044443118978,-0.64278760968654,0.));
#8634=DIRECTION('',(0.,0.,-1.));
#8635=DIRECTION('',(-0.999999999999999,0.,0.));
#8636=DIRECTION('',(-0.766044443118978,-0.64278760968654,0.));
#8637=DIRECTION('',(0.64278760968654,-0.766044443118976,0.));
#8638=DIRECTION('',(0.,0.,-1.));
#8639=DIRECTION('',(-1.,0.,0.));
#8640=DIRECTION('',(0.,0.,-1.));
#8641=DIRECTION('',(-0.999999999999999,0.,0.));
#8642=DIRECTION('',(-0.642787609686538,0.766044443118979,2.65775055824014E-15));
#8643=DIRECTION('',(-0.766044443118979,-0.642787609686536,0.));
#8644=DIRECTION('',(-0.766044443118978,-0.64278760968654,0.));
#8645=DIRECTION('',(0.64278760968654,-0.766044443118976,0.));
#8646=DIRECTION('',(-0.64278760968654,0.766044443118978,0.));
#8647=DIRECTION('',(-0.766044443118978,-0.64278760968654,0.));
#8648=DIRECTION('',(0.64278760968654,-0.766044443118978,0.));
#8649=DIRECTION('',(0.766044443118978,0.64278760968654,0.));
#8650=DIRECTION('',(0.,0.,-1.));
#8651=DIRECTION('',(-0.999999999999999,0.,0.));
#8652=DIRECTION('',(0.,0.,-1.));
#8653=DIRECTION('',(-1.,0.,0.));
#8654=DIRECTION('',(0.,0.,-1.));
#8655=DIRECTION('',(-0.999999999999999,0.,0.));
#8656=DIRECTION('',(0.642787609686542,-0.766044443118975,-1.11505875659026E-15));
#8657=DIRECTION('',(0.766044443118976,0.642787609686543,0.));
#8658=DIRECTION('',(0.64278760968654,-0.766044443118978,0.));
#8659=DIRECTION('',(0.766044443118978,0.64278760968654,0.));
#8660=DIRECTION('',(-0.64278760968654,0.766044443118978,0.));
#8661=DIRECTION('',(-0.766044443118978,-0.64278760968654,0.));
#8662=DIRECTION('',(0.,0.,-1.));
#8663=DIRECTION('',(-0.999999999999999,0.,0.));
#8664=DIRECTION('',(-0.766044443118978,-0.64278760968654,0.));
#8665=DIRECTION('',(0.64278760968654,-0.766044443118976,0.));
#8666=DIRECTION('',(0.,0.,-1.));
#8667=DIRECTION('',(-1.,0.,0.));
#8668=DIRECTION('',(0.,0.,-1.));
#8669=DIRECTION('',(-0.999999999999999,0.,0.));
#8670=DIRECTION('',(-0.642787609686538,0.766044443118979,2.65775055824014E-15));
#8671=DIRECTION('',(-0.766044443118979,-0.642787609686536,0.));
#8672=DIRECTION('',(-0.766044443118978,-0.64278760968654,0.));
#8673=DIRECTION('',(0.64278760968654,-0.766044443118976,0.));
#8674=DIRECTION('',(-0.64278760968654,0.766044443118978,0.));
#8675=DIRECTION('',(-0.766044443118978,-0.64278760968654,0.));
#8676=DIRECTION('',(0.64278760968654,-0.766044443118978,0.));
#8677=DIRECTION('',(0.766044443118978,0.64278760968654,0.));
#8678=DIRECTION('',(-0.397707621369261,-0.917512205861483,0.));
#8679=DIRECTION('',(0.917512205861483,-0.397707621369261,0.));
#8680=DIRECTION('',(0.642787609686539,-0.766044443118978,2.23011751318051E-15));
#8681=DIRECTION('',(0.766044443118979,0.64278760968654,0.));
#8682=DIRECTION('',(0.64278760968654,-0.766044443118978,0.));
#8683=DIRECTION('',(0.766044443118979,0.64278760968654,0.));
#8684=DIRECTION('',(0.,0.,-1.));
#8685=DIRECTION('',(-1.,0.,0.));
#8686=DIRECTION('',(-0.766044443118979,-0.64278760968654,0.));
#8687=DIRECTION('',(0.64278760968654,-0.766044443118976,0.));
#8688=DIRECTION('',(0.,0.,-1.));
#8689=DIRECTION('',(-1.,0.,0.));
#8690=DIRECTION('',(0.,0.,-1.));
#8691=DIRECTION('',(-1.,0.,0.));
#8692=DIRECTION('',(0.642787609686541,-0.766044443118977,-4.27633045059621E-16));
#8693=DIRECTION('',(0.766044443118976,0.64278760968654,0.));
#8694=DIRECTION('',(0.64278760968654,-0.766044443118978,2.23011751318051E-15));
#8695=DIRECTION('',(0.766044443118978,0.64278760968654,0.));
#8696=DIRECTION('',(0.64278760968654,-0.766044443118978,0.));
#8697=DIRECTION('',(0.766044443118978,0.64278760968654,0.));
#8698=DIRECTION('',(0.,0.,-1.));
#8699=DIRECTION('',(-1.,0.,0.));
#8700=DIRECTION('',(-0.766044443118978,-0.64278760968654,0.));
#8701=DIRECTION('',(0.642787609686541,-0.766044443118978,0.));
#8702=DIRECTION('',(0.,0.,-1.));
#8703=DIRECTION('',(-0.999999999999999,0.,0.));
#8704=DIRECTION('',(0.,0.,-1.));
#8705=DIRECTION('',(-1.,0.,0.));
#8706=DIRECTION('',(-0.64278760968654,0.766044443118978,3.55899279230058E-15));
#8707=DIRECTION('',(-0.766044443118978,-0.64278760968654,0.));
#8708=DIRECTION('',(-0.766044443118978,-0.64278760968654,0.));
#8709=DIRECTION('',(0.642787609686541,-0.766044443118978,0.));
#8710=DIRECTION('',(-0.642787609686541,0.766044443118977,0.));
#8711=DIRECTION('',(-0.766044443118976,-0.64278760968654,0.));
#8712=DIRECTION('',(-0.64278760968654,0.766044443118978,0.));
#8713=DIRECTION('',(-0.766044443118978,-0.64278760968654,0.));
#8714=DIRECTION('',(0.,0.,-1.));
#8715=DIRECTION('',(-1.,0.,0.));
#8716=DIRECTION('',(0.,0.,-1.));
#8717=DIRECTION('',(-1.,0.,0.));
#8718=DIRECTION('',(0.,0.,-1.));
#8719=DIRECTION('',(-1.,0.,0.));
#8720=DIRECTION('',(0.642787609686541,-0.766044443118977,-2.23011751318052E-15));
#8721=DIRECTION('',(0.766044443118976,0.64278760968654,0.));
#8722=DIRECTION('',(0.64278760968654,-0.766044443118978,1.32887527912007E-15));
#8723=DIRECTION('',(0.766044443118978,0.64278760968654,0.));
#8724=DIRECTION('',(0.64278760968654,-0.766044443118978,0.));
#8725=DIRECTION('',(0.766044443118978,0.64278760968654,0.));
#8726=DIRECTION('',(0.,0.,-1.));
#8727=DIRECTION('',(-1.,0.,0.));
#8728=DIRECTION('',(-0.766044443118978,-0.64278760968654,0.));
#8729=DIRECTION('',(0.642787609686541,-0.766044443118978,0.));
#8730=DIRECTION('',(0.,0.,-1.));
#8731=DIRECTION('',(-0.999999999999999,0.,0.));
#8732=DIRECTION('',(0.,0.,-1.));
#8733=DIRECTION('',(-1.,0.,0.));
#8734=DIRECTION('',(-0.64278760968654,0.766044443118978,3.55899279230058E-15));
#8735=DIRECTION('',(-0.766044443118978,-0.64278760968654,0.));
#8736=DIRECTION('',(-0.766044443118978,-0.64278760968654,0.));
#8737=DIRECTION('',(0.642787609686541,-0.766044443118978,0.));
#8738=DIRECTION('',(-0.642787609686541,0.766044443118977,-2.23011751318052E-15));
#8739=DIRECTION('',(-0.766044443118976,-0.64278760968654,0.));
#8740=DIRECTION('',(-0.64278760968654,0.766044443118978,0.));
#8741=DIRECTION('',(-0.766044443118978,-0.64278760968654,0.));
#8742=DIRECTION('',(0.642787609686542,-0.766044443118976,7.70371977754894E-34));
#8743=DIRECTION('',(9.91270557701032E-17,-9.91270557701032E-17,1.));
#8744=DIRECTION('',(-0.454519477672045,0.5416752204197,-0.707106781186548));
#8745=DIRECTION('',(0.642787609686542,-0.766044443118976,0.));
#8746=DIRECTION('',(-0.642787609686542,0.766044443118976,-7.70371977754894E-34));
#8747=DIRECTION('',(9.35959765319895E-18,7.85363493876703E-18,1.));
#8748=DIRECTION('',(0.642787609686542,-0.766044443118976,7.70371977754894E-34));
#8749=DIRECTION('',(9.35959765319895E-18,7.85363493876703E-18,1.));
#8750=DIRECTION('',(-0.642787609686542,0.766044443118976,-7.70371977754894E-34));
#8751=DIRECTION('',(9.35959765319895E-18,7.85363493876703E-18,1.));
#8752=DIRECTION('',(0.642787609686542,-0.766044443118976,7.70371977754894E-34));
#8753=DIRECTION('',(9.35959765319895E-18,7.85363493876703E-18,1.));
#8754=DIRECTION('',(0.766044443118976,0.642787609686542,-1.22180870017032E-17));
#8755=DIRECTION('',(-0.642787609686542,0.766044443118976,0.));
#8756=DIRECTION('',(0.454519477672045,-0.5416752204197,0.707106781186548));
#8757=DIRECTION('',(-9.91270557701032E-17,9.91270557701032E-17,-1.));
#8758=DIRECTION('',(-0.642787609686542,0.766044443118976,-7.70371977754894E-34));
#8759=DIRECTION('',(-9.35959765319895E-18,-7.85363493876703E-18,-1.));
#8760=DIRECTION('',(-0.642787609686542,0.766044443118976,-7.70371977754894E-34));
#8761=DIRECTION('',(-9.35959765319895E-18,-7.85363493876703E-18,-1.));
#8762=DIRECTION('',(0.642787609686542,-0.766044443118976,7.70371977754894E-34));
#8763=DIRECTION('',(-9.35959765319895E-18,-7.85363493876703E-18,-1.));
#8764=DIRECTION('',(-0.642787609686542,0.766044443118976,-7.70371977754894E-34));
#8765=DIRECTION('',(-9.35959765319895E-18,-7.85363493876703E-18,-1.));
#8766=DIRECTION('',(0.642787609686542,-0.766044443118976,7.70371977754894E-34));
#8767=DIRECTION('',(0.642787609686542,-0.766044443118976,0.));
#8768=DIRECTION('',(0.766044443118976,0.642787609686542,-1.22180870017032E-17));
#8769=DIRECTION('',(-0.642787609686542,0.766044443118976,0.));
#8770=DIRECTION('',(-0.766044443118976,-0.642787609686542,0.));
#8771=DIRECTION('',(9.91270557701032E-17,-9.91270557701032E-17,1.));
#8772=DIRECTION('',(-0.766044443118976,-0.642787609686542,-1.23259516440783E-31));
#8773=DIRECTION('',(-9.91270557701032E-17,9.91270557701032E-17,-1.));
#8774=DIRECTION('',(0.642787609686542,-0.766044443118976,-1.39653373469162E-16));
#8775=DIRECTION('',(0.766044443118976,0.642787609686542,0.));
#8776=DIRECTION('',(0.766044443118976,0.642787609686542,1.29422492262822E-31));
#8777=DIRECTION('',(-9.91433810125437E-32,-8.31911744412945E-32,1.));
#8778=DIRECTION('',(-1.,0.,0.));
#8779=DIRECTION('',(-9.91433810125437E-32,-8.31911744412945E-32,1.));
#8780=DIRECTION('',(-0.999999999999999,0.,0.));
#8781=DIRECTION('',(9.91433810125437E-32,8.31911744412945E-32,-1.));
#8782=DIRECTION('',(-1.,0.,0.));
#8783=DIRECTION('',(-0.454519477672046,0.541675220419701,0.707106781186547));
#8784=DIRECTION('',(0.454519477672045,-0.5416752204197,0.707106781186548));
#8785=DIRECTION('',(-0.454519477672046,0.541675220419701,0.707106781186547));
#8786=DIRECTION('',(-0.454519477672045,0.5416752204197,-0.707106781186548));
#8787=DIRECTION('',(0.454519477672046,-0.541675220419701,-0.707106781186547));
#8788=DIRECTION('',(-0.766044443118976,-0.642787609686542,0.));
#8789=DIRECTION('',(0.397707621369259,0.917512205861484,0.));
#8790=DIRECTION('',(-0.917512205861484,0.397707621369259,0.));
#8791=DIRECTION('',(0.642787609686543,-0.766044443118975,-2.65775055824013E-15));
#8792=DIRECTION('',(-0.766044443118976,-0.642787609686543,0.));
#8793=DIRECTION('',(-0.642787609686542,0.766044443118976,0.));
#8794=DIRECTION('',(-0.766044443118976,-0.642787609686543,0.));
#8795=DIRECTION('',(0.,0.,1.));
#8796=DIRECTION('',(-1.,0.,0.));
#8797=DIRECTION('',(0.766044443118976,0.642787609686543,0.));
#8798=DIRECTION('',(-0.642787609686543,0.766044443118976,0.));
#8799=DIRECTION('',(0.,0.,1.));
#8800=DIRECTION('',(-1.,0.,0.));
#8801=DIRECTION('',(0.,0.,-1.));
#8802=DIRECTION('',(-1.,0.,0.));
#8803=DIRECTION('',(0.642787609686542,-0.766044443118975,0.));
#8804=DIRECTION('',(-0.766044443118976,-0.642787609686543,0.));
#8805=DIRECTION('',(0.642787609686541,-0.766044443118976,2.13816522529807E-16));
#8806=DIRECTION('',(-0.766044443118978,-0.642787609686541,0.));
#8807=DIRECTION('',(-0.642787609686542,0.766044443118976,0.));
#8808=DIRECTION('',(-0.766044443118976,-0.642787609686541,0.));
#8809=DIRECTION('',(0.,0.,1.));
#8810=DIRECTION('',(-0.999999999999999,0.,0.));
#8811=DIRECTION('',(0.766044443118976,0.642787609686541,0.));
#8812=DIRECTION('',(-0.642787609686541,0.766044443118976,0.));
#8813=DIRECTION('',(0.,0.,1.));
#8814=DIRECTION('',(-1.,0.,0.));
#8815=DIRECTION('',(0.,0.,-1.));
#8816=DIRECTION('',(-0.999999999999999,0.,0.));
#8817=DIRECTION('',(-0.642787609686541,0.766044443118976,0.));
#8818=DIRECTION('',(0.766044443118976,0.642787609686541,0.));
#8819=DIRECTION('',(0.766044443118976,0.642787609686541,0.));
#8820=DIRECTION('',(-0.642787609686541,0.766044443118976,0.));
#8821=DIRECTION('',(-0.642787609686542,0.766044443118975,0.));
#8822=DIRECTION('',(0.766044443118976,0.642787609686543,0.));
#8823=DIRECTION('',(0.642787609686542,-0.766044443118976,0.));
#8824=DIRECTION('',(0.766044443118976,0.642787609686541,0.));
#8825=DIRECTION('',(0.,0.,1.));
#8826=DIRECTION('',(-1.,0.,0.));
#8827=DIRECTION('',(0.,0.,1.));
#8828=DIRECTION('',(-1.,0.,0.));
#8829=DIRECTION('',(0.,0.,-1.));
#8830=DIRECTION('',(-1.,0.,0.));
#8831=DIRECTION('',(0.642787609686542,-0.766044443118975,0.));
#8832=DIRECTION('',(-0.766044443118976,-0.642787609686543,0.));
#8833=DIRECTION('',(0.642787609686541,-0.766044443118976,2.13816522529807E-16));
#8834=DIRECTION('',(-0.766044443118978,-0.642787609686541,0.));
#8835=DIRECTION('',(-0.642787609686542,0.766044443118976,0.));
#8836=DIRECTION('',(-0.766044443118976,-0.642787609686541,0.));
#8837=DIRECTION('',(0.,0.,1.));
#8838=DIRECTION('',(-0.999999999999999,0.,0.));
#8839=DIRECTION('',(0.766044443118976,0.642787609686541,0.));
#8840=DIRECTION('',(-0.642787609686541,0.766044443118976,0.));
#8841=DIRECTION('',(0.,0.,1.));
#8842=DIRECTION('',(-1.,0.,0.));
#8843=DIRECTION('',(0.,0.,-1.));
#8844=DIRECTION('',(-0.999999999999999,0.,0.));
#8845=DIRECTION('',(-0.642787609686541,0.766044443118976,0.));
#8846=DIRECTION('',(0.766044443118976,0.642787609686541,0.));
#8847=DIRECTION('',(0.766044443118976,0.642787609686541,0.));
#8848=DIRECTION('',(-0.642787609686541,0.766044443118976,0.));
#8849=DIRECTION('',(-0.642787609686542,0.766044443118975,0.));
#8850=DIRECTION('',(0.766044443118976,0.642787609686543,0.));
#8851=DIRECTION('',(0.642787609686542,-0.766044443118976,0.));
#8852=DIRECTION('',(0.766044443118976,0.642787609686541,0.));
#8853=DIRECTION('',(-0.972634337510742,-0.232341226421483,0.));
#8854=DIRECTION('',(0.232341226421483,-0.972634337510743,0.));
#8855=DIRECTION('',(0.642787609686545,-0.766044443118973,0.));
#8856=DIRECTION('',(-0.766044443118972,-0.642787609686547,0.));
#8857=DIRECTION('',(0.642787609686542,-0.766044443118976,0.));
#8858=DIRECTION('',(0.766044443118976,0.642787609686542,0.));
#8859=DIRECTION('',(0.,0.,1.));
#8860=DIRECTION('',(-1.,0.,0.));
#8861=DIRECTION('',(0.766044443118976,0.642787609686543,0.));
#8862=DIRECTION('',(-0.642787609686541,0.766044443118976,0.));
#8863=DIRECTION('',(0.,0.,1.));
#8864=DIRECTION('',(-0.999999999999999,0.,0.));
#8865=DIRECTION('',(0.,0.,-1.));
#8866=DIRECTION('',(-1.,0.,0.));
#8867=DIRECTION('',(0.642787609686541,-0.766044443118977,0.));
#8868=DIRECTION('',(-0.766044443118978,-0.64278760968654,0.));
#8869=DIRECTION('',(0.642787609686543,-0.766044443118975,0.));
#8870=DIRECTION('',(-0.766044443118974,-0.642787609686543,0.));
#8871=DIRECTION('',(0.642787609686542,-0.766044443118976,0.));
#8872=DIRECTION('',(0.766044443118976,0.642787609686542,0.));
#8873=DIRECTION('',(0.,0.,1.));
#8874=DIRECTION('',(-0.999999999999999,0.,0.));
#8875=DIRECTION('',(0.766044443118976,0.642787609686543,0.));
#8876=DIRECTION('',(-0.642787609686541,0.766044443118976,0.));
#8877=DIRECTION('',(0.,0.,1.));
#8878=DIRECTION('',(-1.,0.,0.));
#8879=DIRECTION('',(0.,0.,-1.));
#8880=DIRECTION('',(-0.999999999999999,0.,0.));
#8881=DIRECTION('',(-0.642787609686541,0.766044443118976,0.));
#8882=DIRECTION('',(0.766044443118976,0.642787609686543,0.));
#8883=DIRECTION('',(0.766044443118976,0.642787609686543,0.));
#8884=DIRECTION('',(-0.642787609686541,0.766044443118976,0.));
#8885=DIRECTION('',(-0.642787609686544,0.766044443118974,0.));
#8886=DIRECTION('',(0.766044443118974,0.642787609686543,0.));
#8887=DIRECTION('',(-0.642787609686542,0.766044443118976,0.));
#8888=DIRECTION('',(-0.766044443118976,-0.642787609686542,0.));
#8889=DIRECTION('',(0.,0.,1.));
#8890=DIRECTION('',(-1.,0.,0.));
#8891=DIRECTION('',(0.,0.,1.));
#8892=DIRECTION('',(-0.999999999999999,0.,0.));
#8893=DIRECTION('',(0.,0.,-1.));
#8894=DIRECTION('',(-1.,0.,0.));
#8895=DIRECTION('',(0.642787609686543,-0.766044443118975,-1.11505875659026E-15));
#8896=DIRECTION('',(-0.766044443118974,-0.642787609686543,0.));
#8897=DIRECTION('',(0.642787609686544,-0.766044443118974,0.));
#8898=DIRECTION('',(-0.766044443118974,-0.642787609686543,0.));
#8899=DIRECTION('',(0.642787609686542,-0.766044443118976,0.));
#8900=DIRECTION('',(0.766044443118976,0.642787609686542,0.));
#8901=DIRECTION('',(0.,0.,1.));
#8902=DIRECTION('',(-0.999999999999999,0.,0.));
#8903=DIRECTION('',(0.766044443118976,0.642787609686543,0.));
#8904=DIRECTION('',(-0.642787609686541,0.766044443118976,0.));
#8905=DIRECTION('',(0.,0.,1.));
#8906=DIRECTION('',(-1.,0.,0.));
#8907=DIRECTION('',(0.,0.,-1.));
#8908=DIRECTION('',(-0.999999999999999,0.,0.));
#8909=DIRECTION('',(-0.642787609686541,0.766044443118976,0.));
#8910=DIRECTION('',(0.766044443118976,0.642787609686543,0.));
#8911=DIRECTION('',(0.766044443118976,0.642787609686543,0.));
#8912=DIRECTION('',(-0.642787609686541,0.766044443118976,0.));
#8913=DIRECTION('',(-0.642787609686544,0.766044443118974,0.));
#8914=DIRECTION('',(0.766044443118974,0.642787609686543,0.));
#8915=DIRECTION('',(-0.642787609686542,0.766044443118976,0.));
#8916=DIRECTION('',(-0.766044443118976,-0.642787609686542,0.));
#8917=DIRECTION('',(0.232341226421483,-0.972634337510742,0.));
#8918=DIRECTION('',(-0.972634337510743,-0.232341226421483,0.));
#8919=DIRECTION('',(0.917512205861484,-0.397707621369258,0.));
#8920=DIRECTION('',(-0.397707621369258,-0.917512205861484,0.));
#8921=DIRECTION('',(-0.766044443118976,-0.642787609686542,0.));
#8922=DIRECTION('',(0.642787609686543,-0.766044443118976,0.));
#8923=DIRECTION('',(-0.917512205861483,0.397707621369261,0.));
#8924=DIRECTION('',(0.397707621369261,0.917512205861483,0.));
#8925=DIRECTION('',(-0.23234122642148,0.972634337510744,0.));
#8926=DIRECTION('',(0.972634337510743,0.23234122642148,0.));
#8927=DIRECTION('',(0.766044443118978,0.64278760968654,0.));
#8928=DIRECTION('',(-0.642787609686543,0.766044443118978,0.));
#8929=DIRECTION('',(0.,0.,-1.));
#8930=DIRECTION('',(-1.,0.,0.));
#8931=DIRECTION('',(9.91270557701032E-17,-9.91270557701032E-17,1.));
#8932=DIRECTION('',(0.,-1.,0.));
#8933=DIRECTION('',(0.,0.,-1.));
#8934=DIRECTION('',(-1.,0.,0.));
#8935=DIRECTION('',(-9.91270557701032E-17,9.91270557701032E-17,-1.));
#8936=DIRECTION('',(0.,1.,9.91270557701029E-17));
#8937=DIRECTION('',(0.,0.,-1.));
#8938=DIRECTION('',(-1.,0.,0.));
#8939=DIRECTION('',(0.,0.,1.));
#8940=DIRECTION('',(1.,0.,0.));
#8941=DIRECTION('',(0.,0.,-1.));
#8942=DIRECTION('',(-1.,0.,0.));
#8943=DIRECTION('',(0.,0.,-1.));
#8944=DIRECTION('',(-1.,0.,0.));
#8945=CARTESIAN_POINT('',(0.,0.,0.));
#8946=CARTESIAN_POINT('',(0.,0.,12.));
#8947=CARTESIAN_POINT('',(6.8763077138146,-10.4386968643089,12.));
#8948=CARTESIAN_POINT('',(-9.08605129973475,8.58450183636698,12.));
#8949=CARTESIAN_POINT('',(-9.08605129973475,8.58450183636698,0.));
#8950=CARTESIAN_POINT('',(-9.08605129973475,8.58450183636698,5.));
#8951=CARTESIAN_POINT('',(0.,0.,5.));
#8952=CARTESIAN_POINT('',(6.8763077138146,-10.4386968643089,5.));
#8953=CARTESIAN_POINT('',(6.8763077138146,-10.4386968643089,0.));
#8954=CARTESIAN_POINT('',(0.,0.,0.));
#8955=CARTESIAN_POINT('',(0.,0.,12.5));
#8956=CARTESIAN_POINT('',(5.20608442058527,-8.53795555187184,12.5));
#8957=CARTESIAN_POINT('',(-7.50421774994222,6.6095927228122,12.5));
#8958=CARTESIAN_POINT('',(4.01563222490325,-7.11922987085612,12.5));
#8959=CARTESIAN_POINT('',(-8.80201938946755,8.15625248919116,12.5));
#8960=CARTESIAN_POINT('',(0.,0.,12.5));
#8961=CARTESIAN_POINT('',(6.50388606011059,-10.0846153182508,12.5));
#8962=CARTESIAN_POINT('',(5.24658929898054,-8.586227386217,12.5));
#8963=CARTESIAN_POINT('',(12.5,0.,12.5));
#8964=CARTESIAN_POINT('',(0.,0.,15.));
#8965=CARTESIAN_POINT('',(4.945780199556,-8.11105777427825,15.));
#8966=CARTESIAN_POINT('',(-7.12900686244511,6.27911308667159,15.));
#8967=CARTESIAN_POINT('',(-7.12900686244511,6.2791130866716,0.));
#8968=CARTESIAN_POINT('',(-7.12900686244511,6.27911308667159,13.));
#8969=CARTESIAN_POINT('',(0.,0.,13.));
#8970=CARTESIAN_POINT('',(4.945780199556,-8.11105777427825,13.));
#8971=CARTESIAN_POINT('',(4.945780199556,-8.11105777427825,0.));
#8972=CARTESIAN_POINT('',(0.,0.,0.));
#8973=CARTESIAN_POINT('',(0.,0.,15.5));
#8974=CARTESIAN_POINT('',(6.5038860601106,-10.0846153182508,15.5));
#8975=CARTESIAN_POINT('',(-8.80201938946755,8.15625248919117,15.5));
#8976=CARTESIAN_POINT('',(2.77610449140364,-5.64201824133781,15.5));
#8977=CARTESIAN_POINT('',(-7.50421774994222,6.60959272281221,15.5));
#8978=CARTESIAN_POINT('',(0.,0.,15.5));
#8979=CARTESIAN_POINT('',(5.20608442058527,-8.53795555187184,15.5));
#8980=CARTESIAN_POINT('',(6.53755517438806,-10.1247406061504,15.5));
#8981=CARTESIAN_POINT('',(9.49999999999999,0.,15.5));
#8982=CARTESIAN_POINT('',(0.,0.,18.));
#8983=CARTESIAN_POINT('',(6.8763077138146,-10.438696864309,18.));
#8984=CARTESIAN_POINT('',(-9.08605129973475,8.58450183636699,18.));
#8985=CARTESIAN_POINT('',(-9.08605129973475,8.58450183636699,0.));
#8986=CARTESIAN_POINT('',(-9.08605129973476,8.58450183636699,16.));
#8987=CARTESIAN_POINT('',(0.,0.,16.));
#8988=CARTESIAN_POINT('',(6.8763077138146,-10.438696864309,16.));
#8989=CARTESIAN_POINT('',(6.87630771381461,-10.438696864309,0.));
#8990=CARTESIAN_POINT('',(0.,0.,0.));
#8991=CARTESIAN_POINT('',(0.,0.,18.5));
#8992=CARTESIAN_POINT('',(5.20608442058527,-8.53795555187184,18.5));
#8993=CARTESIAN_POINT('',(-7.50421774994222,6.6095927228122,18.5));
#8994=CARTESIAN_POINT('',(4.01563222490325,-7.11922987085612,18.5));
#8995=CARTESIAN_POINT('',(-8.80201938946755,8.15625248919117,18.5));
#8996=CARTESIAN_POINT('',(0.,0.,18.5));
#8997=CARTESIAN_POINT('',(6.5038860601106,-10.0846153182508,18.5));
#8998=CARTESIAN_POINT('',(5.24658929898054,-8.586227386217,18.5));
#8999=CARTESIAN_POINT('',(12.5,0.,18.5));
#9000=CARTESIAN_POINT('',(0.,0.,21.));
#9001=CARTESIAN_POINT('',(4.945780199556,-8.11105777427825,21.));
#9002=CARTESIAN_POINT('',(-7.12900686244511,6.27911308667159,21.));
#9003=CARTESIAN_POINT('',(-7.12900686244511,6.2791130866716,0.));
#9004=CARTESIAN_POINT('',(-7.12900686244511,6.27911308667159,19.));
#9005=CARTESIAN_POINT('',(0.,0.,19.));
#9006=CARTESIAN_POINT('',(4.945780199556,-8.11105777427825,19.));
#9007=CARTESIAN_POINT('',(4.945780199556,-8.11105777427825,0.));
#9008=CARTESIAN_POINT('',(0.,0.,0.));
#9009=CARTESIAN_POINT('',(0.,0.,21.5));
#9010=CARTESIAN_POINT('',(6.5038860601106,-10.0846153182508,21.5));
#9011=CARTESIAN_POINT('',(-8.80201938946755,8.15625248919117,21.5));
#9012=CARTESIAN_POINT('',(2.77610449140364,-5.64201824133781,21.5));
#9013=CARTESIAN_POINT('',(-7.50421774994222,6.60959272281221,21.5));
#9014=CARTESIAN_POINT('',(0.,0.,21.5));
#9015=CARTESIAN_POINT('',(5.20608442058527,-8.53795555187184,21.5));
#9016=CARTESIAN_POINT('',(6.53755517438806,-10.1247406061504,21.5));
#9017=CARTESIAN_POINT('',(9.49999999999999,0.,21.5));
#9018=CARTESIAN_POINT('',(-9.44949335172414,8.92788190982166,5.));
#9019=CARTESIAN_POINT('',(-9.44949335172414,8.92788190982166,4.5));
#9020=CARTESIAN_POINT('',(0.,0.,4.5));
#9021=CARTESIAN_POINT('',(7.15136002236719,-10.8562447388813,4.5));
#9022=CARTESIAN_POINT('',(7.15136002236719,-10.8562447388813,5.));
#9023=CARTESIAN_POINT('',(0.,0.,5.));
#9024=CARTESIAN_POINT('',(0.,0.,22.));
#9025=CARTESIAN_POINT('',(-9.08605129973476,8.58450183636699,22.));
#9026=CARTESIAN_POINT('',(6.87630771381461,-10.438696864309,22.));
#9027=CARTESIAN_POINT('',(-9.08605129973476,8.58450183636699,22.));
#9028=CARTESIAN_POINT('',(-9.08605129973476,8.58450183636699,21.96432521709));
#9029=CARTESIAN_POINT('',(-9.08383375751118,8.58121955200261,21.9284389516157));
#9030=CARTESIAN_POINT('',(-9.07948770978517,8.57477944988017,21.8936204638615));
#9031=CARTESIAN_POINT('',(-9.0726383320547,8.56462983928216,21.8387464749716));
#9032=CARTESIAN_POINT('',(-9.06024686428682,8.5462605436432,21.7852736923342));
#9033=CARTESIAN_POINT('',(-9.04349834281956,8.52133544763315,21.737741494354));
#9034=CARTESIAN_POINT('',(-9.02653394467344,8.49608908464097,21.6895966397247));
#9035=CARTESIAN_POINT('',(-9.00462749990696,8.46340886695872,21.6461674277931));
#9036=CARTESIAN_POINT('',(-8.97979544792083,8.4261596094661,21.6109685828337));
#9037=CARTESIAN_POINT('',(-8.95468489203605,8.38849258289667,21.5753749652009));
#9038=CARTESIAN_POINT('',(-8.92589300448261,8.34511229149932,21.5471845845207));
#9039=CARTESIAN_POINT('',(-8.89591188702289,8.29963420574525,21.5284996484591));
#9040=CARTESIAN_POINT('',(-8.86576043854847,8.25389774641643,21.5097085581114));
#9041=CARTESIAN_POINT('',(-8.8335938451055,8.20480238501663,21.5));
#9042=CARTESIAN_POINT('',(-8.80201938946755,8.15625248919117,21.5));
#9043=CARTESIAN_POINT('',(6.5038860601106,-10.0846153182508,21.5));
#9044=CARTESIAN_POINT('',(6.5462155272451,-10.1241406878962,21.5));
#9045=CARTESIAN_POINT('',(6.58897934945543,-10.1643439185458,21.5097085581114));
#9046=CARTESIAN_POINT('',(6.62878522511617,-10.2019793515834,21.5284996484591));
#9047=CARTESIAN_POINT('',(6.66836623014764,-10.2394021752166,21.5471845845207));
#9048=CARTESIAN_POINT('',(6.70608781863843,-10.2752895578509,21.5753749652009));
#9049=CARTESIAN_POINT('',(6.73882219616732,-10.3065594384906,21.6109685828337));
#9050=CARTESIAN_POINT('',(6.77119351316488,-10.3374825014928,21.6461674277931));
#9051=CARTESIAN_POINT('',(6.79957323069563,-10.364730998386,21.6895966397247));
#9052=CARTESIAN_POINT('',(6.8214902078824,-10.3858216541318,21.737741494354));
#9053=CARTESIAN_POINT('',(6.84312828544627,-10.4066439254246,21.7852736923342));
#9054=CARTESIAN_POINT('',(6.85906675441238,-10.4220369336663,21.8387464749716));
#9055=CARTESIAN_POINT('',(6.8678727876583,-10.430544715343,21.8936204638615));
#9056=CARTESIAN_POINT('',(6.87346036689099,-10.4359430488361,21.9284389516157));
#9057=CARTESIAN_POINT('',(6.87630771381461,-10.438696864309,21.96432521709));
#9058=CARTESIAN_POINT('',(6.87630771381461,-10.438696864309,22.));
#9059=CARTESIAN_POINT('',(0.,0.,22.));
#9060=CARTESIAN_POINT('',(-7.50421774994222,6.6095927228122,19.));
#9061=CARTESIAN_POINT('',(5.20608442058527,-8.53795555187184,19.));
#9062=CARTESIAN_POINT('',(0.,0.,19.));
#9063=CARTESIAN_POINT('',(-7.50421774994222,6.6095927228122,21.));
#9064=CARTESIAN_POINT('',(5.20608442058527,-8.53795555187184,21.));
#9065=CARTESIAN_POINT('',(0.,0.,21.));
#9066=CARTESIAN_POINT('',(-7.50421774994222,6.6095927228122,15.));
#9067=CARTESIAN_POINT('',(5.20608442058527,-8.53795555187184,15.));
#9068=CARTESIAN_POINT('',(0.,0.,15.));
#9069=CARTESIAN_POINT('',(-7.50421774994222,6.6095927228122,13.));
#9070=CARTESIAN_POINT('',(5.20608442058527,-8.53795555187184,13.));
#9071=CARTESIAN_POINT('',(0.,0.,13.));
#9072=CARTESIAN_POINT('',(-9.08605129973476,8.58450183636699,16.));
#9073=CARTESIAN_POINT('',(-9.08605129973476,8.58450183636699,15.9442935788198));
#9074=CARTESIAN_POINT('',(-9.08054640137839,8.576357754804,15.887798519596));
#9075=CARTESIAN_POINT('',(-9.07006513341912,8.56080905873331,15.8353429533215));
#9076=CARTESIAN_POINT('',(-9.05954457473234,8.54520207586154,15.7826907488761));
#9077=CARTESIAN_POINT('',(-9.04372326452561,8.52170540667599,15.7326229231901));
#9078=CARTESIAN_POINT('',(-9.0240701877933,8.49238831646809,15.6892549684412));
#9079=CARTESIAN_POINT('',(-9.00423351875874,8.46279735605863,15.6454818851334));
#9080=CARTESIAN_POINT('',(-8.97995681491592,8.42647078608634,15.6073114123625));
#9081=CARTESIAN_POINT('',(-8.95337631968124,8.38646199423487,15.5776807686591));
#9082=CARTESIAN_POINT('',(-8.9264396349349,8.34591706820284,15.5476530622066));
#9083=CARTESIAN_POINT('',(-8.89641582044852,8.30049906860308,15.5255634205426));
#9084=CARTESIAN_POINT('',(-8.86579883166993,8.25385981625425,15.512972975541));
#9085=CARTESIAN_POINT('',(-8.84486478987547,8.22197072144506,15.504364392124));
#9086=CARTESIAN_POINT('',(-8.82333962331413,8.18903516465817,15.5));
#9087=CARTESIAN_POINT('',(-8.80201938946755,8.15625248919117,15.5));
#9088=CARTESIAN_POINT('',(6.5038860601106,-10.0846153182508,15.5));
#9089=CARTESIAN_POINT('',(6.54621552724509,-10.1241406878962,15.5));
#9090=CARTESIAN_POINT('',(6.58897934945542,-10.1643439185458,15.5097085581114));
#9091=CARTESIAN_POINT('',(6.62878522511617,-10.2019793515834,15.5284996484591));
#9092=CARTESIAN_POINT('',(6.66836623014763,-10.2394021752166,15.5471845845207));
#9093=CARTESIAN_POINT('',(6.70608781863842,-10.2752895578509,15.5753749652009));
#9094=CARTESIAN_POINT('',(6.73882219616732,-10.3065594384906,15.6109685828337));
#9095=CARTESIAN_POINT('',(6.77119351316488,-10.3374825014928,15.6461674277931));
#9096=CARTESIAN_POINT('',(6.79957323069563,-10.364730998386,15.6895966397247));
#9097=CARTESIAN_POINT('',(6.8214902078824,-10.3858216541318,15.737741494354));
#9098=CARTESIAN_POINT('',(6.84312828544626,-10.4066439254246,15.7852736923342));
#9099=CARTESIAN_POINT('',(6.85906675441237,-10.4220369336663,15.8387464749716));
#9100=CARTESIAN_POINT('',(6.8678727876583,-10.430544715343,15.8936204638615));
#9101=CARTESIAN_POINT('',(6.87346036689099,-10.4359430488361,15.9284389516157));
#9102=CARTESIAN_POINT('',(6.8763077138146,-10.438696864309,15.96432521709));
#9103=CARTESIAN_POINT('',(6.8763077138146,-10.438696864309,16.));
#9104=CARTESIAN_POINT('',(0.,0.,16.));
#9105=CARTESIAN_POINT('',(-8.80201938946755,8.15625248919116,12.5));
#9106=CARTESIAN_POINT('',(-8.83359384510549,8.20480238501663,12.5));
#9107=CARTESIAN_POINT('',(-8.86576043854847,8.25389774641642,12.4902914418886));
#9108=CARTESIAN_POINT('',(-8.89591188702289,8.29963420574524,12.4715003515409));
#9109=CARTESIAN_POINT('',(-8.92589300448261,8.34511229149931,12.4528154154793));
#9110=CARTESIAN_POINT('',(-8.95468489203604,8.38849258289666,12.4246250347991));
#9111=CARTESIAN_POINT('',(-8.97979544792082,8.42615960946609,12.3890314171663));
#9112=CARTESIAN_POINT('',(-9.00462749990696,8.46340886695871,12.3538325722069));
#9113=CARTESIAN_POINT('',(-9.02653394467343,8.49608908464096,12.3104033602753));
#9114=CARTESIAN_POINT('',(-9.04349834281955,8.52133544763314,12.262258505646));
#9115=CARTESIAN_POINT('',(-9.06024686428681,8.54626054364319,12.2147263076659));
#9116=CARTESIAN_POINT('',(-9.07263833205469,8.56462983928215,12.1612535250284));
#9117=CARTESIAN_POINT('',(-9.07948770978516,8.57477944988016,12.1063795361385));
#9118=CARTESIAN_POINT('',(-9.08383375751117,8.5812195520026,12.0715610483843));
#9119=CARTESIAN_POINT('',(-9.08605129973475,8.58450183636698,12.03567478291));
#9120=CARTESIAN_POINT('',(-9.08605129973475,8.58450183636698,12.));
#9121=CARTESIAN_POINT('',(6.8763077138146,-10.4386968643089,12.));
#9122=CARTESIAN_POINT('',(6.8763077138146,-10.4386968643089,12.0557064211802));
#9123=CARTESIAN_POINT('',(6.86924327471803,-10.4318613928059,12.112201480404));
#9124=CARTESIAN_POINT('',(6.85575085135915,-10.4188393561204,12.1646570466785));
#9125=CARTESIAN_POINT('',(6.84220784946991,-10.4057685042251,12.2173092511239));
#9126=CARTESIAN_POINT('',(6.82181548917171,-10.3861074014854,12.2673770768099));
#9127=CARTESIAN_POINT('',(6.79635651239933,-10.3616620398598,12.3107450315588));
#9128=CARTESIAN_POINT('',(6.77065970659785,-10.3369883180501,12.3545181148666));
#9129=CARTESIAN_POINT('',(6.73910062423086,-10.3067723892115,12.3926885876375));
#9130=CARTESIAN_POINT('',(6.70431531038587,-10.2736482576298,12.4223192313409));
#9131=CARTESIAN_POINT('',(6.66906385910281,-10.2400802491321,12.4523469377934));
#9132=CARTESIAN_POINT('',(6.62954944164283,-10.2026258109871,12.4744365794574));
#9133=CARTESIAN_POINT('',(6.58893532864206,-10.1643751418859,12.487027024459));
#9134=CARTESIAN_POINT('',(6.56116585904623,-10.1382216520238,12.495635607876));
#9135=CARTESIAN_POINT('',(6.53246847332009,-10.1113043016928,12.5));
#9136=CARTESIAN_POINT('',(6.50388606011059,-10.0846153182508,12.5));
#9137=CARTESIAN_POINT('',(0.,0.,12.));
#9138=CARTESIAN_POINT('',(-8.80201938946755,8.15625248919117,18.5));
#9139=CARTESIAN_POINT('',(-8.8335938451055,8.20480238501663,18.5));
#9140=CARTESIAN_POINT('',(-8.86576043854847,8.25389774641643,18.4902914418886));
#9141=CARTESIAN_POINT('',(-8.89591188702289,8.29963420574525,18.4715003515409));
#9142=CARTESIAN_POINT('',(-8.92589300448261,8.34511229149932,18.4528154154793));
#9143=CARTESIAN_POINT('',(-8.95468489203604,8.38849258289666,18.4246250347991));
#9144=CARTESIAN_POINT('',(-8.97979544792083,8.42615960946609,18.3890314171663));
#9145=CARTESIAN_POINT('',(-9.00462749990696,8.46340886695871,18.3538325722069));
#9146=CARTESIAN_POINT('',(-9.02653394467343,8.49608908464096,18.3104033602753));
#9147=CARTESIAN_POINT('',(-9.04349834281956,8.52133544763315,18.262258505646));
#9148=CARTESIAN_POINT('',(-9.06024686428682,8.54626054364319,18.2147263076658));
#9149=CARTESIAN_POINT('',(-9.0726383320547,8.56462983928215,18.1612535250284));
#9150=CARTESIAN_POINT('',(-9.07948770978517,8.57477944988016,18.1063795361385));
#9151=CARTESIAN_POINT('',(-9.08383375751118,8.5812195520026,18.0715610483843));
#9152=CARTESIAN_POINT('',(-9.08605129973475,8.58450183636699,18.03567478291));
#9153=CARTESIAN_POINT('',(-9.08605129973475,8.58450183636699,18.));
#9154=CARTESIAN_POINT('',(6.8763077138146,-10.438696864309,18.));
#9155=CARTESIAN_POINT('',(6.8763077138146,-10.438696864309,18.0557064211802));
#9156=CARTESIAN_POINT('',(6.86924327471803,-10.4318613928059,18.112201480404));
#9157=CARTESIAN_POINT('',(6.85575085135915,-10.4188393561204,18.1646570466785));
#9158=CARTESIAN_POINT('',(6.84220784946991,-10.4057685042251,18.2173092511239));
#9159=CARTESIAN_POINT('',(6.82181548917171,-10.3861074014854,18.2673770768099));
#9160=CARTESIAN_POINT('',(6.79635651239933,-10.3616620398598,18.3107450315588));
#9161=CARTESIAN_POINT('',(6.77065970659785,-10.3369883180501,18.3545181148666));
#9162=CARTESIAN_POINT('',(6.73910062423086,-10.3067723892115,18.3926885876375));
#9163=CARTESIAN_POINT('',(6.70431531038587,-10.2736482576298,18.4223192313409));
#9164=CARTESIAN_POINT('',(6.66906385910281,-10.2400802491321,18.4523469377934));
#9165=CARTESIAN_POINT('',(6.62954944164284,-10.2026258109871,18.4744365794574));
#9166=CARTESIAN_POINT('',(6.58893532864207,-10.1643751418859,18.487027024459));
#9167=CARTESIAN_POINT('',(6.56116585904624,-10.1382216520238,18.495635607876));
#9168=CARTESIAN_POINT('',(6.53246847332009,-10.1113043016929,18.5));
#9169=CARTESIAN_POINT('',(6.5038860601106,-10.0846153182508,18.5));
#9170=CARTESIAN_POINT('',(0.,0.,18.));
#9171=CARTESIAN_POINT('',(0.,0.,4.5));
#9172=CARTESIAN_POINT('',(17.5,0.,4.5));
#9173=CARTESIAN_POINT('',(6.28809973631922,-9.8274511916397,4.5));
#9174=CARTESIAN_POINT('',(-11.4336684196632,11.2925296753738,4.5));
#9175=CARTESIAN_POINT('',(0.278231844017634,21.1199808670135,4.5));
#9176=CARTESIAN_POINT('',(-9.13553509030622,13.2208925044334,4.5));
#9177=CARTESIAN_POINT('',(-7.18241298037729,10.8932522131505,4.5));
#9178=CARTESIAN_POINT('',(-7.15136002236721,10.8562447388813,4.5));
#9179=CARTESIAN_POINT('',(0.,0.,4.5));
#9180=CARTESIAN_POINT('',(9.44949335172412,-8.92788190982169,4.5));
#9181=CARTESIAN_POINT('',(8.58623306567611,-7.89908836258006,4.5));
#9182=CARTESIAN_POINT('',(11.4336684196631,-11.2925296753738,4.5));
#9183=CARTESIAN_POINT('',(9.13553509030617,-13.2208925044335,4.5));
#9184=CARTESIAN_POINT('',(9.13553509030617,-13.2208925044335,4.5));
#9185=CARTESIAN_POINT('',(7.18241298037726,-10.8932522131505,4.5));
#9186=CARTESIAN_POINT('',(18.,0.,4.5));
#9187=CARTESIAN_POINT('',(0.,0.,5.));
#9188=CARTESIAN_POINT('',(9.08605129973473,-8.58450183636701,5.));
#9189=CARTESIAN_POINT('',(-6.87630771381463,10.4386968643089,5.));
#9190=CARTESIAN_POINT('',(-6.87630771381463,10.4386968643089,0.));
#9191=CARTESIAN_POINT('',(-6.87630771381463,10.4386968643089,12.));
#9192=CARTESIAN_POINT('',(0.,0.,12.));
#9193=CARTESIAN_POINT('',(9.08605129973473,-8.58450183636701,12.));
#9194=CARTESIAN_POINT('',(9.08605129973473,-8.58450183636701,0.));
#9195=CARTESIAN_POINT('',(0.,0.,0.));
#9196=CARTESIAN_POINT('',(0.,0.,12.5));
#9197=CARTESIAN_POINT('',(8.80201938946753,-8.15625248919119,12.5));
#9198=CARTESIAN_POINT('',(-6.50388606011062,10.0846153182508,12.5));
#9199=CARTESIAN_POINT('',(-5.24658929898024,8.5862273862166,12.5));
#9200=CARTESIAN_POINT('',(-5.20608442058529,8.53795555187183,12.5));
#9201=CARTESIAN_POINT('',(0.,0.,12.5));
#9202=CARTESIAN_POINT('',(7.5042177499422,-6.60959272281222,12.5));
#9203=CARTESIAN_POINT('',(6.31376555426016,-5.19086704179648,12.5));
#9204=CARTESIAN_POINT('',(12.5,0.,12.5));
#9205=CARTESIAN_POINT('',(0.,0.,13.));
#9206=CARTESIAN_POINT('',(7.12900686244509,-6.27911308667161,13.));
#9207=CARTESIAN_POINT('',(-4.94578019955603,8.11105777427824,13.));
#9208=CARTESIAN_POINT('',(-4.94578019955603,8.11105777427824,0.));
#9209=CARTESIAN_POINT('',(-4.94578019955603,8.11105777427824,15.));
#9210=CARTESIAN_POINT('',(0.,0.,15.));
#9211=CARTESIAN_POINT('',(7.12900686244509,-6.27911308667161,15.));
#9212=CARTESIAN_POINT('',(7.12900686244509,-6.27911308667161,0.));
#9213=CARTESIAN_POINT('',(0.,0.,0.));
#9214=CARTESIAN_POINT('',(0.,0.,15.5));
#9215=CARTESIAN_POINT('',(7.5042177499422,-6.60959272281222,15.5));
#9216=CARTESIAN_POINT('',(-5.20608442058529,8.53795555187183,15.5));
#9217=CARTESIAN_POINT('',(-6.53755517438772,10.12474060615,15.5));
#9218=CARTESIAN_POINT('',(-6.50388606011062,10.0846153182508,15.5));
#9219=CARTESIAN_POINT('',(0.,0.,15.5));
#9220=CARTESIAN_POINT('',(8.80201938946753,-8.15625248919119,15.5));
#9221=CARTESIAN_POINT('',(5.07423782076055,-3.71365541227817,15.5));
#9222=CARTESIAN_POINT('',(9.49999999999999,0.,15.5));
#9223=CARTESIAN_POINT('',(0.,0.,16.));
#9224=CARTESIAN_POINT('',(9.08605129973473,-8.58450183636701,16.));
#9225=CARTESIAN_POINT('',(-6.87630771381463,10.4386968643089,16.));
#9226=CARTESIAN_POINT('',(-6.87630771381463,10.4386968643089,0.));
#9227=CARTESIAN_POINT('',(-6.87630771381463,10.4386968643089,18.));
#9228=CARTESIAN_POINT('',(0.,0.,18.));
#9229=CARTESIAN_POINT('',(9.08605129973473,-8.58450183636701,18.));
#9230=CARTESIAN_POINT('',(9.08605129973473,-8.58450183636701,0.));
#9231=CARTESIAN_POINT('',(0.,0.,0.));
#9232=CARTESIAN_POINT('',(0.,0.,18.5));
#9233=CARTESIAN_POINT('',(8.80201938946753,-8.15625248919119,18.5));
#9234=CARTESIAN_POINT('',(-6.50388606011062,10.0846153182508,18.5));
#9235=CARTESIAN_POINT('',(-5.24658929898056,8.58622738621698,18.5));
#9236=CARTESIAN_POINT('',(-5.20608442058529,8.53795555187183,18.5));
#9237=CARTESIAN_POINT('',(0.,0.,18.5));
#9238=CARTESIAN_POINT('',(7.5042177499422,-6.60959272281223,18.5));
#9239=CARTESIAN_POINT('',(6.31376555426016,-5.19086704179649,18.5));
#9240=CARTESIAN_POINT('',(12.5,0.,18.5));
#9241=CARTESIAN_POINT('',(0.,0.,19.));
#9242=CARTESIAN_POINT('',(7.12900686244509,-6.27911308667161,19.));
#9243=CARTESIAN_POINT('',(-4.94578019955603,8.11105777427824,19.));
#9244=CARTESIAN_POINT('',(-4.94578019955603,8.11105777427824,0.));
#9245=CARTESIAN_POINT('',(-4.94578019955603,8.11105777427824,21.));
#9246=CARTESIAN_POINT('',(0.,0.,21.));
#9247=CARTESIAN_POINT('',(7.12900686244509,-6.27911308667161,21.));
#9248=CARTESIAN_POINT('',(7.12900686244509,-6.27911308667161,0.));
#9249=CARTESIAN_POINT('',(0.,0.,0.));
#9250=CARTESIAN_POINT('',(0.,0.,21.5));
#9251=CARTESIAN_POINT('',(7.5042177499422,-6.60959272281222,21.5));
#9252=CARTESIAN_POINT('',(-5.20608442058529,8.53795555187183,21.5));
#9253=CARTESIAN_POINT('',(-6.53755517438809,10.1247406061504,21.5));
#9254=CARTESIAN_POINT('',(-6.50388606011062,10.0846153182508,21.5));
#9255=CARTESIAN_POINT('',(0.,0.,21.5));
#9256=CARTESIAN_POINT('',(8.80201938946753,-8.15625248919119,21.5));
#9257=CARTESIAN_POINT('',(5.07423782076055,-3.71365541227817,21.5));
#9258=CARTESIAN_POINT('',(9.49999999999999,0.,21.5));
#9259=CARTESIAN_POINT('',(-7.15136002236721,10.8562447388813,5.));
#9260=CARTESIAN_POINT('',(9.44949335172412,-8.92788190982169,5.));
#9261=CARTESIAN_POINT('',(0.,0.,5.));
#9262=CARTESIAN_POINT('',(-6.50388606011062,10.0846153182508,21.5));
#9263=CARTESIAN_POINT('',(-6.54621552724512,10.1241406878962,21.5));
#9264=CARTESIAN_POINT('',(-6.58897934945545,10.1643439185458,21.5097085581114));
#9265=CARTESIAN_POINT('',(-6.6287852251162,10.2019793515833,21.5284996484591));
#9266=CARTESIAN_POINT('',(-6.66836623014767,10.2394021752166,21.5471845845207));
#9267=CARTESIAN_POINT('',(-6.70608781863845,10.2752895578509,21.5753749652009));
#9268=CARTESIAN_POINT('',(-6.73882219616735,10.3065594384906,21.6109685828337));
#9269=CARTESIAN_POINT('',(-6.77119351316491,10.3374825014928,21.6461674277931));
#9270=CARTESIAN_POINT('',(-6.79957323069565,10.364730998386,21.6895966397247));
#9271=CARTESIAN_POINT('',(-6.82149020788243,10.3858216541318,21.737741494354));
#9272=CARTESIAN_POINT('',(-6.84312828544629,10.4066439254246,21.7852736923341));
#9273=CARTESIAN_POINT('',(-6.8590667544124,10.4220369336663,21.8387464749716));
#9274=CARTESIAN_POINT('',(-6.86787278765833,10.430544715343,21.8936204638615));
#9275=CARTESIAN_POINT('',(-6.87346036689102,10.4359430488361,21.9284389516157));
#9276=CARTESIAN_POINT('',(-6.87630771381463,10.4386968643089,21.96432521709));
#9277=CARTESIAN_POINT('',(-6.87630771381463,10.4386968643089,22.));
#9278=CARTESIAN_POINT('',(-6.87630771381463,10.4386968643089,22.));
#9279=CARTESIAN_POINT('',(0.,0.,22.));
#9280=CARTESIAN_POINT('',(9.08605129973473,-8.58450183636701,22.));
#9281=CARTESIAN_POINT('',(9.08605129973473,-8.58450183636701,22.));
#9282=CARTESIAN_POINT('',(9.08605129973473,-8.58450183636701,21.96432521709));
#9283=CARTESIAN_POINT('',(9.08383375751116,-8.58121955200263,21.9284389516157));
#9284=CARTESIAN_POINT('',(9.07948770978515,-8.57477944988019,21.8936204638615));
#9285=CARTESIAN_POINT('',(9.07263833205468,-8.56462983928218,21.8387464749716));
#9286=CARTESIAN_POINT('',(9.0602468642868,-8.54626054364322,21.7852736923342));
#9287=CARTESIAN_POINT('',(9.04349834281954,-8.52133544763318,21.737741494354));
#9288=CARTESIAN_POINT('',(9.02653394467341,-8.49608908464099,21.6895966397247));
#9289=CARTESIAN_POINT('',(9.00462749990694,-8.46340886695874,21.6461674277931));
#9290=CARTESIAN_POINT('',(8.97979544792081,-8.42615960946612,21.6109685828337));
#9291=CARTESIAN_POINT('',(8.95468489203602,-8.38849258289669,21.5753749652009));
#9292=CARTESIAN_POINT('',(8.92589300448259,-8.34511229149934,21.5471845845207));
#9293=CARTESIAN_POINT('',(8.89591188702287,-8.29963420574527,21.5284996484591));
#9294=CARTESIAN_POINT('',(8.86576043854845,-8.25389774641645,21.5097085581114));
#9295=CARTESIAN_POINT('',(8.83359384510548,-8.20480238501666,21.5));
#9296=CARTESIAN_POINT('',(8.80201938946753,-8.15625248919119,21.5));
#9297=CARTESIAN_POINT('',(0.,0.,22.));
#9298=CARTESIAN_POINT('',(-5.20608442058529,8.53795555187183,19.));
#9299=CARTESIAN_POINT('',(7.5042177499422,-6.60959272281222,19.));
#9300=CARTESIAN_POINT('',(0.,0.,19.));
#9301=CARTESIAN_POINT('',(-5.20608442058529,8.53795555187183,21.));
#9302=CARTESIAN_POINT('',(7.5042177499422,-6.60959272281222,21.));
#9303=CARTESIAN_POINT('',(0.,0.,21.));
#9304=CARTESIAN_POINT('',(-5.20608442058529,8.53795555187183,15.));
#9305=CARTESIAN_POINT('',(7.5042177499422,-6.60959272281222,15.));
#9306=CARTESIAN_POINT('',(0.,0.,15.));
#9307=CARTESIAN_POINT('',(-5.20608442058529,8.53795555187183,13.));
#9308=CARTESIAN_POINT('',(7.5042177499422,-6.60959272281222,13.));
#9309=CARTESIAN_POINT('',(0.,0.,13.));
#9310=CARTESIAN_POINT('',(-6.50388606011062,10.0846153182508,15.5));
#9311=CARTESIAN_POINT('',(-6.54621552724512,10.1241406878962,15.5));
#9312=CARTESIAN_POINT('',(-6.58897934945545,10.1643439185458,15.5097085581114));
#9313=CARTESIAN_POINT('',(-6.6287852251162,10.2019793515833,15.5284996484591));
#9314=CARTESIAN_POINT('',(-6.66836623014766,10.2394021752166,15.5471845845207));
#9315=CARTESIAN_POINT('',(-6.70608781863845,10.2752895578509,15.5753749652009));
#9316=CARTESIAN_POINT('',(-6.73882219616735,10.3065594384906,15.6109685828337));
#9317=CARTESIAN_POINT('',(-6.77119351316491,10.3374825014928,15.6461674277931));
#9318=CARTESIAN_POINT('',(-6.79957323069565,10.364730998386,15.6895966397247));
#9319=CARTESIAN_POINT('',(-6.82149020788243,10.3858216541318,15.737741494354));
#9320=CARTESIAN_POINT('',(-6.84312828544629,10.4066439254246,15.7852736923342));
#9321=CARTESIAN_POINT('',(-6.8590667544124,10.4220369336663,15.8387464749716));
#9322=CARTESIAN_POINT('',(-6.86787278765833,10.430544715343,15.8936204638615));
#9323=CARTESIAN_POINT('',(-6.87346036689102,10.4359430488361,15.9284389516157));
#9324=CARTESIAN_POINT('',(-6.87630771381463,10.4386968643089,15.96432521709));
#9325=CARTESIAN_POINT('',(-6.87630771381463,10.4386968643089,16.));
#9326=CARTESIAN_POINT('',(9.08605129973473,-8.58450183636701,16.));
#9327=CARTESIAN_POINT('',(9.08605129973473,-8.58450183636701,15.9442935788198));
#9328=CARTESIAN_POINT('',(9.08054640137837,-8.57635775480402,15.887798519596));
#9329=CARTESIAN_POINT('',(9.0700651334191,-8.56080905873333,15.8353429533215));
#9330=CARTESIAN_POINT('',(9.05954457473231,-8.54520207586157,15.7826907488761));
#9331=CARTESIAN_POINT('',(9.04372326452559,-8.52170540667601,15.7326229231901));
#9332=CARTESIAN_POINT('',(9.02407018779327,-8.49238831646812,15.6892549684412));
#9333=CARTESIAN_POINT('',(9.00423351875872,-8.46279735605865,15.6454818851334));
#9334=CARTESIAN_POINT('',(8.9799568149159,-8.42647078608636,15.6073114123625));
#9335=CARTESIAN_POINT('',(8.95337631968122,-8.38646199423489,15.5776807686591));
#9336=CARTESIAN_POINT('',(8.92643963493488,-8.34591706820287,15.5476530622066));
#9337=CARTESIAN_POINT('',(8.8964158204485,-8.30049906860311,15.5255634205426));
#9338=CARTESIAN_POINT('',(8.86579883166991,-8.25385981625428,15.512972975541));
#9339=CARTESIAN_POINT('',(8.84486478987545,-8.22197072144508,15.504364392124));
#9340=CARTESIAN_POINT('',(8.82333962331411,-8.1890351646582,15.5));
#9341=CARTESIAN_POINT('',(8.80201938946753,-8.15625248919119,15.5));
#9342=CARTESIAN_POINT('',(0.,0.,16.));
#9343=CARTESIAN_POINT('',(-6.87630771381463,10.4386968643089,12.));
#9344=CARTESIAN_POINT('',(-6.87630771381463,10.4386968643089,12.0557064211802));
#9345=CARTESIAN_POINT('',(-6.86924327471806,10.4318613928059,12.112201480404));
#9346=CARTESIAN_POINT('',(-6.85575085135917,10.4188393561204,12.1646570466785));
#9347=CARTESIAN_POINT('',(-6.84220784946993,10.4057685042251,12.2173092511239));
#9348=CARTESIAN_POINT('',(-6.82181548917173,10.3861074014854,12.2673770768099));
#9349=CARTESIAN_POINT('',(-6.79635651239936,10.3616620398597,12.3107450315588));
#9350=CARTESIAN_POINT('',(-6.77065970659787,10.3369883180501,12.3545181148666));
#9351=CARTESIAN_POINT('',(-6.73910062423088,10.3067723892115,12.3926885876375));
#9352=CARTESIAN_POINT('',(-6.7043153103859,10.2736482576298,12.4223192313409));
#9353=CARTESIAN_POINT('',(-6.66906385910284,10.2400802491321,12.4523469377934));
#9354=CARTESIAN_POINT('',(-6.62954944164286,10.2026258109871,12.4744365794574));
#9355=CARTESIAN_POINT('',(-6.58893532864209,10.1643751418859,12.487027024459));
#9356=CARTESIAN_POINT('',(-6.56116585904626,10.1382216520238,12.495635607876));
#9357=CARTESIAN_POINT('',(-6.53246847332012,10.1113043016928,12.5));
#9358=CARTESIAN_POINT('',(-6.50388606011062,10.0846153182508,12.5));
#9359=CARTESIAN_POINT('',(8.80201938946753,-8.15625248919119,12.5));
#9360=CARTESIAN_POINT('',(8.83359384510548,-8.20480238501665,12.5));
#9361=CARTESIAN_POINT('',(8.86576043854845,-8.25389774641645,12.4902914418886));
#9362=CARTESIAN_POINT('',(8.89591188702287,-8.29963420574527,12.4715003515409));
#9363=CARTESIAN_POINT('',(8.92589300448259,-8.34511229149934,12.4528154154793));
#9364=CARTESIAN_POINT('',(8.95468489203602,-8.38849258289668,12.4246250347991));
#9365=CARTESIAN_POINT('',(8.97979544792081,-8.42615960946611,12.3890314171663));
#9366=CARTESIAN_POINT('',(9.00462749990694,-8.46340886695873,12.3538325722069));
#9367=CARTESIAN_POINT('',(9.02653394467341,-8.49608908464098,12.3104033602753));
#9368=CARTESIAN_POINT('',(9.04349834281953,-8.52133544763317,12.262258505646));
#9369=CARTESIAN_POINT('',(9.06024686428679,-8.54626054364322,12.2147263076659));
#9370=CARTESIAN_POINT('',(9.07263833205467,-8.56462983928218,12.1612535250284));
#9371=CARTESIAN_POINT('',(9.07948770978514,-8.57477944988018,12.1063795361385));
#9372=CARTESIAN_POINT('',(9.08383375751115,-8.58121955200262,12.0715610483843));
#9373=CARTESIAN_POINT('',(9.08605129973473,-8.58450183636701,12.03567478291));
#9374=CARTESIAN_POINT('',(9.08605129973473,-8.58450183636701,12.));
#9375=CARTESIAN_POINT('',(0.,0.,12.));
#9376=CARTESIAN_POINT('',(-6.87630771381463,10.4386968643089,18.));
#9377=CARTESIAN_POINT('',(-6.87630771381463,10.4386968643089,18.0557064211802));
#9378=CARTESIAN_POINT('',(-6.86924327471806,10.4318613928059,18.112201480404));
#9379=CARTESIAN_POINT('',(-6.85575085135918,10.4188393561204,18.1646570466785));
#9380=CARTESIAN_POINT('',(-6.84220784946993,10.4057685042251,18.2173092511239));
#9381=CARTESIAN_POINT('',(-6.82181548917174,10.3861074014854,18.2673770768099));
#9382=CARTESIAN_POINT('',(-6.79635651239936,10.3616620398597,18.3107450315588));
#9383=CARTESIAN_POINT('',(-6.77065970659787,10.3369883180501,18.3545181148666));
#9384=CARTESIAN_POINT('',(-6.73910062423089,10.3067723892115,18.3926885876375));
#9385=CARTESIAN_POINT('',(-6.7043153103859,10.2736482576298,18.4223192313409));
#9386=CARTESIAN_POINT('',(-6.66906385910284,10.2400802491321,18.4523469377934));
#9387=CARTESIAN_POINT('',(-6.62954944164286,10.2026258109871,18.4744365794574));
#9388=CARTESIAN_POINT('',(-6.58893532864209,10.1643751418859,18.487027024459));
#9389=CARTESIAN_POINT('',(-6.56116585904627,10.1382216520238,18.495635607876));
#9390=CARTESIAN_POINT('',(-6.53246847332012,10.1113043016928,18.5));
#9391=CARTESIAN_POINT('',(-6.50388606011062,10.0846153182508,18.5));
#9392=CARTESIAN_POINT('',(8.80201938946753,-8.15625248919119,18.5));
#9393=CARTESIAN_POINT('',(8.83359384510548,-8.20480238501665,18.5));
#9394=CARTESIAN_POINT('',(8.86576043854845,-8.25389774641645,18.4902914418886));
#9395=CARTESIAN_POINT('',(8.89591188702287,-8.29963420574527,18.4715003515409));
#9396=CARTESIAN_POINT('',(8.92589300448259,-8.34511229149934,18.4528154154793));
#9397=CARTESIAN_POINT('',(8.95468489203602,-8.38849258289669,18.4246250347991));
#9398=CARTESIAN_POINT('',(8.97979544792081,-8.42615960946612,18.3890314171663));
#9399=CARTESIAN_POINT('',(9.00462749990694,-8.46340886695874,18.3538325722069));
#9400=CARTESIAN_POINT('',(9.02653394467341,-8.49608908464099,18.3104033602753));
#9401=CARTESIAN_POINT('',(9.04349834281954,-8.52133544763317,18.262258505646));
#9402=CARTESIAN_POINT('',(9.06024686428679,-8.54626054364322,18.2147263076658));
#9403=CARTESIAN_POINT('',(9.07263833205468,-8.56462983928218,18.1612535250284));
#9404=CARTESIAN_POINT('',(9.07948770978514,-8.57477944988019,18.1063795361385));
#9405=CARTESIAN_POINT('',(9.08383375751116,-8.58121955200263,18.0715610483843));
#9406=CARTESIAN_POINT('',(9.08605129973473,-8.58450183636701,18.03567478291));
#9407=CARTESIAN_POINT('',(9.08605129973473,-8.58450183636701,18.));
#9408=CARTESIAN_POINT('',(0.,0.,18.));
#9409=CARTESIAN_POINT('',(0.,0.,1.));
#9410=CARTESIAN_POINT('',(-6.,0.,1.));
#9411=CARTESIAN_POINT('',(0.,0.,39.));
#9412=CARTESIAN_POINT('',(6.,0.,39.));
#9413=CARTESIAN_POINT('',(0.,0.,0.));
#9414=CARTESIAN_POINT('',(0.,0.,0.));
#9415=CARTESIAN_POINT('',(-7.,0.,0.));
#9416=CARTESIAN_POINT('',(0.,0.,0.));
#9417=CARTESIAN_POINT('',(-17.,0.,0.));
#9418=CARTESIAN_POINT('',(12.5,0.,0.));
#9419=CARTESIAN_POINT('',(0.,0.,1.));
#9420=CARTESIAN_POINT('',(-18.,0.,1.));
#9421=CARTESIAN_POINT('',(0.,0.,4.));
#9422=CARTESIAN_POINT('',(18.,0.,4.));
#9423=CARTESIAN_POINT('',(0.,0.,0.));
#9424=CARTESIAN_POINT('',(0.,0.,22.));
#9425=CARTESIAN_POINT('',(0.,0.,22.));
#9426=CARTESIAN_POINT('',(0.,0.,31.4341737512063));
#9427=CARTESIAN_POINT('',(12.5,0.,31.4341737512063));
#9428=CARTESIAN_POINT('',(0.,0.,0.));
#9429=CARTESIAN_POINT('',(0.,0.,31.5635832737576));
#9430=CARTESIAN_POINT('',(12.4829629131445,0.,31.5635832737576));
#9431=CARTESIAN_POINT('',(0.,0.,32.));
#9432=CARTESIAN_POINT('',(-10.015195482977,-7.25358144124669,32.));
#9433=CARTESIAN_POINT('',(-11.2893835380274,-5.04662299150206,32.));
#9434=CARTESIAN_POINT('',(-11.2893835380274,-5.04662299150206,32.));
#9435=CARTESIAN_POINT('',(-11.323807646127,-4.96961566205719,32.));
#9436=CARTESIAN_POINT('',(-11.3541309702344,-4.89023954199574,32.0142477292043));
#9437=CARTESIAN_POINT('',(-11.3800115943615,-4.81329397851365,32.0371545308558));
#9438=CARTESIAN_POINT('',(-11.418190681787,-4.69978391087527,32.0709466364324));
#9439=CARTESIAN_POINT('',(-11.4476480904542,-4.58915219870502,32.1241207974125));
#9440=CARTESIAN_POINT('',(-11.4725987407608,-4.48220449414978,32.1826335149264));
#9441=CARTESIAN_POINT('',(-11.4729765062632,-4.48058525165126,32.1835194271514));
#9442=CARTESIAN_POINT('',(-11.4733526876137,-4.47896714061492,32.1844080798292));
#9443=CARTESIAN_POINT('',(-11.4737292314117,-4.47734829615754,32.1852952387244));
#9444=CARTESIAN_POINT('',(-11.4737292314117,-4.47734829615754,32.1852952387244));
#9445=CARTESIAN_POINT('',(-11.4737292314117,-4.47734829615754,32.1852952387244));
#9446=CARTESIAN_POINT('',(-11.1784474631265,-4.30318070513776,33.4482001688806));
#9447=CARTESIAN_POINT('',(-10.8829737434857,-4.12858269321565,34.7110010205306));
#9448=CARTESIAN_POINT('',(-10.58723769118,-3.95341210049166,35.9736609057996));
#9449=CARTESIAN_POINT('',(-10.2873204942631,-3.77576492916288,37.2541723973706));
#9450=CARTESIAN_POINT('',(-9.98713496424334,-3.59753142609963,38.5345400176357));
#9451=CARTESIAN_POINT('',(-9.68656728699974,-3.41849002566181,39.8147047612756));
#9452=CARTESIAN_POINT('',(-9.68656728699974,-3.41849002566181,39.8147047612756));
#9453=CARTESIAN_POINT('',(0.,0.,39.8147047612756));
#9454=CARTESIAN_POINT('',(-10.0980583588399,-1.88278443869317,39.814704761276));
#9455=CARTESIAN_POINT('',(-10.0980583588399,-1.88278443869317,39.814704761276));
#9456=CARTESIAN_POINT('',(-10.4478783038998,-1.87801387619588,38.5345400147393));
#9457=CARTESIAN_POINT('',(-10.7969633510653,-1.873751899739,37.2541723915764));
#9458=CARTESIAN_POINT('',(-11.1455228490779,-1.86986353490918,35.9736608971072));
#9459=CARTESIAN_POINT('',(-11.4892230787605,-1.86602937777755,34.711001014735));
#9460=CARTESIAN_POINT('',(-11.8324098312928,-1.86255992383174,33.4482001659825));
#9461=CARTESIAN_POINT('',(-12.1752151386254,-1.8593672496426,32.1852952387244));
#9462=CARTESIAN_POINT('',(-12.1752151386254,-1.8593672496426,32.1852952387244));
#9463=CARTESIAN_POINT('',(-12.1752151386254,-1.8593672496426,32.1852952387244));
#9464=CARTESIAN_POINT('',(-12.1756984643595,-1.85777701731826,32.1844080798291));
#9465=CARTESIAN_POINT('',(-12.1761817372718,-1.85618760137895,32.1835194271512));
#9466=CARTESIAN_POINT('',(-12.1766642039994,-1.85459641348878,32.1826335149259));
#9467=CARTESIAN_POINT('',(-12.208530159271,-1.74950165931647,32.1241207974092));
#9468=CARTESIAN_POINT('',(-12.23833515112,-1.63896308177784,32.0709466364322));
#9469=CARTESIAN_POINT('',(-12.2620261253353,-1.52157093590541,32.0371545308558));
#9470=CARTESIAN_POINT('',(-12.2780856291165,-1.44199381115787,32.0142477292043));
#9471=CARTESIAN_POINT('',(-12.291512920143,-1.35809041267712,32.));
#9472=CARTESIAN_POINT('',(-12.3002044327486,-1.27418805505047,32.));
#9473=CARTESIAN_POINT('',(-12.3002044327486,-1.27418805505047,32.));
#9474=CARTESIAN_POINT('',(0.,0.,32.));
#9475=CARTESIAN_POINT('',(-12.3002044327486,1.27418805505031,32.));
#9476=CARTESIAN_POINT('',(-12.3002044327486,1.27418805505031,32.));
#9477=CARTESIAN_POINT('',(-12.2915129201431,1.35809041267696,32.));
#9478=CARTESIAN_POINT('',(-12.2780856291165,1.44199381115771,32.0142477292043));
#9479=CARTESIAN_POINT('',(-12.2620261253353,1.52157093590524,32.0371545308558));
#9480=CARTESIAN_POINT('',(-12.23833515112,1.63896308177766,32.0709466364322));
#9481=CARTESIAN_POINT('',(-12.2085301592707,1.74950165931491,32.1241207974114));
#9482=CARTESIAN_POINT('',(-12.1766642039995,1.85459641348863,32.1826335149257));
#9483=CARTESIAN_POINT('',(-12.1761817372718,1.85618760137885,32.183519427151));
#9484=CARTESIAN_POINT('',(-12.1756984643595,1.85777701731811,32.184408079829));
#9485=CARTESIAN_POINT('',(-12.1752151386254,1.85936724964244,32.1852952387244));
#9486=CARTESIAN_POINT('',(-12.1752151386254,1.85936724964244,32.1852952387244));
#9487=CARTESIAN_POINT('',(-12.1752151386254,1.85936724964244,32.1852952387244));
#9488=CARTESIAN_POINT('',(-11.8324098314916,1.86255992382973,33.4482001652502));
#9489=CARTESIAN_POINT('',(-11.4892230791585,1.86602937777338,34.7110010132705));
#9490=CARTESIAN_POINT('',(-11.1455228496758,1.86986353490235,35.9736608949107));
#9491=CARTESIAN_POINT('',(-10.7969633514646,1.87375189973397,37.2541723901123));
#9492=CARTESIAN_POINT('',(-10.4478783040998,1.878013876193,38.5345400140073));
#9493=CARTESIAN_POINT('',(-10.0980583588399,1.88278443869302,39.814704761276));
#9494=CARTESIAN_POINT('',(-10.0980583588399,1.88278443869302,39.814704761276));
#9495=CARTESIAN_POINT('',(0.,0.,39.8147047612756));
#9496=CARTESIAN_POINT('',(-9.68656728699971,3.41849002566162,39.814704761276));
#9497=CARTESIAN_POINT('',(-9.68656728699971,3.41849002566162,39.814704761276));
#9498=CARTESIAN_POINT('',(-9.98713496424334,3.59753142609945,38.534540017636));
#9499=CARTESIAN_POINT('',(-10.2873204942632,3.77576492916272,37.2541723973707));
#9500=CARTESIAN_POINT('',(-10.5872376911801,3.95341210049152,35.9736609057996));
#9501=CARTESIAN_POINT('',(-10.8829737434857,4.1285826932155,34.7110010205306));
#9502=CARTESIAN_POINT('',(-11.1784474631266,4.30318070513762,33.4482001688806));
#9503=CARTESIAN_POINT('',(-11.4737292314118,4.4773482961574,32.1852952387244));
#9504=CARTESIAN_POINT('',(-11.4737292314118,4.4773482961574,32.1852952387244));
#9505=CARTESIAN_POINT('',(-11.4737292314118,4.4773482961574,32.1852952387244));
#9506=CARTESIAN_POINT('',(-11.4733526876137,4.47896714061471,32.1844080798293));
#9507=CARTESIAN_POINT('',(-11.4729765062633,4.48058525165093,32.1835194271516));
#9508=CARTESIAN_POINT('',(-11.4725987407609,4.48220449414935,32.1826335149266));
#9509=CARTESIAN_POINT('',(-11.4476480904545,4.58915219870449,32.1241207974122));
#9510=CARTESIAN_POINT('',(-11.4181906817871,4.69978391087502,32.0709466364324));
#9511=CARTESIAN_POINT('',(-11.3800115943615,4.8132939785135,32.0371545308558));
#9512=CARTESIAN_POINT('',(-11.3541309702345,4.89023954199559,32.0142477292043));
#9513=CARTESIAN_POINT('',(-11.3238076461271,4.96961566205704,32.));
#9514=CARTESIAN_POINT('',(-11.2893835380275,5.04662299150191,32.));
#9515=CARTESIAN_POINT('',(-11.2893835380275,5.04662299150191,32.));
#9516=CARTESIAN_POINT('',(0.,0.,32.));
#9517=CARTESIAN_POINT('',(-10.0151954829771,7.25358144124657,32.));
#9518=CARTESIAN_POINT('',(-10.0151954829771,7.25358144124657,32.));
#9519=CARTESIAN_POINT('',(-9.96571723345006,7.32189725808586,32.));
#9520=CARTESIAN_POINT('',(-9.91213715907671,7.38784608712078,32.0142477292043));
#9521=CARTESIAN_POINT('',(-9.85844065845624,7.44873214682167,32.0371545308558));
#9522=CARTESIAN_POINT('',(-9.77922760000887,7.53855124024465,32.0709466364324));
#9523=CARTESIAN_POINT('',(-9.69814643113914,7.61937796056428,32.1241207974141));
#9524=CARTESIAN_POINT('',(-9.61800232727087,7.69445970984934,32.1826335149263));
#9525=CARTESIAN_POINT('',(-9.61678890488347,7.69559648562037,32.1835194271513));
#9526=CARTESIAN_POINT('',(-9.61557567029512,7.69673132374447,32.1844080798292));
#9527=CARTESIAN_POINT('',(-9.61436198176927,7.69786684246786,32.1852952387244));
#9528=CARTESIAN_POINT('',(-9.61436198176927,7.69786684246786,32.1852952387244));
#9529=CARTESIAN_POINT('',(-9.61436198176927,7.69786684246786,32.1852952387244));
#9530=CARTESIAN_POINT('',(-9.31588753928759,7.52922912536837,33.4482001688806));
#9531=CARTESIAN_POINT('',(-9.01694436569238,7.3606403839698,34.7110010205306));
#9532=CARTESIAN_POINT('',(-8.71737415624459,7.19211074622015,35.9736609057996));
#9533=CARTESIAN_POINT('',(-8.41356859450498,7.02119842032271,37.2541723973706));
#9534=CARTESIAN_POINT('',(-8.10912108803682,6.8503468770087,38.5345400176357));
#9535=CARTESIAN_POINT('',(-7.80378284830672,6.67956833317817,39.8147047612756));
#9536=CARTESIAN_POINT('',(-7.80378284830672,6.67956833317817,39.8147047612756));
#9537=CARTESIAN_POINT('',(0.,0.,39.8147047612756));
#9538=CARTESIAN_POINT('',(-6.67956833317826,7.80378284830653,39.814704761276));
#9539=CARTESIAN_POINT('',(-6.67956833317826,7.80378284830653,39.814704761276));
#9540=CARTESIAN_POINT('',(-6.8503468770088,8.10912108803665,38.534540017636));
#9541=CARTESIAN_POINT('',(-7.02119842032283,8.41356859450484,37.2541723973707));
#9542=CARTESIAN_POINT('',(-7.19211074622029,8.71737415624448,35.9736609057996));
#9543=CARTESIAN_POINT('',(-7.36064038396994,9.01694436569227,34.7110010205306));
#9544=CARTESIAN_POINT('',(-7.52922912536851,9.31588753928748,33.4482001688806));
#9545=CARTESIAN_POINT('',(-7.697866842468,9.61436198176916,32.1852952387244));
#9546=CARTESIAN_POINT('',(-7.697866842468,9.61436198176916,32.1852952387244));
#9547=CARTESIAN_POINT('',(-7.697866842468,9.61436198176916,32.1852952387244));
#9548=CARTESIAN_POINT('',(-7.69673132374463,9.61557567029496,32.1844080798293));
#9549=CARTESIAN_POINT('',(-7.6955964856206,9.61678890488323,32.1835194271515));
#9550=CARTESIAN_POINT('',(-7.69445970984964,9.61800232727057,32.1826335149265));
#9551=CARTESIAN_POINT('',(-7.61937796056509,9.69814643113876,32.1241207974133));
#9552=CARTESIAN_POINT('',(-7.53855124024486,9.7792276000087,32.0709466364324));
#9553=CARTESIAN_POINT('',(-7.44873214682181,9.85844065845614,32.0371545308558));
#9554=CARTESIAN_POINT('',(-7.38784608712092,9.9121371590766,32.0142477292043));
#9555=CARTESIAN_POINT('',(-7.321897258086,9.96571723344995,32.));
#9556=CARTESIAN_POINT('',(-7.2535814412467,10.015195482977,32.));
#9557=CARTESIAN_POINT('',(-7.2535814412467,10.015195482977,32.));
#9558=CARTESIAN_POINT('',(0.,0.,32.));
#9559=CARTESIAN_POINT('',(-5.04662299150208,11.2893835380274,32.));
#9560=CARTESIAN_POINT('',(-5.04662299150208,11.2893835380274,32.));
#9561=CARTESIAN_POINT('',(-4.9696156620572,11.323807646127,32.));
#9562=CARTESIAN_POINT('',(-4.89023954199576,11.3541309702344,32.0142477292043));
#9563=CARTESIAN_POINT('',(-4.81329397851367,11.3800115943615,32.0371545308558));
#9564=CARTESIAN_POINT('',(-4.6997839108753,11.418190681787,32.0709466364324));
#9565=CARTESIAN_POINT('',(-4.58915219870626,11.447648090453,32.1241207974152));
#9566=CARTESIAN_POINT('',(-4.48220449414978,11.4725987407608,32.1826335149263));
#9567=CARTESIAN_POINT('',(-4.48058525165123,11.4729765062632,32.1835194271512));
#9568=CARTESIAN_POINT('',(-4.47896714061494,11.4733526876137,32.1844080798292));
#9569=CARTESIAN_POINT('',(-4.47734829615757,11.4737292314117,32.1852952387244));
#9570=CARTESIAN_POINT('',(-4.47734829615757,11.4737292314117,32.1852952387244));
#9571=CARTESIAN_POINT('',(-4.47734829615757,11.4737292314117,32.1852952387244));
#9572=CARTESIAN_POINT('',(-4.30318070513778,11.1784474631265,33.4482001688806));
#9573=CARTESIAN_POINT('',(-4.12858269321567,10.8829737434857,34.7110010205306));
#9574=CARTESIAN_POINT('',(-3.95341210049168,10.58723769118,35.9736609057996));
#9575=CARTESIAN_POINT('',(-3.7757649291629,10.2873204942631,37.2541723973706));
#9576=CARTESIAN_POINT('',(-3.59753142609965,9.98713496424333,38.5345400176357));
#9577=CARTESIAN_POINT('',(-3.41849002566183,9.68656728699973,39.8147047612756));
#9578=CARTESIAN_POINT('',(-3.41849002566183,9.68656728699973,39.8147047612756));
#9579=CARTESIAN_POINT('',(0.,0.,39.8147047612756));
#9580=CARTESIAN_POINT('',(-1.88278443869314,10.0980583588399,39.814704761276));
#9581=CARTESIAN_POINT('',(-1.88278443869314,10.0980583588399,39.814704761276));
#9582=CARTESIAN_POINT('',(-1.87801387619584,10.4478783038998,38.5345400147393));
#9583=CARTESIAN_POINT('',(-1.87375189973896,10.7969633510654,37.2541723915764));
#9584=CARTESIAN_POINT('',(-1.86986353490913,11.1455228490779,35.9736608971072));
#9585=CARTESIAN_POINT('',(-1.86602937777751,11.4892230787605,34.711001014735));
#9586=CARTESIAN_POINT('',(-1.86255992383169,11.8324098312928,33.4482001659825));
#9587=CARTESIAN_POINT('',(-1.85936724964255,12.1752151386254,32.1852952387244));
#9588=CARTESIAN_POINT('',(-1.85936724964255,12.1752151386254,32.1852952387244));
#9589=CARTESIAN_POINT('',(-1.85936724964255,12.1752151386254,32.1852952387244));
#9590=CARTESIAN_POINT('',(-1.85777701731819,12.1756984643595,32.1844080798291));
#9591=CARTESIAN_POINT('',(-1.8561876013788,12.1761817372717,32.1835194271513));
#9592=CARTESIAN_POINT('',(-1.85459641348865,12.1766642039994,32.182633514926));
#9593=CARTESIAN_POINT('',(-1.74950165931805,12.2085301592715,32.1241207974066));
#9594=CARTESIAN_POINT('',(-1.63896308177778,12.23833515112,32.0709466364322));
#9595=CARTESIAN_POINT('',(-1.52157093590535,12.2620261253353,32.0371545308558));
#9596=CARTESIAN_POINT('',(-1.44199381115782,12.2780856291165,32.0142477292043));
#9597=CARTESIAN_POINT('',(-1.35809041267706,12.291512920143,32.));
#9598=CARTESIAN_POINT('',(-1.27418805505041,12.3002044327486,32.));
#9599=CARTESIAN_POINT('',(-1.27418805505041,12.3002044327486,32.));
#9600=CARTESIAN_POINT('',(0.,0.,32.));
#9601=CARTESIAN_POINT('',(1.27418805505036,12.3002044327486,32.));
#9602=CARTESIAN_POINT('',(1.27418805505036,12.3002044327486,32.));
#9603=CARTESIAN_POINT('',(1.35809041267701,12.291512920143,32.));
#9604=CARTESIAN_POINT('',(1.44199381115776,12.2780856291165,32.0142477292043));
#9605=CARTESIAN_POINT('',(1.52157093590529,12.2620261253353,32.0371545308558));
#9606=CARTESIAN_POINT('',(1.63896308177771,12.23833515112,32.0709466364322));
#9607=CARTESIAN_POINT('',(1.74950165931749,12.2085301592714,32.1241207974074));
#9608=CARTESIAN_POINT('',(1.85459641348859,12.1766642039994,32.182633514926));
#9609=CARTESIAN_POINT('',(1.85618760137876,12.1761817372718,32.1835194271513));
#9610=CARTESIAN_POINT('',(1.85777701731813,12.1756984643595,32.1844080798291));
#9611=CARTESIAN_POINT('',(1.85936724964249,12.1752151386254,32.1852952387244));
#9612=CARTESIAN_POINT('',(1.85936724964249,12.1752151386254,32.1852952387244));
#9613=CARTESIAN_POINT('',(1.85936724964249,12.1752151386254,32.1852952387244));
#9614=CARTESIAN_POINT('',(1.86255992382978,11.8324098314916,33.4482001652502));
#9615=CARTESIAN_POINT('',(1.86602937777342,11.4892230791585,34.7110010132705));
#9616=CARTESIAN_POINT('',(1.86986353490239,11.1455228496758,35.9736608949107));
#9617=CARTESIAN_POINT('',(1.87375189973401,10.7969633514646,37.2541723901121));
#9618=CARTESIAN_POINT('',(1.87801387619304,10.4478783040999,38.5345400140071));
#9619=CARTESIAN_POINT('',(1.88278443869306,10.09805835884,39.8147047612756));
#9620=CARTESIAN_POINT('',(1.88278443869306,10.09805835884,39.8147047612756));
#9621=CARTESIAN_POINT('',(0.,0.,39.8147047612756));
#9622=CARTESIAN_POINT('',(3.41849002566165,9.6865672869997,39.814704761276));
#9623=CARTESIAN_POINT('',(3.41849002566165,9.6865672869997,39.814704761276));
#9624=CARTESIAN_POINT('',(3.59753142609949,9.98713496424332,38.534540017636));
#9625=CARTESIAN_POINT('',(3.77576492916276,10.2873204942631,37.2541723973707));
#9626=CARTESIAN_POINT('',(3.95341210049156,10.58723769118,35.9736609057996));
#9627=CARTESIAN_POINT('',(4.12858269321555,10.8829737434857,34.7110010205306));
#9628=CARTESIAN_POINT('',(4.30318070513766,11.1784474631265,33.4482001688806));
#9629=CARTESIAN_POINT('',(4.47734829615745,11.4737292314118,32.1852952387244));
#9630=CARTESIAN_POINT('',(4.47734829615745,11.4737292314118,32.1852952387244));
#9631=CARTESIAN_POINT('',(4.47734829615745,11.4737292314118,32.1852952387244));
#9632=CARTESIAN_POINT('',(4.47896714061477,11.4733526876137,32.1844080798293));
#9633=CARTESIAN_POINT('',(4.48058525165101,11.4729765062632,32.1835194271515));
#9634=CARTESIAN_POINT('',(4.48220449414944,11.4725987407609,32.1826335149266));
#9635=CARTESIAN_POINT('',(4.58915219870468,11.4476480904544,32.1241207974124));
#9636=CARTESIAN_POINT('',(4.69978391087509,11.4181906817871,32.0709466364324));
#9637=CARTESIAN_POINT('',(4.81329397851355,11.3800115943615,32.0371545308558));
#9638=CARTESIAN_POINT('',(4.89023954199564,11.3541309702345,32.0142477292043));
#9639=CARTESIAN_POINT('',(4.96961566205709,11.3238076461271,32.));
#9640=CARTESIAN_POINT('',(5.04662299150196,11.2893835380275,32.));
#9641=CARTESIAN_POINT('',(5.04662299150196,11.2893835380275,32.));
#9642=CARTESIAN_POINT('',(0.,0.,32.));
#9643=CARTESIAN_POINT('',(7.2535814412466,10.0151954829771,32.));
#9644=CARTESIAN_POINT('',(7.2535814412466,10.0151954829771,32.));
#9645=CARTESIAN_POINT('',(7.3218972580859,9.96571723345003,32.));
#9646=CARTESIAN_POINT('',(7.38784608712082,9.91213715907667,32.0142477292043));
#9647=CARTESIAN_POINT('',(7.44873214682171,9.85844065845621,32.0371545308558));
#9648=CARTESIAN_POINT('',(7.53855124024468,9.77922760000884,32.0709466364324));
#9649=CARTESIAN_POINT('',(7.61937796056529,9.69814643113887,32.1241207974125));
#9650=CARTESIAN_POINT('',(7.69445970984931,9.61800232727087,32.1826335149264));
#9651=CARTESIAN_POINT('',(7.69559648562033,9.61678890488346,32.1835194271514));
#9652=CARTESIAN_POINT('',(7.69673132374448,9.6155756702951,32.1844080798292));
#9653=CARTESIAN_POINT('',(7.6978668424679,9.61436198176924,32.1852952387244));
#9654=CARTESIAN_POINT('',(7.6978668424679,9.61436198176924,32.1852952387244));
#9655=CARTESIAN_POINT('',(7.6978668424679,9.61436198176924,32.1852952387244));
#9656=CARTESIAN_POINT('',(7.52922912536841,9.31588753928756,33.4482001688806));
#9657=CARTESIAN_POINT('',(7.36064038396984,9.01694436569235,34.7110010205306));
#9658=CARTESIAN_POINT('',(7.19211074622019,8.71737415624456,35.9736609057996));
#9659=CARTESIAN_POINT('',(7.02119842032274,8.41356859450495,37.2541723973706));
#9660=CARTESIAN_POINT('',(6.85034687700873,8.10912108803679,38.5345400176357));
#9661=CARTESIAN_POINT('',(6.6795683331782,7.8037828483067,39.8147047612756));
#9662=CARTESIAN_POINT('',(6.6795683331782,7.8037828483067,39.8147047612756));
#9663=CARTESIAN_POINT('',(0.,0.,39.8147047612756));
#9664=CARTESIAN_POINT('',(7.80378284830655,6.67956833317823,39.814704761276));
#9665=CARTESIAN_POINT('',(7.80378284830655,6.67956833317823,39.814704761276));
#9666=CARTESIAN_POINT('',(8.10912108803668,6.85034687700877,38.534540017636));
#9667=CARTESIAN_POINT('',(8.41356859450487,7.02119842032279,37.2541723973707));
#9668=CARTESIAN_POINT('',(8.71737415624451,7.19211074622025,35.9736609057996));
#9669=CARTESIAN_POINT('',(9.0169443656923,7.3606403839699,34.7110010205306));
#9670=CARTESIAN_POINT('',(9.31588753928751,7.52922912536847,33.4482001688806));
#9671=CARTESIAN_POINT('',(9.61436198176919,7.69786684246796,32.1852952387244));
#9672=CARTESIAN_POINT('',(9.61436198176919,7.69786684246796,32.1852952387244));
#9673=CARTESIAN_POINT('',(9.61436198176919,7.69786684246796,32.1852952387244));
#9674=CARTESIAN_POINT('',(9.615575670295,7.69673132374457,32.1844080798293));
#9675=CARTESIAN_POINT('',(9.61678890488329,7.69559648562049,32.1835194271515));
#9676=CARTESIAN_POINT('',(9.61800232727063,7.69445970984954,32.1826335149266));
#9677=CARTESIAN_POINT('',(9.6981464311386,7.61937796056587,32.124120797412));
#9678=CARTESIAN_POINT('',(9.77922760000873,7.53855124024481,32.0709466364324));
#9679=CARTESIAN_POINT('',(9.85844065845617,7.44873214682176,32.0371545308558));
#9680=CARTESIAN_POINT('',(9.91213715907663,7.38784608712088,32.0142477292043));
#9681=CARTESIAN_POINT('',(9.96571723344998,7.32189725808596,32.));
#9682=CARTESIAN_POINT('',(10.0151954829771,7.25358144124666,32.));
#9683=CARTESIAN_POINT('',(10.0151954829771,7.25358144124666,32.));
#9684=CARTESIAN_POINT('',(0.,0.,32.));
#9685=CARTESIAN_POINT('',(11.2893835380274,5.04662299150203,32.));
#9686=CARTESIAN_POINT('',(11.2893835380274,5.04662299150203,32.));
#9687=CARTESIAN_POINT('',(11.323807646127,4.96961566205716,32.));
#9688=CARTESIAN_POINT('',(11.3541309702344,4.89023954199571,32.0142477292043));
#9689=CARTESIAN_POINT('',(11.3800115943615,4.81329397851362,32.0371545308558));
#9690=CARTESIAN_POINT('',(11.418190681787,4.69978391087513,32.0709466364324));
#9691=CARTESIAN_POINT('',(11.4476480904546,4.58915219870447,32.124120797412));
#9692=CARTESIAN_POINT('',(11.4725987407609,4.48220449414943,32.1826335149266));
#9693=CARTESIAN_POINT('',(11.4729765062632,4.48058525165103,32.1835194271516));
#9694=CARTESIAN_POINT('',(11.4733526876137,4.47896714061482,32.1844080798293));
#9695=CARTESIAN_POINT('',(11.4737292314117,4.47734829615752,32.1852952387244));
#9696=CARTESIAN_POINT('',(11.4737292314117,4.47734829615752,32.1852952387244));
#9697=CARTESIAN_POINT('',(11.4737292314117,4.47734829615752,32.1852952387244));
#9698=CARTESIAN_POINT('',(11.1784474631265,4.30318070513773,33.4482001688806));
#9699=CARTESIAN_POINT('',(10.8829737434857,4.12858269321562,34.7110010205306));
#9700=CARTESIAN_POINT('',(10.58723769118,3.95341210049164,35.9736609057996));
#9701=CARTESIAN_POINT('',(10.2873204942631,3.77576492916286,37.2541723973706));
#9702=CARTESIAN_POINT('',(9.98713496424335,3.5975314260996,38.5345400176357));
#9703=CARTESIAN_POINT('',(9.68656728699975,3.41849002566178,39.8147047612756));
#9704=CARTESIAN_POINT('',(9.68656728699975,3.41849002566178,39.8147047612756));
#9705=CARTESIAN_POINT('',(0.,0.,39.8147047612756));
#9706=CARTESIAN_POINT('',(10.0980583588399,1.88278443869315,39.814704761276));
#9707=CARTESIAN_POINT('',(10.0980583588399,1.88278443869315,39.814704761276));
#9708=CARTESIAN_POINT('',(10.4478783038998,1.87801387619586,38.5345400147393));
#9709=CARTESIAN_POINT('',(10.7969633510654,1.87375189973897,37.2541723915764));
#9710=CARTESIAN_POINT('',(11.1455228490779,1.86986353490915,35.9736608971072));
#9711=CARTESIAN_POINT('',(11.4892230787605,1.86602937777752,34.711001014735));
#9712=CARTESIAN_POINT('',(11.8324098312928,1.86255992383171,33.4482001659825));
#9713=CARTESIAN_POINT('',(12.1752151386254,1.85936724964257,32.1852952387244));
#9714=CARTESIAN_POINT('',(12.1752151386254,1.85936724964257,32.1852952387244));
#9715=CARTESIAN_POINT('',(12.1752151386254,1.85936724964257,32.1852952387244));
#9716=CARTESIAN_POINT('',(12.1756984643593,1.85777701731878,32.1844080798293));
#9717=CARTESIAN_POINT('',(12.1761817372715,1.85618760138014,32.1835194271513));
#9718=CARTESIAN_POINT('',(12.176664203999,1.8545964134904,32.1826335149264));
#9719=CARTESIAN_POINT('',(12.2085301592697,1.74950165931383,32.1241207974157));
#9720=CARTESIAN_POINT('',(12.2383351511199,1.63896308177836,32.0709466364324));
#9721=CARTESIAN_POINT('',(12.2620261253353,1.52157093590537,32.0371545308558));
#9722=CARTESIAN_POINT('',(12.2780856291165,1.44199381115784,32.0142477292043));
#9723=CARTESIAN_POINT('',(12.291512920143,1.35809041267708,32.));
#9724=CARTESIAN_POINT('',(12.3002044327486,1.27418805505043,32.));
#9725=CARTESIAN_POINT('',(12.3002044327486,1.27418805505043,32.));
#9726=CARTESIAN_POINT('',(0.,0.,32.));
#9727=CARTESIAN_POINT('',(12.3002044327486,-1.27418805505034,32.));
#9728=CARTESIAN_POINT('',(12.3002044327486,-1.27418805505034,32.));
#9729=CARTESIAN_POINT('',(12.2915129201431,-1.35809041267699,32.));
#9730=CARTESIAN_POINT('',(12.2780856291165,-1.44199381115775,32.0142477292043));
#9731=CARTESIAN_POINT('',(12.2620261253353,-1.52157093590528,32.0371545308558));
#9732=CARTESIAN_POINT('',(12.2383351511199,-1.6389630817783,32.0709466364324));
#9733=CARTESIAN_POINT('',(12.2085301592707,-1.74950165931741,32.1241207974098));
#9734=CARTESIAN_POINT('',(12.1766642039989,-1.85459641349023,32.1826335149268));
#9735=CARTESIAN_POINT('',(12.1761817372715,-1.85618760137988,32.1835194271517));
#9736=CARTESIAN_POINT('',(12.1756984643593,-1.85777701731866,32.1844080798294));
#9737=CARTESIAN_POINT('',(12.1752151386254,-1.85936724964247,32.1852952387244));
#9738=CARTESIAN_POINT('',(12.1752151386254,-1.85936724964247,32.1852952387244));
#9739=CARTESIAN_POINT('',(12.1752151386254,-1.85936724964247,32.1852952387244));
#9740=CARTESIAN_POINT('',(11.8324098314916,-1.86255992382976,33.4482001652502));
#9741=CARTESIAN_POINT('',(11.4892230791585,-1.86602937777341,34.7110010132705));
#9742=CARTESIAN_POINT('',(11.1455228496758,-1.86986353490238,35.9736608949107));
#9743=CARTESIAN_POINT('',(10.7969633514646,-1.87375189973399,37.2541723901121));
#9744=CARTESIAN_POINT('',(10.4478783040999,-1.87801387619303,38.5345400140071));
#9745=CARTESIAN_POINT('',(10.09805835884,-1.88278443869305,39.8147047612756));
#9746=CARTESIAN_POINT('',(10.09805835884,-1.88278443869305,39.8147047612756));
#9747=CARTESIAN_POINT('',(0.,0.,39.8147047612756));
#9748=CARTESIAN_POINT('',(9.6865672869997,-3.41849002566164,39.814704761276));
#9749=CARTESIAN_POINT('',(9.6865672869997,-3.41849002566164,39.814704761276));
#9750=CARTESIAN_POINT('',(9.98713496424333,-3.59753142609948,38.534540017636));
#9751=CARTESIAN_POINT('',(10.2873204942631,-3.77576492916275,37.2541723973707));
#9752=CARTESIAN_POINT('',(10.58723769118,-3.95341210049155,35.9736609057996));
#9753=CARTESIAN_POINT('',(10.8829737434857,-4.12858269321553,34.7110010205306));
#9754=CARTESIAN_POINT('',(11.1784474631265,-4.30318070513764,33.4482001688806));
#9755=CARTESIAN_POINT('',(11.4737292314118,-4.47734829615743,32.1852952387244));
#9756=CARTESIAN_POINT('',(11.4737292314118,-4.47734829615743,32.1852952387244));
#9757=CARTESIAN_POINT('',(11.4737292314118,-4.47734829615743,32.1852952387244));
#9758=CARTESIAN_POINT('',(11.4733526876137,-4.47896714061474,32.1844080798293));
#9759=CARTESIAN_POINT('',(11.4729765062633,-4.48058525165096,32.1835194271515));
#9760=CARTESIAN_POINT('',(11.4725987407609,-4.4822044941494,32.1826335149265));
#9761=CARTESIAN_POINT('',(11.4476480904541,-4.58915219870491,32.124120797413));
#9762=CARTESIAN_POINT('',(11.4181906817871,-4.69978391087506,32.0709466364324));
#9763=CARTESIAN_POINT('',(11.3800115943615,-4.81329397851353,32.0371545308558));
#9764=CARTESIAN_POINT('',(11.3541309702345,-4.89023954199562,32.0142477292043));
#9765=CARTESIAN_POINT('',(11.3238076461271,-4.96961566205707,32.));
#9766=CARTESIAN_POINT('',(11.2893835380275,-5.04662299150194,32.));
#9767=CARTESIAN_POINT('',(11.2893835380275,-5.04662299150194,32.));
#9768=CARTESIAN_POINT('',(0.,0.,32.));
#9769=CARTESIAN_POINT('',(10.0151954829771,-7.2535814412466,32.));
#9770=CARTESIAN_POINT('',(10.0151954829771,-7.2535814412466,32.));
#9771=CARTESIAN_POINT('',(9.96571723345003,-7.32189725808589,32.));
#9772=CARTESIAN_POINT('',(9.91213715907668,-7.38784608712082,32.0142477292043));
#9773=CARTESIAN_POINT('',(9.85844065845622,-7.4487321468217,32.0371545308558));
#9774=CARTESIAN_POINT('',(9.77922760000885,-7.53855124024467,32.0709466364324));
#9775=CARTESIAN_POINT('',(9.69814643113911,-7.61937796056435,32.124120797414));
#9776=CARTESIAN_POINT('',(9.61800232727087,-7.69445970984935,32.1826335149263));
#9777=CARTESIAN_POINT('',(9.61678890488345,-7.69559648562038,32.1835194271513));
#9778=CARTESIAN_POINT('',(9.61557567029511,-7.69673132374449,32.1844080798292));
#9779=CARTESIAN_POINT('',(9.61436198176925,-7.69786684246789,32.1852952387244));
#9780=CARTESIAN_POINT('',(9.61436198176925,-7.69786684246789,32.1852952387244));
#9781=CARTESIAN_POINT('',(9.61436198176925,-7.69786684246789,32.1852952387244));
#9782=CARTESIAN_POINT('',(9.31588753928758,-7.5292291253684,33.4482001688806));
#9783=CARTESIAN_POINT('',(9.01694436569236,-7.36064038396983,34.7110010205306));
#9784=CARTESIAN_POINT('',(8.71737415624457,-7.19211074622017,35.9736609057996));
#9785=CARTESIAN_POINT('',(8.41356859450496,-7.02119842032273,37.2541723973706));
#9786=CARTESIAN_POINT('',(8.1091210880368,-6.85034687700872,38.5345400176357));
#9787=CARTESIAN_POINT('',(7.8037828483067,-6.67956833317819,39.8147047612756));
#9788=CARTESIAN_POINT('',(7.8037828483067,-6.67956833317819,39.8147047612756));
#9789=CARTESIAN_POINT('',(0.,0.,39.8147047612756));
#9790=CARTESIAN_POINT('',(6.67956833317824,-7.80378284830654,39.814704761276));
#9791=CARTESIAN_POINT('',(6.67956833317824,-7.80378284830654,39.814704761276));
#9792=CARTESIAN_POINT('',(6.85034687700878,-8.10912108803667,38.534540017636));
#9793=CARTESIAN_POINT('',(7.0211984203228,-8.41356859450486,37.2541723973707));
#9794=CARTESIAN_POINT('',(7.19211074622026,-8.7173741562445,35.9736609057996));
#9795=CARTESIAN_POINT('',(7.36064038396991,-9.01694436569229,34.7110010205306));
#9796=CARTESIAN_POINT('',(7.52922912536849,-9.3158875392875,33.4482001688806));
#9797=CARTESIAN_POINT('',(7.69786684246798,-9.61436198176918,32.1852952387243));
#9798=CARTESIAN_POINT('',(7.69786684246798,-9.61436198176918,32.1852952387243));
#9799=CARTESIAN_POINT('',(7.69786684246798,-9.61436198176918,32.1852952387243));
#9800=CARTESIAN_POINT('',(7.69673132374458,-9.61557567029497,32.1844080798293));
#9801=CARTESIAN_POINT('',(7.69559648562046,-9.61678890488326,32.1835194271517));
#9802=CARTESIAN_POINT('',(7.69445970984955,-9.61800232727058,32.1826335149267));
#9803=CARTESIAN_POINT('',(7.61937796056713,-9.69814643113826,32.1241207974101));
#9804=CARTESIAN_POINT('',(7.53855124024485,-9.77922760000871,32.0709466364324));
#9805=CARTESIAN_POINT('',(7.44873214682179,-9.85844065845616,32.0371545308558));
#9806=CARTESIAN_POINT('',(7.3878460871209,-9.91213715907662,32.0142477292043));
#9807=CARTESIAN_POINT('',(7.32189725808598,-9.96571723344997,32.));
#9808=CARTESIAN_POINT('',(7.25358144124668,-10.015195482977,32.));
#9809=CARTESIAN_POINT('',(7.25358144124668,-10.015195482977,32.));
#9810=CARTESIAN_POINT('',(0.,0.,32.));
#9811=CARTESIAN_POINT('',(5.04662299150205,-11.2893835380274,32.));
#9812=CARTESIAN_POINT('',(5.04662299150205,-11.2893835380274,32.));
#9813=CARTESIAN_POINT('',(4.96961566205717,-11.323807646127,32.));
#9814=CARTESIAN_POINT('',(4.89023954199573,-11.3541309702344,32.0142477292043));
#9815=CARTESIAN_POINT('',(4.81329397851364,-11.3800115943615,32.0371545308558));
#9816=CARTESIAN_POINT('',(4.69978391087526,-11.418190681787,32.0709466364324));
#9817=CARTESIAN_POINT('',(4.58915219870306,-11.4476480904563,32.1241207974082));
#9818=CARTESIAN_POINT('',(4.48220449414982,-11.4725987407607,32.1826335149266));
#9819=CARTESIAN_POINT('',(4.48058525165134,-11.4729765062631,32.1835194271517));
#9820=CARTESIAN_POINT('',(4.47896714061493,-11.4733526876137,32.1844080798293));
#9821=CARTESIAN_POINT('',(4.47734829615754,-11.4737292314117,32.1852952387243));
#9822=CARTESIAN_POINT('',(4.47734829615754,-11.4737292314117,32.1852952387243));
#9823=CARTESIAN_POINT('',(4.47734829615754,-11.4737292314117,32.1852952387243));
#9824=CARTESIAN_POINT('',(4.30318070513775,-11.1784474631265,33.4482001688806));
#9825=CARTESIAN_POINT('',(4.12858269321564,-10.8829737434857,34.7110010205306));
#9826=CARTESIAN_POINT('',(3.95341210049165,-10.58723769118,35.9736609057996));
#9827=CARTESIAN_POINT('',(3.77576492916287,-10.2873204942631,37.2541723973706));
#9828=CARTESIAN_POINT('',(3.59753142609962,-9.98713496424334,38.5345400176357));
#9829=CARTESIAN_POINT('',(3.4184900256618,-9.68656728699974,39.8147047612756));
#9830=CARTESIAN_POINT('',(3.4184900256618,-9.68656728699974,39.8147047612756));
#9831=CARTESIAN_POINT('',(0.,0.,39.8147047612756));
#9832=CARTESIAN_POINT('',(1.88278443869316,-10.0980583588399,39.814704761276));
#9833=CARTESIAN_POINT('',(1.88278443869316,-10.0980583588399,39.814704761276));
#9834=CARTESIAN_POINT('',(1.87801387619587,-10.4478783038998,38.5345400147393));
#9835=CARTESIAN_POINT('',(1.87375189973898,-10.7969633510654,37.2541723915764));
#9836=CARTESIAN_POINT('',(1.86986353490916,-11.1455228490779,35.9736608971072));
#9837=CARTESIAN_POINT('',(1.86602937777754,-11.4892230787605,34.711001014735));
#9838=CARTESIAN_POINT('',(1.86255992383172,-11.8324098312928,33.4482001659825));
#9839=CARTESIAN_POINT('',(1.85936724964258,-12.1752151386254,32.1852952387244));
#9840=CARTESIAN_POINT('',(1.85936724964258,-12.1752151386254,32.1852952387244));
#9841=CARTESIAN_POINT('',(1.85936724964258,-12.1752151386254,32.1852952387244));
#9842=CARTESIAN_POINT('',(1.85777701731877,-12.1756984643593,32.1844080798294));
#9843=CARTESIAN_POINT('',(1.85618760137998,-12.1761817372714,32.1835194271518));
#9844=CARTESIAN_POINT('',(1.85459641349033,-12.1766642039989,32.1826335149268));
#9845=CARTESIAN_POINT('',(1.74950165931757,-12.2085301592707,32.1241207974097));
#9846=CARTESIAN_POINT('',(1.6389630817784,-12.2383351511199,32.0709466364324));
#9847=CARTESIAN_POINT('',(1.52157093590539,-12.2620261253353,32.0371545308558));
#9848=CARTESIAN_POINT('',(1.44199381115785,-12.2780856291165,32.0142477292043));
#9849=CARTESIAN_POINT('',(1.3580904126771,-12.291512920143,32.));
#9850=CARTESIAN_POINT('',(1.27418805505045,-12.3002044327486,32.));
#9851=CARTESIAN_POINT('',(1.27418805505045,-12.3002044327486,32.));
#9852=CARTESIAN_POINT('',(0.,0.,32.));
#9853=CARTESIAN_POINT('',(-1.27418805505033,-12.3002044327486,32.));
#9854=CARTESIAN_POINT('',(-1.27418805505033,-12.3002044327486,32.));
#9855=CARTESIAN_POINT('',(-1.35809041267698,-12.2915129201431,32.));
#9856=CARTESIAN_POINT('',(-1.44199381115774,-12.2780856291165,32.0142477292043));
#9857=CARTESIAN_POINT('',(-1.52157093590527,-12.2620261253353,32.0371545308558));
#9858=CARTESIAN_POINT('',(-1.63896308177826,-12.2383351511199,32.0709466364324));
#9859=CARTESIAN_POINT('',(-1.74950165931658,-12.2085301592705,32.124120797411));
#9860=CARTESIAN_POINT('',(-1.85459641349019,-12.176664203999,32.1826335149267));
#9861=CARTESIAN_POINT('',(-1.85618760137987,-12.1761817372715,32.1835194271516));
#9862=CARTESIAN_POINT('',(-1.85777701731864,-12.1756984643593,32.1844080798294));
#9863=CARTESIAN_POINT('',(-1.85936724964246,-12.1752151386254,32.1852952387244));
#9864=CARTESIAN_POINT('',(-1.85936724964246,-12.1752151386254,32.1852952387244));
#9865=CARTESIAN_POINT('',(-1.85936724964246,-12.1752151386254,32.1852952387244));
#9866=CARTESIAN_POINT('',(-1.86255992382975,-11.8324098314916,33.4482001652502));
#9867=CARTESIAN_POINT('',(-1.8660293777734,-11.4892230791585,34.7110010132705));
#9868=CARTESIAN_POINT('',(-1.86986353490237,-11.1455228496758,35.9736608949107));
#9869=CARTESIAN_POINT('',(-1.87375189973398,-10.7969633514646,37.2541723901121));
#9870=CARTESIAN_POINT('',(-1.87801387619302,-10.4478783040999,38.5345400140071));
#9871=CARTESIAN_POINT('',(-1.88278443869304,-10.09805835884,39.8147047612756));
#9872=CARTESIAN_POINT('',(-1.88278443869304,-10.09805835884,39.8147047612756));
#9873=CARTESIAN_POINT('',(0.,0.,39.8147047612756));
#9874=CARTESIAN_POINT('',(-3.41849002566163,-9.68656728699971,39.814704761276));
#9875=CARTESIAN_POINT('',(-3.41849002566163,-9.68656728699971,39.814704761276));
#9876=CARTESIAN_POINT('',(-3.59753142609947,-9.98713496424333,38.534540017636));
#9877=CARTESIAN_POINT('',(-3.77576492916273,-10.2873204942632,37.2541723973707));
#9878=CARTESIAN_POINT('',(-3.95341210049153,-10.5872376911801,35.9736609057996));
#9879=CARTESIAN_POINT('',(-4.12858269321552,-10.8829737434857,34.7110010205306));
#9880=CARTESIAN_POINT('',(-4.30318070513763,-11.1784474631266,33.4482001688806));
#9881=CARTESIAN_POINT('',(-4.47734829615741,-11.4737292314118,32.1852952387244));
#9882=CARTESIAN_POINT('',(-4.47734829615741,-11.4737292314118,32.1852952387244));
#9883=CARTESIAN_POINT('',(-4.47734829615741,-11.4737292314118,32.1852952387244));
#9884=CARTESIAN_POINT('',(-4.47896714061472,-11.4733526876137,32.1844080798293));
#9885=CARTESIAN_POINT('',(-4.48058525165097,-11.4729765062632,32.1835194271516));
#9886=CARTESIAN_POINT('',(-4.48220449414937,-11.4725987407609,32.1826335149267));
#9887=CARTESIAN_POINT('',(-4.58915219870393,-11.4476480904551,32.1241207974109));
#9888=CARTESIAN_POINT('',(-4.69978391087503,-11.4181906817871,32.0709466364324));
#9889=CARTESIAN_POINT('',(-4.81329397851352,-11.3800115943615,32.0371545308558));
#9890=CARTESIAN_POINT('',(-4.89023954199561,-11.3541309702345,32.0142477292043));
#9891=CARTESIAN_POINT('',(-4.96961566205705,-11.3238076461271,32.));
#9892=CARTESIAN_POINT('',(-5.04662299150193,-11.2893835380275,32.));
#9893=CARTESIAN_POINT('',(-5.04662299150193,-11.2893835380275,32.));
#9894=CARTESIAN_POINT('',(0.,0.,32.));
#9895=CARTESIAN_POINT('',(-7.25358144124658,-10.0151954829771,32.));
#9896=CARTESIAN_POINT('',(-7.25358144124658,-10.0151954829771,32.));
#9897=CARTESIAN_POINT('',(-7.32189725808587,-9.96571723345005,32.));
#9898=CARTESIAN_POINT('',(-7.3878460871208,-9.91213715907669,32.0142477292043));
#9899=CARTESIAN_POINT('',(-7.44873214682168,-9.85844065845623,32.0371545308558));
#9900=CARTESIAN_POINT('',(-7.53855124024466,-9.77922760000886,32.0709466364324));
#9901=CARTESIAN_POINT('',(-7.61937796056478,-9.69814643113901,32.1241207974133));
#9902=CARTESIAN_POINT('',(-7.69445970984932,-9.61800232727088,32.1826335149264));
#9903=CARTESIAN_POINT('',(-7.69559648562034,-9.61678890488347,32.1835194271514));
#9904=CARTESIAN_POINT('',(-7.69673132374447,-9.61557567029512,32.1844080798292));
#9905=CARTESIAN_POINT('',(-7.69786684246788,-9.61436198176926,32.1852952387244));
#9906=CARTESIAN_POINT('',(-7.69786684246788,-9.61436198176926,32.1852952387244));
#9907=CARTESIAN_POINT('',(-7.69786684246788,-9.61436198176926,32.1852952387244));
#9908=CARTESIAN_POINT('',(-7.52922912536839,-9.31588753928759,33.4482001688806));
#9909=CARTESIAN_POINT('',(-7.36064038396981,-9.01694436569237,34.7110010205306));
#9910=CARTESIAN_POINT('',(-7.19211074622016,-8.71737415624458,35.9736609057996));
#9911=CARTESIAN_POINT('',(-7.02119842032272,-8.41356859450497,37.2541723973706));
#9912=CARTESIAN_POINT('',(-6.85034687700871,-8.10912108803681,38.5345400176357));
#9913=CARTESIAN_POINT('',(-6.67956833317818,-7.80378284830671,39.8147047612756));
#9914=CARTESIAN_POINT('',(-6.67956833317818,-7.80378284830671,39.8147047612756));
#9915=CARTESIAN_POINT('',(0.,0.,39.8147047612756));
#9916=CARTESIAN_POINT('',(-7.80378284830654,-6.67956833317824,39.814704761276));
#9917=CARTESIAN_POINT('',(-7.80378284830654,-6.67956833317824,39.814704761276));
#9918=CARTESIAN_POINT('',(-8.10912108803666,-6.85034687700879,38.534540017636));
#9919=CARTESIAN_POINT('',(-8.41356859450485,-7.02119842032281,37.2541723973707));
#9920=CARTESIAN_POINT('',(-8.71737415624449,-7.19211074622027,35.9736609057996));
#9921=CARTESIAN_POINT('',(-9.01694436569228,-7.36064038396992,34.7110010205306));
#9922=CARTESIAN_POINT('',(-9.31588753928749,-7.5292291253685,33.4482001688806));
#9923=CARTESIAN_POINT('',(-9.61436198176918,-7.69786684246799,32.1852952387244));
#9924=CARTESIAN_POINT('',(-9.61436198176918,-7.69786684246799,32.1852952387244));
#9925=CARTESIAN_POINT('',(-9.61436198176918,-7.69786684246799,32.1852952387244));
#9926=CARTESIAN_POINT('',(-9.61557567029497,-7.69673132374461,32.1844080798293));
#9927=CARTESIAN_POINT('',(-9.61678890488324,-7.69559648562059,32.1835194271515));
#9928=CARTESIAN_POINT('',(-9.61800232727058,-7.69445970984963,32.1826335149265));
#9929=CARTESIAN_POINT('',(-9.69814643113877,-7.6193779605651,32.1241207974133));
#9930=CARTESIAN_POINT('',(-9.77922760000871,-7.53855124024485,32.0709466364324));
#9931=CARTESIAN_POINT('',(-9.85844065845615,-7.44873214682179,32.0371545308558));
#9932=CARTESIAN_POINT('',(-9.91213715907662,-7.3878460871209,32.0142477292043));
#9933=CARTESIAN_POINT('',(-9.96571723344997,-7.32189725808598,32.));
#9934=CARTESIAN_POINT('',(-10.015195482977,-7.25358144124669,32.));
#9935=CARTESIAN_POINT('',(0.,0.,31.5));
#9936=CARTESIAN_POINT('',(0.,0.,40.));
#9937=CARTESIAN_POINT('',(7.,0.,40.));
#9938=CARTESIAN_POINT('',(0.,0.,40.));
#9939=CARTESIAN_POINT('',(-9.45885040597437,3.33812637738509,40.));
#9940=CARTESIAN_POINT('',(-9.86066793086313,1.83852295912864,40.));
#9941=CARTESIAN_POINT('',(-9.86066793086313,1.83852295912864,40.));
#9942=CARTESIAN_POINT('',(-9.87059580732189,1.78527614350829,40.));
#9943=CARTESIAN_POINT('',(-9.87145171456742,1.72957394357708,40.));
#9944=CARTESIAN_POINT('',(-9.86315514078662,1.67604868815324,40.));
#9945=CARTESIAN_POINT('',(-9.85486018965089,1.62253390120635,40.));
#9946=CARTESIAN_POINT('',(-9.83720340519727,1.56974236840489,40.));
#9947=CARTESIAN_POINT('',(-9.81179495037417,1.52191926666715,40.));
#9948=CARTESIAN_POINT('',(-9.78619706866238,1.47373963079805,40.));
#9949=CARTESIAN_POINT('',(-9.75207577122952,1.42931055630399,40.));
#9950=CARTESIAN_POINT('',(-9.71233032006383,1.39193639447732,40.));
#9951=CARTESIAN_POINT('',(-9.6714710539135,1.35351486999002,40.));
#9952=CARTESIAN_POINT('',(-9.62360838368531,1.32152176152384,40.));
#9953=CARTESIAN_POINT('',(-9.57260331129037,1.29819418633356,40.));
#9954=CARTESIAN_POINT('',(-9.51983199285789,1.27405880448188,40.));
#9955=CARTESIAN_POINT('',(-9.46229741920481,1.25854710171167,40.));
#9956=CARTESIAN_POINT('',(-9.40456237843583,1.25271668374794,40.));
#9957=CARTESIAN_POINT('',(-9.38664728325404,1.2509075139374,40.));
#9958=CARTESIAN_POINT('',(-9.36861830752586,1.24999999999997,40.));
#9959=CARTESIAN_POINT('',(-9.35061209385458,1.24999999999994,40.));
#9960=CARTESIAN_POINT('',(-9.35061209385458,1.24999999999994,40.));
#9961=CARTESIAN_POINT('',(-8.74999999999999,1.24999999999994,40.));
#9962=CARTESIAN_POINT('',(-8.74999999999999,1.24999999999994,40.));
#9963=CARTESIAN_POINT('',(-8.75,0.249999999999937,40.));
#9964=CARTESIAN_POINT('',(-7.75,0.24999999999994,40.));
#9965=CARTESIAN_POINT('',(-7.75,-0.25000000000007,40.));
#9966=CARTESIAN_POINT('',(-7.75,-0.25000000000007,40.));
#9967=CARTESIAN_POINT('',(-8.75,-0.250000000000074,40.));
#9968=CARTESIAN_POINT('',(-8.74999999999999,-1.25000000000007,40.));
#9969=CARTESIAN_POINT('',(-9.28245326308911,-1.25000000000008,40.));
#9970=CARTESIAN_POINT('',(-9.35061209385335,-1.25000000000008,40.));
#9971=CARTESIAN_POINT('',(-9.35061209385335,-1.25000000000008,40.));
#9972=CARTESIAN_POINT('',(-9.41023573546171,-1.25000000000006,40.));
#9973=CARTESIAN_POINT('',(-9.47068506528236,-1.26018824510726,40.));
#9974=CARTESIAN_POINT('',(-9.52697586705962,-1.27984337863303,40.));
#9975=CARTESIAN_POINT('',(-9.58329943432336,-1.29950995292695,40.));
#9976=CARTESIAN_POINT('',(-9.63704389077709,-1.32923671923424,40.));
#9977=CARTESIAN_POINT('',(-9.68343962777289,-1.3667407718471,40.));
#9978=CARTESIAN_POINT('',(-9.72901425900628,-1.40358108257961,40.));
#9979=CARTESIAN_POINT('',(-9.76879583236726,-1.44901997716311,40.));
#9980=CARTESIAN_POINT('',(-9.79897609535859,-1.49925350414161,40.));
#9981=CARTESIAN_POINT('',(-9.82810986572235,-1.54774519687382,40.));
#9982=CARTESIAN_POINT('',(-9.84911884585947,-1.60211202098019,40.));
#9983=CARTESIAN_POINT('',(-9.85993621943137,-1.65763863863919,40.));
#9984=CARTESIAN_POINT('',(-9.87146584158419,-1.71682129668257,40.));
#9985=CARTESIAN_POINT('',(-9.8717195360578,-1.77924917721225,40.));
#9986=CARTESIAN_POINT('',(-9.86066793086311,-1.83852295912877,40.));
#9987=CARTESIAN_POINT('',(-9.86066793086311,-1.83852295912877,40.));
#9988=CARTESIAN_POINT('',(0.,0.,40.));
#9989=CARTESIAN_POINT('',(-9.45885040597435,-3.33812637738518,40.));
#9990=CARTESIAN_POINT('',(-9.45885040597435,-3.33812637738518,40.));
#9991=CARTESIAN_POINT('',(-9.44082479138309,-3.38920341061242,40.));
#9992=CARTESIAN_POINT('',(-9.4137149288354,-3.43787088442231,40.));
#9993=CARTESIAN_POINT('',(-9.37976725746492,-3.48007682847302,40.));
#9994=CARTESIAN_POINT('',(-9.34582622558478,-3.52227451787927,40.));
#9995=CARTESIAN_POINT('',(-9.30413923529807,-3.55916493416325,40.));
#9996=CARTESIAN_POINT('',(-9.25822331708148,-3.58787672774434,40.));
#9997=CARTESIAN_POINT('',(-9.21196508330145,-3.61680257549617,40.));
#9998=CARTESIAN_POINT('',(-9.16020063566748,-3.63821863395823,40.));
#9999=CARTESIAN_POINT('',(-9.10709298435979,-3.65071288196243,40.));
#10000=CARTESIAN_POINT('',(-9.05249705964996,-3.6635572651454,40.));
#10001=CARTESIAN_POINT('',(-8.99505021710631,-3.66733277470904,40.));
#10002=CARTESIAN_POINT('',(-8.93921474109527,-3.66203251123505,40.));
#10003=CARTESIAN_POINT('',(-8.88144574781572,-3.6565487058324,40.));
#10004=CARTESIAN_POINT('',(-8.82386349405114,-3.64121494766081,40.));
#10005=CARTESIAN_POINT('',(-8.7709482730748,-3.61739671734759,40.));
#10006=CARTESIAN_POINT('',(-8.75452876063088,-3.61000595677239,40.));
#10007=CARTESIAN_POINT('',(-8.73846145267736,-3.60177739903241,40.));
#10008=CARTESIAN_POINT('',(-8.72286761421204,-3.59277429219679,40.));
#10009=CARTESIAN_POINT('',(-8.72286761421204,-3.59277429219679,40.));
#10010=CARTESIAN_POINT('',(-8.2027222831138,-3.2924682452695,40.));
#10011=CARTESIAN_POINT('',(-8.2027222831138,-3.2924682452695,40.));
#10012=CARTESIAN_POINT('',(-7.70272228311381,-4.15849364905394,40.));
#10013=CARTESIAN_POINT('',(-6.83669687932937,-3.65849364905394,40.));
#10014=CARTESIAN_POINT('',(-6.58669687932937,-4.09150635094617,40.));
#10015=CARTESIAN_POINT('',(-6.58669687932937,-4.09150635094617,40.));
#10016=CARTESIAN_POINT('',(-7.4527222831138,-4.59150635094617,40.));
#10017=CARTESIAN_POINT('',(-6.95272228311379,-5.4575317547306,40.));
#10018=CARTESIAN_POINT('',(-7.41384033527688,-5.72375838627516,40.));
#10019=CARTESIAN_POINT('',(-7.47286761421097,-5.75783780165729,40.));
#10020=CARTESIAN_POINT('',(-7.47286761421097,-5.75783780165729,40.));
#10021=CARTESIAN_POINT('',(-7.52450320250997,-5.78764962246143,40.));
#10022=CARTESIAN_POINT('',(-7.57175973522278,-5.82669756645459,40.));
#10023=CARTESIAN_POINT('',(-7.61068143279839,-5.87186481229131,40.));
#10024=CARTESIAN_POINT('',(-7.6496257857336,-5.91705834886713,40.));
#10025=CARTESIAN_POINT('',(-7.68130646718147,-5.96967471188848,40.));
#10026=CARTESIAN_POINT('',(-7.7027343277407,-6.02535204269399,40.));
#10027=CARTESIAN_POINT('',(-7.72378296079067,-6.08004400328834,40.));
#10028=CARTESIAN_POINT('',(-7.73551536663204,-6.13928602699802,40.));
#10029=CARTESIAN_POINT('',(-7.73653547758618,-6.19787966897876,40.));
#10030=CARTESIAN_POINT('',(-7.73752021646311,-6.25444159193924,40.));
#10031=CARTESIAN_POINT('',(-7.72853111491628,-6.312029132807,40.));
#10032=CARTESIAN_POINT('',(-7.71013592640227,-6.36552528107187,40.));
#10033=CARTESIAN_POINT('',(-7.69052954306096,-6.42254377747734,40.));
#10034=CARTESIAN_POINT('',(-7.65953530865506,-6.47673475515727,40.));
#10035=CARTESIAN_POINT('',(-7.62032744684561,-6.522541553478,40.));
#10036=CARTESIAN_POINT('',(-7.62032744684561,-6.522541553478,40.));
#10037=CARTESIAN_POINT('',(0.,0.,40.));
#10038=CARTESIAN_POINT('',(-6.52254155347794,-7.62032744684566,40.));
#10039=CARTESIAN_POINT('',(-6.52254155347794,-7.62032744684566,40.));
#10040=CARTESIAN_POINT('',(-6.48139239670947,-7.65554864787477,40.));
#10041=CARTESIAN_POINT('',(-6.43358083014512,-7.68414098525829,40.));
#10042=CARTESIAN_POINT('',(-6.38307831231361,-7.70371856931167,40.));
#10043=CARTESIAN_POINT('',(-6.33258567177162,-7.72329232437842,40.));
#10044=CARTESIAN_POINT('',(-6.27803847103403,-7.73439686689317,40.));
#10045=CARTESIAN_POINT('',(-6.22391822262983,-7.73630405041433,40.));
#10046=CARTESIAN_POINT('',(-6.16939449316621,-7.73822545250339,40.));
#10047=CARTESIAN_POINT('',(-6.11385713727129,-7.73089007936349,40.));
#10048=CARTESIAN_POINT('',(-6.0616174381014,-7.71515658988246,40.));
#10049=CARTESIAN_POINT('',(-6.0079137887681,-7.69898218965994,40.));
#10050=CARTESIAN_POINT('',(-5.95627560897627,-7.67352845558246,40.));
#10051=CARTESIAN_POINT('',(-5.91057080005532,-7.64102055476171,40.));
#10052=CARTESIAN_POINT('',(-5.8632832870255,-7.60738694333383,40.));
#10053=CARTESIAN_POINT('',(-5.821082471544,-7.56531639233946,40.));
#10054=CARTESIAN_POINT('',(-5.78716566108823,-7.51823158932685,40.));
#10055=CARTESIAN_POINT('',(-5.77664132648164,-7.50362124669348,40.));
#10056=CARTESIAN_POINT('',(-5.76684090849346,-7.48846145267738,40.));
#10057=CARTESIAN_POINT('',(-5.75783780165779,-7.47286761421209,40.));
#10058=CARTESIAN_POINT('',(-5.75783780165779,-7.47286761421209,40.));
#10059=CARTESIAN_POINT('',(-5.45753175473049,-6.95272228311386,40.));
#10060=CARTESIAN_POINT('',(-5.4575317547305,-6.95272228311386,40.));
#10061=CARTESIAN_POINT('',(-4.59150635094606,-7.45272228311387,40.));
#10062=CARTESIAN_POINT('',(-4.09150635094606,-6.58669687932943,40.));
#10063=CARTESIAN_POINT('',(-3.65849364905383,-6.83669687932943,40.));
#10064=CARTESIAN_POINT('',(-3.65849364905383,-6.83669687932943,40.));
#10065=CARTESIAN_POINT('',(-4.15849364905383,-7.70272228311387,40.));
#10066=CARTESIAN_POINT('',(-3.29246824526939,-8.20272228311386,40.));
#10067=CARTESIAN_POINT('',(-3.55869487681394,-8.66384033527696,40.));
#10068=CARTESIAN_POINT('',(-3.59277429219606,-8.72286761421105,40.));
#10069=CARTESIAN_POINT('',(-3.59277429219606,-8.72286761421105,40.));
#10070=CARTESIAN_POINT('',(-3.62258611300029,-8.77450320251,40.));
#10071=CARTESIAN_POINT('',(-3.64398749882777,-8.83194798033004,40.));
#10072=CARTESIAN_POINT('',(-3.6551110547683,-8.89052481143142,40.));
#10073=CARTESIAN_POINT('',(-3.66624108545623,-8.94913573866054,40.));
#10074=CARTESIAN_POINT('',(-3.66736917888861,-9.01054318641571,40.));
#10075=CARTESIAN_POINT('',(-3.65808758507891,-9.06947509958781,40.));
#10076=CARTESIAN_POINT('',(-3.64897025571794,-9.12736404337027,40.));
#10077=CARTESIAN_POINT('',(-3.62950980536923,-9.18453534379515,40.));
#10078=CARTESIAN_POINT('',(-3.60109642637983,-9.23578898172779,40.));
#10079=CARTESIAN_POINT('',(-3.5736682737831,-9.28526541333693,40.));
#10080=CARTESIAN_POINT('',(-3.53708971305247,-9.33064313589647,40.));
#10081=CARTESIAN_POINT('',(-3.49441093835949,-9.36777456504146,40.));
#10082=CARTESIAN_POINT('',(-3.44892206410685,-9.40735083974353,40.));
#10083=CARTESIAN_POINT('',(-3.39498478090053,-9.43878448586732,40.));
#10084=CARTESIAN_POINT('',(-3.33812637738511,-9.45885040597437,40.));
#10085=CARTESIAN_POINT('',(-3.33812637738511,-9.45885040597437,40.));
#10086=CARTESIAN_POINT('',(0.,0.,40.));
#10087=CARTESIAN_POINT('',(-1.83852295912869,-9.86066793086312,40.));
#10088=CARTESIAN_POINT('',(-1.83852295912869,-9.86066793086312,40.));
#10089=CARTESIAN_POINT('',(-1.78527614350833,-9.87059580732189,40.));
#10090=CARTESIAN_POINT('',(-1.72957394357711,-9.87145171456742,40.));
#10091=CARTESIAN_POINT('',(-1.67604868815325,-9.86315514078662,40.));
#10092=CARTESIAN_POINT('',(-1.62253390120636,-9.85486018965089,40.));
#10093=CARTESIAN_POINT('',(-1.5697423684049,-9.83720340519727,40.));
#10094=CARTESIAN_POINT('',(-1.52191926666716,-9.81179495037417,40.));
#10095=CARTESIAN_POINT('',(-1.47373963079807,-9.78619706866237,40.));
#10096=CARTESIAN_POINT('',(-1.429310556304,-9.75207577122952,40.));
#10097=CARTESIAN_POINT('',(-1.39193639447734,-9.71233032006383,40.));
#10098=CARTESIAN_POINT('',(-1.35351486999003,-9.6714710539135,40.));
#10099=CARTESIAN_POINT('',(-1.32152176152386,-9.62360838368531,40.));
#10100=CARTESIAN_POINT('',(-1.29819418633357,-9.57260331129037,40.));
#10101=CARTESIAN_POINT('',(-1.2740588044819,-9.51983199285789,40.));
#10102=CARTESIAN_POINT('',(-1.25854710171169,-9.46229741920481,40.));
#10103=CARTESIAN_POINT('',(-1.25271668374796,-9.40456237843583,40.));
#10104=CARTESIAN_POINT('',(-1.25090751393741,-9.38664728325404,40.));
#10105=CARTESIAN_POINT('',(-1.24999999999998,-9.36861830752586,40.));
#10106=CARTESIAN_POINT('',(-1.24999999999995,-9.35061209385458,40.));
#10107=CARTESIAN_POINT('',(-1.24999999999995,-9.35061209385458,40.));
#10108=CARTESIAN_POINT('',(-1.24999999999995,-8.74999999999999,40.));
#10109=CARTESIAN_POINT('',(-1.24999999999995,-8.74999999999999,40.));
#10110=CARTESIAN_POINT('',(-0.249999999999949,-8.75,40.));
#10111=CARTESIAN_POINT('',(-0.249999999999951,-7.75,40.));
#10112=CARTESIAN_POINT('',(0.250000000000059,-7.75,40.));
#10113=CARTESIAN_POINT('',(0.250000000000059,-7.75,40.));
#10114=CARTESIAN_POINT('',(0.250000000000062,-8.75,40.));
#10115=CARTESIAN_POINT('',(1.25000000000006,-8.74999999999999,40.));
#10116=CARTESIAN_POINT('',(1.25000000000007,-9.28245326308911,40.));
#10117=CARTESIAN_POINT('',(1.25000000000007,-9.35061209385336,40.));
#10118=CARTESIAN_POINT('',(1.25000000000007,-9.35061209385336,40.));
#10119=CARTESIAN_POINT('',(1.25000000000004,-9.41023573546171,40.));
#10120=CARTESIAN_POINT('',(1.26018824510725,-9.47068506528236,40.));
#10121=CARTESIAN_POINT('',(1.27984337863302,-9.52697586705962,40.));
#10122=CARTESIAN_POINT('',(1.29950995292693,-9.58329943432336,40.));
#10123=CARTESIAN_POINT('',(1.32923671923423,-9.6370438907771,40.));
#10124=CARTESIAN_POINT('',(1.36674077184709,-9.68343962777289,40.));
#10125=CARTESIAN_POINT('',(1.40358108257959,-9.72901425900628,40.));
#10126=CARTESIAN_POINT('',(1.44901997716309,-9.76879583236726,40.));
#10127=CARTESIAN_POINT('',(1.4992535041416,-9.79897609535859,40.));
#10128=CARTESIAN_POINT('',(1.54774519687381,-9.82810986572235,40.));
#10129=CARTESIAN_POINT('',(1.60211202098018,-9.84911884585948,40.));
#10130=CARTESIAN_POINT('',(1.65763863863918,-9.85993621943137,40.));
#10131=CARTESIAN_POINT('',(1.71682129668256,-9.8714658415842,40.));
#10132=CARTESIAN_POINT('',(1.77924917721224,-9.8717195360578,40.));
#10133=CARTESIAN_POINT('',(1.83852295912876,-9.86066793086311,40.));
#10134=CARTESIAN_POINT('',(1.83852295912876,-9.86066793086311,40.));
#10135=CARTESIAN_POINT('',(0.,0.,40.));
#10136=CARTESIAN_POINT('',(3.33812637738517,-9.45885040597435,40.));
#10137=CARTESIAN_POINT('',(3.33812637738517,-9.45885040597435,40.));
#10138=CARTESIAN_POINT('',(3.38920341061242,-9.4408247913831,40.));
#10139=CARTESIAN_POINT('',(3.4378708844223,-9.4137149288354,40.));
#10140=CARTESIAN_POINT('',(3.48007682847301,-9.37976725746492,40.));
#10141=CARTESIAN_POINT('',(3.52227451787926,-9.34582622558478,40.));
#10142=CARTESIAN_POINT('',(3.55916493416324,-9.30413923529807,40.));
#10143=CARTESIAN_POINT('',(3.58787672774433,-9.25822331708149,40.));
#10144=CARTESIAN_POINT('',(3.61680257549616,-9.21196508330146,40.));
#10145=CARTESIAN_POINT('',(3.63821863395822,-9.16020063566749,40.));
#10146=CARTESIAN_POINT('',(3.65071288196242,-9.1070929843598,40.));
#10147=CARTESIAN_POINT('',(3.66355726514539,-9.05249705964997,40.));
#10148=CARTESIAN_POINT('',(3.66733277470903,-8.99505021710631,40.));
#10149=CARTESIAN_POINT('',(3.66203251123504,-8.93921474109528,40.));
#10150=CARTESIAN_POINT('',(3.65654870583239,-8.88144574781572,40.));
#10151=CARTESIAN_POINT('',(3.6412149476608,-8.82386349405114,40.));
#10152=CARTESIAN_POINT('',(3.61739671734759,-8.77094827307481,40.));
#10153=CARTESIAN_POINT('',(3.61000595677238,-8.75452876063089,40.));
#10154=CARTESIAN_POINT('',(3.6017773990324,-8.73846145267736,40.));
#10155=CARTESIAN_POINT('',(3.59277429219678,-8.72286761421204,40.));
#10156=CARTESIAN_POINT('',(3.59277429219678,-8.72286761421204,40.));
#10157=CARTESIAN_POINT('',(3.29246824526949,-8.20272228311381,40.));
#10158=CARTESIAN_POINT('',(3.29246824526949,-8.20272228311381,40.));
#10159=CARTESIAN_POINT('',(4.15849364905393,-7.70272228311381,40.));
#10160=CARTESIAN_POINT('',(3.65849364905393,-6.83669687932938,40.));
#10161=CARTESIAN_POINT('',(4.09150635094616,-6.58669687932937,40.));
#10162=CARTESIAN_POINT('',(4.09150635094616,-6.58669687932937,40.));
#10163=CARTESIAN_POINT('',(4.59150635094616,-7.45272228311381,40.));
#10164=CARTESIAN_POINT('',(5.4575317547306,-6.9527222831138,40.));
#10165=CARTESIAN_POINT('',(5.72375838627516,-7.41384033527689,40.));
#10166=CARTESIAN_POINT('',(5.75783780165729,-7.47286761421098,40.));
#10167=CARTESIAN_POINT('',(5.75783780165729,-7.47286761421098,40.));
#10168=CARTESIAN_POINT('',(5.78764962246142,-7.52450320250998,40.));
#10169=CARTESIAN_POINT('',(5.82669756645459,-7.57175973522279,40.));
#10170=CARTESIAN_POINT('',(5.87186481229131,-7.6106814327984,40.));
#10171=CARTESIAN_POINT('',(5.91705834886712,-7.6496257857336,40.));
#10172=CARTESIAN_POINT('',(5.96967471188847,-7.68130646718147,40.));
#10173=CARTESIAN_POINT('',(6.02535204269398,-7.70273432774071,40.));
#10174=CARTESIAN_POINT('',(6.08004400328833,-7.72378296079068,40.));
#10175=CARTESIAN_POINT('',(6.13928602699801,-7.73551536663205,40.));
#10176=CARTESIAN_POINT('',(6.19787966897875,-7.73653547758619,40.));
#10177=CARTESIAN_POINT('',(6.25444159193923,-7.73752021646312,40.));
#10178=CARTESIAN_POINT('',(6.312029132807,-7.72853111491629,40.));
#10179=CARTESIAN_POINT('',(6.36552528107187,-7.71013592640227,40.));
#10180=CARTESIAN_POINT('',(6.42254377747733,-7.69052954306097,40.));
#10181=CARTESIAN_POINT('',(6.47673475515726,-7.65953530865507,40.));
#10182=CARTESIAN_POINT('',(6.522541553478,-7.62032744684561,40.));
#10183=CARTESIAN_POINT('',(6.522541553478,-7.62032744684561,40.));
#10184=CARTESIAN_POINT('',(0.,0.,40.));
#10185=CARTESIAN_POINT('',(7.62032744684565,-6.52254155347796,40.));
#10186=CARTESIAN_POINT('',(7.62032744684565,-6.52254155347796,40.));
#10187=CARTESIAN_POINT('',(7.65554864787476,-6.48139239670948,40.));
#10188=CARTESIAN_POINT('',(7.68414098525828,-6.43358083014513,40.));
#10189=CARTESIAN_POINT('',(7.70371856931166,-6.38307831231362,40.));
#10190=CARTESIAN_POINT('',(7.72329232437841,-6.33258567177163,40.));
#10191=CARTESIAN_POINT('',(7.73439686689316,-6.27803847103404,40.));
#10192=CARTESIAN_POINT('',(7.73630405041432,-6.22391822262984,40.));
#10193=CARTESIAN_POINT('',(7.73822545250338,-6.16939449316622,40.));
#10194=CARTESIAN_POINT('',(7.73089007936348,-6.1138571372713,40.));
#10195=CARTESIAN_POINT('',(7.71515658988245,-6.06161743810141,40.));
#10196=CARTESIAN_POINT('',(7.69898218965993,-6.00791378876812,40.));
#10197=CARTESIAN_POINT('',(7.67352845558245,-5.95627560897628,40.));
#10198=CARTESIAN_POINT('',(7.64102055476171,-5.91057080005533,40.));
#10199=CARTESIAN_POINT('',(7.60738694333382,-5.86328328702551,40.));
#10200=CARTESIAN_POINT('',(7.56531639233945,-5.82108247154401,40.));
#10201=CARTESIAN_POINT('',(7.51823158932685,-5.78716566108825,40.));
#10202=CARTESIAN_POINT('',(7.50362124669347,-5.77664132648166,40.));
#10203=CARTESIAN_POINT('',(7.48846145267738,-5.76684090849347,40.));
#10204=CARTESIAN_POINT('',(7.47286761421208,-5.7578378016578,40.));
#10205=CARTESIAN_POINT('',(7.47286761421208,-5.7578378016578,40.));
#10206=CARTESIAN_POINT('',(6.95272228311385,-5.4575317547305,40.));
#10207=CARTESIAN_POINT('',(6.95272228311385,-5.4575317547305,40.));
#10208=CARTESIAN_POINT('',(7.45272228311386,-4.59150635094607,40.));
#10209=CARTESIAN_POINT('',(6.58669687932942,-4.09150635094607,40.));
#10210=CARTESIAN_POINT('',(6.83669687932943,-3.65849364905384,40.));
#10211=CARTESIAN_POINT('',(6.83669687932943,-3.65849364905384,40.));
#10212=CARTESIAN_POINT('',(7.70272228311387,-4.15849364905384,40.));
#10213=CARTESIAN_POINT('',(8.20272228311386,-3.2924682452694,40.));
#10214=CARTESIAN_POINT('',(8.66384033527696,-3.55869487681395,40.));
#10215=CARTESIAN_POINT('',(8.72286761421104,-3.59277429219608,40.));
#10216=CARTESIAN_POINT('',(8.72286761421104,-3.59277429219608,40.));
#10217=CARTESIAN_POINT('',(8.77450320250999,-3.6225861130003,40.));
#10218=CARTESIAN_POINT('',(8.83194798033003,-3.64398749882778,40.));
#10219=CARTESIAN_POINT('',(8.89052481143141,-3.65511105476832,40.));
#10220=CARTESIAN_POINT('',(8.94913573866053,-3.66624108545624,40.));
#10221=CARTESIAN_POINT('',(9.0105431864157,-3.66736917888863,40.));
#10222=CARTESIAN_POINT('',(9.0694750995878,-3.65808758507892,40.));
#10223=CARTESIAN_POINT('',(9.12736404337027,-3.64897025571796,40.));
#10224=CARTESIAN_POINT('',(9.18453534379514,-3.62950980536925,40.));
#10225=CARTESIAN_POINT('',(9.23578898172778,-3.60109642637984,40.));
#10226=CARTESIAN_POINT('',(9.28526541333692,-3.57366827378312,40.));
#10227=CARTESIAN_POINT('',(9.33064313589646,-3.53708971305249,40.));
#10228=CARTESIAN_POINT('',(9.36777456504145,-3.49441093835951,40.));
#10229=CARTESIAN_POINT('',(9.40735083974353,-3.44892206410687,40.));
#10230=CARTESIAN_POINT('',(9.43878448586731,-3.39498478090055,40.));
#10231=CARTESIAN_POINT('',(9.45885040597437,-3.33812637738512,40.));
#10232=CARTESIAN_POINT('',(9.45885040597437,-3.33812637738512,40.));
#10233=CARTESIAN_POINT('',(0.,0.,40.));
#10234=CARTESIAN_POINT('',(9.86066793086312,-1.8385229591287,40.));
#10235=CARTESIAN_POINT('',(9.86066793086312,-1.8385229591287,40.));
#10236=CARTESIAN_POINT('',(9.87059580732189,-1.78527614350834,40.));
#10237=CARTESIAN_POINT('',(9.87145171456742,-1.72957394357712,40.));
#10238=CARTESIAN_POINT('',(9.86315514078662,-1.67604868815327,40.));
#10239=CARTESIAN_POINT('',(9.85486018965088,-1.62253390120637,40.));
#10240=CARTESIAN_POINT('',(9.83720340519727,-1.56974236840491,40.));
#10241=CARTESIAN_POINT('',(9.81179495037417,-1.52191926666718,40.));
#10242=CARTESIAN_POINT('',(9.78619706866237,-1.47373963079808,40.));
#10243=CARTESIAN_POINT('',(9.75207577122952,-1.42931055630401,40.));
#10244=CARTESIAN_POINT('',(9.71233032006383,-1.39193639447735,40.));
#10245=CARTESIAN_POINT('',(9.6714710539135,-1.35351486999004,40.));
#10246=CARTESIAN_POINT('',(9.62360838368531,-1.32152176152387,40.));
#10247=CARTESIAN_POINT('',(9.57260331129036,-1.29819418633358,40.));
#10248=CARTESIAN_POINT('',(9.51983199285789,-1.27405880448191,40.));
#10249=CARTESIAN_POINT('',(9.4622974192048,-1.2585471017117,40.));
#10250=CARTESIAN_POINT('',(9.40456237843583,-1.25271668374797,40.));
#10251=CARTESIAN_POINT('',(9.38664728325403,-1.25090751393742,40.));
#10252=CARTESIAN_POINT('',(9.36861830752586,-1.24999999999999,40.));
#10253=CARTESIAN_POINT('',(9.35061209385457,-1.24999999999997,40.));
#10254=CARTESIAN_POINT('',(9.35061209385457,-1.24999999999997,40.));
#10255=CARTESIAN_POINT('',(8.74999999999999,-1.24999999999996,40.));
#10256=CARTESIAN_POINT('',(8.74999999999999,-1.24999999999996,40.));
#10257=CARTESIAN_POINT('',(8.75,-0.249999999999959,40.));
#10258=CARTESIAN_POINT('',(7.75,-0.24999999999996,40.));
#10259=CARTESIAN_POINT('',(7.75,0.25000000000005,40.));
#10260=CARTESIAN_POINT('',(7.75,0.25000000000005,40.));
#10261=CARTESIAN_POINT('',(8.75,0.250000000000051,40.));
#10262=CARTESIAN_POINT('',(8.74999999999999,1.25000000000005,40.));
#10263=CARTESIAN_POINT('',(9.28245326308911,1.25000000000006,40.));
#10264=CARTESIAN_POINT('',(9.35061209385336,1.25000000000006,40.));
#10265=CARTESIAN_POINT('',(9.35061209385336,1.25000000000006,40.));
#10266=CARTESIAN_POINT('',(9.41023573546172,1.25000000000003,40.));
#10267=CARTESIAN_POINT('',(9.47068506528236,1.26018824510724,40.));
#10268=CARTESIAN_POINT('',(9.52697586705962,1.27984337863301,40.));
#10269=CARTESIAN_POINT('',(9.58329943432336,1.29950995292692,40.));
#10270=CARTESIAN_POINT('',(9.6370438907771,1.32923671923422,40.));
#10271=CARTESIAN_POINT('',(9.6834396277729,1.36674077184708,40.));
#10272=CARTESIAN_POINT('',(9.72901425900628,1.40358108257958,40.));
#10273=CARTESIAN_POINT('',(9.76879583236726,1.44901997716308,40.));
#10274=CARTESIAN_POINT('',(9.7989760953586,1.49925350414159,40.));
#10275=CARTESIAN_POINT('',(9.82810986572235,1.5477451968738,40.));
#10276=CARTESIAN_POINT('',(9.84911884585948,1.60211202098017,40.));
#10277=CARTESIAN_POINT('',(9.85993621943137,1.65763863863917,40.));
#10278=CARTESIAN_POINT('',(9.8714658415842,1.71682129668255,40.));
#10279=CARTESIAN_POINT('',(9.87171953605781,1.77924917721223,40.));
#10280=CARTESIAN_POINT('',(9.86066793086311,1.83852295912875,40.));
#10281=CARTESIAN_POINT('',(9.86066793086311,1.83852295912875,40.));
#10282=CARTESIAN_POINT('',(0.,0.,40.));
#10283=CARTESIAN_POINT('',(9.45885040597435,3.33812637738516,40.));
#10284=CARTESIAN_POINT('',(9.45885040597435,3.33812637738516,40.));
#10285=CARTESIAN_POINT('',(9.4408247913831,3.3892034106124,40.));
#10286=CARTESIAN_POINT('',(9.4137149288354,3.43787088442229,40.));
#10287=CARTESIAN_POINT('',(9.37976725746493,3.480076828473,40.));
#10288=CARTESIAN_POINT('',(9.34582622558478,3.52227451787925,40.));
#10289=CARTESIAN_POINT('',(9.30413923529808,3.55916493416322,40.));
#10290=CARTESIAN_POINT('',(9.25822331708149,3.58787672774432,40.));
#10291=CARTESIAN_POINT('',(9.21196508330146,3.61680257549615,40.));
#10292=CARTESIAN_POINT('',(9.16020063566749,3.63821863395821,40.));
#10293=CARTESIAN_POINT('',(9.1070929843598,3.65071288196241,40.));
#10294=CARTESIAN_POINT('',(9.05249705964997,3.66355726514538,40.));
#10295=CARTESIAN_POINT('',(8.99505021710631,3.66733277470902,40.));
#10296=CARTESIAN_POINT('',(8.93921474109528,3.66203251123503,40.));
#10297=CARTESIAN_POINT('',(8.88144574781573,3.65654870583238,40.));
#10298=CARTESIAN_POINT('',(8.82386349405114,3.64121494766079,40.));
#10299=CARTESIAN_POINT('',(8.77094827307481,3.61739671734757,40.));
#10300=CARTESIAN_POINT('',(8.75452876063089,3.61000595677237,40.));
#10301=CARTESIAN_POINT('',(8.73846145267736,3.60177739903239,40.));
#10302=CARTESIAN_POINT('',(8.72286761421205,3.59277429219676,40.));
#10303=CARTESIAN_POINT('',(8.72286761421205,3.59277429219676,40.));
#10304=CARTESIAN_POINT('',(8.20272228311381,3.29246824526948,40.));
#10305=CARTESIAN_POINT('',(8.20272228311381,3.29246824526948,40.));
#10306=CARTESIAN_POINT('',(7.70272228311382,4.15849364905392,40.));
#10307=CARTESIAN_POINT('',(6.83669687932938,3.65849364905392,40.));
#10308=CARTESIAN_POINT('',(6.58669687932938,4.09150635094615,40.));
#10309=CARTESIAN_POINT('',(6.58669687932938,4.09150635094615,40.));
#10310=CARTESIAN_POINT('',(7.45272228311381,4.59150635094615,40.));
#10311=CARTESIAN_POINT('',(6.9527222831138,5.45753175473059,40.));
#10312=CARTESIAN_POINT('',(7.4138403352769,5.72375838627515,40.));
#10313=CARTESIAN_POINT('',(7.47286761421098,5.75783780165727,40.));
#10314=CARTESIAN_POINT('',(7.47286761421098,5.75783780165727,40.));
#10315=CARTESIAN_POINT('',(7.52450320250999,5.78764962246141,40.));
#10316=CARTESIAN_POINT('',(7.57175973522279,5.82669756645458,40.));
#10317=CARTESIAN_POINT('',(7.61068143279841,5.8718648122913,40.));
#10318=CARTESIAN_POINT('',(7.64962578573361,5.91705834886711,40.));
#10319=CARTESIAN_POINT('',(7.68130646718148,5.96967471188846,40.));
#10320=CARTESIAN_POINT('',(7.70273432774072,6.02535204269397,40.));
#10321=CARTESIAN_POINT('',(7.72378296079069,6.08004400328832,40.));
#10322=CARTESIAN_POINT('',(7.73551536663206,6.139286026998,40.));
#10323=CARTESIAN_POINT('',(7.7365354775862,6.19787966897874,40.));
#10324=CARTESIAN_POINT('',(7.73752021646313,6.25444159193922,40.));
#10325=CARTESIAN_POINT('',(7.7285311149163,6.31202913280699,40.));
#10326=CARTESIAN_POINT('',(7.71013592640228,6.36552528107186,40.));
#10327=CARTESIAN_POINT('',(7.69052954306098,6.42254377747732,40.));
#10328=CARTESIAN_POINT('',(7.65953530865508,6.47673475515725,40.));
#10329=CARTESIAN_POINT('',(7.62032744684562,6.52254155347799,40.));
#10330=CARTESIAN_POINT('',(7.62032744684562,6.52254155347799,40.));
#10331=CARTESIAN_POINT('',(0.,0.,40.));
#10332=CARTESIAN_POINT('',(6.52254155347796,7.62032744684564,40.));
#10333=CARTESIAN_POINT('',(6.52254155347796,7.62032744684564,40.));
#10334=CARTESIAN_POINT('',(6.48139239670949,7.65554864787475,40.));
#10335=CARTESIAN_POINT('',(6.43358083014514,7.68414098525827,40.));
#10336=CARTESIAN_POINT('',(6.38307831231363,7.70371856931165,40.));
#10337=CARTESIAN_POINT('',(6.33258567177164,7.7232923243784,40.));
#10338=CARTESIAN_POINT('',(6.27803847103405,7.73439686689316,40.));
#10339=CARTESIAN_POINT('',(6.22391822262985,7.73630405041431,40.));
#10340=CARTESIAN_POINT('',(6.16939449316623,7.73822545250338,40.));
#10341=CARTESIAN_POINT('',(6.11385713727131,7.73089007936347,40.));
#10342=CARTESIAN_POINT('',(6.06161743810142,7.71515658988245,40.));
#10343=CARTESIAN_POINT('',(6.00791378876813,7.69898218965992,40.));
#10344=CARTESIAN_POINT('',(5.95627560897629,7.67352845558244,40.));
#10345=CARTESIAN_POINT('',(5.91057080005534,7.6410205547617,40.));
#10346=CARTESIAN_POINT('',(5.86328328702552,7.60738694333381,40.));
#10347=CARTESIAN_POINT('',(5.82108247154402,7.56531639233944,40.));
#10348=CARTESIAN_POINT('',(5.78716566108826,7.51823158932684,40.));
#10349=CARTESIAN_POINT('',(5.77664132648167,7.50362124669346,40.));
#10350=CARTESIAN_POINT('',(5.76684090849348,7.48846145267737,40.));
#10351=CARTESIAN_POINT('',(5.75783780165781,7.47286761421207,40.));
#10352=CARTESIAN_POINT('',(5.75783780165781,7.47286761421207,40.));
#10353=CARTESIAN_POINT('',(5.45753175473051,6.95272228311384,40.));
#10354=CARTESIAN_POINT('',(5.45753175473051,6.95272228311384,40.));
#10355=CARTESIAN_POINT('',(4.59150635094608,7.45272228311386,40.));
#10356=CARTESIAN_POINT('',(4.09150635094608,6.58669687932942,40.));
#10357=CARTESIAN_POINT('',(3.65849364905385,6.83669687932942,40.));
#10358=CARTESIAN_POINT('',(3.65849364905385,6.83669687932942,40.));
#10359=CARTESIAN_POINT('',(4.15849364905385,7.70272228311386,40.));
#10360=CARTESIAN_POINT('',(3.29246824526941,8.20272228311385,40.));
#10361=CARTESIAN_POINT('',(3.55869487681397,8.66384033527695,40.));
#10362=CARTESIAN_POINT('',(3.59277429219609,8.72286761421103,40.));
#10363=CARTESIAN_POINT('',(3.59277429219609,8.72286761421103,40.));
#10364=CARTESIAN_POINT('',(3.62258611300031,8.77450320250998,40.));
#10365=CARTESIAN_POINT('',(3.64398749882779,8.83194798033002,40.));
#10366=CARTESIAN_POINT('',(3.65511105476833,8.8905248114314,40.));
#10367=CARTESIAN_POINT('',(3.66624108545626,8.94913573866052,40.));
#10368=CARTESIAN_POINT('',(3.66736917888864,9.0105431864157,40.));
#10369=CARTESIAN_POINT('',(3.65808758507893,9.06947509958779,40.));
#10370=CARTESIAN_POINT('',(3.64897025571797,9.12736404337026,40.));
#10371=CARTESIAN_POINT('',(3.62950980536926,9.18453534379513,40.));
#10372=CARTESIAN_POINT('',(3.60109642637986,9.23578898172777,40.));
#10373=CARTESIAN_POINT('',(3.57366827378313,9.28526541333691,40.));
#10374=CARTESIAN_POINT('',(3.5370897130525,9.33064313589646,40.));
#10375=CARTESIAN_POINT('',(3.49441093835952,9.36777456504145,40.));
#10376=CARTESIAN_POINT('',(3.44892206410689,9.40735083974352,40.));
#10377=CARTESIAN_POINT('',(3.39498478090056,9.4387844858673,40.));
#10378=CARTESIAN_POINT('',(3.33812637738513,9.45885040597436,40.));
#10379=CARTESIAN_POINT('',(3.33812637738513,9.45885040597436,40.));
#10380=CARTESIAN_POINT('',(0.,0.,40.));
#10381=CARTESIAN_POINT('',(1.83852295912872,9.86066793086312,40.));
#10382=CARTESIAN_POINT('',(1.83852295912872,9.86066793086312,40.));
#10383=CARTESIAN_POINT('',(1.78527614350835,9.87059580732189,40.));
#10384=CARTESIAN_POINT('',(1.72957394357713,9.87145171456742,40.));
#10385=CARTESIAN_POINT('',(1.67604868815328,9.86315514078662,40.));
#10386=CARTESIAN_POINT('',(1.62253390120638,9.85486018965088,40.));
#10387=CARTESIAN_POINT('',(1.56974236840492,9.83720340519726,40.));
#10388=CARTESIAN_POINT('',(1.52191926666719,9.81179495037416,40.));
#10389=CARTESIAN_POINT('',(1.47373963079809,9.78619706866237,40.));
#10390=CARTESIAN_POINT('',(1.42931055630402,9.75207577122952,40.));
#10391=CARTESIAN_POINT('',(1.39193639447736,9.71233032006383,40.));
#10392=CARTESIAN_POINT('',(1.35351486999006,9.6714710539135,40.));
#10393=CARTESIAN_POINT('',(1.32152176152388,9.62360838368531,40.));
#10394=CARTESIAN_POINT('',(1.29819418633359,9.57260331129036,40.));
#10395=CARTESIAN_POINT('',(1.27405880448192,9.51983199285789,40.));
#10396=CARTESIAN_POINT('',(1.25854710171171,9.4622974192048,40.));
#10397=CARTESIAN_POINT('',(1.25271668374798,9.40456237843583,40.));
#10398=CARTESIAN_POINT('',(1.25090751393743,9.38664728325403,40.));
#10399=CARTESIAN_POINT('',(1.25,9.36861830752586,40.));
#10400=CARTESIAN_POINT('',(1.24999999999998,9.35061209385457,40.));
#10401=CARTESIAN_POINT('',(1.24999999999998,9.35061209385457,40.));
#10402=CARTESIAN_POINT('',(1.24999999999997,8.74999999999999,40.));
#10403=CARTESIAN_POINT('',(1.24999999999997,8.74999999999999,40.));
#10404=CARTESIAN_POINT('',(0.249999999999969,8.75,40.));
#10405=CARTESIAN_POINT('',(0.249999999999969,7.75,40.));
#10406=CARTESIAN_POINT('',(-0.250000000000041,7.75,40.));
#10407=CARTESIAN_POINT('',(-0.250000000000041,7.75,40.));
#10408=CARTESIAN_POINT('',(-0.250000000000041,8.75,40.));
#10409=CARTESIAN_POINT('',(-1.25000000000004,8.74999999999999,40.));
#10410=CARTESIAN_POINT('',(-1.25000000000005,9.28245326308911,40.));
#10411=CARTESIAN_POINT('',(-1.25000000000005,9.35061209385336,40.));
#10412=CARTESIAN_POINT('',(-1.25000000000005,9.35061209385336,40.));
#10413=CARTESIAN_POINT('',(-1.25000000000002,9.41023573546172,40.));
#10414=CARTESIAN_POINT('',(-1.26018824510722,9.47068506528236,40.));
#10415=CARTESIAN_POINT('',(-1.27984337863299,9.52697586705962,40.));
#10416=CARTESIAN_POINT('',(-1.29950995292691,9.58329943432336,40.));
#10417=CARTESIAN_POINT('',(-1.32923671923421,9.63704389077709,40.));
#10418=CARTESIAN_POINT('',(-1.36674077184706,9.68343962777289,40.));
#10419=CARTESIAN_POINT('',(-1.40358108257956,9.72901425900628,40.));
#10420=CARTESIAN_POINT('',(-1.44901997716307,9.76879583236726,40.));
#10421=CARTESIAN_POINT('',(-1.49925350414157,9.7989760953586,40.));
#10422=CARTESIAN_POINT('',(-1.54774519687378,9.82810986572235,40.));
#10423=CARTESIAN_POINT('',(-1.60211202098015,9.84911884585948,40.));
#10424=CARTESIAN_POINT('',(-1.65763863863915,9.85993621943137,40.));
#10425=CARTESIAN_POINT('',(-1.71682129668253,9.8714658415842,40.));
#10426=CARTESIAN_POINT('',(-1.77924917721222,9.87171953605781,40.));
#10427=CARTESIAN_POINT('',(-1.83852295912873,9.86066793086311,40.));
#10428=CARTESIAN_POINT('',(-1.83852295912873,9.86066793086311,40.));
#10429=CARTESIAN_POINT('',(0.,0.,40.));
#10430=CARTESIAN_POINT('',(-3.3381263773852,9.45885040597434,40.));
#10431=CARTESIAN_POINT('',(-3.3381263773852,9.45885040597434,40.));
#10432=CARTESIAN_POINT('',(-3.38920341061244,9.44082479138309,40.));
#10433=CARTESIAN_POINT('',(-3.43787088442233,9.41371492883539,40.));
#10434=CARTESIAN_POINT('',(-3.48007682847303,9.37976725746491,40.));
#10435=CARTESIAN_POINT('',(-3.52227451787929,9.34582622558477,40.));
#10436=CARTESIAN_POINT('',(-3.55916493416326,9.30413923529806,40.));
#10437=CARTESIAN_POINT('',(-3.58787672774436,9.25822331708148,40.));
#10438=CARTESIAN_POINT('',(-3.61680257549619,9.21196508330145,40.));
#10439=CARTESIAN_POINT('',(-3.63821863395825,9.16020063566748,40.));
#10440=CARTESIAN_POINT('',(-3.65071288196245,9.10709298435978,40.));
#10441=CARTESIAN_POINT('',(-3.66355726514541,9.05249705964996,40.));
#10442=CARTESIAN_POINT('',(-3.66733277470906,8.9950502171063,40.));
#10443=CARTESIAN_POINT('',(-3.66203251123507,8.93921474109527,40.));
#10444=CARTESIAN_POINT('',(-3.65654870583242,8.88144574781571,40.));
#10445=CARTESIAN_POINT('',(-3.64121494766083,8.82386349405113,40.));
#10446=CARTESIAN_POINT('',(-3.61739671734761,8.7709482730748,40.));
#10447=CARTESIAN_POINT('',(-3.61000595677241,8.75452876063088,40.));
#10448=CARTESIAN_POINT('',(-3.60177739903242,8.73846145267735,40.));
#10449=CARTESIAN_POINT('',(-3.5927742921968,8.72286761421203,40.));
#10450=CARTESIAN_POINT('',(-3.5927742921968,8.72286761421203,40.));
#10451=CARTESIAN_POINT('',(-3.29246824526951,8.2027222831138,40.));
#10452=CARTESIAN_POINT('',(-3.29246824526951,8.2027222831138,40.));
#10453=CARTESIAN_POINT('',(-4.15849364905396,7.7027222831138,40.));
#10454=CARTESIAN_POINT('',(-3.65849364905395,6.83669687932937,40.));
#10455=CARTESIAN_POINT('',(-4.09150635094618,6.58669687932936,40.));
#10456=CARTESIAN_POINT('',(-4.09150635094618,6.58669687932936,40.));
#10457=CARTESIAN_POINT('',(-4.59150635094618,7.45272228311379,40.));
#10458=CARTESIAN_POINT('',(-5.45753175473062,6.95272228311378,40.));
#10459=CARTESIAN_POINT('',(-5.72375838627518,7.41384033527688,40.));
#10460=CARTESIAN_POINT('',(-5.7578378016573,7.47286761421096,40.));
#10461=CARTESIAN_POINT('',(-5.7578378016573,7.47286761421096,40.));
#10462=CARTESIAN_POINT('',(-5.78764962246144,7.52450320250996,40.));
#10463=CARTESIAN_POINT('',(-5.82669756645461,7.57175973522277,40.));
#10464=CARTESIAN_POINT('',(-5.87186481229132,7.61068143279838,40.));
#10465=CARTESIAN_POINT('',(-5.91705834886714,7.64962578573359,40.));
#10466=CARTESIAN_POINT('',(-5.96967471188849,7.68130646718146,40.));
#10467=CARTESIAN_POINT('',(-6.02535204269399,7.70273432774069,40.));
#10468=CARTESIAN_POINT('',(-6.08004400328834,7.72378296079066,40.));
#10469=CARTESIAN_POINT('',(-6.13928602699803,7.73551536663203,40.));
#10470=CARTESIAN_POINT('',(-6.19787966897877,7.73653547758617,40.));
#10471=CARTESIAN_POINT('',(-6.25444159193925,7.7375202164631,40.));
#10472=CARTESIAN_POINT('',(-6.31202913280702,7.72853111491627,40.));
#10473=CARTESIAN_POINT('',(-6.36552528107188,7.71013592640226,40.));
#10474=CARTESIAN_POINT('',(-6.42254377747735,7.69052954306096,40.));
#10475=CARTESIAN_POINT('',(-6.47673475515728,7.65953530865505,40.));
#10476=CARTESIAN_POINT('',(-6.52254155347802,7.62032744684559,40.));
#10477=CARTESIAN_POINT('',(-6.52254155347802,7.62032744684559,40.));
#10478=CARTESIAN_POINT('',(0.,0.,40.));
#10479=CARTESIAN_POINT('',(-7.62032744684567,6.52254155347793,40.));
#10480=CARTESIAN_POINT('',(-7.62032744684567,6.52254155347793,40.));
#10481=CARTESIAN_POINT('',(-7.65554864787478,6.48139239670946,40.));
#10482=CARTESIAN_POINT('',(-7.6841409852583,6.43358083014511,40.));
#10483=CARTESIAN_POINT('',(-7.70371856931168,6.3830783123136,40.));
#10484=CARTESIAN_POINT('',(-7.72329232437843,6.33258567177161,40.));
#10485=CARTESIAN_POINT('',(-7.73439686689318,6.27803847103402,40.));
#10486=CARTESIAN_POINT('',(-7.73630405041433,6.22391822262982,40.));
#10487=CARTESIAN_POINT('',(-7.7382254525034,6.1693944931662,40.));
#10488=CARTESIAN_POINT('',(-7.7308900793635,6.11385713727128,40.));
#10489=CARTESIAN_POINT('',(-7.71515658988247,6.06161743810139,40.));
#10490=CARTESIAN_POINT('',(-7.69898218965994,6.0079137887681,40.));
#10491=CARTESIAN_POINT('',(-7.67352845558247,5.95627560897626,40.));
#10492=CARTESIAN_POINT('',(-7.64102055476172,5.91057080005531,40.));
#10493=CARTESIAN_POINT('',(-7.60738694333384,5.86328328702549,40.));
#10494=CARTESIAN_POINT('',(-7.56531639233946,5.82108247154399,40.));
#10495=CARTESIAN_POINT('',(-7.51823158932686,5.78716566108822,40.));
#10496=CARTESIAN_POINT('',(-7.50362124669349,5.77664132648164,40.));
#10497=CARTESIAN_POINT('',(-7.48846145267739,5.76684090849345,40.));
#10498=CARTESIAN_POINT('',(-7.4728676142121,5.75783780165778,40.));
#10499=CARTESIAN_POINT('',(-7.4728676142121,5.75783780165778,40.));
#10500=CARTESIAN_POINT('',(-6.95272228311387,5.45753175473049,40.));
#10501=CARTESIAN_POINT('',(-6.95272228311387,5.45753175473049,40.));
#10502=CARTESIAN_POINT('',(-7.45272228311387,4.59150635094605,40.));
#10503=CARTESIAN_POINT('',(-6.58669687932943,4.09150635094605,40.));
#10504=CARTESIAN_POINT('',(-6.83669687932944,3.65849364905383,40.));
#10505=CARTESIAN_POINT('',(-6.83669687932943,3.65849364905383,40.));
#10506=CARTESIAN_POINT('',(-7.70272228311388,4.15849364905382,40.));
#10507=CARTESIAN_POINT('',(-8.20272228311386,3.29246824526938,40.));
#10508=CARTESIAN_POINT('',(-8.66384033527697,3.55869487681393,40.));
#10509=CARTESIAN_POINT('',(-8.72286761421105,3.59277429219605,40.));
#10510=CARTESIAN_POINT('',(-8.72286761421105,3.59277429219605,40.));
#10511=CARTESIAN_POINT('',(-8.77450320251,3.62258611300028,40.));
#10512=CARTESIAN_POINT('',(-8.83194798033004,3.64398749882776,40.));
#10513=CARTESIAN_POINT('',(-8.89052481143142,3.65511105476829,40.));
#10514=CARTESIAN_POINT('',(-8.94913573866054,3.66624108545622,40.));
#10515=CARTESIAN_POINT('',(-9.01054318641572,3.6673691788886,40.));
#10516=CARTESIAN_POINT('',(-9.06947509958781,3.6580875850789,40.));
#10517=CARTESIAN_POINT('',(-9.12736404337028,3.64897025571793,40.));
#10518=CARTESIAN_POINT('',(-9.18453534379515,3.62950980536923,40.));
#10519=CARTESIAN_POINT('',(-9.2357889817278,3.60109642637982,40.));
#10520=CARTESIAN_POINT('',(-9.28526541333693,3.57366827378309,40.));
#10521=CARTESIAN_POINT('',(-9.33064313589648,3.53708971305246,40.));
#10522=CARTESIAN_POINT('',(-9.36777456504146,3.49441093835948,40.));
#10523=CARTESIAN_POINT('',(-9.40735083974353,3.44892206410684,40.));
#10524=CARTESIAN_POINT('',(-9.43878448586732,3.39498478090052,40.));
#10525=CARTESIAN_POINT('',(-9.45885040597437,3.33812637738509,40.));
#10526=CARTESIAN_POINT('',(10.2224318643355,0.,40.));
#10527=CARTESIAN_POINT('',(-1.00000000000004,8.75,32.));
#10528=CARTESIAN_POINT('',(-1.00000000000004,8.75,39.75));
#10529=CARTESIAN_POINT('',(-1.00000000000004,8.75,32.25));
#10530=CARTESIAN_POINT('',(-1.00000000000016,23.,32.25));
#10531=CARTESIAN_POINT('',(-1.00000000000006,11.3889144442616,32.2500000000003));
#10532=CARTESIAN_POINT('',(-1.00000000000006,11.3889144442616,32.2500000000003));
#10533=CARTESIAN_POINT('',(-1.00000000000006,11.0699450416436,33.4266007865652));
#10534=CARTESIAN_POINT('',(-1.00000000000006,10.7506901258348,34.6031242341875));
#10535=CARTESIAN_POINT('',(-1.00000000000005,10.4310633486068,35.7795466132803));
#10536=CARTESIAN_POINT('',(-1.00000000000005,10.0714416422983,37.1031748367285));
#10537=CARTESIAN_POINT('',(-1.00000000000005,9.7113521126297,38.4266761226328));
#10538=CARTESIAN_POINT('',(-1.00000000000005,9.35061209385379,39.7500000000001));
#10539=CARTESIAN_POINT('',(-1.00000000000005,9.35061209385379,39.7500000000001));
#10540=CARTESIAN_POINT('',(-1.00000000000004,8.75,39.75));
#10541=CARTESIAN_POINT('',(-1.00000000000016,23.,32.));
#10542=CARTESIAN_POINT('',(0.249999999999969,8.,32.));
#10543=CARTESIAN_POINT('',(0.249999999999969,8.,39.75));
#10544=CARTESIAN_POINT('',(0.249999999999969,8.,32.25));
#10545=CARTESIAN_POINT('',(-1.00000000000005,8.,32.25));
#10546=CARTESIAN_POINT('',(-0.250000000000041,8.,32.25));
#10547=CARTESIAN_POINT('',(-0.250000000000041,8.,40.));
#10548=CARTESIAN_POINT('',(-0.250000000000041,8.,39.75));
#10549=CARTESIAN_POINT('',(0.249999999999969,8.,39.75));
#10550=CARTESIAN_POINT('',(-1.00000000000005,8.,32.));
#10551=CARTESIAN_POINT('',(0.999999999999977,9.35061209385346,39.7500000000014));
#10552=CARTESIAN_POINT('',(0.999999999999981,9.71135211282903,38.4266761219016));
#10553=CARTESIAN_POINT('',(0.999999999999986,10.0714416426966,37.1031748352647));
#10554=CARTESIAN_POINT('',(0.99999999999999,10.4310633492036,35.7795466110838));
#10555=CARTESIAN_POINT('',(0.999999999999994,10.7506901262322,34.6031242327229));
#10556=CARTESIAN_POINT('',(0.999999999999998,11.0699450418422,33.4266007858325));
#10557=CARTESIAN_POINT('',(1.,11.3889144442617,32.2499999999998));
#10558=CARTESIAN_POINT('',(0.999999999999977,9.35061209385346,39.7500000000014));
#10559=CARTESIAN_POINT('',(1.,11.3889144442617,32.2499999999998));
#10560=CARTESIAN_POINT('',(0.99999999999996,8.,32.25));
#10561=CARTESIAN_POINT('',(0.999999999999969,8.74999999999999,32.25));
#10562=CARTESIAN_POINT('',(0.999999999999969,8.74999999999999,40.));
#10563=CARTESIAN_POINT('',(0.999999999999969,8.74999999999999,39.75));
#10564=CARTESIAN_POINT('',(0.999999999999976,9.28245326308913,39.75));
#10565=CARTESIAN_POINT('',(0.99999999999996,8.,32.));
#10566=CARTESIAN_POINT('',(-1.27418805505041,12.3002044327486,32.));
#10567=CARTESIAN_POINT('',(-1.26544599849592,12.2953045515267,32.));
#10568=CARTESIAN_POINT('',(-1.25677740591501,12.2902712479319,32.));
#10569=CARTESIAN_POINT('',(-1.24818805351683,12.2851083597701,32.));
#10570=CARTESIAN_POINT('',(-1.14778197972956,12.2247562743399,32.));
#10571=CARTESIAN_POINT('',(-1.05695823048655,12.1452243822802,32.));
#10572=CARTESIAN_POINT('',(-0.983319074000838,12.0541144020298,32.));
#10573=CARTESIAN_POINT('',(-0.908368736086257,11.9613821637337,32.));
#10574=CARTESIAN_POINT('',(-0.848956633026503,11.8539690414924,32.));
#10575=CARTESIAN_POINT('',(-0.809649312662147,11.7414001481928,32.));
#10576=CARTESIAN_POINT('',(-0.770364605808003,11.6288960158028,32.));
#10577=CARTESIAN_POINT('',(-0.750000000000039,11.5080801607971,32.));
#10578=CARTESIAN_POINT('',(-0.750000000000062,11.3889144442615,32.));
#10579=CARTESIAN_POINT('',(-0.750000000000062,11.3889144442615,32.));
#10580=CARTESIAN_POINT('',(-0.749999999999971,-6.00648003556946E-15,32.));
#10581=CARTESIAN_POINT('',(-0.750000000000041,8.75,32.));
#10582=CARTESIAN_POINT('',(-0.250000000000041,8.75,32.));
#10583=CARTESIAN_POINT('',(-0.250000000000041,8.25,32.));
#10584=CARTESIAN_POINT('',(0.,8.25,32.));
#10585=CARTESIAN_POINT('',(0.249999999999969,8.25,32.));
#10586=CARTESIAN_POINT('',(0.249999999999969,8.75,32.));
#10587=CARTESIAN_POINT('',(0.749999999999969,8.75,32.));
#10588=CARTESIAN_POINT('',(0.749999999999862,-9.20487644440023E-15,32.));
#10589=CARTESIAN_POINT('',(0.750000000000002,11.3889144442616,32.));
#10590=CARTESIAN_POINT('',(0.750000000000002,11.3889144442616,32.));
#10591=CARTESIAN_POINT('',(0.749999999999988,11.5080801607972,32.));
#10592=CARTESIAN_POINT('',(0.770364605807955,11.6288960158028,32.));
#10593=CARTESIAN_POINT('',(0.80964931266209,11.7414001481928,32.));
#10594=CARTESIAN_POINT('',(0.848956633026438,11.8539690414924,32.));
#10595=CARTESIAN_POINT('',(0.908368736086171,11.9613821637337,32.));
#10596=CARTESIAN_POINT('',(0.983319074000726,12.0541144020298,32.));
#10597=CARTESIAN_POINT('',(1.06315201893641,12.1528876414793,32.));
#10598=CARTESIAN_POINT('',(1.16340163706923,12.2381091710988,32.));
#10599=CARTESIAN_POINT('',(1.27418805505036,12.3002044327486,32.));
#10600=CARTESIAN_POINT('',(0.,0.,32.));
#10601=CARTESIAN_POINT('',(3.50897459621552,8.07772228311385,32.));
#10602=CARTESIAN_POINT('',(3.50897459621552,8.07772228311385,39.75));
#10603=CARTESIAN_POINT('',(3.50897459621552,8.07772228311385,32.25));
#10604=CARTESIAN_POINT('',(10.6339745962154,20.4185842870422,32.25));
#10605=CARTESIAN_POINT('',(4.82843181834629,10.3630892302581,32.2500000000003));
#10606=CARTESIAN_POINT('',(4.82843181834629,10.3630892302581,32.2500000000003));
#10607=CARTESIAN_POINT('',(4.6689471166445,10.0868536238806,33.4266007894631));
#10608=CARTESIAN_POINT('',(4.50931965834659,9.81037075582555,34.603124239983));
#10609=CARTESIAN_POINT('',(4.34950626933806,9.533565846333,35.7795466219727));
#10610=CARTESIAN_POINT('',(4.16969541657642,9.22212431359753,37.1031748425229));
#10611=CARTESIAN_POINT('',(3.98965065213553,8.91027763394915,38.4266761255296));
#10612=CARTESIAN_POINT('',(3.80928064314242,8.59786761421141,39.7500000000001));
#10613=CARTESIAN_POINT('',(3.80928064314242,8.59786761421141,39.7500000000001));
#10614=CARTESIAN_POINT('',(3.50897459621552,8.07772228311386,39.75));
#10615=CARTESIAN_POINT('',(10.6339745962154,20.4185842870422,32.));
#10616=CARTESIAN_POINT('',(4.21650635094608,6.80320323027553,32.));
#10617=CARTESIAN_POINT('',(4.21650635094608,6.80320323027553,39.75));
#10618=CARTESIAN_POINT('',(4.21650635094608,6.80320323027553,32.25));
#10619=CARTESIAN_POINT('',(3.13397459621552,7.42820323027554,32.25));
#10620=CARTESIAN_POINT('',(3.78349364905385,7.05320323027553,32.25));
#10621=CARTESIAN_POINT('',(3.78349364905385,7.05320323027553,40.));
#10622=CARTESIAN_POINT('',(3.78349364905385,7.05320323027553,39.75));
#10623=CARTESIAN_POINT('',(4.21650635094608,6.80320323027553,39.75));
#10624=CARTESIAN_POINT('',(3.13397459621552,7.42820323027554,32.));
#10625=CARTESIAN_POINT('',(5.54133145071115,7.59786761421112,39.7500000000014));
#10626=CARTESIAN_POINT('',(5.72170145970433,7.91027763394895,38.4266761255304));
#10627=CARTESIAN_POINT('',(5.90174622414528,8.22212431359743,37.1031748425233));
#10628=CARTESIAN_POINT('',(6.08155707690698,8.53356584633299,35.7795466219727));
#10629=CARTESIAN_POINT('',(6.24137046591555,8.81037075582558,34.6031242399828));
#10630=CARTESIAN_POINT('',(6.40099792421349,9.0868536238807,33.4266007894627));
#10631=CARTESIAN_POINT('',(6.56048262591531,9.3630892302582,32.2499999999998));
#10632=CARTESIAN_POINT('',(5.54133145071115,7.59786761421112,39.7500000000014));
#10633=CARTESIAN_POINT('',(6.56048262591531,9.3630892302582,32.2499999999998));
#10634=CARTESIAN_POINT('',(4.8660254037844,6.42820323027553,32.25));
#10635=CARTESIAN_POINT('',(5.24102540378441,7.07772228311385,32.25));
#10636=CARTESIAN_POINT('',(5.24102540378441,7.07772228311385,40.));
#10637=CARTESIAN_POINT('',(5.24102540378441,7.07772228311385,39.75));
#10638=CARTESIAN_POINT('',(5.50725203532898,7.53884033527696,39.75));
#10639=CARTESIAN_POINT('',(4.8660254037844,6.42820323027553,32.));
#10640=CARTESIAN_POINT('',(5.04662299150196,11.2893835380275,32.));
#10641=CARTESIAN_POINT('',(5.05174389394852,11.2807690881365,32.));
#10642=CARTESIAN_POINT('',(5.05673446354124,11.272075823068,32.));
#10643=CARTESIAN_POINT('',(5.06159161683924,11.2633099545639,32.));
#10644=CARTESIAN_POINT('',(5.11836978471815,11.1608404785163,32.));
#10645=CARTESIAN_POINT('',(5.1572595127997,11.0465519649601,32.));
#10646=CARTESIAN_POINT('',(5.17547790290439,10.9308288292821,32.));
#10647=CARTESIAN_POINT('',(5.19402068041258,10.8130451862106,32.));
#10648=CARTESIAN_POINT('',(5.19176650983394,10.6903166421199,32.));
#10649=CARTESIAN_POINT('',(5.16952320117438,10.5731754606644,32.));
#10650=CARTESIAN_POINT('',(5.14729268909528,10.4561016705569,32.));
#10651=CARTESIAN_POINT('',(5.10452102756018,10.341289768038,32.));
#10652=CARTESIAN_POINT('',(5.04493816929234,10.238089230258,32.));
#10653=CARTESIAN_POINT('',(5.04493816929234,10.238089230258,32.));
#10654=CARTESIAN_POINT('',(-0.649519052838307,0.37499999999998,32.));
#10655=CARTESIAN_POINT('',(3.72548094716163,7.95272228311386,32.));
#10656=CARTESIAN_POINT('',(4.15849364905385,7.70272228311386,32.));
#10657=CARTESIAN_POINT('',(3.90849364905385,7.26970958122164,32.));
#10658=CARTESIAN_POINT('',(4.125,7.14470958122162,32.));
#10659=CARTESIAN_POINT('',(4.34150635094608,7.01970958122164,32.));
#10660=CARTESIAN_POINT('',(4.59150635094608,7.45272228311386,32.));
#10661=CARTESIAN_POINT('',(5.0245190528383,7.20272228311385,32.));
#10662=CARTESIAN_POINT('',(0.649519052838204,-0.374999999999938,32.));
#10663=CARTESIAN_POINT('',(6.34397627496911,9.48808923025804,32.));
#10664=CARTESIAN_POINT('',(6.34397627496911,9.48808923025804,32.));
#10665=CARTESIAN_POINT('',(6.4035591332369,9.59128976803806,32.));
#10666=CARTESIAN_POINT('',(6.48160332670749,9.68573706474893,32.));
#10667=CARTESIAN_POINT('',(6.5718769470184,9.76352614800234,32.));
#10668=CARTESIAN_POINT('',(6.66220253165839,9.84136000909347,32.));
#10669=CARTESIAN_POINT('',(6.76736148332101,9.90467645012434,32.));
#10670=CARTESIAN_POINT('',(6.87863649912529,9.94750975528127,32.));
#10671=CARTESIAN_POINT('',(6.99716047722327,9.99313341739078,32.));
#10672=CARTESIAN_POINT('',(7.12658995805574,10.0168126179243,32.));
#10673=CARTESIAN_POINT('',(7.2535814412466,10.0151954829771,32.));
#10674=CARTESIAN_POINT('',(0.,0.,32.));
#10675=CARTESIAN_POINT('',(-8.07772228311387,3.50897459621549,32.));
#10676=CARTESIAN_POINT('',(-8.07772228311387,3.50897459621549,39.75));
#10677=CARTESIAN_POINT('',(-8.07772228311387,3.50897459621549,32.25));
#10678=CARTESIAN_POINT('',(-20.4185842870422,10.6339745962153,32.25));
#10679=CARTESIAN_POINT('',(-10.3630892302581,4.82843181834625,32.2500000000003));
#10680=CARTESIAN_POINT('',(-10.3630892302581,4.82843181834625,32.2500000000003));
#10681=CARTESIAN_POINT('',(-10.0868536238806,4.66894711664446,33.4266007894631));
#10682=CARTESIAN_POINT('',(-9.81037075582557,4.50931965834655,34.603124239983));
#10683=CARTESIAN_POINT('',(-9.53356584633302,4.34950626933802,35.7795466219727));
#10684=CARTESIAN_POINT('',(-9.22212431359755,4.16969541657638,37.1031748425229));
#10685=CARTESIAN_POINT('',(-8.91027763394917,3.9896506521355,38.4266761255296));
#10686=CARTESIAN_POINT('',(-8.59786761421143,3.80928064314238,39.7500000000001));
#10687=CARTESIAN_POINT('',(-8.59786761421143,3.80928064314238,39.7500000000001));
#10688=CARTESIAN_POINT('',(-8.07772228311387,3.50897459621549,39.75));
#10689=CARTESIAN_POINT('',(-20.4185842870422,10.6339745962153,32.));
#10690=CARTESIAN_POINT('',(-6.80320323027554,4.21650635094605,32.));
#10691=CARTESIAN_POINT('',(-6.80320323027554,4.21650635094605,39.75));
#10692=CARTESIAN_POINT('',(-6.80320323027554,4.21650635094605,32.25));
#10693=CARTESIAN_POINT('',(-7.42820323027555,3.13397459621549,32.25));
#10694=CARTESIAN_POINT('',(-7.05320323027555,3.78349364905383,32.25));
#10695=CARTESIAN_POINT('',(-7.05320323027555,3.78349364905383,40.));
#10696=CARTESIAN_POINT('',(-7.05320323027555,3.78349364905383,39.75));
#10697=CARTESIAN_POINT('',(-6.80320323027554,4.21650635094605,39.75));
#10698=CARTESIAN_POINT('',(-7.42820323027555,3.13397459621549,32.));
#10699=CARTESIAN_POINT('',(-7.59786761421114,5.54133145071112,39.7500000000014));
#10700=CARTESIAN_POINT('',(-7.91027763394897,5.7217014597043,38.4266761255304));
#10701=CARTESIAN_POINT('',(-8.22212431359746,5.90174622414524,37.1031748425233));
#10702=CARTESIAN_POINT('',(-8.53356584633302,6.08155707690695,35.7795466219727));
#10703=CARTESIAN_POINT('',(-8.81037075582561,6.24137046591551,34.6031242399828));
#10704=CARTESIAN_POINT('',(-9.08685362388072,6.40099792421346,33.4266007894627));
#10705=CARTESIAN_POINT('',(-9.36308923025823,6.56048262591527,32.2499999999998));
#10706=CARTESIAN_POINT('',(-7.59786761421114,5.54133145071112,39.7500000000014));
#10707=CARTESIAN_POINT('',(-9.36308923025823,6.56048262591527,32.2499999999998));
#10708=CARTESIAN_POINT('',(-6.42820323027555,4.86602540378438,32.25));
#10709=CARTESIAN_POINT('',(-7.07772228311387,5.24102540378438,32.25));
#10710=CARTESIAN_POINT('',(-7.07772228311387,5.24102540378438,40.));
#10711=CARTESIAN_POINT('',(-7.07772228311387,5.24102540378438,39.75));
#10712=CARTESIAN_POINT('',(-7.53884033527698,5.50725203532895,39.75));
#10713=CARTESIAN_POINT('',(-6.42820323027555,4.86602540378438,32.));
#10714=CARTESIAN_POINT('',(-11.2893835380275,5.04662299150191,32.));
#10715=CARTESIAN_POINT('',(-11.2807690881365,5.05174389394847,32.));
#10716=CARTESIAN_POINT('',(-11.272075823068,5.05673446354119,32.));
#10717=CARTESIAN_POINT('',(-11.2633099545639,5.06159161683919,32.));
#10718=CARTESIAN_POINT('',(-11.1608404785164,5.1183697847181,32.));
#10719=CARTESIAN_POINT('',(-11.0465519649601,5.15725951279966,32.));
#10720=CARTESIAN_POINT('',(-10.9308288292821,5.17547790290434,32.));
#10721=CARTESIAN_POINT('',(-10.8130451862106,5.19402068041254,32.));
#10722=CARTESIAN_POINT('',(-10.69031664212,5.1917665098339,32.));
#10723=CARTESIAN_POINT('',(-10.5731754606645,5.16952320117434,32.));
#10724=CARTESIAN_POINT('',(-10.4561016705569,5.14729268909524,32.));
#10725=CARTESIAN_POINT('',(-10.341289768038,5.10452102756013,32.));
#10726=CARTESIAN_POINT('',(-10.238089230258,5.0449381692923,32.));
#10727=CARTESIAN_POINT('',(-10.238089230258,5.0449381692923,32.));
#10728=CARTESIAN_POINT('',(-0.374999999999978,-0.649519052838309,32.));
#10729=CARTESIAN_POINT('',(-7.95272228311387,3.7254809471616,32.));
#10730=CARTESIAN_POINT('',(-7.70272228311388,4.15849364905382,32.));
#10731=CARTESIAN_POINT('',(-7.26970958122166,3.90849364905383,32.));
#10732=CARTESIAN_POINT('',(-7.14470958122164,4.12499999999997,32.));
#10733=CARTESIAN_POINT('',(-7.01970958122165,4.34150635094605,32.));
#10734=CARTESIAN_POINT('',(-7.45272228311387,4.59150635094605,32.));
#10735=CARTESIAN_POINT('',(-7.20272228311387,5.02451905283827,32.));
#10736=CARTESIAN_POINT('',(0.374999999999936,0.649519052838206,32.));
#10737=CARTESIAN_POINT('',(-9.48808923025807,6.34397627496907,32.));
#10738=CARTESIAN_POINT('',(-9.48808923025807,6.34397627496907,32.));
#10739=CARTESIAN_POINT('',(-9.59128976803808,6.40355913323686,32.));
#10740=CARTESIAN_POINT('',(-9.68573706474896,6.48160332670745,32.));
#10741=CARTESIAN_POINT('',(-9.76352614800236,6.57187694701836,32.));
#10742=CARTESIAN_POINT('',(-9.8413600090935,6.66220253165835,32.));
#10743=CARTESIAN_POINT('',(-9.90467645012436,6.76736148332097,32.));
#10744=CARTESIAN_POINT('',(-9.9475097552813,6.87863649912525,32.));
#10745=CARTESIAN_POINT('',(-9.99313341739081,6.99716047722323,32.));
#10746=CARTESIAN_POINT('',(-10.0168126179243,7.1265899580557,32.));
#10747=CARTESIAN_POINT('',(-10.0151954829771,7.25358144124657,32.));
#10748=CARTESIAN_POINT('',(0.,0.,32.));
#10749=CARTESIAN_POINT('',(-5.24102540378451,7.07772228311379,32.));
#10750=CARTESIAN_POINT('',(-5.24102540378451,7.07772228311379,39.75));
#10751=CARTESIAN_POINT('',(-5.24102540378451,7.07772228311379,32.25));
#10752=CARTESIAN_POINT('',(-12.3660254037847,19.418584287042,32.25));
#10753=CARTESIAN_POINT('',(-6.56048262591532,9.36308923025799,32.2500000000003));
#10754=CARTESIAN_POINT('',(-6.56048262591532,9.36308923025799,32.2500000000003));
#10755=CARTESIAN_POINT('',(-6.40099792421353,9.08685362388052,33.4266007894631));
#10756=CARTESIAN_POINT('',(-6.24137046591562,8.81037075582546,34.603124239983));
#10757=CARTESIAN_POINT('',(-6.08155707690708,8.53356584633291,35.7795466219727));
#10758=CARTESIAN_POINT('',(-5.90174622414543,8.22212431359745,37.1031748425229));
#10759=CARTESIAN_POINT('',(-5.72170145970454,7.91027763394907,38.4266761255296));
#10760=CARTESIAN_POINT('',(-5.54133145071141,7.59786761421134,39.7500000000001));
#10761=CARTESIAN_POINT('',(-5.54133145071141,7.59786761421134,39.7500000000001));
#10762=CARTESIAN_POINT('',(-5.24102540378451,7.07772228311379,39.75));
#10763=CARTESIAN_POINT('',(-12.3660254037847,19.418584287042,32.));
#10764=CARTESIAN_POINT('',(-3.78349364905395,7.05320323027548,32.));
#10765=CARTESIAN_POINT('',(-3.78349364905395,7.05320323027548,39.75));
#10766=CARTESIAN_POINT('',(-3.78349364905395,7.05320323027548,32.25));
#10767=CARTESIAN_POINT('',(-4.86602540378451,6.42820323027546,32.25));
#10768=CARTESIAN_POINT('',(-4.21650635094618,6.80320323027547,32.25));
#10769=CARTESIAN_POINT('',(-4.21650635094618,6.80320323027547,40.));
#10770=CARTESIAN_POINT('',(-4.21650635094618,6.80320323027547,39.75));
#10771=CARTESIAN_POINT('',(-3.78349364905395,7.05320323027548,39.75));
#10772=CARTESIAN_POINT('',(-4.86602540378451,6.42820323027546,32.));
#10773=CARTESIAN_POINT('',(-3.80928064314236,8.59786761421107,39.7500000000014));
#10774=CARTESIAN_POINT('',(-3.98965065213553,8.91027763394891,38.4266761255304));
#10775=CARTESIAN_POINT('',(-4.16969541657647,9.22212431359739,37.1031748425233));
#10776=CARTESIAN_POINT('',(-4.34950626933817,9.53356584633296,35.7795466219727));
#10777=CARTESIAN_POINT('',(-4.50931965834673,9.81037075582555,34.6031242399828));
#10778=CARTESIAN_POINT('',(-4.66894711664467,10.0868536238807,33.4266007894627));
#10779=CARTESIAN_POINT('',(-4.82843181834649,10.3630892302582,32.2499999999998));
#10780=CARTESIAN_POINT('',(-3.80928064314236,8.59786761421107,39.7500000000014));
#10781=CARTESIAN_POINT('',(-4.82843181834649,10.3630892302582,32.2499999999998));
#10782=CARTESIAN_POINT('',(-3.13397459621563,7.42820323027547,32.25));
#10783=CARTESIAN_POINT('',(-3.50897459621562,8.0777222831138,32.25));
#10784=CARTESIAN_POINT('',(-3.50897459621562,8.0777222831138,40.));
#10785=CARTESIAN_POINT('',(-3.50897459621562,8.0777222831138,39.75));
#10786=CARTESIAN_POINT('',(-3.77520122776019,8.53884033527691,39.75));
#10787=CARTESIAN_POINT('',(-3.13397459621563,7.42820323027547,32.));
#10788=CARTESIAN_POINT('',(-7.2535814412467,10.015195482977,32.));
#10789=CARTESIAN_POINT('',(-7.24356065757823,10.0153230896406,32.));
#10790=CARTESIAN_POINT('',(-7.2335367843907,10.015298417153,32.));
#10791=CARTESIAN_POINT('',(-7.22351674293094,10.0151219010471,32.));
#10792=CARTESIAN_POINT('',(-7.10638648962179,10.0130584987867,32.));
#10793=CARTESIAN_POINT('',(-6.98796486948055,9.98959373447351,32.));
#10794=CARTESIAN_POINT('',(-6.87863649912547,9.94750975528123,32.));
#10795=CARTESIAN_POINT('',(-6.76736148332116,9.90467645012429,32.));
#10796=CARTESIAN_POINT('',(-6.66220253165851,9.84136000909341,32.));
#10797=CARTESIAN_POINT('',(-6.57187694701849,9.76352614800226,32.));
#10798=CARTESIAN_POINT('',(-6.48160332670756,9.68573706474883,32.));
#10799=CARTESIAN_POINT('',(-6.40355913323696,9.59128976803793,32.));
#10800=CARTESIAN_POINT('',(-6.34397627496916,9.48808923025789,32.));
#10801=CARTESIAN_POINT('',(-6.34397627496916,9.48808923025789,32.));
#10802=CARTESIAN_POINT('',(-0.649519052838301,-0.374999999999995,32.));
#10803=CARTESIAN_POINT('',(-5.0245190528384,7.20272228311379,32.));
#10804=CARTESIAN_POINT('',(-4.59150635094618,7.45272228311379,32.));
#10805=CARTESIAN_POINT('',(-4.34150635094618,7.01970958122158,32.));
#10806=CARTESIAN_POINT('',(-4.12500000000004,7.1447095812216,32.));
#10807=CARTESIAN_POINT('',(-3.90849364905395,7.26970958122158,32.));
#10808=CARTESIAN_POINT('',(-4.15849364905396,7.7027222831138,32.));
#10809=CARTESIAN_POINT('',(-3.72548094716173,7.9527222831138,32.));
#10810=CARTESIAN_POINT('',(0.649519052838213,0.374999999999927,32.));
#10811=CARTESIAN_POINT('',(-5.0449381692925,10.238089230258,32.));
#10812=CARTESIAN_POINT('',(-5.0449381692925,10.238089230258,32.));
#10813=CARTESIAN_POINT('',(-5.10452102756031,10.341289768038,32.));
#10814=CARTESIAN_POINT('',(-5.1472926890954,10.4561016705569,32.));
#10815=CARTESIAN_POINT('',(-5.1695232011745,10.5731754606644,32.));
#10816=CARTESIAN_POINT('',(-5.19176650983405,10.6903166421199,32.));
#10817=CARTESIAN_POINT('',(-5.1940206804127,10.8130451862105,32.));
#10818=CARTESIAN_POINT('',(-5.17547790290451,10.930828829282,32.));
#10819=CARTESIAN_POINT('',(-5.15572716425604,11.0562854363272,32.));
#10820=CARTESIAN_POINT('',(-5.1115192130431,11.1802142549935,32.));
#10821=CARTESIAN_POINT('',(-5.04662299150208,11.2893835380274,32.));
#10822=CARTESIAN_POINT('',(0.,0.,32.));
#10823=CARTESIAN_POINT('',(1.00000000000006,-8.74999999999999,32.));
#10824=CARTESIAN_POINT('',(1.00000000000006,-8.74999999999999,39.75));
#10825=CARTESIAN_POINT('',(1.00000000000006,-8.74999999999999,32.25));
#10826=CARTESIAN_POINT('',(1.00000000000021,-23.,32.25));
#10827=CARTESIAN_POINT('',(1.00000000000009,-11.3889144442616,32.2500000000003));
#10828=CARTESIAN_POINT('',(1.00000000000009,-11.3889144442616,32.2500000000003));
#10829=CARTESIAN_POINT('',(1.00000000000009,-11.0699450416436,33.4266007865652));
#10830=CARTESIAN_POINT('',(1.00000000000008,-10.7506901258348,34.6031242341875));
#10831=CARTESIAN_POINT('',(1.00000000000008,-10.4310633486068,35.7795466132803));
#10832=CARTESIAN_POINT('',(1.00000000000008,-10.0714416422983,37.1031748367285));
#10833=CARTESIAN_POINT('',(1.00000000000007,-9.7113521126297,38.4266761226328));
#10834=CARTESIAN_POINT('',(1.00000000000007,-9.35061209385379,39.7500000000001));
#10835=CARTESIAN_POINT('',(1.00000000000007,-9.35061209385379,39.7500000000001));
#10836=CARTESIAN_POINT('',(1.00000000000006,-8.74999999999999,39.75));
#10837=CARTESIAN_POINT('',(1.00000000000021,-23.,32.));
#10838=CARTESIAN_POINT('',(-0.249999999999951,-8.,32.));
#10839=CARTESIAN_POINT('',(-0.249999999999951,-8.,39.75));
#10840=CARTESIAN_POINT('',(-0.249999999999951,-8.,32.25));
#10841=CARTESIAN_POINT('',(1.00000000000007,-8.,32.25));
#10842=CARTESIAN_POINT('',(0.25000000000006,-8.,32.25));
#10843=CARTESIAN_POINT('',(0.25000000000006,-8.,40.));
#10844=CARTESIAN_POINT('',(0.25000000000006,-8.,39.75));
#10845=CARTESIAN_POINT('',(-0.249999999999951,-8.,39.75));
#10846=CARTESIAN_POINT('',(1.00000000000007,-8.,32.));
#10847=CARTESIAN_POINT('',(-0.999999999999955,-9.35061209385347,39.7500000000014));
#10848=CARTESIAN_POINT('',(-0.999999999999959,-9.71135211282904,38.4266761219016));
#10849=CARTESIAN_POINT('',(-0.999999999999962,-10.0714416426966,37.1031748352647));
#10850=CARTESIAN_POINT('',(-0.999999999999966,-10.4310633492036,35.7795466110838));
#10851=CARTESIAN_POINT('',(-0.999999999999969,-10.7506901262322,34.6031242327229));
#10852=CARTESIAN_POINT('',(-0.999999999999972,-11.0699450418422,33.4266007858325));
#10853=CARTESIAN_POINT('',(-0.999999999999975,-11.3889144442617,32.2499999999998));
#10854=CARTESIAN_POINT('',(-0.999999999999955,-9.35061209385347,39.7500000000014));
#10855=CARTESIAN_POINT('',(-0.999999999999975,-11.3889144442617,32.2499999999998));
#10856=CARTESIAN_POINT('',(-0.999999999999941,-8.,32.25));
#10857=CARTESIAN_POINT('',(-0.999999999999949,-8.75,32.25));
#10858=CARTESIAN_POINT('',(-0.999999999999949,-8.75,40.));
#10859=CARTESIAN_POINT('',(-0.999999999999949,-8.75,39.75));
#10860=CARTESIAN_POINT('',(-0.999999999999954,-9.28245326308913,39.75));
#10861=CARTESIAN_POINT('',(-0.999999999999941,-8.,32.));
#10862=CARTESIAN_POINT('',(1.27418805505045,-12.3002044327486,32.));
#10863=CARTESIAN_POINT('',(1.26544599849595,-12.2953045515267,32.));
#10864=CARTESIAN_POINT('',(1.25677740591504,-12.2902712479319,32.));
#10865=CARTESIAN_POINT('',(1.24818805351686,-12.2851083597701,32.));
#10866=CARTESIAN_POINT('',(1.14778197972959,-12.2247562743399,32.));
#10867=CARTESIAN_POINT('',(1.05695823048657,-12.1452243822802,32.));
#10868=CARTESIAN_POINT('',(0.983319074000864,-12.0541144020298,32.));
#10869=CARTESIAN_POINT('',(0.908368736086283,-11.9613821637337,32.));
#10870=CARTESIAN_POINT('',(0.84895663302653,-11.8539690414924,32.));
#10871=CARTESIAN_POINT('',(0.809649312662174,-11.7414001481928,32.));
#10872=CARTESIAN_POINT('',(0.77036460580803,-11.6288960158028,32.));
#10873=CARTESIAN_POINT('',(0.750000000000066,-11.5080801607971,32.));
#10874=CARTESIAN_POINT('',(0.750000000000089,-11.3889144442614,32.));
#10875=CARTESIAN_POINT('',(0.750000000000089,-11.3889144442614,32.));
#10876=CARTESIAN_POINT('',(0.749999999999971,7.76366308244318E-15,32.));
#10877=CARTESIAN_POINT('',(0.750000000000062,-8.75,32.));
#10878=CARTESIAN_POINT('',(0.250000000000062,-8.75,32.));
#10879=CARTESIAN_POINT('',(0.250000000000061,-8.25,32.));
#10880=CARTESIAN_POINT('',(1.93290135156116E-14,-8.25,32.));
#10881=CARTESIAN_POINT('',(-0.24999999999995,-8.25,32.));
#10882=CARTESIAN_POINT('',(-0.249999999999949,-8.75,32.));
#10883=CARTESIAN_POINT('',(-0.749999999999949,-8.75,32.));
#10884=CARTESIAN_POINT('',(-0.749999999999862,7.44769339752677E-15,32.));
#10885=CARTESIAN_POINT('',(-0.749999999999975,-11.3889144442616,32.));
#10886=CARTESIAN_POINT('',(-0.749999999999975,-11.3889144442616,32.));
#10887=CARTESIAN_POINT('',(-0.749999999999962,-11.5080801607972,32.));
#10888=CARTESIAN_POINT('',(-0.770364605807927,-11.6288960158028,32.));
#10889=CARTESIAN_POINT('',(-0.809649312662063,-11.7414001481929,32.));
#10890=CARTESIAN_POINT('',(-0.84895663302641,-11.8539690414924,32.));
#10891=CARTESIAN_POINT('',(-0.908368736086144,-11.9613821637337,32.));
#10892=CARTESIAN_POINT('',(-0.983319074000699,-12.0541144020298,32.));
#10893=CARTESIAN_POINT('',(-1.06315201893638,-12.1528876414793,32.));
#10894=CARTESIAN_POINT('',(-1.1634016370692,-12.2381091710988,32.));
#10895=CARTESIAN_POINT('',(-1.27418805505033,-12.3002044327486,32.));
#10896=CARTESIAN_POINT('',(0.,0.,32.));
#10897=CARTESIAN_POINT('',(-3.5089745962155,-8.07772228311386,32.));
#10898=CARTESIAN_POINT('',(-3.5089745962155,-8.07772228311386,39.75));
#10899=CARTESIAN_POINT('',(-3.5089745962155,-8.07772228311386,32.25));
#10900=CARTESIAN_POINT('',(-10.6339745962154,-20.4185842870422,32.25));
#10901=CARTESIAN_POINT('',(-4.82843181834626,-10.3630892302581,32.2500000000003));
#10902=CARTESIAN_POINT('',(-4.82843181834626,-10.3630892302581,32.2500000000003));
#10903=CARTESIAN_POINT('',(-4.66894711664447,-10.0868536238806,33.4266007894631));
#10904=CARTESIAN_POINT('',(-4.50931965834657,-9.81037075582556,34.603124239983));
#10905=CARTESIAN_POINT('',(-4.34950626933803,-9.53356584633301,35.7795466219727));
#10906=CARTESIAN_POINT('',(-4.16969541657639,-9.22212431359755,37.1031748425229));
#10907=CARTESIAN_POINT('',(-3.98965065213551,-8.91027763394916,38.4266761255296));
#10908=CARTESIAN_POINT('',(-3.80928064314239,-8.59786761421142,39.7500000000001));
#10909=CARTESIAN_POINT('',(-3.80928064314239,-8.59786761421142,39.7500000000001));
#10910=CARTESIAN_POINT('',(-3.5089745962155,-8.07772228311387,39.75));
#10911=CARTESIAN_POINT('',(-10.6339745962154,-20.4185842870422,32.));
#10912=CARTESIAN_POINT('',(-4.21650635094606,-6.80320323027554,32.));
#10913=CARTESIAN_POINT('',(-4.21650635094606,-6.80320323027554,39.75));
#10914=CARTESIAN_POINT('',(-4.21650635094606,-6.80320323027554,32.25));
#10915=CARTESIAN_POINT('',(-3.1339745962155,-7.42820323027554,32.25));
#10916=CARTESIAN_POINT('',(-3.78349364905383,-7.05320323027554,32.25));
#10917=CARTESIAN_POINT('',(-3.78349364905383,-7.05320323027554,40.));
#10918=CARTESIAN_POINT('',(-3.78349364905383,-7.05320323027554,39.75));
#10919=CARTESIAN_POINT('',(-4.21650635094606,-6.80320323027554,39.75));
#10920=CARTESIAN_POINT('',(-3.1339745962155,-7.42820323027554,32.));
#10921=CARTESIAN_POINT('',(-5.54133145071113,-7.59786761421113,39.7500000000014));
#10922=CARTESIAN_POINT('',(-5.72170145970431,-7.91027763394897,38.4266761255304));
#10923=CARTESIAN_POINT('',(-5.90174622414525,-8.22212431359745,37.1031748425233));
#10924=CARTESIAN_POINT('',(-6.08155707690696,-8.533565846333,35.7795466219727));
#10925=CARTESIAN_POINT('',(-6.24137046591552,-8.8103707558256,34.6031242399828));
#10926=CARTESIAN_POINT('',(-6.40099792421347,-9.08685362388072,33.4266007894627));
#10927=CARTESIAN_POINT('',(-6.56048262591529,-9.36308923025822,32.2499999999998));
#10928=CARTESIAN_POINT('',(-5.54133145071113,-7.59786761421113,39.7500000000014));
#10929=CARTESIAN_POINT('',(-6.56048262591529,-9.36308923025822,32.2499999999998));
#10930=CARTESIAN_POINT('',(-4.86602540378439,-6.42820323027554,32.25));
#10931=CARTESIAN_POINT('',(-5.24102540378439,-7.07772228311386,32.25));
#10932=CARTESIAN_POINT('',(-5.24102540378439,-7.07772228311386,40.));
#10933=CARTESIAN_POINT('',(-5.24102540378439,-7.07772228311386,39.75));
#10934=CARTESIAN_POINT('',(-5.50725203532896,-7.53884033527697,39.75));
#10935=CARTESIAN_POINT('',(-4.86602540378439,-6.42820323027554,32.));
#10936=CARTESIAN_POINT('',(-5.04662299150193,-11.2893835380275,32.));
#10937=CARTESIAN_POINT('',(-5.05174389394849,-11.2807690881365,32.));
#10938=CARTESIAN_POINT('',(-5.05673446354121,-11.272075823068,32.));
#10939=CARTESIAN_POINT('',(-5.06159161683921,-11.2633099545639,32.));
#10940=CARTESIAN_POINT('',(-5.11836978471812,-11.1608404785163,32.));
#10941=CARTESIAN_POINT('',(-5.15725951279967,-11.0465519649601,32.));
#10942=CARTESIAN_POINT('',(-5.17547790290435,-10.9308288292821,32.));
#10943=CARTESIAN_POINT('',(-5.19402068041255,-10.8130451862106,32.));
#10944=CARTESIAN_POINT('',(-5.19176650983391,-10.69031664212,32.));
#10945=CARTESIAN_POINT('',(-5.16952320117435,-10.5731754606644,32.));
#10946=CARTESIAN_POINT('',(-5.14729268909525,-10.4561016705569,32.));
#10947=CARTESIAN_POINT('',(-5.10452102756015,-10.341289768038,32.));
#10948=CARTESIAN_POINT('',(-5.04493816929231,-10.238089230258,32.));
#10949=CARTESIAN_POINT('',(-5.04493816929231,-10.238089230258,32.));
#10950=CARTESIAN_POINT('',(0.64951905283831,-0.374999999999979,32.));
#10951=CARTESIAN_POINT('',(-3.72548094716161,-7.95272228311387,32.));
#10952=CARTESIAN_POINT('',(-4.15849364905383,-7.70272228311387,32.));
#10953=CARTESIAN_POINT('',(-3.90849364905383,-7.26970958122165,32.));
#10954=CARTESIAN_POINT('',(-4.12499999999998,-7.14470958122163,32.));
#10955=CARTESIAN_POINT('',(-4.34150635094606,-7.01970958122165,32.));
#10956=CARTESIAN_POINT('',(-4.59150635094606,-7.45272228311387,32.));
#10957=CARTESIAN_POINT('',(-5.02451905283828,-7.20272228311386,32.));
#10958=CARTESIAN_POINT('',(-0.649519052838207,0.374999999999937,32.));
#10959=CARTESIAN_POINT('',(-6.34397627496908,-9.48808923025806,32.));
#10960=CARTESIAN_POINT('',(-6.34397627496908,-9.48808923025806,32.));
#10961=CARTESIAN_POINT('',(-6.40355913323687,-9.59128976803807,32.));
#10962=CARTESIAN_POINT('',(-6.48160332670746,-9.68573706474895,32.));
#10963=CARTESIAN_POINT('',(-6.57187694701837,-9.76352614800235,32.));
#10964=CARTESIAN_POINT('',(-6.66220253165836,-9.84136000909349,32.));
#10965=CARTESIAN_POINT('',(-6.76736148332098,-9.90467645012436,32.));
#10966=CARTESIAN_POINT('',(-6.87863649912526,-9.94750975528129,32.));
#10967=CARTESIAN_POINT('',(-6.99716047722324,-9.9931334173908,32.));
#10968=CARTESIAN_POINT('',(-7.12658995805572,-10.0168126179243,32.));
#10969=CARTESIAN_POINT('',(-7.25358144124658,-10.0151954829771,32.));
#10970=CARTESIAN_POINT('',(0.,0.,32.));
#10971=CARTESIAN_POINT('',(-7.0777222831138,-5.24102540378449,32.));
#10972=CARTESIAN_POINT('',(-7.0777222831138,-5.24102540378449,39.75));
#10973=CARTESIAN_POINT('',(-7.0777222831138,-5.24102540378449,32.25));
#10974=CARTESIAN_POINT('',(-19.418584287042,-12.3660254037846,32.25));
#10975=CARTESIAN_POINT('',(-9.363089230258,-6.56048262591531,32.2500000000003));
#10976=CARTESIAN_POINT('',(-9.363089230258,-6.56048262591531,32.2500000000003));
#10977=CARTESIAN_POINT('',(-9.08685362388053,-6.40099792421351,33.4266007894631));
#10978=CARTESIAN_POINT('',(-8.81037075582547,-6.2413704659156,34.603124239983));
#10979=CARTESIAN_POINT('',(-8.53356584633292,-6.08155707690706,35.7795466219727));
#10980=CARTESIAN_POINT('',(-8.22212431359746,-5.90174622414541,37.1031748425229));
#10981=CARTESIAN_POINT('',(-7.91027763394908,-5.72170145970452,38.4266761255296));
#10982=CARTESIAN_POINT('',(-7.59786761421134,-5.5413314507114,39.7500000000001));
#10983=CARTESIAN_POINT('',(-7.59786761421134,-5.5413314507114,39.7500000000001));
#10984=CARTESIAN_POINT('',(-7.0777222831138,-5.24102540378449,39.75));
#10985=CARTESIAN_POINT('',(-19.418584287042,-12.3660254037846,32.));
#10986=CARTESIAN_POINT('',(-7.05320323027548,-3.78349364905394,32.));
#10987=CARTESIAN_POINT('',(-7.05320323027548,-3.78349364905394,39.75));
#10988=CARTESIAN_POINT('',(-7.05320323027548,-3.78349364905394,32.25));
#10989=CARTESIAN_POINT('',(-6.42820323027547,-4.8660254037845,32.25));
#10990=CARTESIAN_POINT('',(-6.80320323027548,-4.21650635094617,32.25));
#10991=CARTESIAN_POINT('',(-6.80320323027548,-4.21650635094617,40.));
#10992=CARTESIAN_POINT('',(-6.80320323027548,-4.21650635094617,39.75));
#10993=CARTESIAN_POINT('',(-7.05320323027548,-3.78349364905394,39.75));
#10994=CARTESIAN_POINT('',(-6.42820323027547,-4.8660254037845,32.));
#10995=CARTESIAN_POINT('',(-8.59786761421108,-3.80928064314234,39.7500000000014));
#10996=CARTESIAN_POINT('',(-8.91027763394892,-3.98965065213551,38.4266761255304));
#10997=CARTESIAN_POINT('',(-9.2221243135974,-4.16969541657646,37.1031748425233));
#10998=CARTESIAN_POINT('',(-9.53356584633296,-4.34950626933816,35.7795466219727));
#10999=CARTESIAN_POINT('',(-9.81037075582556,-4.50931965834671,34.6031242399828));
#11000=CARTESIAN_POINT('',(-10.0868536238807,-4.66894711664465,33.4266007894627));
#11001=CARTESIAN_POINT('',(-10.3630892302582,-4.82843181834646,32.2499999999998));
#11002=CARTESIAN_POINT('',(-8.59786761421108,-3.80928064314234,39.7500000000014));
#11003=CARTESIAN_POINT('',(-10.3630892302582,-4.82843181834646,32.2499999999998));
#11004=CARTESIAN_POINT('',(-7.42820323027548,-3.13397459621562,32.25));
#11005=CARTESIAN_POINT('',(-8.0777222831138,-3.50897459621561,32.25));
#11006=CARTESIAN_POINT('',(-8.0777222831138,-3.50897459621561,40.));
#11007=CARTESIAN_POINT('',(-8.0777222831138,-3.50897459621561,39.75));
#11008=CARTESIAN_POINT('',(-8.53884033527692,-3.77520122776017,39.75));
#11009=CARTESIAN_POINT('',(-7.42820323027548,-3.13397459621562,32.));
#11010=CARTESIAN_POINT('',(-10.015195482977,-7.25358144124669,32.));
#11011=CARTESIAN_POINT('',(-10.0153230896406,-7.24356065757821,32.));
#11012=CARTESIAN_POINT('',(-10.015298417153,-7.23353678439068,32.));
#11013=CARTESIAN_POINT('',(-10.0151219010471,-7.22351674293092,32.));
#11014=CARTESIAN_POINT('',(-10.0130584987867,-7.10638648962177,32.));
#11015=CARTESIAN_POINT('',(-9.98959373447352,-6.98796486948053,32.));
#11016=CARTESIAN_POINT('',(-9.94750975528124,-6.87863649912545,32.));
#11017=CARTESIAN_POINT('',(-9.90467645012431,-6.76736148332114,32.));
#11018=CARTESIAN_POINT('',(-9.84136000909342,-6.66220253165849,32.));
#11019=CARTESIAN_POINT('',(-9.76352614800227,-6.57187694701848,32.));
#11020=CARTESIAN_POINT('',(-9.68573706474884,-6.48160332670755,32.));
#11021=CARTESIAN_POINT('',(-9.59128976803795,-6.40355913323693,32.));
#11022=CARTESIAN_POINT('',(-9.4880892302579,-6.34397627496914,32.));
#11023=CARTESIAN_POINT('',(-9.4880892302579,-6.34397627496914,32.));
#11024=CARTESIAN_POINT('',(0.374999999999992,-0.649519052838298,32.));
#11025=CARTESIAN_POINT('',(-7.2027222831138,-5.02451905283839,32.));
#11026=CARTESIAN_POINT('',(-7.4527222831138,-4.59150635094617,32.));
#11027=CARTESIAN_POINT('',(-7.01970958122158,-4.34150635094617,32.));
#11028=CARTESIAN_POINT('',(-7.14470958122161,-4.12500000000002,32.));
#11029=CARTESIAN_POINT('',(-7.26970958122159,-3.90849364905394,32.));
#11030=CARTESIAN_POINT('',(-7.70272228311381,-4.15849364905394,32.));
#11031=CARTESIAN_POINT('',(-7.95272228311381,-3.72548094716172,32.));
#11032=CARTESIAN_POINT('',(-0.374999999999925,0.649519052838213,32.));
#11033=CARTESIAN_POINT('',(-10.238089230258,-5.04493816929248,32.));
#11034=CARTESIAN_POINT('',(-10.238089230258,-5.04493816929248,32.));
#11035=CARTESIAN_POINT('',(-10.341289768038,-5.10452102756029,32.));
#11036=CARTESIAN_POINT('',(-10.4561016705569,-5.14729268909538,32.));
#11037=CARTESIAN_POINT('',(-10.5731754606644,-5.16952320117448,32.));
#11038=CARTESIAN_POINT('',(-10.6903166421199,-5.19176650983403,32.));
#11039=CARTESIAN_POINT('',(-10.8130451862105,-5.19402068041268,32.));
#11040=CARTESIAN_POINT('',(-10.930828829282,-5.17547790290449,32.));
#11041=CARTESIAN_POINT('',(-11.0562854363272,-5.15572716425602,32.));
#11042=CARTESIAN_POINT('',(-11.1802142549935,-5.11151921304308,32.));
#11043=CARTESIAN_POINT('',(-11.2893835380274,-5.04662299150206,32.));
#11044=CARTESIAN_POINT('',(0.,0.,32.));
#11045=CARTESIAN_POINT('',(-8.74999999999999,-1.00000000000007,32.));
#11046=CARTESIAN_POINT('',(-8.74999999999999,-1.00000000000007,39.75));
#11047=CARTESIAN_POINT('',(-8.74999999999999,-1.00000000000007,32.25));
#11048=CARTESIAN_POINT('',(-23.,-1.00000000000024,32.25));
#11049=CARTESIAN_POINT('',(-11.3889144442616,-1.0000000000001,32.2500000000003));
#11050=CARTESIAN_POINT('',(-11.3889144442616,-1.0000000000001,32.2500000000003));
#11051=CARTESIAN_POINT('',(-11.0699450416436,-1.0000000000001,33.4266007865652));
#11052=CARTESIAN_POINT('',(-10.7506901258348,-1.0000000000001,34.6031242341875));
#11053=CARTESIAN_POINT('',(-10.4310633486068,-1.00000000000009,35.7795466132803));
#11054=CARTESIAN_POINT('',(-10.0714416422983,-1.00000000000009,37.1031748367285));
#11055=CARTESIAN_POINT('',(-9.7113521126297,-1.00000000000009,38.4266761226328));
#11056=CARTESIAN_POINT('',(-9.35061209385379,-1.00000000000008,39.7500000000001));
#11057=CARTESIAN_POINT('',(-9.35061209385379,-1.00000000000008,39.7500000000001));
#11058=CARTESIAN_POINT('',(-8.74999999999999,-1.00000000000007,39.75));
#11059=CARTESIAN_POINT('',(-23.,-1.00000000000024,32.));
#11060=CARTESIAN_POINT('',(-8.,0.249999999999939,32.));
#11061=CARTESIAN_POINT('',(-8.,0.249999999999939,39.75));
#11062=CARTESIAN_POINT('',(-8.,0.249999999999939,32.25));
#11063=CARTESIAN_POINT('',(-8.,-1.00000000000008,32.25));
#11064=CARTESIAN_POINT('',(-8.,-0.250000000000071,32.25));
#11065=CARTESIAN_POINT('',(-8.,-0.250000000000071,40.));
#11066=CARTESIAN_POINT('',(-8.,-0.250000000000071,39.75));
#11067=CARTESIAN_POINT('',(-8.,0.249999999999939,39.75));
#11068=CARTESIAN_POINT('',(-8.,-1.00000000000008,32.));
#11069=CARTESIAN_POINT('',(-9.35061209385347,0.999999999999942,39.7500000000014));
#11070=CARTESIAN_POINT('',(-9.71135211282904,0.999999999999945,38.4266761219016));
#11071=CARTESIAN_POINT('',(-10.0714416426966,0.999999999999948,37.1031748352647));
#11072=CARTESIAN_POINT('',(-10.4310633492036,0.999999999999951,35.7795466110838));
#11073=CARTESIAN_POINT('',(-10.7506901262322,0.999999999999954,34.6031242327229));
#11074=CARTESIAN_POINT('',(-11.0699450418422,0.999999999999956,33.4266007858325));
#11075=CARTESIAN_POINT('',(-11.3889144442617,0.999999999999959,32.2499999999998));
#11076=CARTESIAN_POINT('',(-9.35061209385347,0.999999999999942,39.7500000000014));
#11077=CARTESIAN_POINT('',(-11.3889144442617,0.999999999999959,32.2499999999998));
#11078=CARTESIAN_POINT('',(-8.,0.99999999999993,32.25));
#11079=CARTESIAN_POINT('',(-8.75,0.999999999999937,32.25));
#11080=CARTESIAN_POINT('',(-8.75,0.999999999999937,40.));
#11081=CARTESIAN_POINT('',(-8.75,0.999999999999937,39.75));
#11082=CARTESIAN_POINT('',(-9.28245326308913,0.999999999999941,39.75));
#11083=CARTESIAN_POINT('',(-8.,0.99999999999993,32.));
#11084=CARTESIAN_POINT('',(-12.3002044327486,-1.27418805505047,32.));
#11085=CARTESIAN_POINT('',(-12.2953045515267,-1.26544599849598,32.));
#11086=CARTESIAN_POINT('',(-12.2902712479319,-1.25677740591506,32.));
#11087=CARTESIAN_POINT('',(-12.2851083597701,-1.24818805351688,32.));
#11088=CARTESIAN_POINT('',(-12.2247562743399,-1.14778197972961,32.));
#11089=CARTESIAN_POINT('',(-12.1452243822802,-1.0569582304866,32.));
#11090=CARTESIAN_POINT('',(-12.0541144020298,-0.983319074000886,32.));
#11091=CARTESIAN_POINT('',(-11.9613821637337,-0.908368736086303,32.));
#11092=CARTESIAN_POINT('',(-11.8539690414924,-0.84895663302655,32.));
#11093=CARTESIAN_POINT('',(-11.7414001481928,-0.809649312662192,32.));
#11094=CARTESIAN_POINT('',(-11.6288960158028,-0.770364605808047,32.));
#11095=CARTESIAN_POINT('',(-11.5080801607971,-0.750000000000082,32.));
#11096=CARTESIAN_POINT('',(-11.3889144442615,-0.750000000000105,32.));
#11097=CARTESIAN_POINT('',(-11.3889144442615,-0.750000000000105,32.));
#11098=CARTESIAN_POINT('',(8.8087880595738E-15,-0.749999999999971,32.));
#11099=CARTESIAN_POINT('',(-8.75,-0.750000000000074,32.));
#11100=CARTESIAN_POINT('',(-8.75,-0.250000000000074,32.));
#11101=CARTESIAN_POINT('',(-8.25,-0.250000000000072,32.));
#11102=CARTESIAN_POINT('',(-8.25,-3.0825388264049E-14,32.));
#11103=CARTESIAN_POINT('',(-8.25,0.249999999999938,32.));
#11104=CARTESIAN_POINT('',(-8.75,0.249999999999937,32.));
#11105=CARTESIAN_POINT('',(-8.75,0.749999999999937,32.));
#11106=CARTESIAN_POINT('',(6.4025684203963E-15,0.749999999999862,32.));
#11107=CARTESIAN_POINT('',(-11.3889144442616,0.749999999999959,32.));
#11108=CARTESIAN_POINT('',(-11.3889144442616,0.749999999999959,32.));
#11109=CARTESIAN_POINT('',(-11.5080801607972,0.749999999999946,32.));
#11110=CARTESIAN_POINT('',(-11.6288960158028,0.770364605807911,32.));
#11111=CARTESIAN_POINT('',(-11.7414001481929,0.809649312662047,32.));
#11112=CARTESIAN_POINT('',(-11.8539690414924,0.848956633026394,32.));
#11113=CARTESIAN_POINT('',(-11.9613821637337,0.908368736086128,32.));
#11114=CARTESIAN_POINT('',(-12.0541144020298,0.983319074000683,32.));
#11115=CARTESIAN_POINT('',(-12.1528876414793,1.06315201893637,32.));
#11116=CARTESIAN_POINT('',(-12.2381091710988,1.16340163706918,32.));
#11117=CARTESIAN_POINT('',(-12.3002044327486,1.27418805505031,32.));
#11118=CARTESIAN_POINT('',(0.,0.,32.));
#11119=CARTESIAN_POINT('',(8.07772228311386,-3.50897459621551,32.));
#11120=CARTESIAN_POINT('',(8.07772228311386,-3.50897459621551,39.75));
#11121=CARTESIAN_POINT('',(8.07772228311386,-3.50897459621551,32.25));
#11122=CARTESIAN_POINT('',(20.4185842870422,-10.6339745962154,32.25));
#11123=CARTESIAN_POINT('',(10.3630892302581,-4.82843181834628,32.2500000000003));
#11124=CARTESIAN_POINT('',(10.3630892302581,-4.82843181834628,32.2500000000003));
#11125=CARTESIAN_POINT('',(10.0868536238806,-4.66894711664449,33.4266007894631));
#11126=CARTESIAN_POINT('',(9.81037075582556,-4.50931965834658,34.603124239983));
#11127=CARTESIAN_POINT('',(9.533565846333,-4.34950626933805,35.7795466219727));
#11128=CARTESIAN_POINT('',(9.22212431359754,-4.1696954165764,37.1031748425229));
#11129=CARTESIAN_POINT('',(8.91027763394916,-3.98965065213552,38.4266761255296));
#11130=CARTESIAN_POINT('',(8.59786761421141,-3.8092806431424,39.7500000000001));
#11131=CARTESIAN_POINT('',(8.59786761421141,-3.8092806431424,39.7500000000001));
#11132=CARTESIAN_POINT('',(8.07772228311386,-3.50897459621551,39.75));
#11133=CARTESIAN_POINT('',(20.4185842870422,-10.6339745962154,32.));
#11134=CARTESIAN_POINT('',(6.80320323027553,-4.21650635094607,32.));
#11135=CARTESIAN_POINT('',(6.80320323027553,-4.21650635094607,39.75));
#11136=CARTESIAN_POINT('',(6.80320323027553,-4.21650635094607,32.25));
#11137=CARTESIAN_POINT('',(7.42820323027554,-3.13397459621551,32.25));
#11138=CARTESIAN_POINT('',(7.05320323027553,-3.78349364905384,32.25));
#11139=CARTESIAN_POINT('',(7.05320323027553,-3.78349364905384,40.));
#11140=CARTESIAN_POINT('',(7.05320323027553,-3.78349364905384,39.75));
#11141=CARTESIAN_POINT('',(6.80320323027553,-4.21650635094607,39.75));
#11142=CARTESIAN_POINT('',(7.42820323027554,-3.13397459621551,32.));
#11143=CARTESIAN_POINT('',(7.59786761421112,-5.54133145071114,39.7500000000014));
#11144=CARTESIAN_POINT('',(7.91027763394896,-5.72170145970432,38.4266761255304));
#11145=CARTESIAN_POINT('',(8.22212431359744,-5.90174622414527,37.1031748425233));
#11146=CARTESIAN_POINT('',(8.533565846333,-6.08155707690697,35.7795466219727));
#11147=CARTESIAN_POINT('',(8.81037075582559,-6.24137046591554,34.6031242399828));
#11148=CARTESIAN_POINT('',(9.08685362388071,-6.40099792421348,33.4266007894627));
#11149=CARTESIAN_POINT('',(9.36308923025821,-6.5604826259153,32.2499999999998));
#11150=CARTESIAN_POINT('',(7.59786761421112,-5.54133145071114,39.7500000000014));
#11151=CARTESIAN_POINT('',(9.36308923025821,-6.5604826259153,32.2499999999998));
#11152=CARTESIAN_POINT('',(6.42820323027554,-4.86602540378439,32.25));
#11153=CARTESIAN_POINT('',(7.07772228311385,-5.2410254037844,32.25));
#11154=CARTESIAN_POINT('',(7.07772228311385,-5.2410254037844,40.));
#11155=CARTESIAN_POINT('',(7.07772228311385,-5.2410254037844,39.75));
#11156=CARTESIAN_POINT('',(7.53884033527696,-5.50725203532897,39.75));
#11157=CARTESIAN_POINT('',(6.42820323027554,-4.86602540378439,32.));
#11158=CARTESIAN_POINT('',(11.2893835380275,-5.04662299150194,32.));
#11159=CARTESIAN_POINT('',(11.2807690881365,-5.0517438939485,32.));
#11160=CARTESIAN_POINT('',(11.272075823068,-5.05673446354122,32.));
#11161=CARTESIAN_POINT('',(11.2633099545639,-5.06159161683922,32.));
#11162=CARTESIAN_POINT('',(11.1608404785163,-5.11836978471813,32.));
#11163=CARTESIAN_POINT('',(11.0465519649601,-5.15725951279969,32.));
#11164=CARTESIAN_POINT('',(10.9308288292821,-5.17547790290437,32.));
#11165=CARTESIAN_POINT('',(10.8130451862106,-5.19402068041257,32.));
#11166=CARTESIAN_POINT('',(10.69031664212,-5.19176650983393,32.));
#11167=CARTESIAN_POINT('',(10.5731754606644,-5.16952320117437,32.));
#11168=CARTESIAN_POINT('',(10.4561016705569,-5.14729268909526,32.));
#11169=CARTESIAN_POINT('',(10.341289768038,-5.10452102756016,32.));
#11170=CARTESIAN_POINT('',(10.238089230258,-5.04493816929233,32.));
#11171=CARTESIAN_POINT('',(10.238089230258,-5.04493816929233,32.));
#11172=CARTESIAN_POINT('',(0.37499999999998,0.649519052838309,32.));
#11173=CARTESIAN_POINT('',(7.95272228311386,-3.72548094716162,32.));
#11174=CARTESIAN_POINT('',(7.70272228311387,-4.15849364905384,32.));
#11175=CARTESIAN_POINT('',(7.26970958122165,-3.90849364905384,32.));
#11176=CARTESIAN_POINT('',(7.14470958122163,-4.12499999999999,32.));
#11177=CARTESIAN_POINT('',(7.01970958122164,-4.34150635094607,32.));
#11178=CARTESIAN_POINT('',(7.45272228311386,-4.59150635094607,32.));
#11179=CARTESIAN_POINT('',(7.20272228311386,-5.02451905283829,32.));
#11180=CARTESIAN_POINT('',(-0.374999999999938,-0.649519052838205,32.));
#11181=CARTESIAN_POINT('',(9.48808923025805,-6.3439762749691,32.));
#11182=CARTESIAN_POINT('',(9.48808923025805,-6.3439762749691,32.));
#11183=CARTESIAN_POINT('',(9.59128976803807,-6.40355913323689,32.));
#11184=CARTESIAN_POINT('',(9.68573706474894,-6.48160332670748,32.));
#11185=CARTESIAN_POINT('',(9.76352614800235,-6.57187694701839,32.));
#11186=CARTESIAN_POINT('',(9.84136000909348,-6.66220253165838,32.));
#11187=CARTESIAN_POINT('',(9.90467645012435,-6.767361483321,32.));
#11188=CARTESIAN_POINT('',(9.94750975528128,-6.87863649912528,32.));
#11189=CARTESIAN_POINT('',(9.99313341739079,-6.99716047722325,32.));
#11190=CARTESIAN_POINT('',(10.0168126179243,-7.12658995805573,32.));
#11191=CARTESIAN_POINT('',(10.0151954829771,-7.2535814412466,32.));
#11192=CARTESIAN_POINT('',(0.,0.,32.));
#11193=CARTESIAN_POINT('',(5.24102540378449,-7.0777222831138,32.));
#11194=CARTESIAN_POINT('',(5.24102540378449,-7.0777222831138,39.75));
#11195=CARTESIAN_POINT('',(5.24102540378449,-7.0777222831138,32.25));
#11196=CARTESIAN_POINT('',(12.3660254037846,-19.418584287042,32.25));
#11197=CARTESIAN_POINT('',(6.5604826259153,-9.36308923025801,32.2500000000003));
#11198=CARTESIAN_POINT('',(6.5604826259153,-9.36308923025801,32.2500000000003));
#11199=CARTESIAN_POINT('',(6.40099792421351,-9.08685362388054,33.4266007894631));
#11200=CARTESIAN_POINT('',(6.24137046591559,-8.81037075582548,34.6031242399829));
#11201=CARTESIAN_POINT('',(6.08155707690706,-8.53356584633293,35.7795466219727));
#11202=CARTESIAN_POINT('',(5.9017462241454,-8.22212431359747,37.1031748425229));
#11203=CARTESIAN_POINT('',(5.72170145970452,-7.91027763394909,38.4266761255296));
#11204=CARTESIAN_POINT('',(5.54133145071139,-7.59786761421135,39.7500000000001));
#11205=CARTESIAN_POINT('',(5.54133145071139,-7.59786761421135,39.7500000000001));
#11206=CARTESIAN_POINT('',(5.24102540378449,-7.0777222831138,39.75));
#11207=CARTESIAN_POINT('',(12.3660254037846,-19.418584287042,32.));
#11208=CARTESIAN_POINT('',(3.78349364905393,-7.05320323027549,32.));
#11209=CARTESIAN_POINT('',(3.78349364905393,-7.05320323027549,39.75));
#11210=CARTESIAN_POINT('',(3.78349364905393,-7.05320323027549,32.25));
#11211=CARTESIAN_POINT('',(4.8660254037845,-6.42820323027547,32.25));
#11212=CARTESIAN_POINT('',(4.21650635094616,-6.80320323027548,32.25));
#11213=CARTESIAN_POINT('',(4.21650635094616,-6.80320323027548,40.));
#11214=CARTESIAN_POINT('',(4.21650635094616,-6.80320323027548,39.75));
#11215=CARTESIAN_POINT('',(3.78349364905393,-7.05320323027549,39.75));
#11216=CARTESIAN_POINT('',(4.8660254037845,-6.42820323027547,32.));
#11217=CARTESIAN_POINT('',(3.80928064314233,-8.59786761421108,39.7500000000014));
#11218=CARTESIAN_POINT('',(3.98965065213551,-8.91027763394892,38.4266761255304));
#11219=CARTESIAN_POINT('',(4.16969541657645,-9.22212431359741,37.1031748425233));
#11220=CARTESIAN_POINT('',(4.34950626933815,-9.53356584633297,35.7795466219727));
#11221=CARTESIAN_POINT('',(4.5093196583467,-9.81037075582557,34.6031242399828));
#11222=CARTESIAN_POINT('',(4.66894711664465,-10.0868536238807,33.4266007894627));
#11223=CARTESIAN_POINT('',(4.82843181834646,-10.3630892302582,32.2499999999998));
#11224=CARTESIAN_POINT('',(3.80928064314233,-8.59786761421108,39.7500000000014));
#11225=CARTESIAN_POINT('',(4.82843181834646,-10.3630892302582,32.2499999999998));
#11226=CARTESIAN_POINT('',(3.13397459621561,-7.42820323027548,32.25));
#11227=CARTESIAN_POINT('',(3.5089745962156,-8.07772228311381,32.25));
#11228=CARTESIAN_POINT('',(3.5089745962156,-8.07772228311381,40.));
#11229=CARTESIAN_POINT('',(3.5089745962156,-8.07772228311381,39.75));
#11230=CARTESIAN_POINT('',(3.77520122776017,-8.53884033527692,39.75));
#11231=CARTESIAN_POINT('',(3.13397459621561,-7.42820323027548,32.));
#11232=CARTESIAN_POINT('',(7.25358144124668,-10.015195482977,32.));
#11233=CARTESIAN_POINT('',(7.24356065757821,-10.0153230896406,32.));
#11234=CARTESIAN_POINT('',(7.23353678439067,-10.015298417153,32.));
#11235=CARTESIAN_POINT('',(7.22351674293091,-10.0151219010471,32.));
#11236=CARTESIAN_POINT('',(7.10638648962176,-10.0130584987868,32.));
#11237=CARTESIAN_POINT('',(6.98796486948052,-9.98959373447353,32.));
#11238=CARTESIAN_POINT('',(6.87863649912544,-9.94750975528125,32.));
#11239=CARTESIAN_POINT('',(6.76736148332113,-9.90467645012431,32.));
#11240=CARTESIAN_POINT('',(6.66220253165848,-9.84136000909343,32.));
#11241=CARTESIAN_POINT('',(6.57187694701847,-9.76352614800228,32.));
#11242=CARTESIAN_POINT('',(6.48160332670754,-9.68573706474885,32.));
#11243=CARTESIAN_POINT('',(6.40355913323693,-9.59128976803795,32.));
#11244=CARTESIAN_POINT('',(6.34397627496913,-9.48808923025791,32.));
#11245=CARTESIAN_POINT('',(6.34397627496913,-9.48808923025791,32.));
#11246=CARTESIAN_POINT('',(0.6495190528383,0.374999999999992,32.));
#11247=CARTESIAN_POINT('',(5.02451905283838,-7.2027222831138,32.));
#11248=CARTESIAN_POINT('',(4.59150635094616,-7.45272228311381,32.));
#11249=CARTESIAN_POINT('',(4.34150635094616,-7.01970958122159,32.));
#11250=CARTESIAN_POINT('',(4.12500000000001,-7.14470958122161,32.));
#11251=CARTESIAN_POINT('',(3.90849364905393,-7.2697095812216,32.));
#11252=CARTESIAN_POINT('',(4.15849364905393,-7.70272228311381,32.));
#11253=CARTESIAN_POINT('',(3.72548094716171,-7.95272228311381,32.));
#11254=CARTESIAN_POINT('',(-0.649519052838214,-0.374999999999925,32.));
#11255=CARTESIAN_POINT('',(5.04493816929247,-10.238089230258,32.));
#11256=CARTESIAN_POINT('',(5.04493816929247,-10.238089230258,32.));
#11257=CARTESIAN_POINT('',(5.10452102756029,-10.341289768038,32.));
#11258=CARTESIAN_POINT('',(5.14729268909537,-10.4561016705569,32.));
#11259=CARTESIAN_POINT('',(5.16952320117447,-10.5731754606644,32.));
#11260=CARTESIAN_POINT('',(5.19176650983402,-10.6903166421199,32.));
#11261=CARTESIAN_POINT('',(5.19402068041267,-10.8130451862105,32.));
#11262=CARTESIAN_POINT('',(5.17547790290448,-10.930828829282,32.));
#11263=CARTESIAN_POINT('',(5.155727164256,-11.0562854363272,32.));
#11264=CARTESIAN_POINT('',(5.11151921304307,-11.1802142549935,32.));
#11265=CARTESIAN_POINT('',(5.04662299150205,-11.2893835380274,32.));
#11266=CARTESIAN_POINT('',(0.,0.,32.));
#11267=CARTESIAN_POINT('',(8.74999999999999,1.00000000000005,32.));
#11268=CARTESIAN_POINT('',(8.74999999999999,1.00000000000005,39.75));
#11269=CARTESIAN_POINT('',(8.74999999999999,1.00000000000005,32.25));
#11270=CARTESIAN_POINT('',(23.,1.00000000000018,32.25));
#11271=CARTESIAN_POINT('',(11.3889144442616,1.00000000000008,32.2500000000003));
#11272=CARTESIAN_POINT('',(11.3889144442616,1.00000000000008,32.2500000000003));
#11273=CARTESIAN_POINT('',(11.0699450416436,1.00000000000007,33.4266007865652));
#11274=CARTESIAN_POINT('',(10.7506901258348,1.00000000000007,34.6031242341875));
#11275=CARTESIAN_POINT('',(10.4310633486068,1.00000000000007,35.7795466132803));
#11276=CARTESIAN_POINT('',(10.0714416422983,1.00000000000006,37.1031748367285));
#11277=CARTESIAN_POINT('',(9.7113521126297,1.00000000000006,38.4266761226328));
#11278=CARTESIAN_POINT('',(9.35061209385379,1.00000000000006,39.7500000000001));
#11279=CARTESIAN_POINT('',(9.35061209385379,1.00000000000006,39.7500000000001));
#11280=CARTESIAN_POINT('',(8.74999999999999,1.00000000000005,39.75));
#11281=CARTESIAN_POINT('',(23.,1.00000000000018,32.));
#11282=CARTESIAN_POINT('',(8.,-0.24999999999996,32.));
#11283=CARTESIAN_POINT('',(8.,-0.24999999999996,39.75));
#11284=CARTESIAN_POINT('',(8.,-0.24999999999996,32.25));
#11285=CARTESIAN_POINT('',(8.,1.00000000000006,32.25));
#11286=CARTESIAN_POINT('',(8.,0.25000000000005,32.25));
#11287=CARTESIAN_POINT('',(8.,0.25000000000005,40.));
#11288=CARTESIAN_POINT('',(8.,0.25000000000005,39.75));
#11289=CARTESIAN_POINT('',(8.,-0.24999999999996,39.75));
#11290=CARTESIAN_POINT('',(8.,1.00000000000006,32.));
#11291=CARTESIAN_POINT('',(9.35061209385347,-0.999999999999966,39.7500000000014));
#11292=CARTESIAN_POINT('',(9.71135211282904,-0.99999999999997,38.4266761219016));
#11293=CARTESIAN_POINT('',(10.0714416426966,-0.999999999999974,37.1031748352647));
#11294=CARTESIAN_POINT('',(10.4310633492036,-0.999999999999978,35.7795466110838));
#11295=CARTESIAN_POINT('',(10.7506901262322,-0.999999999999981,34.6031242327229));
#11296=CARTESIAN_POINT('',(11.0699450418422,-0.999999999999985,33.4266007858325));
#11297=CARTESIAN_POINT('',(11.3889144442617,-0.999999999999989,32.2499999999998));
#11298=CARTESIAN_POINT('',(9.35061209385347,-0.999999999999966,39.7500000000014));
#11299=CARTESIAN_POINT('',(11.3889144442617,-0.999999999999989,32.2499999999998));
#11300=CARTESIAN_POINT('',(8.,-0.999999999999951,32.25));
#11301=CARTESIAN_POINT('',(8.74999999999999,-0.999999999999959,32.25));
#11302=CARTESIAN_POINT('',(8.74999999999999,-0.999999999999959,40.));
#11303=CARTESIAN_POINT('',(8.74999999999999,-0.999999999999959,39.75));
#11304=CARTESIAN_POINT('',(9.28245326308913,-0.999999999999965,39.75));
#11305=CARTESIAN_POINT('',(8.,-0.999999999999951,32.));
#11306=CARTESIAN_POINT('',(12.3002044327486,1.27418805505043,32.));
#11307=CARTESIAN_POINT('',(12.2953045515267,1.26544599849594,32.));
#11308=CARTESIAN_POINT('',(12.2902712479319,1.25677740591502,32.));
#11309=CARTESIAN_POINT('',(12.2851083597701,1.24818805351684,32.));
#11310=CARTESIAN_POINT('',(12.2247562743399,1.14778197972957,32.));
#11311=CARTESIAN_POINT('',(12.1452243822802,1.05695823048656,32.));
#11312=CARTESIAN_POINT('',(12.0541144020298,0.98331907400085,32.));
#11313=CARTESIAN_POINT('',(11.9613821637337,0.908368736086269,32.));
#11314=CARTESIAN_POINT('',(11.8539690414924,0.848956633026516,32.));
#11315=CARTESIAN_POINT('',(11.7414001481928,0.80964931266216,32.));
#11316=CARTESIAN_POINT('',(11.6288960158028,0.770364605808016,32.));
#11317=CARTESIAN_POINT('',(11.5080801607971,0.750000000000053,32.));
#11318=CARTESIAN_POINT('',(11.3889144442615,0.750000000000076,32.));
#11319=CARTESIAN_POINT('',(11.3889144442615,0.750000000000076,32.));
#11320=CARTESIAN_POINT('',(-6.88507155900632E-15,0.749999999999971,32.));
#11321=CARTESIAN_POINT('',(8.75,0.750000000000051,32.));
#11322=CARTESIAN_POINT('',(8.75,0.250000000000051,32.));
#11323=CARTESIAN_POINT('',(8.25,0.250000000000051,32.));
#11324=CARTESIAN_POINT('',(8.25,9.66450675780582E-15,32.));
#11325=CARTESIAN_POINT('',(8.25,-0.24999999999996,32.));
#11326=CARTESIAN_POINT('',(8.75,-0.249999999999959,32.));
#11327=CARTESIAN_POINT('',(8.75,-0.749999999999959,32.));
#11328=CARTESIAN_POINT('',(-8.3262849209635E-15,-0.749999999999862,32.));
#11329=CARTESIAN_POINT('',(11.3889144442616,-0.749999999999988,32.));
#11330=CARTESIAN_POINT('',(11.3889144442616,-0.749999999999988,32.));
#11331=CARTESIAN_POINT('',(11.5080801607972,-0.749999999999975,32.));
#11332=CARTESIAN_POINT('',(11.6288960158028,-0.770364605807941,32.));
#11333=CARTESIAN_POINT('',(11.7414001481929,-0.809649312662077,32.));
#11334=CARTESIAN_POINT('',(11.8539690414924,-0.848956633026425,32.));
#11335=CARTESIAN_POINT('',(11.9613821637337,-0.908368736086159,32.));
#11336=CARTESIAN_POINT('',(12.0541144020298,-0.983319074000714,32.));
#11337=CARTESIAN_POINT('',(12.1528876414793,-1.0631520189364,32.));
#11338=CARTESIAN_POINT('',(12.2381091710988,-1.16340163706921,32.));
#11339=CARTESIAN_POINT('',(12.3002044327486,-1.27418805505034,32.));
#11340=CARTESIAN_POINT('',(0.,0.,32.));
#11341=CARTESIAN_POINT('',(7.07772228311381,5.24102540378448,32.));
#11342=CARTESIAN_POINT('',(7.07772228311381,5.24102540378448,39.75));
#11343=CARTESIAN_POINT('',(7.07772228311381,5.24102540378448,32.25));
#11344=CARTESIAN_POINT('',(19.418584287042,12.3660254037846,32.25));
#11345=CARTESIAN_POINT('',(9.36308923025801,6.56048262591528,32.2500000000003));
#11346=CARTESIAN_POINT('',(9.36308923025801,6.56048262591528,32.2500000000003));
#11347=CARTESIAN_POINT('',(9.08685362388055,6.40099792421349,33.4266007894631));
#11348=CARTESIAN_POINT('',(8.81037075582549,6.24137046591558,34.603124239983));
#11349=CARTESIAN_POINT('',(8.53356584633294,6.08155707690704,35.7795466219727));
#11350=CARTESIAN_POINT('',(8.22212431359748,5.90174622414539,37.1031748425229));
#11351=CARTESIAN_POINT('',(7.91027763394909,5.7217014597045,38.4266761255296));
#11352=CARTESIAN_POINT('',(7.59786761421136,5.54133145071138,39.7500000000001));
#11353=CARTESIAN_POINT('',(7.59786761421136,5.54133145071138,39.7500000000001));
#11354=CARTESIAN_POINT('',(7.07772228311381,5.24102540378448,39.75));
#11355=CARTESIAN_POINT('',(19.418584287042,12.3660254037846,32.));
#11356=CARTESIAN_POINT('',(7.05320323027549,3.78349364905392,32.));
#11357=CARTESIAN_POINT('',(7.05320323027549,3.78349364905392,39.75));
#11358=CARTESIAN_POINT('',(7.05320323027549,3.78349364905392,32.25));
#11359=CARTESIAN_POINT('',(6.42820323027548,4.86602540378449,32.25));
#11360=CARTESIAN_POINT('',(6.80320323027548,4.21650635094615,32.25));
#11361=CARTESIAN_POINT('',(6.80320323027548,4.21650635094615,40.));
#11362=CARTESIAN_POINT('',(6.80320323027548,4.21650635094615,39.75));
#11363=CARTESIAN_POINT('',(7.05320323027549,3.78349364905392,39.75));
#11364=CARTESIAN_POINT('',(6.42820323027548,4.86602540378449,32.));
#11365=CARTESIAN_POINT('',(8.59786761421109,3.80928064314232,39.7500000000014));
#11366=CARTESIAN_POINT('',(8.91027763394893,3.9896506521355,38.4266761255304));
#11367=CARTESIAN_POINT('',(9.22212431359741,4.16969541657643,37.1031748425233));
#11368=CARTESIAN_POINT('',(9.53356584633297,4.34950626933813,35.7795466219727));
#11369=CARTESIAN_POINT('',(9.81037075582557,4.50931965834669,34.6031242399828));
#11370=CARTESIAN_POINT('',(10.0868536238807,4.66894711664463,33.4266007894627));
#11371=CARTESIAN_POINT('',(10.3630892302582,4.82843181834644,32.2499999999998));
#11372=CARTESIAN_POINT('',(8.59786761421109,3.80928064314232,39.7500000000014));
#11373=CARTESIAN_POINT('',(10.3630892302582,4.82843181834644,32.2499999999998));
#11374=CARTESIAN_POINT('',(7.42820323027549,3.1339745962156,32.25));
#11375=CARTESIAN_POINT('',(8.07772228311381,3.50897459621559,32.25));
#11376=CARTESIAN_POINT('',(8.07772228311381,3.50897459621559,40.));
#11377=CARTESIAN_POINT('',(8.07772228311381,3.50897459621559,39.75));
#11378=CARTESIAN_POINT('',(8.53884033527693,3.77520122776015,39.75));
#11379=CARTESIAN_POINT('',(7.42820323027549,3.1339745962156,32.));
#11380=CARTESIAN_POINT('',(10.0151954829771,7.25358144124666,32.));
#11381=CARTESIAN_POINT('',(10.0153230896406,7.24356065757819,32.));
#11382=CARTESIAN_POINT('',(10.015298417153,7.23353678439066,32.));
#11383=CARTESIAN_POINT('',(10.0151219010471,7.2235167429309,32.));
#11384=CARTESIAN_POINT('',(10.0130584987868,7.10638648962175,32.));
#11385=CARTESIAN_POINT('',(9.98959373447354,6.98796486948051,32.));
#11386=CARTESIAN_POINT('',(9.94750975528126,6.87863649912543,32.));
#11387=CARTESIAN_POINT('',(9.90467645012432,6.76736148332112,32.));
#11388=CARTESIAN_POINT('',(9.84136000909344,6.66220253165847,32.));
#11389=CARTESIAN_POINT('',(9.76352614800228,6.57187694701845,32.));
#11390=CARTESIAN_POINT('',(9.68573706474885,6.48160332670752,32.));
#11391=CARTESIAN_POINT('',(9.59128976803796,6.40355913323691,32.));
#11392=CARTESIAN_POINT('',(9.48808923025791,6.34397627496912,32.));
#11393=CARTESIAN_POINT('',(9.48808923025791,6.34397627496912,32.));
#11394=CARTESIAN_POINT('',(-0.374999999999991,0.649519052838301,32.));
#11395=CARTESIAN_POINT('',(7.20272228311381,5.02451905283837,32.));
#11396=CARTESIAN_POINT('',(7.45272228311381,4.59150635094615,32.));
#11397=CARTESIAN_POINT('',(7.0197095812216,4.34150635094615,32.));
#11398=CARTESIAN_POINT('',(7.14470958122162,4.12500000000001,32.));
#11399=CARTESIAN_POINT('',(7.2697095812216,3.90849364905392,32.));
#11400=CARTESIAN_POINT('',(7.70272228311382,4.15849364905392,32.));
#11401=CARTESIAN_POINT('',(7.95272228311382,3.7254809471617,32.));
#11402=CARTESIAN_POINT('',(0.374999999999924,-0.649519052838214,32.));
#11403=CARTESIAN_POINT('',(10.238089230258,5.04493816929246,32.));
#11404=CARTESIAN_POINT('',(10.238089230258,5.04493816929246,32.));
#11405=CARTESIAN_POINT('',(10.341289768038,5.10452102756027,32.));
#11406=CARTESIAN_POINT('',(10.4561016705569,5.14729268909535,32.));
#11407=CARTESIAN_POINT('',(10.5731754606644,5.16952320117445,32.));
#11408=CARTESIAN_POINT('',(10.6903166421199,5.19176650983401,32.));
#11409=CARTESIAN_POINT('',(10.8130451862105,5.19402068041265,32.));
#11410=CARTESIAN_POINT('',(10.930828829282,5.17547790290447,32.));
#11411=CARTESIAN_POINT('',(11.0562854363272,5.15572716425599,32.));
#11412=CARTESIAN_POINT('',(11.1802142549935,5.11151921304305,32.));
#11413=CARTESIAN_POINT('',(11.2893835380274,5.04662299150203,32.));
#11414=CARTESIAN_POINT('',(0.,0.,32.));
#11415=CARTESIAN_POINT('',(7.45272228311386,-4.59150635094607,32.25));
#11416=CARTESIAN_POINT('',(7.45272228311386,-4.59150635094607,39.75));
#11417=CARTESIAN_POINT('',(7.45272228311386,-4.59150635094607,32.));
#11418=CARTESIAN_POINT('',(-8.75,-0.250000000000074,32.25));
#11419=CARTESIAN_POINT('',(-8.75,-0.250000000000074,39.75));
#11420=CARTESIAN_POINT('',(-8.75,-0.250000000000074,32.));
#11421=CARTESIAN_POINT('',(-7.70272228311381,-4.15849364905394,32.25));
#11422=CARTESIAN_POINT('',(-7.70272228311381,-4.15849364905394,39.75));
#11423=CARTESIAN_POINT('',(-7.70272228311381,-4.15849364905394,32.));
#11424=CARTESIAN_POINT('',(4.15849364905393,-7.70272228311381,32.25));
#11425=CARTESIAN_POINT('',(4.15849364905393,-7.70272228311381,39.75));
#11426=CARTESIAN_POINT('',(4.15849364905393,-7.70272228311381,32.));
#11427=CARTESIAN_POINT('',(-7.4527222831138,-4.59150635094617,32.25));
#11428=CARTESIAN_POINT('',(-7.4527222831138,-4.59150635094617,39.75));
#11429=CARTESIAN_POINT('',(-7.4527222831138,-4.59150635094617,32.));
#11430=CARTESIAN_POINT('',(7.70272228311387,-4.15849364905384,32.25));
#11431=CARTESIAN_POINT('',(7.70272228311387,-4.15849364905384,39.75));
#11432=CARTESIAN_POINT('',(7.70272228311387,-4.15849364905384,32.));
#11433=CARTESIAN_POINT('',(4.59150635094616,-7.45272228311381,32.25));
#11434=CARTESIAN_POINT('',(4.59150635094616,-7.45272228311381,39.75));
#11435=CARTESIAN_POINT('',(4.59150635094616,-7.45272228311381,32.));
#11436=CARTESIAN_POINT('',(8.75,-0.249999999999959,32.25));
#11437=CARTESIAN_POINT('',(8.75,-0.249999999999959,39.75));
#11438=CARTESIAN_POINT('',(8.75,-0.249999999999959,32.));
#11439=CARTESIAN_POINT('',(-4.59150635094618,7.45272228311379,32.25));
#11440=CARTESIAN_POINT('',(-4.59150635094618,7.45272228311379,39.75));
#11441=CARTESIAN_POINT('',(-4.59150635094618,7.45272228311379,32.));
#11442=CARTESIAN_POINT('',(-8.75,0.249999999999937,32.25));
#11443=CARTESIAN_POINT('',(-8.75,0.249999999999937,39.75));
#11444=CARTESIAN_POINT('',(-8.75,0.249999999999937,32.));
#11445=CARTESIAN_POINT('',(7.45272228311381,4.59150635094615,32.25));
#11446=CARTESIAN_POINT('',(7.45272228311381,4.59150635094615,39.75));
#11447=CARTESIAN_POINT('',(7.45272228311381,4.59150635094615,32.));
#11448=CARTESIAN_POINT('',(0.250000000000062,-8.75,32.25));
#11449=CARTESIAN_POINT('',(0.250000000000062,-8.75,39.75));
#11450=CARTESIAN_POINT('',(0.250000000000062,-8.75,32.));
#11451=CARTESIAN_POINT('',(7.70272228311382,4.15849364905392,32.25));
#11452=CARTESIAN_POINT('',(7.70272228311382,4.15849364905392,39.75));
#11453=CARTESIAN_POINT('',(7.70272228311382,4.15849364905392,32.));
#11454=CARTESIAN_POINT('',(4.59150635094608,7.45272228311386,32.25));
#11455=CARTESIAN_POINT('',(4.59150635094608,7.45272228311386,39.75));
#11456=CARTESIAN_POINT('',(4.59150635094608,7.45272228311386,32.));
#11457=CARTESIAN_POINT('',(4.15849364905385,7.70272228311386,32.25));
#11458=CARTESIAN_POINT('',(4.15849364905385,7.70272228311386,39.75));
#11459=CARTESIAN_POINT('',(4.15849364905385,7.70272228311386,32.));
#11460=CARTESIAN_POINT('',(0.249999999999969,8.75,32.25));
#11461=CARTESIAN_POINT('',(0.249999999999969,8.75,39.75));
#11462=CARTESIAN_POINT('',(0.249999999999969,8.75,32.));
#11463=CARTESIAN_POINT('',(-0.249999999999949,-8.75,32.25));
#11464=CARTESIAN_POINT('',(-0.249999999999949,-8.75,39.75));
#11465=CARTESIAN_POINT('',(-0.249999999999949,-8.75,32.));
#11466=CARTESIAN_POINT('',(-4.59150635094606,-7.45272228311387,32.25));
#11467=CARTESIAN_POINT('',(-4.59150635094606,-7.45272228311387,39.75));
#11468=CARTESIAN_POINT('',(-4.59150635094606,-7.45272228311387,32.));
#11469=CARTESIAN_POINT('',(-7.70272228311388,4.15849364905382,32.25));
#11470=CARTESIAN_POINT('',(-7.70272228311388,4.15849364905382,39.75));
#11471=CARTESIAN_POINT('',(-7.70272228311388,4.15849364905382,32.));
#11472=CARTESIAN_POINT('',(-7.45272228311387,4.59150635094605,32.25));
#11473=CARTESIAN_POINT('',(-7.45272228311387,4.59150635094605,39.75));
#11474=CARTESIAN_POINT('',(-7.45272228311387,4.59150635094605,32.));
#11475=CARTESIAN_POINT('',(8.75,0.250000000000051,32.25));
#11476=CARTESIAN_POINT('',(8.75,0.250000000000051,39.75));
#11477=CARTESIAN_POINT('',(8.75,0.250000000000051,32.));
#11478=CARTESIAN_POINT('',(-4.15849364905383,-7.70272228311387,32.25));
#11479=CARTESIAN_POINT('',(-4.15849364905383,-7.70272228311387,39.75));
#11480=CARTESIAN_POINT('',(-4.15849364905383,-7.70272228311387,32.));
#11481=CARTESIAN_POINT('',(-0.250000000000041,8.75,32.25));
#11482=CARTESIAN_POINT('',(-0.250000000000041,8.75,39.75));
#11483=CARTESIAN_POINT('',(-0.250000000000041,8.75,32.));
#11484=CARTESIAN_POINT('',(-4.15849364905396,7.7027222831138,32.25));
#11485=CARTESIAN_POINT('',(-4.15849364905396,7.7027222831138,39.75));
#11486=CARTESIAN_POINT('',(-4.15849364905396,7.7027222831138,32.));
#11487=CARTESIAN_POINT('',(-11.4737292314117,-4.47734829615754,32.1852952387244));
#11488=CARTESIAN_POINT('',(-11.4735322033904,-4.4778583209978,32.1852882958302));
#11489=CARTESIAN_POINT('',(-11.4733345862849,-4.47836811935999,32.1852814042292));
#11490=CARTESIAN_POINT('',(-11.4731363808176,-4.47887768916487,32.1852745639567));
#11491=CARTESIAN_POINT('',(-11.4433362394076,-4.55549137924466,32.1842461307299));
#11492=CARTESIAN_POINT('',(-11.3993351215644,-4.62790576349308,32.1844023701573));
#11493=CARTESIAN_POINT('',(-11.345094959095,-4.68967157606793,32.1857262972145));
#11494=CARTESIAN_POINT('',(-11.2889234444966,-4.75363670973953,32.1870973658957));
#11495=CARTESIAN_POINT('',(-11.22009691596,-4.80811082438439,32.1897606577206));
#11496=CARTESIAN_POINT('',(-11.145286017454,-4.84858983378584,32.1934262367779));
#11497=CARTESIAN_POINT('',(-11.0672004608142,-4.89084070958685,32.1972522673003));
#11498=CARTESIAN_POINT('',(-10.9802510031679,-4.91920164719799,32.2022814641809));
#11499=CARTESIAN_POINT('',(-10.8925023688951,-4.9320283911789,32.2080069330152));
#11500=CARTESIAN_POINT('',(-10.8024223717434,-4.94519592444983,32.2138845198353));
#11501=CARTESIAN_POINT('',(-10.7088626978353,-4.94247539313801,32.220663974692));
#11502=CARTESIAN_POINT('',(-10.6196281483777,-4.92488681169671,32.2277472530348));
#11503=CARTESIAN_POINT('',(-10.5299716944256,-4.90721507074371,32.234864021399));
#11504=CARTESIAN_POINT('',(-10.4422000575059,-4.87410647575376,32.2424819391851));
#11505=CARTESIAN_POINT('',(-10.3630892302582,-4.82843181834646,32.2499999999998));
#11506=CARTESIAN_POINT('',(-8.59786761421108,-3.80928064314234,39.7500000000014));
#11507=CARTESIAN_POINT('',(-8.62072021155324,-3.82247459636952,39.7522846118871));
#11508=CARTESIAN_POINT('',(-8.64428366534788,-3.83450662784278,39.7545721956072));
#11509=CARTESIAN_POINT('',(-8.6683727106464,-3.84528134526888,39.7568447315268));
#11510=CARTESIAN_POINT('',(-8.74610652783158,-3.88005067316225,39.7641780604127));
#11511=CARTESIAN_POINT('',(-8.83084368434515,-3.90203135145644,39.7714825734057));
#11512=CARTESIAN_POINT('',(-8.91573972440507,-3.90932941217145,39.7781632096652));
#11513=CARTESIAN_POINT('',(-8.99818938788696,-3.91641717091258,39.7846513357433));
#11514=CARTESIAN_POINT('',(-9.08295424104554,-3.9098448130068,39.7907215237519));
#11515=CARTESIAN_POINT('',(-9.16337282717787,-3.88993418339887,39.7958884324359));
#11516=CARTESIAN_POINT('',(-9.24209215465791,-3.8704442688428,39.8009461634445));
#11517=CARTESIAN_POINT('',(-9.31866771561278,-3.83766485641865,39.8052678513318));
#11518=CARTESIAN_POINT('',(-9.38709000694647,-3.7939604186141,39.8085054578713));
#11519=CARTESIAN_POINT('',(-9.45536151081552,-3.75035229563971,39.8117359294483));
#11520=CARTESIAN_POINT('',(-9.51727945781363,-3.69471928285092,39.8139696342835));
#11521=CARTESIAN_POINT('',(-9.5678680935896,-3.631372706646,39.8150202483619));
#11522=CARTESIAN_POINT('',(-9.61856381311218,-3.56789204126057,39.8160730863328));
#11523=CARTESIAN_POINT('',(-9.65921407612371,-3.49498298829227,39.8159648589971));
#11524=CARTESIAN_POINT('',(-9.68656728699974,-3.41849002566181,39.8147047612756));
#11525=CARTESIAN_POINT('',(-10.4357696385575,-4.87039387164288,31.9403981978838));
#11526=CARTESIAN_POINT('',(-11.1617192277036,-5.28952106235444,32.1676057171628));
#11527=CARTESIAN_POINT('',(-11.4856027091029,-4.48435151931647,32.1345124817107));
#11528=CARTESIAN_POINT('',(-9.8209549840735,-4.51543046537482,34.5595864315717));
#11529=CARTESIAN_POINT('',(-10.550207513377,-4.93646460947589,34.8027526764063));
#11530=CARTESIAN_POINT('',(-10.8732180620252,-4.12316324422772,34.7537020472744));
#11531=CARTESIAN_POINT('',(-9.20499368660009,-4.15980504446817,37.1784208084973));
#11532=CARTESIAN_POINT('',(-9.94025383140871,-4.58430768700564,37.4315264297393));
#11533=CARTESIAN_POINT('',(-10.2600391411247,-3.7602011952017,37.3725369433293));
#11534=CARTESIAN_POINT('',(-8.58687361728603,-3.80293325605819,39.7965679172808));
#11535=CARTESIAN_POINT('',(-9.33698943687314,-4.2360128264202,40.0326950321877));
#11536=CARTESIAN_POINT('',(-9.6452470910398,-3.39387280710848,39.9906822011077));
#11537=CARTESIAN_POINT('',(12.1752151386254,-1.85936724964247,32.1852952387244));
#11538=CARTESIAN_POINT('',(12.1752995197738,-1.85882704116359,32.1852882958302));
#11539=CARTESIAN_POINT('',(12.1753832775214,-1.85828673427839,32.1852814042292));
#11540=CARTESIAN_POINT('',(12.1754664114539,-1.85774633114871,32.1852745639567));
#11541=CARTESIAN_POINT('',(12.1879655769964,-1.77649685855696,32.1842461307299));
#11542=CARTESIAN_POINT('',(12.1860666832735,-1.69178360327682,32.1844023701573));
#11543=CARTESIAN_POINT('',(12.169976230957,-1.61117275926688,32.1857262972145));
#11544=CARTESIAN_POINT('',(12.1533128391815,-1.52769157125162,32.1870973658957));
#11545=CARTESIAN_POINT('',(12.120944374337,-1.44610233985222,32.1897606577206));
#11546=CARTESIAN_POINT('',(12.0763957404516,-1.37364104013751,32.1934262367779));
#11547=CARTESIAN_POINT('',(12.0298971026333,-1.29800793004179,32.1972522673003));
#11548=CARTESIAN_POINT('',(11.9687771322719,-1.22997190877224,32.2022814641809));
#11549=CARTESIAN_POINT('',(11.8991979578348,-1.17498930550054,32.2080069330152));
#11550=CARTESIAN_POINT('',(11.8277701585641,-1.11854588860692,32.2138845198353));
#11551=CARTESIAN_POINT('',(11.7453848385339,-1.07412210088068,32.220663974692));
#11552=CARTESIAN_POINT('',(11.6593111610877,-1.04473698449655,32.2277472530348));
#11553=CARTESIAN_POINT('',(11.5728305238755,-1.01521293411494,32.234864021399));
#11554=CARTESIAN_POINT('',(11.4802637590763,-0.999999999999989,32.2424819391851));
#11555=CARTESIAN_POINT('',(11.3889144442617,-0.999999999999989,32.2499999999998));
#11556=CARTESIAN_POINT('',(9.35061209385347,-0.999999999999966,39.7500000000014));
#11557=CARTESIAN_POINT('',(9.37700000030783,-0.999999999999965,39.7522846118871));
#11558=CARTESIAN_POINT('',(9.40342256563151,-1.00136168198231,39.7545721956072));
#11559=CARTESIAN_POINT('',(9.42967164952599,-1.00407502562197,39.7568447315268));
#11560=CARTESIAN_POINT('',(9.51437577388818,-1.01283081298639,39.7641780604127));
#11561=CARTESIAN_POINT('',(9.59875064322049,-1.03616356544799,39.7714825734057));
#11562=CARTESIAN_POINT('',(9.67592180095058,-1.07229127950039,39.7781632096652));
#11563=CARTESIAN_POINT('',(9.75086918342994,-1.10737793211562,39.7846513357433));
#11564=CARTESIAN_POINT('',(9.82099152066044,-1.15545218760409,39.7907215237519));
#11565=CARTESIAN_POINT('',(9.8806807443835,-1.21290459171605,39.7958884324359));
#11566=CARTESIAN_POINT('',(9.939108724472,-1.26914301657922,39.8009461634445));
#11567=CARTESIAN_POINT('',(9.9890353993559,-1.3358186009371,39.8052678513318));
#11568=CARTESIAN_POINT('',(10.0264386229337,-1.4078789000008,39.8085054578713));
#11569=CARTESIAN_POINT('',(10.0637594181517,-1.4797803942425,39.8117359294483));
#11570=CARTESIAN_POINT('',(10.0895654268079,-1.55891897010571,39.8139696342835));
#11571=CARTESIAN_POINT('',(10.1017031824302,-1.63907303222993,39.8150202483619));
#11572=CARTESIAN_POINT('',(10.1138666307071,-1.71939676086414,39.8160730863328));
#11573=CARTESIAN_POINT('',(10.1126162646615,-1.80286298440632,39.8159648589971));
#11574=CARTESIAN_POINT('',(10.09805835884,-1.88278443869305,39.8147047612756));
#11575=CARTESIAN_POINT('',(11.4728385508546,-0.999999999999989,31.9403981978838));
#11576=CARTESIAN_POINT('',(12.3110929322777,-0.999999999999999,32.1676057171628));
#11577=CARTESIAN_POINT('',(12.1889994835167,-1.85923901932406,32.1345124817107));
#11578=CARTESIAN_POINT('',(10.7629117383182,-0.999999999999982,34.5595864315716));
#11579=CARTESIAN_POINT('',(11.6049800265163,-0.999999999998816,34.8027526764054));
#11580=CARTESIAN_POINT('',(11.4780646847157,-1.86584491755915,34.7537020472746));
#11581=CARTESIAN_POINT('',(10.0516608965144,-0.999999999999974,37.1784208084999));
#11582=CARTESIAN_POINT('',(10.9006661815768,-1.00000000000202,37.4315264297415));
#11583=CARTESIAN_POINT('',(10.7655551376371,-1.87358981217975,37.3725369433291));
#11584=CARTESIAN_POINT('',(9.33791731968517,-0.999999999999966,39.7965679172808));
#11585=CARTESIAN_POINT('',(10.2040764604092,-0.999999999999975,40.0326950321877));
#11586=CARTESIAN_POINT('',(10.0499654101727,-1.88344347735077,39.9906822011077));
#11587=CARTESIAN_POINT('',(-12.1752151386254,1.85936724964244,32.1852952387244));
#11588=CARTESIAN_POINT('',(-12.1752995197738,1.85882704116356,32.1852882958302));
#11589=CARTESIAN_POINT('',(-12.1753832775214,1.85828673427836,32.1852814042292));
#11590=CARTESIAN_POINT('',(-12.175466411454,1.85774633114868,32.1852745639567));
#11591=CARTESIAN_POINT('',(-12.1879655769964,1.77649685855693,32.1842461307299));
#11592=CARTESIAN_POINT('',(-12.1860666832735,1.69178360327679,32.1844023701573));
#11593=CARTESIAN_POINT('',(-12.169976230957,1.61117275926685,32.1857262972145));
#11594=CARTESIAN_POINT('',(-12.1533128391816,1.52769157125159,32.1870973658957));
#11595=CARTESIAN_POINT('',(-12.120944374337,1.44610233985219,32.1897606577206));
#11596=CARTESIAN_POINT('',(-12.0763957404516,1.37364104013748,32.1934262367779));
#11597=CARTESIAN_POINT('',(-12.0298971026333,1.29800793004176,32.1972522673003));
#11598=CARTESIAN_POINT('',(-11.9687771322719,1.22997190877221,32.2022814641809));
#11599=CARTESIAN_POINT('',(-11.8991979578348,1.17498930550051,32.2080069330152));
#11600=CARTESIAN_POINT('',(-11.8277701585641,1.11854588860689,32.2138845198353));
#11601=CARTESIAN_POINT('',(-11.7453848385339,1.07412210088065,32.220663974692));
#11602=CARTESIAN_POINT('',(-11.6593111610877,1.04473698449652,32.2277472530348));
#11603=CARTESIAN_POINT('',(-11.5728305238755,1.01521293411491,32.234864021399));
#11604=CARTESIAN_POINT('',(-11.4802637590763,0.999999999999959,32.2424819391851));
#11605=CARTESIAN_POINT('',(-11.3889144442617,0.999999999999959,32.2499999999998));
#11606=CARTESIAN_POINT('',(-9.35061209385347,0.999999999999942,39.7500000000014));
#11607=CARTESIAN_POINT('',(-9.37700000030783,0.999999999999941,39.7522846118871));
#11608=CARTESIAN_POINT('',(-9.40342256563151,1.00136168198229,39.7545721956072));
#11609=CARTESIAN_POINT('',(-9.42967164952599,1.00407502562194,39.7568447315268));
#11610=CARTESIAN_POINT('',(-9.51437577388819,1.01283081298636,39.7641780604127));
#11611=CARTESIAN_POINT('',(-9.59875064322049,1.03616356544797,39.7714825734057));
#11612=CARTESIAN_POINT('',(-9.67592180095058,1.07229127950037,39.7781632096652));
#11613=CARTESIAN_POINT('',(-9.75086918342994,1.1073779321156,39.7846513357433));
#11614=CARTESIAN_POINT('',(-9.82099152066044,1.15545218760406,39.7907215237519));
#11615=CARTESIAN_POINT('',(-9.88068074438351,1.21290459171603,39.7958884324359));
#11616=CARTESIAN_POINT('',(-9.93910872447201,1.2691430165792,39.8009461634445));
#11617=CARTESIAN_POINT('',(-9.9890353993559,1.33581860093707,39.8052678513318));
#11618=CARTESIAN_POINT('',(-10.0264386229337,1.40787890000078,39.8085054578713));
#11619=CARTESIAN_POINT('',(-10.0637594181517,1.47978039424247,39.8117359294483));
#11620=CARTESIAN_POINT('',(-10.0895654268079,1.55891897010569,39.8139696342835));
#11621=CARTESIAN_POINT('',(-10.1017031824302,1.6390730322299,39.8150202483619));
#11622=CARTESIAN_POINT('',(-10.1138666307072,1.71939676086411,39.8160730863328));
#11623=CARTESIAN_POINT('',(-10.1126162646614,1.80286298440629,39.8159648589975));
#11624=CARTESIAN_POINT('',(-10.0980583588399,1.88278443869302,39.814704761276));
#11625=CARTESIAN_POINT('',(-11.4728385508546,0.99999999999996,31.9403981978838));
#11626=CARTESIAN_POINT('',(-12.3110929322777,0.999999999999968,32.1676057171628));
#11627=CARTESIAN_POINT('',(-12.1889994835167,1.85923901932403,32.1345124817107));
#11628=CARTESIAN_POINT('',(-10.7629117383182,0.999999999999954,34.5595864315716));
#11629=CARTESIAN_POINT('',(-11.6049800265053,1.00000000001209,34.8027526764024));
#11630=CARTESIAN_POINT('',(-11.4780646847156,1.8658449175606,34.7537020472745));
#11631=CARTESIAN_POINT('',(-10.051660896515,0.999999999999948,37.1784208085));
#11632=CARTESIAN_POINT('',(-10.9006661815751,0.99999999999995,37.4315264297411));
#11633=CARTESIAN_POINT('',(-10.7655551376371,1.87358981217991,37.3725369433292));
#11634=CARTESIAN_POINT('',(-9.33791731968517,0.999999999999942,39.7965679172808));
#11635=CARTESIAN_POINT('',(-10.2040764604092,0.99999999999995,40.0326950321877));
#11636=CARTESIAN_POINT('',(-10.0499654101727,1.88344347735075,39.9906822011077));
#11637=CARTESIAN_POINT('',(7.6978668424679,9.61436198176924,32.1852952387244));
#11638=CARTESIAN_POINT('',(7.69744119877605,9.6147051622268,32.1852882958302));
#11639=CARTESIAN_POINT('',(7.6970151581614,9.61504785200653,32.1852814042292));
#11640=CARTESIAN_POINT('',(7.6965887222891,9.61539004966891,32.1852745639567));
#11641=CARTESIAN_POINT('',(7.6324741977518,9.66683938085069,32.1842461307299));
#11642=CARTESIAN_POINT('',(7.55816091978047,9.70755151828763,32.1844023701573));
#11643=CARTESIAN_POINT('',(7.48030465488909,9.7339221998281,32.1857262972145));
#11644=CARTESIAN_POINT('',(7.39967612944204,9.76123187324499,32.1870973658957));
#11645=CARTESIAN_POINT('',(7.31283354995265,9.77399457610782,32.1897606577206));
#11646=CARTESIAN_POINT('',(7.22780590666575,9.77164497731648,32.1934262367779));
#11647=CARTESIAN_POINT('',(7.13905639304652,9.76919253077238,32.1972522673003));
#11648=CARTESIAN_POINT('',(7.04957548507396,9.75027909439563,32.2022814641809));
#11649=CARTESIAN_POINT('',(6.9671695666559,9.71751306339455,32.2080069330152));
#11650=CARTESIAN_POINT('',(6.88257423411428,9.68387648313653,32.2138845198353));
#11651=CARTESIAN_POINT('',(6.80290944539596,9.63474059695463,32.220663974692));
#11652=CARTESIAN_POINT('',(6.73442434939103,9.57489116388111,32.2277472530348));
#11653=CARTESIAN_POINT('',(6.66561545313184,9.51475876031071,32.234864021399));
#11654=CARTESIAN_POINT('',(6.60615728332261,9.44220005750595,32.2424819391851));
#11655=CARTESIAN_POINT('',(6.56048262591531,9.3630892302582,32.2499999999998));
#11656=CARTESIAN_POINT('',(5.54133145071115,7.59786761421112,39.7500000000014));
#11657=CARTESIAN_POINT('',(5.55452540393833,7.62072021155328,39.7522846118871));
#11658=CARTESIAN_POINT('',(5.56891593778876,7.64292198336557,39.7545721956072));
#11659=CARTESIAN_POINT('',(5.58439030425714,7.66429768502443,39.7568447315268));
#11660=CARTESIAN_POINT('',(5.63432510072596,7.7332757148452,39.7641780604127));
#11661=CARTESIAN_POINT('',(5.69671929176407,7.79468011889716,39.7714825734057));
#11662=CARTESIAN_POINT('',(5.76659238877916,7.84344844490468,39.7781632096652));
#11663=CARTESIAN_POINT('',(5.83445201251739,7.89081145577134,39.7846513357433));
#11664=CARTESIAN_POINT('',(5.91114670765367,7.92750205344146,39.7907215237519));
#11665=CARTESIAN_POINT('',(5.99074656098465,7.95046823546182,39.7958884324359));
#11666=CARTESIAN_POINT('',(6.06866445562923,7.97294913807869,39.8009461634445));
#11667=CARTESIAN_POINT('',(6.15137054293727,7.98284911467569,39.8052678513318));
#11668=CARTESIAN_POINT('',(6.23247820431966,7.97921110694567,39.8085054578713));
#11669=CARTESIAN_POINT('',(6.31340712251202,7.97558111657302,39.8117359294483));
#11670=CARTESIAN_POINT('',(6.39484614395696,7.95836048770792,39.8139696342835));
#11671=CARTESIAN_POINT('',(6.4703304757842,7.92879506135968,39.8150202483619));
#11672=CARTESIAN_POINT('',(6.5459745894466,7.89916705224804,39.8160730863328));
#11673=CARTESIAN_POINT('',(6.61763327636925,7.85635109171739,39.8159648589971));
#11674=CARTESIAN_POINT('',(6.6795683331782,7.8037828483067,39.8147047612756));
#11675=CARTESIAN_POINT('',(6.60244467921172,9.43576963855751,31.9403981978838));
#11676=CARTESIAN_POINT('',(7.0215718699233,10.1617192277036,32.1676057171628));
#11677=CARTESIAN_POINT('',(7.70464796420026,9.62636368977882,32.1345124817107));
#11678=CARTESIAN_POINT('',(6.24748127294828,8.82095498408153,34.5595864315742));
#11679=CARTESIAN_POINT('',(6.6685154170392,9.55020751336819,34.8027526764035));
#11680=CARTESIAN_POINT('',(7.35490144048332,9.00737314446755,34.7537020472747));
#11681=CARTESIAN_POINT('',(5.89185585204073,8.2049936866066,37.1784208084993));
#11682=CARTESIAN_POINT('',(6.31635849456826,8.94025383141605,37.4315264297402));
#11683=CARTESIAN_POINT('',(7.00535394243884,8.38644932894515,37.3725369433291));
#11684=CARTESIAN_POINT('',(5.534984063627,7.58687361728606,39.7965679172808));
#11685=CARTESIAN_POINT('',(5.96806363398902,8.33698943687317,40.0326950321877));
#11686=CARTESIAN_POINT('',(6.65609260306421,7.76180361368903,39.9906822011077));
#11687=CARTESIAN_POINT('',(-11.3889144442616,-1.0000000000001,32.2500000000003));
#11688=CARTESIAN_POINT('',(-11.4802637590762,-1.00000000000009,32.2424819391856));
#11689=CARTESIAN_POINT('',(-11.5728305238754,-1.01521293411503,32.234864021399));
#11690=CARTESIAN_POINT('',(-11.6593111610877,-1.04473698449667,32.2277472530348));
#11691=CARTESIAN_POINT('',(-11.7453848385339,-1.0741221008808,32.220663974692));
#11692=CARTESIAN_POINT('',(-11.8277701585641,-1.11854588860706,32.2138845198352));
#11693=CARTESIAN_POINT('',(-11.8991979578348,-1.1749893055007,32.2080069330152));
#11694=CARTESIAN_POINT('',(-11.968777132272,-1.2299719087724,32.2022814641809));
#11695=CARTESIAN_POINT('',(-12.0298971026334,-1.29800793004196,32.1972522673003));
#11696=CARTESIAN_POINT('',(-12.0763957404516,-1.37364104013769,32.1934262367779));
#11697=CARTESIAN_POINT('',(-12.120944374337,-1.4461023398524,32.1897606577206));
#11698=CARTESIAN_POINT('',(-12.1533128391815,-1.5276915712518,32.1870973658957));
#11699=CARTESIAN_POINT('',(-12.169976230957,-1.61117275926706,32.1857262972145));
#11700=CARTESIAN_POINT('',(-12.1861720490072,-1.69231147039677,32.1843937006343));
#11701=CARTESIAN_POINT('',(-12.1879848994532,-1.77761518531383,32.1842445407963));
#11702=CARTESIAN_POINT('',(-12.1752151386254,-1.8593672496426,32.1852952387244));
#11703=CARTESIAN_POINT('',(-10.0980583588399,-1.88278443869317,39.814704761276));
#11704=CARTESIAN_POINT('',(-10.1142641307124,-1.793816363767,39.8161074943656));
#11705=CARTESIAN_POINT('',(-10.1138937776743,-1.70029433190208,39.8160754379608));
#11706=CARTESIAN_POINT('',(-10.0969860894698,-1.61145795795877,39.8146119481724));
#11707=CARTESIAN_POINT('',(-10.0811622407846,-1.52831629352666,39.8132422729876));
#11708=CARTESIAN_POINT('',(-10.0504596065431,-1.44680980296506,39.8105847206072));
#11709=CARTESIAN_POINT('',(-10.0076535490323,-1.37388025621241,39.8068794253833));
#11710=CARTESIAN_POINT('',(-9.96356991800939,-1.29877408160393,39.80306354331));
#11711=CARTESIAN_POINT('',(-9.90535651953317,-1.23055925754647,39.7980245068555));
#11712=CARTESIAN_POINT('',(-9.83834366839967,-1.17511115777063,39.7922235622182));
#11713=CARTESIAN_POINT('',(-9.77056792839189,-1.11903182476558,39.7863565783653));
#11714=CARTESIAN_POINT('',(-9.69180451022486,-1.07433942702001,39.7795382512543));
#11715=CARTESIAN_POINT('',(-9.60905847095964,-1.0447650679495,39.7723748515788));
#11716=CARTESIAN_POINT('',(-9.54213567673,-1.02084611346994,39.7665812845787));
#11717=CARTESIAN_POINT('',(-9.471215439768,-1.00620111241395,39.7604414644467));
#11718=CARTESIAN_POINT('',(-9.40032410699451,-1.00160852872159,39.7543039321976));
#11719=CARTESIAN_POINT('',(-9.38377925161862,-1.00053669624194,39.7528715344777));
#11720=CARTESIAN_POINT('',(-9.36719137166659,-1.00000000000007,39.7514354005391));
#11721=CARTESIAN_POINT('',(-9.35061209385379,-1.00000000000008,39.7500000000001));
#11722=CARTESIAN_POINT('',(-9.33791729442688,-1.00000000000008,39.7965680099329));
#11723=CARTESIAN_POINT('',(-10.2040764355613,-1.00000000000009,40.0326951249733));
#11724=CARTESIAN_POINT('',(-10.049965384849,-1.8834434776996,39.9906822937598));
#11725=CARTESIAN_POINT('',(-10.051662351125,-1.00000000000009,37.1784154728061));
#11726=CARTESIAN_POINT('',(-10.9006675900363,-0.999999999999215,37.4315211701333));
#11727=CARTESIAN_POINT('',(-10.765556596039,-1.87358979205382,37.3725316077279));
#11728=CARTESIAN_POINT('',(-10.7629130632787,-1.0000000000001,34.5595815523277));
#11729=CARTESIAN_POINT('',(-11.604981331664,-0.999999999998933,34.8027478050868));
#11730=CARTESIAN_POINT('',(-11.4780660119735,-1.86584490330649,34.7536971680779));
#11731=CARTESIAN_POINT('',(-11.472840280328,-1.00000000000011,31.9403918172028));
#11732=CARTESIAN_POINT('',(-12.3110946435715,-1.00000000000012,32.1675993307754));
#11733=CARTESIAN_POINT('',(-12.1890012154448,-1.85923900323137,32.1345061010297));
#11734=CARTESIAN_POINT('',(1.85936724964249,12.1752151386254,32.1852952387244));
#11735=CARTESIAN_POINT('',(1.8588270411636,12.1752995197738,32.1852882958302));
#11736=CARTESIAN_POINT('',(1.85828673427841,12.1753832775214,32.1852814042292));
#11737=CARTESIAN_POINT('',(1.85774633114873,12.1754664114539,32.1852745639567));
#11738=CARTESIAN_POINT('',(1.77649685855697,12.1879655769964,32.1842461307299));
#11739=CARTESIAN_POINT('',(1.69178360327684,12.1860666832735,32.1844023701573));
#11740=CARTESIAN_POINT('',(1.61117275926689,12.169976230957,32.1857262972145));
#11741=CARTESIAN_POINT('',(1.52769157125163,12.1533128391815,32.1870973658957));
#11742=CARTESIAN_POINT('',(1.44610233985223,12.120944374337,32.1897606577206));
#11743=CARTESIAN_POINT('',(1.37364104013753,12.0763957404516,32.1934262367779));
#11744=CARTESIAN_POINT('',(1.2980079300418,12.0298971026333,32.1972522673003));
#11745=CARTESIAN_POINT('',(1.22997190877225,11.9687771322719,32.2022814641809));
#11746=CARTESIAN_POINT('',(1.17498930550056,11.8991979578348,32.2080069330152));
#11747=CARTESIAN_POINT('',(1.11854588860693,11.8277701585641,32.2138845198353));
#11748=CARTESIAN_POINT('',(1.07412210088069,11.7453848385339,32.220663974692));
#11749=CARTESIAN_POINT('',(1.04473698449657,11.6593111610877,32.2277472530348));
#11750=CARTESIAN_POINT('',(1.01521293411495,11.5728305238755,32.234864021399));
#11751=CARTESIAN_POINT('',(1.,11.4802637590763,32.2424819391851));
#11752=CARTESIAN_POINT('',(1.,11.3889144442617,32.2499999999998));
#11753=CARTESIAN_POINT('',(0.999999999999977,9.35061209385346,39.7500000000014));
#11754=CARTESIAN_POINT('',(0.999999999999976,9.37700000030783,39.7522846118871));
#11755=CARTESIAN_POINT('',(1.00136168198232,9.40342256563151,39.7545721956072));
#11756=CARTESIAN_POINT('',(1.00407502562198,9.42967164952599,39.7568447315268));
#11757=CARTESIAN_POINT('',(1.0128308129864,9.51437577388818,39.7641780604127));
#11758=CARTESIAN_POINT('',(1.036163565448,9.59875064322049,39.7714825734057));
#11759=CARTESIAN_POINT('',(1.07229127950041,9.67592180095058,39.7781632096652));
#11760=CARTESIAN_POINT('',(1.10737793211563,9.75086918342994,39.7846513357433));
#11761=CARTESIAN_POINT('',(1.1554521876041,9.82099152066044,39.7907215237519));
#11762=CARTESIAN_POINT('',(1.21290459171606,9.8806807443835,39.7958884324359));
#11763=CARTESIAN_POINT('',(1.26914301657924,9.939108724472,39.8009461634445));
#11764=CARTESIAN_POINT('',(1.33581860093711,9.98903539935589,39.8052678513318));
#11765=CARTESIAN_POINT('',(1.40787890000081,10.0264386229337,39.8085054578713));
#11766=CARTESIAN_POINT('',(1.47978039424251,10.0637594181517,39.8117359294483));
#11767=CARTESIAN_POINT('',(1.55891897010573,10.0895654268079,39.8139696342835));
#11768=CARTESIAN_POINT('',(1.63907303222994,10.1017031824302,39.8150202483619));
#11769=CARTESIAN_POINT('',(1.71939676086415,10.1138666307071,39.8160730863328));
#11770=CARTESIAN_POINT('',(1.80286298440633,10.1126162646615,39.8159648589971));
#11771=CARTESIAN_POINT('',(1.88278443869306,10.09805835884,39.8147047612756));
#11772=CARTESIAN_POINT('',(1.,11.4728385508546,31.9403981978838));
#11773=CARTESIAN_POINT('',(1.00000000000001,12.3110929322777,32.1676057171628));
#11774=CARTESIAN_POINT('',(1.85923901932407,12.1889994835167,32.1345124817107));
#11775=CARTESIAN_POINT('',(0.999999999999994,10.762911738327,34.5595864315739));
#11776=CARTESIAN_POINT('',(0.999999999997351,11.6049800265185,34.802752676406));
#11777=CARTESIAN_POINT('',(1.86584491755787,11.4780646847159,34.7537020472746));
#11778=CARTESIAN_POINT('',(0.999999999999985,10.051660896515,37.1784208085001));
#11779=CARTESIAN_POINT('',(0.999999999999987,10.9006661815773,37.4315264297417));
#11780=CARTESIAN_POINT('',(1.87358981217955,10.7655551376371,37.3725369433292));
#11781=CARTESIAN_POINT('',(0.999999999999977,9.33791731968517,39.7965679172808));
#11782=CARTESIAN_POINT('',(0.999999999999987,10.2040764604092,40.0326950321877));
#11783=CARTESIAN_POINT('',(1.88344347735078,10.0499654101727,39.9906822011077));
#11784=CARTESIAN_POINT('',(10.3630892302581,-4.82843181834628,32.2500000000003));
#11785=CARTESIAN_POINT('',(10.4422000575059,-4.87410647575363,32.2424819391856));
#11786=CARTESIAN_POINT('',(10.5299716944256,-4.90721507074359,32.234864021399));
#11787=CARTESIAN_POINT('',(10.6196281483777,-4.9248868116966,32.2277472530348));
#11788=CARTESIAN_POINT('',(10.7088626978354,-4.94247539313791,32.220663974692));
#11789=CARTESIAN_POINT('',(10.8024223717436,-4.94519592444979,32.2138845198352));
#11790=CARTESIAN_POINT('',(10.8925023688952,-4.93202839117885,32.2080069330151));
#11791=CARTESIAN_POINT('',(10.980251003168,-4.91920164719793,32.2022814641808));
#11792=CARTESIAN_POINT('',(11.0672004608143,-4.89084070958671,32.1972522673003));
#11793=CARTESIAN_POINT('',(11.1452860174541,-4.8485898337857,32.1934262367779));
#11794=CARTESIAN_POINT('',(11.2200969159601,-4.80811082438425,32.1897606577206));
#11795=CARTESIAN_POINT('',(11.2889234444967,-4.75363670973938,32.1870973658957));
#11796=CARTESIAN_POINT('',(11.3450949590951,-4.68967157606778,32.1857262972145));
#11797=CARTESIAN_POINT('',(11.3996903045264,-4.62750130002421,32.1843937006343));
#11798=CARTESIAN_POINT('',(11.4439121365245,-4.55453254109185,32.1842445407963));
#11799=CARTESIAN_POINT('',(11.4737292314118,-4.47734829615743,32.1852952387244));
#11800=CARTESIAN_POINT('',(9.6865672869997,-3.41849002566164,39.814704761276));
#11801=CARTESIAN_POINT('',(9.6561178596662,-3.5036415246098,39.8161074943656));
#11802=CARTESIAN_POINT('',(9.6090361085943,-3.58444880349926,39.8160754379608));
#11803=CARTESIAN_POINT('',(9.54997543411831,-3.65292951601203,39.8146119481724));
#11804=CARTESIAN_POINT('',(9.49470074695525,-3.71702038518057,39.8132422729876));
#11805=CARTESIAN_POINT('',(9.42735824045822,-3.77225575945949,39.8105847206072));
#11806=CARTESIAN_POINT('',(9.35382233384164,-3.81401157087834,39.8068794253833));
#11807=CARTESIAN_POINT('',(9.27809170218052,-3.85701361055891,39.80306354331));
#11808=CARTESIAN_POINT('',(9.19357000823076,-3.88698268186924,39.7980245068555));
#11809=CARTESIAN_POINT('',(9.1078111268812,-3.90149571929995,39.7922235622182));
#11810=CARTESIAN_POINT('',(9.02107594777165,-3.91617397630571,39.7863565783653));
#11811=CARTESIAN_POINT('',(8.93051862787732,-3.9154970190259,39.7795382512543));
#11812=CARTESIAN_POINT('',(8.84407127627584,-3.89973614564899,39.7723748515788));
#11813=CARTESIAN_POINT('',(8.77415495914095,-3.88698917074544,39.7665812845787));
#11814=CARTESIAN_POINT('',(8.70541373176146,-3.86421199521737,39.7604414644467));
#11815=CARTESIAN_POINT('',(8.64172374482529,-3.83274362297722,39.7543039321976));
#11816=CARTESIAN_POINT('',(8.62685956352802,-3.82539942944525,39.7528715344777));
#11817=CARTESIAN_POINT('',(8.61222568997369,-3.81757028204881,39.7514354005391));
#11818=CARTESIAN_POINT('',(8.59786761421141,-3.8092806431424,39.7500000000001));
#11819=CARTESIAN_POINT('',(8.58687359541177,-3.80293324342895,39.7965680099329));
#11820=CARTESIAN_POINT('',(9.33698941535429,-4.23601281399615,40.0326951249733));
#11821=CARTESIAN_POINT('',(9.6452470692833,-3.39387279414457,39.9906822937598));
#11822=CARTESIAN_POINT('',(9.20499494634898,-4.1598057717844,37.1784154728096));
#11823=CARTESIAN_POINT('',(9.94025505119332,-4.58430839123942,37.431521170137));
#11824=CARTESIAN_POINT('',(10.2600403940744,-3.76020194183347,37.3725316077282));
#11825=CARTESIAN_POINT('',(9.82095613152117,-4.51543112785392,34.5595815523271));
#11826=CARTESIAN_POINT('',(10.5502086436716,-4.93646526204679,34.8027478050881));
#11827=CARTESIAN_POINT('',(10.8732192043367,-4.12316392020257,34.7536971680779));
#11828=CARTESIAN_POINT('',(10.4357711363255,-4.8703947363795,31.9403918172028));
#11829=CARTESIAN_POINT('',(11.1617207097275,-5.28952191800122,32.1675993307754));
#11830=CARTESIAN_POINT('',(11.4856042009503,-4.48435239921722,32.1345061010297));
#11831=CARTESIAN_POINT('',(4.82843181834629,10.3630892302581,32.2500000000003));
#11832=CARTESIAN_POINT('',(4.87410647575364,10.4422000575059,32.2424819391856));
#11833=CARTESIAN_POINT('',(4.9072150707436,10.5299716944256,32.234864021399));
#11834=CARTESIAN_POINT('',(4.92488681169662,10.6196281483777,32.2277472530348));
#11835=CARTESIAN_POINT('',(4.94247539313792,10.7088626978354,32.220663974692));
#11836=CARTESIAN_POINT('',(4.94519592444981,10.8024223717436,32.2138845198352));
#11837=CARTESIAN_POINT('',(4.93202839117887,10.8925023688952,32.2080069330151));
#11838=CARTESIAN_POINT('',(4.91920164719795,10.980251003168,32.2022814641808));
#11839=CARTESIAN_POINT('',(4.89084070958673,11.0672004608143,32.1972522673003));
#11840=CARTESIAN_POINT('',(4.84858983378572,11.1452860174541,32.1934262367779));
#11841=CARTESIAN_POINT('',(4.80811082438426,11.2200969159601,32.1897606577206));
#11842=CARTESIAN_POINT('',(4.7536367097394,11.2889234444967,32.1870973658957));
#11843=CARTESIAN_POINT('',(4.6896715760678,11.3450949590951,32.1857262972145));
#11844=CARTESIAN_POINT('',(4.62750130002423,11.3996903045264,32.1843937006343));
#11845=CARTESIAN_POINT('',(4.55453254109187,11.4439121365245,32.1842445407963));
#11846=CARTESIAN_POINT('',(4.47734829615745,11.4737292314118,32.1852952387244));
#11847=CARTESIAN_POINT('',(3.41849002566165,9.6865672869997,39.814704761276));
#11848=CARTESIAN_POINT('',(3.50364152460981,9.6561178596662,39.8161074943656));
#11849=CARTESIAN_POINT('',(3.58444880349927,9.6090361085943,39.8160754379608));
#11850=CARTESIAN_POINT('',(3.65292951601204,9.5499754341183,39.8146119481724));
#11851=CARTESIAN_POINT('',(3.71702038518059,9.49470074695524,39.8132422729876));
#11852=CARTESIAN_POINT('',(3.7722557594595,9.42735824045821,39.8105847206072));
#11853=CARTESIAN_POINT('',(3.81401157087836,9.35382233384163,39.8068794253833));
#11854=CARTESIAN_POINT('',(3.85701361055892,9.27809170218051,39.80306354331));
#11855=CARTESIAN_POINT('',(3.88698268186926,9.19357000823075,39.7980245068555));
#11856=CARTESIAN_POINT('',(3.90149571929996,9.10781112688119,39.7922235622182));
#11857=CARTESIAN_POINT('',(3.91617397630573,9.02107594777164,39.7863565783653));
#11858=CARTESIAN_POINT('',(3.91549701902591,8.93051862787731,39.7795382512543));
#11859=CARTESIAN_POINT('',(3.899736145649,8.84407127627584,39.7723748515788));
#11860=CARTESIAN_POINT('',(3.88698917074545,8.77415495914095,39.7665812845787));
#11861=CARTESIAN_POINT('',(3.86421199521739,8.70541373176145,39.7604414644467));
#11862=CARTESIAN_POINT('',(3.83274362297723,8.64172374482529,39.7543039321976));
#11863=CARTESIAN_POINT('',(3.82539942944526,8.62685956352801,39.7528715344777));
#11864=CARTESIAN_POINT('',(3.81757028204882,8.61222568997369,39.7514354005391));
#11865=CARTESIAN_POINT('',(3.80928064314242,8.59786761421141,39.7500000000001));
#11866=CARTESIAN_POINT('',(3.80293324342896,8.58687359541176,39.7965680099329));
#11867=CARTESIAN_POINT('',(4.23601281399617,9.33698941535428,40.0326951249733));
#11868=CARTESIAN_POINT('',(3.39387279414458,9.6452470692833,39.9906822937598));
#11869=CARTESIAN_POINT('',(4.15980577178524,9.2049949463504,37.1784154728099));
#11870=CARTESIAN_POINT('',(4.58430839124632,9.94025505118268,37.4315211701354));
#11871=CARTESIAN_POINT('',(3.76020194183748,10.2600403940729,37.3725316077285));
#11872=CARTESIAN_POINT('',(4.51543112784829,9.82095613151139,34.5595815523242));
#11873=CARTESIAN_POINT('',(4.93646526204801,10.5502086436567,34.8027478050849));
#11874=CARTESIAN_POINT('',(4.12316392020039,10.8732192043376,34.7536971680777));
#11875=CARTESIAN_POINT('',(4.87039473637952,10.4357711363255,31.9403918172028));
#11876=CARTESIAN_POINT('',(5.28952191800124,11.1617207097275,32.1675993307754));
#11877=CARTESIAN_POINT('',(4.48435239921724,11.4856042009503,32.1345061010297));
#11878=CARTESIAN_POINT('',(6.5604826259153,-9.36308923025801,32.2500000000003));
#11879=CARTESIAN_POINT('',(6.60615728332261,-9.44220005750581,32.2424819391856));
#11880=CARTESIAN_POINT('',(6.66561545313186,-9.5147587603106,32.234864021399));
#11881=CARTESIAN_POINT('',(6.7344243493911,-9.57489116388105,32.2277472530348));
#11882=CARTESIAN_POINT('',(6.80290944539604,-9.63474059695459,32.220663974692));
#11883=CARTESIAN_POINT('',(6.88257423411439,-9.6838764831365,32.2138845198352));
#11884=CARTESIAN_POINT('',(6.96716956665603,-9.71751306339452,32.2080069330151));
#11885=CARTESIAN_POINT('',(7.0495754850741,-9.75027909439559,32.2022814641809));
#11886=CARTESIAN_POINT('',(7.13905639304666,-9.76919253077233,32.1972522673003));
#11887=CARTESIAN_POINT('',(7.22780590666589,-9.77164497731643,32.1934262367779));
#11888=CARTESIAN_POINT('',(7.31283354995279,-9.77399457610776,32.1897606577206));
#11889=CARTESIAN_POINT('',(7.39967612944218,-9.76123187324492,32.1870973658957));
#11890=CARTESIAN_POINT('',(7.48030465488922,-9.73392219982803,32.1857262972145));
#11891=CARTESIAN_POINT('',(7.55867074898297,-9.7073788341297,32.1843937006343));
#11892=CARTESIAN_POINT('',(7.63345235836133,-9.66629695121067,32.1842445407963));
#11893=CARTESIAN_POINT('',(7.69786684246798,-9.61436198176918,32.1852952387243));
#11894=CARTESIAN_POINT('',(6.67956833317824,-7.80378284830654,39.814704761276));
#11895=CARTESIAN_POINT('',(6.61062260610266,-7.86230149589923,39.8161074943656));
#11896=CARTESIAN_POINT('',(6.52944497417501,-7.90874177669224,39.8160754379608));
#11897=CARTESIAN_POINT('',(6.44405657345777,-7.93851747615956,39.8146119481724));
#11898=CARTESIAN_POINT('',(6.36414185560405,-7.96638445342861,39.8132422729876));
#11899=CARTESIAN_POINT('',(6.27820384708364,-7.98054843749318,39.8105847206072));
#11900=CARTESIAN_POINT('',(6.19364197815394,-7.97994207762925,39.8068794253833));
#11901=CARTESIAN_POINT('',(6.10655630745049,-7.97931762057661,39.80306354331));
#11902=CARTESIAN_POINT('',(6.01837383766393,-7.9630107506843,39.7980245068555));
#11903=CARTESIAN_POINT('',(5.93684794909972,-7.93269996911059,39.7922235622182));
#11904=CARTESIAN_POINT('',(5.85439395208618,-7.90204412300608,39.7863565783653));
#11905=CARTESIAN_POINT('',(5.77630749119896,-7.85617920085733,39.7795382512543));
#11906=CARTESIAN_POINT('',(5.70932232531065,-7.79930620832636,39.7723748515788));
#11907=CARTESIAN_POINT('',(5.65514650598457,-7.75330884567103,39.7665812845787));
#11908=CARTESIAN_POINT('',(5.60700344455063,-7.69921261934752,39.7604414644467));
#11909=CARTESIAN_POINT('',(5.56758048401729,-7.64011521610372,39.7543039321976));
#11910=CARTESIAN_POINT('',(5.55837982217338,-7.62632286728609,39.7528715344777));
#11911=CARTESIAN_POINT('',(5.54962108961779,-7.61222568997364,39.7514354005391));
#11912=CARTESIAN_POINT('',(5.54133145071139,-7.59786761421135,39.7500000000001));
#11913=CARTESIAN_POINT('',(5.53498405099794,-7.5868735954117,39.7965680099329));
#11914=CARTESIAN_POINT('',(5.96806362156516,-8.33698941535421,40.0326951249733));
#11915=CARTESIAN_POINT('',(6.65609259070447,-7.76180359158372,39.9906822937598));
#11916=CARTESIAN_POINT('',(5.89185657935596,-8.20499494635334,37.1784154728109));
#11917=CARTESIAN_POINT('',(6.31635919880991,-8.94025505120938,37.4315211701408));
#11918=CARTESIAN_POINT('',(7.00535465420122,-8.38645060202871,37.3725316077285));
#11919=CARTESIAN_POINT('',(6.24748193542164,-8.82095613151886,34.5595815523265));
#11920=CARTESIAN_POINT('',(6.66851606960957,-9.55020864367251,34.8027478050876));
#11921=CARTESIAN_POINT('',(7.35490209177024,-9.00737430103187,34.7536971680779));
#11922=CARTESIAN_POINT('',(6.60244554394853,-9.43577113632541,31.9403918172028));
#11923=CARTESIAN_POINT('',(7.02157272557026,-10.1617207097274,32.1675993307754));
#11924=CARTESIAN_POINT('',(7.70464881622763,-9.62636519771896,32.1345061010297));
#11925=CARTESIAN_POINT('',(11.4737292314117,4.47734829615752,32.1852952387244));
#11926=CARTESIAN_POINT('',(11.4735322033904,4.47785832099778,32.1852882958302));
#11927=CARTESIAN_POINT('',(11.4733345862849,4.47836811935997,32.1852814042292));
#11928=CARTESIAN_POINT('',(11.4731363808176,4.47887768916485,32.1852745639567));
#11929=CARTESIAN_POINT('',(11.4433362394076,4.55549137924464,32.1842461307299));
#11930=CARTESIAN_POINT('',(11.3993351215645,4.62790576349306,32.1844023701573));
#11931=CARTESIAN_POINT('',(11.345094959095,4.68967157606791,32.1857262972145));
#11932=CARTESIAN_POINT('',(11.2889234444966,4.75363670973951,32.1870973658957));
#11933=CARTESIAN_POINT('',(11.22009691596,4.80811082438437,32.1897606577206));
#11934=CARTESIAN_POINT('',(11.145286017454,4.84858983378582,32.1934262367779));
#11935=CARTESIAN_POINT('',(11.0672004608142,4.89084070958682,32.1972522673003));
#11936=CARTESIAN_POINT('',(10.9802510031679,4.91920164719797,32.2022814641809));
#11937=CARTESIAN_POINT('',(10.8925023688951,4.93202839117888,32.2080069330152));
#11938=CARTESIAN_POINT('',(10.8024223717435,4.94519592444981,32.2138845198353));
#11939=CARTESIAN_POINT('',(10.7088626978353,4.94247539313798,32.220663974692));
#11940=CARTESIAN_POINT('',(10.6196281483777,4.92488681169668,32.2277472530348));
#11941=CARTESIAN_POINT('',(10.5299716944256,4.90721507074368,32.234864021399));
#11942=CARTESIAN_POINT('',(10.4422000575059,4.87410647575374,32.2424819391851));
#11943=CARTESIAN_POINT('',(10.3630892302582,4.82843181834644,32.2499999999998));
#11944=CARTESIAN_POINT('',(8.59786761421109,3.80928064314232,39.7500000000014));
#11945=CARTESIAN_POINT('',(8.62072021155325,3.8224745963695,39.7522846118871));
#11946=CARTESIAN_POINT('',(8.64428366534789,3.83450662784276,39.7545721956072));
#11947=CARTESIAN_POINT('',(8.66837271064641,3.84528134526886,39.7568447315268));
#11948=CARTESIAN_POINT('',(8.74610652783159,3.88005067316223,39.7641780604127));
#11949=CARTESIAN_POINT('',(8.83084368434516,3.90203135145642,39.7714825734057));
#11950=CARTESIAN_POINT('',(8.91573972440507,3.90932941217142,39.7781632096652));
#11951=CARTESIAN_POINT('',(8.99818938788697,3.91641717091256,39.7846513357433));
#11952=CARTESIAN_POINT('',(9.08295424104555,3.90984481300678,39.7907215237519));
#11953=CARTESIAN_POINT('',(9.16337282717788,3.88993418339885,39.7958884324359));
#11954=CARTESIAN_POINT('',(9.24209215465791,3.87044426884278,39.8009461634445));
#11955=CARTESIAN_POINT('',(9.31866771561279,3.83766485641863,39.8052678513318));
#11956=CARTESIAN_POINT('',(9.38709000694648,3.79396041861407,39.8085054578713));
#11957=CARTESIAN_POINT('',(9.45536151081553,3.75035229563969,39.8117359294483));
#11958=CARTESIAN_POINT('',(9.51727945781364,3.6947192828509,39.8139696342835));
#11959=CARTESIAN_POINT('',(9.56786809358961,3.63137270664598,39.8150202483619));
#11960=CARTESIAN_POINT('',(9.61856381311219,3.56789204126055,39.8160730863328));
#11961=CARTESIAN_POINT('',(9.65921407612371,3.49498298829225,39.8159648589971));
#11962=CARTESIAN_POINT('',(9.68656728699975,3.41849002566178,39.8147047612756));
#11963=CARTESIAN_POINT('',(10.4357696385575,4.87039387164285,31.9403981978838));
#11964=CARTESIAN_POINT('',(11.1617192277036,5.28952106235442,32.1676057171628));
#11965=CARTESIAN_POINT('',(11.4856027091029,4.48435151931644,32.1345124817107));
#11966=CARTESIAN_POINT('',(9.82095498407542,4.5154304653759,34.5595864315722));
#11967=CARTESIAN_POINT('',(10.5502075133771,4.93646460947237,34.8027526764059));
#11968=CARTESIAN_POINT('',(10.8732180620236,4.12316324423153,34.7537020472747));
#11969=CARTESIAN_POINT('',(9.20499368659892,4.15980504446746,37.1784208084969));
#11970=CARTESIAN_POINT('',(9.94025383140642,4.58430768700798,37.4315264297391));
#11971=CARTESIAN_POINT('',(10.2600391411249,3.7602011952012,37.3725369433292));
#11972=CARTESIAN_POINT('',(8.58687361728603,3.80293325605817,39.7965679172808));
#11973=CARTESIAN_POINT('',(9.33698943687315,4.23601282642018,40.0326950321877));
#11974=CARTESIAN_POINT('',(9.64524709103981,3.39387280710846,39.9906822011077));
#11975=CARTESIAN_POINT('',(4.47734829615754,-11.4737292314117,32.1852952387243));
#11976=CARTESIAN_POINT('',(4.47785832099779,-11.4735322033904,32.1852882958302));
#11977=CARTESIAN_POINT('',(4.47836811935998,-11.4733345862849,32.1852814042292));
#11978=CARTESIAN_POINT('',(4.47887768916486,-11.4731363808176,32.1852745639567));
#11979=CARTESIAN_POINT('',(4.55549137924466,-11.4433362394076,32.1842461307299));
#11980=CARTESIAN_POINT('',(4.62790576349307,-11.3993351215645,32.1844023701573));
#11981=CARTESIAN_POINT('',(4.68967157606792,-11.345094959095,32.1857262972145));
#11982=CARTESIAN_POINT('',(4.75363670973952,-11.2889234444966,32.1870973658957));
#11983=CARTESIAN_POINT('',(4.80811082438438,-11.22009691596,32.1897606577206));
#11984=CARTESIAN_POINT('',(4.84858983378583,-11.145286017454,32.1934262367779));
#11985=CARTESIAN_POINT('',(4.89084070958684,-11.0672004608142,32.1972522673003));
#11986=CARTESIAN_POINT('',(4.91920164719798,-10.9802510031679,32.2022814641809));
#11987=CARTESIAN_POINT('',(4.93202839117889,-10.8925023688951,32.2080069330152));
#11988=CARTESIAN_POINT('',(4.94519592444982,-10.8024223717435,32.2138845198352));
#11989=CARTESIAN_POINT('',(4.942475393138,-10.7088626978353,32.220663974692));
#11990=CARTESIAN_POINT('',(4.9248868116967,-10.6196281483777,32.2277472530348));
#11991=CARTESIAN_POINT('',(4.9072150707437,-10.5299716944256,32.234864021399));
#11992=CARTESIAN_POINT('',(4.87410647575375,-10.4422000575059,32.2424819391851));
#11993=CARTESIAN_POINT('',(4.82843181834646,-10.3630892302582,32.2499999999998));
#11994=CARTESIAN_POINT('',(3.80928064314233,-8.59786761421108,39.7500000000014));
#11995=CARTESIAN_POINT('',(3.82247459636951,-8.62072021155325,39.7522846118871));
#11996=CARTESIAN_POINT('',(3.83450662784277,-8.64428366534788,39.7545721956072));
#11997=CARTESIAN_POINT('',(3.84528134526887,-8.6683727106464,39.7568447315268));
#11998=CARTESIAN_POINT('',(3.88005067316224,-8.74610652783159,39.7641780604127));
#11999=CARTESIAN_POINT('',(3.90203135145643,-8.83084368434515,39.7714825734057));
#12000=CARTESIAN_POINT('',(3.90932941217144,-8.91573972440507,39.7781632096652));
#12001=CARTESIAN_POINT('',(3.91641717091257,-8.99818938788696,39.7846513357433));
#12002=CARTESIAN_POINT('',(3.90984481300679,-9.08295424104555,39.7907215237519));
#12003=CARTESIAN_POINT('',(3.88993418339887,-9.16337282717787,39.7958884324359));
#12004=CARTESIAN_POINT('',(3.87044426884279,-9.24209215465791,39.8009461634445));
#12005=CARTESIAN_POINT('',(3.83766485641864,-9.31866771561279,39.8052678513318));
#12006=CARTESIAN_POINT('',(3.79396041861409,-9.38709000694647,39.8085054578713));
#12007=CARTESIAN_POINT('',(3.7503522956397,-9.45536151081552,39.8117359294483));
#12008=CARTESIAN_POINT('',(3.69471928285091,-9.51727945781364,39.8139696342835));
#12009=CARTESIAN_POINT('',(3.63137270664599,-9.56786809358961,39.8150202483619));
#12010=CARTESIAN_POINT('',(3.56789204126056,-9.61856381311218,39.8160730863328));
#12011=CARTESIAN_POINT('',(3.49498298829226,-9.65921407612371,39.8159648589971));
#12012=CARTESIAN_POINT('',(3.4184900256618,-9.68656728699974,39.8147047612756));
#12013=CARTESIAN_POINT('',(4.87039387164287,-10.4357696385575,31.9403981978838));
#12014=CARTESIAN_POINT('',(5.28952106235443,-11.1617192277036,32.1676057171628));
#12015=CARTESIAN_POINT('',(4.48435151931646,-11.4856027091029,32.1345124817107));
#12016=CARTESIAN_POINT('',(4.51543046537876,-9.82095498408033,34.5595864315738));
#12017=CARTESIAN_POINT('',(4.93646460947239,-10.5502075133771,34.8027526764059));
#12018=CARTESIAN_POINT('',(4.12316324423233,-10.8732180620233,34.7537020472747));
#12019=CARTESIAN_POINT('',(4.15980504446709,-9.20499368659825,37.1784208084967));
#12020=CARTESIAN_POINT('',(4.58430768701159,-9.94025383141233,37.4315264297409));
#12021=CARTESIAN_POINT('',(3.76020119519826,-10.260039141126,37.3725369433291));
#12022=CARTESIAN_POINT('',(3.80293325605818,-8.58687361728603,39.7965679172808));
#12023=CARTESIAN_POINT('',(4.23601282642019,-9.33698943687314,40.0326950321877));
#12024=CARTESIAN_POINT('',(3.39387280710847,-9.6452470910398,39.9906822011077));
#12025=CARTESIAN_POINT('',(-10.3630892302581,4.82843181834625,32.2500000000003));
#12026=CARTESIAN_POINT('',(-10.4422000575059,4.8741064757536,32.2424819391856));
#12027=CARTESIAN_POINT('',(-10.5299716944256,4.90721507074356,32.234864021399));
#12028=CARTESIAN_POINT('',(-10.6196281483777,4.92488681169657,32.2277472530348));
#12029=CARTESIAN_POINT('',(-10.7088626978354,4.94247539313788,32.220663974692));
#12030=CARTESIAN_POINT('',(-10.8024223717436,4.94519592444976,32.2138845198352));
#12031=CARTESIAN_POINT('',(-10.8925023688953,4.93202839117882,32.2080069330151));
#12032=CARTESIAN_POINT('',(-10.980251003168,4.9192016471979,32.2022814641808));
#12033=CARTESIAN_POINT('',(-11.0672004608143,4.89084070958668,32.1972522673003));
#12034=CARTESIAN_POINT('',(-11.1452860174541,4.84858983378567,32.1934262367779));
#12035=CARTESIAN_POINT('',(-11.2200969159601,4.80811082438422,32.1897606577206));
#12036=CARTESIAN_POINT('',(-11.2889234444967,4.75363670973935,32.1870973658957));
#12037=CARTESIAN_POINT('',(-11.3450949590951,4.68967157606775,32.1857262972145));
#12038=CARTESIAN_POINT('',(-11.3996903045265,4.62750130002418,32.1843937006343));
#12039=CARTESIAN_POINT('',(-11.4439121365245,4.55453254109183,32.1842445407963));
#12040=CARTESIAN_POINT('',(-11.4737292314118,4.4773482961574,32.1852952387244));
#12041=CARTESIAN_POINT('',(-9.68656728699971,3.41849002566162,39.814704761276));
#12042=CARTESIAN_POINT('',(-9.65611785966621,3.50364152460977,39.8161074943656));
#12043=CARTESIAN_POINT('',(-9.60903610859431,3.58444880349923,39.8160754379608));
#12044=CARTESIAN_POINT('',(-9.54997543411832,3.65292951601199,39.8146119481724));
#12045=CARTESIAN_POINT('',(-9.49470074695526,3.71702038518054,39.8132422729876));
#12046=CARTESIAN_POINT('',(-9.42735824045823,3.77225575945946,39.8105847206072));
#12047=CARTESIAN_POINT('',(-9.35382233384166,3.81401157087831,39.8068794253833));
#12048=CARTESIAN_POINT('',(-9.27809170218054,3.85701361055888,39.80306354331));
#12049=CARTESIAN_POINT('',(-9.19357000823077,3.88698268186922,39.7980245068555));
#12050=CARTESIAN_POINT('',(-9.10781112688121,3.90149571929992,39.7922235622182));
#12051=CARTESIAN_POINT('',(-9.02107594777166,3.91617397630569,39.7863565783653));
#12052=CARTESIAN_POINT('',(-8.93051862787733,3.91549701902588,39.7795382512543));
#12053=CARTESIAN_POINT('',(-8.84407127627586,3.89973614564897,39.7723748515788));
#12054=CARTESIAN_POINT('',(-8.77415495914097,3.88698917074541,39.7665812845787));
#12055=CARTESIAN_POINT('',(-8.70541373176147,3.86421199521735,39.7604414644467));
#12056=CARTESIAN_POINT('',(-8.6417237448253,3.8327436229772,39.7543039321976));
#12057=CARTESIAN_POINT('',(-8.62685956352803,3.82539942944523,39.7528715344777));
#12058=CARTESIAN_POINT('',(-8.6122256899737,3.81757028204879,39.7514354005391));
#12059=CARTESIAN_POINT('',(-8.59786761421143,3.80928064314238,39.7500000000001));
#12060=CARTESIAN_POINT('',(-8.58687359541178,3.80293324342893,39.7965680099329));
#12061=CARTESIAN_POINT('',(-9.3369894153543,4.23601281399613,40.0326951249733));
#12062=CARTESIAN_POINT('',(-9.64524706928331,3.39387279414454,39.9906822937598));
#12063=CARTESIAN_POINT('',(-9.20499494634875,4.15980577178423,37.1784154728096));
#12064=CARTESIAN_POINT('',(-9.94025505119559,4.58430839123818,37.4315211701373));
#12065=CARTESIAN_POINT('',(-10.2600403940759,3.76020194182936,37.372531607728));
#12066=CARTESIAN_POINT('',(-9.82095613152745,4.51543112785751,34.5595815523291));
#12067=CARTESIAN_POINT('',(-10.5502086436793,4.93646526204263,34.8027478050894));
#12068=CARTESIAN_POINT('',(-10.8732192043374,4.1231639202007,34.7536971680778));
#12069=CARTESIAN_POINT('',(-10.4357711363255,4.87039473637947,31.9403918172028));
#12070=CARTESIAN_POINT('',(-11.1617207097275,5.28952191800119,32.1675993307754));
#12071=CARTESIAN_POINT('',(-11.4856042009503,4.48435239921719,32.1345061010297));
#12072=CARTESIAN_POINT('',(-9.363089230258,-6.56048262591531,32.2500000000003));
#12073=CARTESIAN_POINT('',(-9.44220005750581,-6.60615728332262,32.2424819391856));
#12074=CARTESIAN_POINT('',(-9.51475876031059,-6.66561545313187,32.234864021399));
#12075=CARTESIAN_POINT('',(-9.57489116388105,-6.7344243493911,32.2277472530348));
#12076=CARTESIAN_POINT('',(-9.63474059695458,-6.80290944539605,32.220663974692));
#12077=CARTESIAN_POINT('',(-9.68387648313649,-6.8825742341144,32.2138845198352));
#12078=CARTESIAN_POINT('',(-9.71751306339451,-6.96716956665604,32.2080069330152));
#12079=CARTESIAN_POINT('',(-9.75027909439558,-7.04957548507411,32.2022814641809));
#12080=CARTESIAN_POINT('',(-9.76919253077233,-7.13905639304666,32.1972522673003));
#12081=CARTESIAN_POINT('',(-9.77164497731642,-7.2278059066659,32.1934262367779));
#12082=CARTESIAN_POINT('',(-9.77399457610775,-7.3128335499528,32.1897606577206));
#12083=CARTESIAN_POINT('',(-9.76123187324491,-7.39967612944219,32.1870973658957));
#12084=CARTESIAN_POINT('',(-9.73392219982802,-7.48030465488923,32.1857262972145));
#12085=CARTESIAN_POINT('',(-9.7073788341297,-7.55867074898297,32.1843937006343));
#12086=CARTESIAN_POINT('',(-9.66629695121066,-7.63345235836133,32.1842445407963));
#12087=CARTESIAN_POINT('',(-9.61436198176918,-7.69786684246799,32.1852952387244));
#12088=CARTESIAN_POINT('',(-7.80378284830654,-6.67956833317824,39.814704761276));
#12089=CARTESIAN_POINT('',(-7.86230149589922,-6.61062260610267,39.8161074943656));
#12090=CARTESIAN_POINT('',(-7.90874177669223,-6.52944497417502,39.8160754379608));
#12091=CARTESIAN_POINT('',(-7.93851747615956,-6.44405657345778,39.8146119481724));
#12092=CARTESIAN_POINT('',(-7.96638445342861,-6.36414185560406,39.8132422729876));
#12093=CARTESIAN_POINT('',(-7.98054843749318,-6.27820384708365,39.8105847206072));
#12094=CARTESIAN_POINT('',(-7.97994207762925,-6.19364197815395,39.8068794253833));
#12095=CARTESIAN_POINT('',(-7.9793176205766,-6.10655630745049,39.80306354331));
#12096=CARTESIAN_POINT('',(-7.9630107506843,-6.01837383766393,39.7980245068555));
#12097=CARTESIAN_POINT('',(-7.93269996911059,-5.93684794909973,39.7922235622182));
#12098=CARTESIAN_POINT('',(-7.90204412300608,-5.85439395208618,39.7863565783653));
#12099=CARTESIAN_POINT('',(-7.85617920085732,-5.77630749119897,39.7795382512543));
#12100=CARTESIAN_POINT('',(-7.79930620832635,-5.70932232531066,39.7723748515788));
#12101=CARTESIAN_POINT('',(-7.75330884567102,-5.65514650598457,39.7665812845787));
#12102=CARTESIAN_POINT('',(-7.69921261934752,-5.60700344455064,39.7604414644467));
#12103=CARTESIAN_POINT('',(-7.64011521610372,-5.5675804840173,39.7543039321976));
#12104=CARTESIAN_POINT('',(-7.62632286728608,-5.55837982217338,39.7528715344777));
#12105=CARTESIAN_POINT('',(-7.61222568997363,-5.54962108961779,39.7514354005391));
#12106=CARTESIAN_POINT('',(-7.59786761421134,-5.5413314507114,39.7500000000001));
#12107=CARTESIAN_POINT('',(-7.5868735954117,-5.53498405099795,39.7965680099329));
#12108=CARTESIAN_POINT('',(-8.33698941535421,-5.96806362156516,40.0326951249734));
#12109=CARTESIAN_POINT('',(-7.76180359158371,-6.65609259070447,39.9906822937598));
#12110=CARTESIAN_POINT('',(-8.20499494635339,-5.891856579356,37.178415472811));
#12111=CARTESIAN_POINT('',(-8.94025505118441,-6.31635919880756,37.4315211701348));
#12112=CARTESIAN_POINT('',(-8.3864506020274,-7.00535465420277,37.3725316077285));
#12113=CARTESIAN_POINT('',(-8.82095613151304,-6.24748193541829,34.5595815523247));
#12114=CARTESIAN_POINT('',(-9.55020864366065,-6.66851606960455,34.8027478050841));
#12115=CARTESIAN_POINT('',(-9.0073743010317,-7.35490209177048,34.7536971680778));
#12116=CARTESIAN_POINT('',(-9.4357711363254,-6.60244554394854,31.9403918172028));
#12117=CARTESIAN_POINT('',(-10.1617207097274,-7.02157272557027,32.1675993307754));
#12118=CARTESIAN_POINT('',(-9.62636519771895,-7.70464881622764,32.1345061010297));
#12119=CARTESIAN_POINT('',(-1.00000000000006,11.3889144442616,32.2500000000003));
#12120=CARTESIAN_POINT('',(-1.00000000000005,11.4802637590762,32.2424819391856));
#12121=CARTESIAN_POINT('',(-1.01521293411499,11.5728305238754,32.234864021399));
#12122=CARTESIAN_POINT('',(-1.04473698449663,11.6593111610877,32.2277472530348));
#12123=CARTESIAN_POINT('',(-1.07412210088076,11.7453848385339,32.220663974692));
#12124=CARTESIAN_POINT('',(-1.11854588860701,11.8277701585641,32.2138845198352));
#12125=CARTESIAN_POINT('',(-1.17498930550065,11.8991979578348,32.2080069330152));
#12126=CARTESIAN_POINT('',(-1.22997190877235,11.968777132272,32.2022814641809));
#12127=CARTESIAN_POINT('',(-1.29800793004191,12.0298971026334,32.1972522673003));
#12128=CARTESIAN_POINT('',(-1.37364104013764,12.0763957404516,32.1934262367779));
#12129=CARTESIAN_POINT('',(-1.44610233985235,12.120944374337,32.1897606577206));
#12130=CARTESIAN_POINT('',(-1.52769157125175,12.1533128391816,32.1870973658957));
#12131=CARTESIAN_POINT('',(-1.61117275926701,12.169976230957,32.1857262972145));
#12132=CARTESIAN_POINT('',(-1.69231147039672,12.1861720490072,32.1843937006343));
#12133=CARTESIAN_POINT('',(-1.77761518531378,12.1879848994532,32.1842445407963));
#12134=CARTESIAN_POINT('',(-1.85936724964255,12.1752151386254,32.1852952387244));
#12135=CARTESIAN_POINT('',(-1.88278443869314,10.0980583588399,39.814704761276));
#12136=CARTESIAN_POINT('',(-1.79381636376696,10.1142641307125,39.8161074943656));
#12137=CARTESIAN_POINT('',(-1.70029433190204,10.1138937776743,39.8160754379608));
#12138=CARTESIAN_POINT('',(-1.61145795795872,10.0969860894698,39.8146119481724));
#12139=CARTESIAN_POINT('',(-1.52831629352661,10.0811622407846,39.8132422729876));
#12140=CARTESIAN_POINT('',(-1.44680980296501,10.0504596065431,39.8105847206072));
#12141=CARTESIAN_POINT('',(-1.37388025621237,10.0076535490323,39.8068794253833));
#12142=CARTESIAN_POINT('',(-1.29877408160389,9.96356991800939,39.80306354331));
#12143=CARTESIAN_POINT('',(-1.23055925754642,9.90535651953317,39.7980245068555));
#12144=CARTESIAN_POINT('',(-1.17511115777058,9.83834366839966,39.7922235622182));
#12145=CARTESIAN_POINT('',(-1.11903182476554,9.77056792839188,39.7863565783653));
#12146=CARTESIAN_POINT('',(-1.07433942701997,9.69180451022486,39.7795382512543));
#12147=CARTESIAN_POINT('',(-1.04476506794947,9.60905847095964,39.7723748515788));
#12148=CARTESIAN_POINT('',(-1.0208461134699,9.54213567673,39.7665812845787));
#12149=CARTESIAN_POINT('',(-1.00620111241392,9.471215439768,39.7604414644467));
#12150=CARTESIAN_POINT('',(-1.00160852872155,9.40032410699451,39.7543039321976));
#12151=CARTESIAN_POINT('',(-1.00053669624191,9.38377925161862,39.7528715344777));
#12152=CARTESIAN_POINT('',(-1.00000000000004,9.36719137166659,39.7514354005391));
#12153=CARTESIAN_POINT('',(-1.00000000000005,9.35061209385379,39.7500000000001));
#12154=CARTESIAN_POINT('',(-1.00000000000005,9.33791729442689,39.7965680099329));
#12155=CARTESIAN_POINT('',(-1.00000000000005,10.2040764355613,40.0326951249734));
#12156=CARTESIAN_POINT('',(-1.88344347769956,10.049965384849,39.9906822937598));
#12157=CARTESIAN_POINT('',(-1.00000000000005,10.051662351125,37.1784154728061));
#12158=CARTESIAN_POINT('',(-1.00000000000122,10.9006675900363,37.4315211701333));
#12159=CARTESIAN_POINT('',(-1.8735897920526,10.7655565960392,37.3725316077282));
#12160=CARTESIAN_POINT('',(-1.00000000000006,10.7629130632787,34.5595815523277));
#12161=CARTESIAN_POINT('',(-1.00000000000007,11.6049813316662,34.8027478050874));
#12162=CARTESIAN_POINT('',(-1.86584490330529,11.4780660119737,34.7536971680778));
#12163=CARTESIAN_POINT('',(-1.00000000000006,11.472840280328,31.9403918172028));
#12164=CARTESIAN_POINT('',(-1.00000000000007,12.3110946435715,32.1675993307754));
#12165=CARTESIAN_POINT('',(-1.85923900323132,12.1890012154449,32.1345061010297));
#12166=CARTESIAN_POINT('',(-4.82843181834626,-10.3630892302581,32.2500000000003));
#12167=CARTESIAN_POINT('',(-4.87410647575361,-10.4422000575059,32.2424819391856));
#12168=CARTESIAN_POINT('',(-4.90721507074357,-10.5299716944256,32.234864021399));
#12169=CARTESIAN_POINT('',(-4.92488681169659,-10.6196281483777,32.2277472530348));
#12170=CARTESIAN_POINT('',(-4.94247539313789,-10.7088626978354,32.220663974692));
#12171=CARTESIAN_POINT('',(-4.94519592444978,-10.8024223717436,32.2138845198352));
#12172=CARTESIAN_POINT('',(-4.93202839117883,-10.8925023688952,32.2080069330151));
#12173=CARTESIAN_POINT('',(-4.91920164719791,-10.980251003168,32.2022814641808));
#12174=CARTESIAN_POINT('',(-4.89084070958669,-11.0672004608143,32.1972522673003));
#12175=CARTESIAN_POINT('',(-4.84858983378569,-11.1452860174541,32.1934262367779));
#12176=CARTESIAN_POINT('',(-4.80811082438423,-11.2200969159601,32.1897606577206));
#12177=CARTESIAN_POINT('',(-4.75363670973937,-11.2889234444967,32.1870973658957));
#12178=CARTESIAN_POINT('',(-4.68967157606776,-11.3450949590951,32.1857262972145));
#12179=CARTESIAN_POINT('',(-4.6275013000242,-11.3996903045264,32.1843937006343));
#12180=CARTESIAN_POINT('',(-4.55453254109184,-11.4439121365245,32.1842445407963));
#12181=CARTESIAN_POINT('',(-4.47734829615741,-11.4737292314118,32.1852952387244));
#12182=CARTESIAN_POINT('',(-3.41849002566163,-9.68656728699971,39.814704761276));
#12183=CARTESIAN_POINT('',(-3.50364152460978,-9.65611785966621,39.8161074943656));
#12184=CARTESIAN_POINT('',(-3.58444880349924,-9.60903610859431,39.8160754379608));
#12185=CARTESIAN_POINT('',(-3.652929516012,-9.54997543411832,39.8146119481724));
#12186=CARTESIAN_POINT('',(-3.71702038518055,-9.49470074695526,39.8132422729876));
#12187=CARTESIAN_POINT('',(-3.77225575945947,-9.42735824045823,39.8105847206072));
#12188=CARTESIAN_POINT('',(-3.81401157087832,-9.35382233384165,39.8068794253833));
#12189=CARTESIAN_POINT('',(-3.85701361055889,-9.27809170218053,39.80306354331));
#12190=CARTESIAN_POINT('',(-3.88698268186923,-9.19357000823077,39.7980245068555));
#12191=CARTESIAN_POINT('',(-3.90149571929993,-9.10781112688121,39.7922235622182));
#12192=CARTESIAN_POINT('',(-3.9161739763057,-9.02107594777166,39.7863565783653));
#12193=CARTESIAN_POINT('',(-3.91549701902589,-8.93051862787733,39.7795382512543));
#12194=CARTESIAN_POINT('',(-3.89973614564898,-8.84407127627585,39.7723748515788));
#12195=CARTESIAN_POINT('',(-3.88698917074542,-8.77415495914096,39.7665812845787));
#12196=CARTESIAN_POINT('',(-3.86421199521736,-8.70541373176147,39.7604414644467));
#12197=CARTESIAN_POINT('',(-3.83274362297721,-8.6417237448253,39.7543039321976));
#12198=CARTESIAN_POINT('',(-3.82539942944524,-8.62685956352802,39.7528715344777));
#12199=CARTESIAN_POINT('',(-3.81757028204879,-8.6122256899737,39.7514354005391));
#12200=CARTESIAN_POINT('',(-3.80928064314239,-8.59786761421142,39.7500000000001));
#12201=CARTESIAN_POINT('',(-3.80293324342894,-8.58687359541177,39.7965680099329));
#12202=CARTESIAN_POINT('',(-4.23601281399614,-9.33698941535429,40.0326951249734));
#12203=CARTESIAN_POINT('',(-3.39387279414455,-9.64524706928331,39.9906822937598));
#12204=CARTESIAN_POINT('',(-4.15980577178451,-9.2049949463492,37.1784154728096));
#12205=CARTESIAN_POINT('',(-4.58430839124365,-9.94025505119384,37.4315211701377));
#12206=CARTESIAN_POINT('',(-3.76020194182973,-10.2600403940758,37.372531607728));
#12207=CARTESIAN_POINT('',(-4.51543112785261,-9.82095613151894,34.5595815523265));
#12208=CARTESIAN_POINT('',(-4.93646526204805,-10.5502086436544,34.8027478050843));
#12209=CARTESIAN_POINT('',(-4.12316392019993,-10.8732192043377,34.7536971680777));
#12210=CARTESIAN_POINT('',(-4.87039473637949,-10.4357711363255,31.9403918172028));
#12211=CARTESIAN_POINT('',(-5.28952191800121,-11.1617207097275,32.1675993307754));
#12212=CARTESIAN_POINT('',(-4.4843523992172,-11.4856042009503,32.1345061010297));
#12213=CARTESIAN_POINT('',(-7.69786684246788,-9.61436198176926,32.1852952387244));
#12214=CARTESIAN_POINT('',(-7.69744119877602,-9.61470516222682,32.1852882958302));
#12215=CARTESIAN_POINT('',(-7.69701515816137,-9.61504785200655,32.1852814042292));
#12216=CARTESIAN_POINT('',(-7.69658872228908,-9.61539004966894,32.1852745639567));
#12217=CARTESIAN_POINT('',(-7.63247419775177,-9.66683938085071,32.1842461307299));
#12218=CARTESIAN_POINT('',(-7.55816091978044,-9.70755151828765,32.1844023701573));
#12219=CARTESIAN_POINT('',(-7.48030465488906,-9.73392219982813,32.1857262972145));
#12220=CARTESIAN_POINT('',(-7.39967612944202,-9.76123187324501,32.1870973658957));
#12221=CARTESIAN_POINT('',(-7.31283354995263,-9.77399457610784,32.1897606577206));
#12222=CARTESIAN_POINT('',(-7.22780590666573,-9.7716449773165,32.1934262367779));
#12223=CARTESIAN_POINT('',(-7.13905639304649,-9.7691925307724,32.1972522673003));
#12224=CARTESIAN_POINT('',(-7.04957548507394,-9.75027909439564,32.2022814641809));
#12225=CARTESIAN_POINT('',(-6.96716956665587,-9.71751306339457,32.2080069330152));
#12226=CARTESIAN_POINT('',(-6.88257423411426,-9.68387648313655,32.2138845198353));
#12227=CARTESIAN_POINT('',(-6.80290944539593,-9.63474059695465,32.220663974692));
#12228=CARTESIAN_POINT('',(-6.734424349391,-9.57489116388113,32.2277472530348));
#12229=CARTESIAN_POINT('',(-6.66561545313182,-9.51475876031072,32.234864021399));
#12230=CARTESIAN_POINT('',(-6.60615728332258,-9.44220005750596,32.2424819391851));
#12231=CARTESIAN_POINT('',(-6.56048262591529,-9.36308923025822,32.2499999999998));
#12232=CARTESIAN_POINT('',(-5.54133145071113,-7.59786761421113,39.7500000000014));
#12233=CARTESIAN_POINT('',(-5.55452540393831,-7.6207202115533,39.7522846118871));
#12234=CARTESIAN_POINT('',(-5.56891593778874,-7.64292198336558,39.7545721956072));
#12235=CARTESIAN_POINT('',(-5.58439030425712,-7.66429768502445,39.7568447315268));
#12236=CARTESIAN_POINT('',(-5.63432510072594,-7.73327571484521,39.7641780604127));
#12237=CARTESIAN_POINT('',(-5.69671929176405,-7.79468011889718,39.7714825734057));
#12238=CARTESIAN_POINT('',(-5.76659238877914,-7.84344844490469,39.7781632096652));
#12239=CARTESIAN_POINT('',(-5.83445201251737,-7.89081145577136,39.7846513357433));
#12240=CARTESIAN_POINT('',(-5.91114670765365,-7.92750205344148,39.7907215237519));
#12241=CARTESIAN_POINT('',(-5.99074656098463,-7.95046823546184,39.7958884324359));
#12242=CARTESIAN_POINT('',(-6.06866445562921,-7.9729491380787,39.8009461634445));
#12243=CARTESIAN_POINT('',(-6.15137054293725,-7.98284911467571,39.8052678513318));
#12244=CARTESIAN_POINT('',(-6.23247820431964,-7.97921110694568,39.8085054578713));
#12245=CARTESIAN_POINT('',(-6.31340712251199,-7.97558111657304,39.8117359294483));
#12246=CARTESIAN_POINT('',(-6.39484614395693,-7.95836048770794,39.8139696342835));
#12247=CARTESIAN_POINT('',(-6.47033047578418,-7.9287950613597,39.8150202483619));
#12248=CARTESIAN_POINT('',(-6.54597458944658,-7.89916705224806,39.8160730863328));
#12249=CARTESIAN_POINT('',(-6.61763327636923,-7.85635109171741,39.8159648589971));
#12250=CARTESIAN_POINT('',(-6.67956833317818,-7.80378284830671,39.8147047612756));
#12251=CARTESIAN_POINT('',(-6.6024446792117,-9.43576963855752,31.9403981978838));
#12252=CARTESIAN_POINT('',(-7.02157186992328,-10.1617192277036,32.1676057171628));
#12253=CARTESIAN_POINT('',(-7.70464796420023,-9.62636368977884,32.1345124817107));
#12254=CARTESIAN_POINT('',(-6.24748127294812,-8.82095498408131,34.5595864315741));
#12255=CARTESIAN_POINT('',(-6.66851541704596,-9.55020751338533,34.8027526764084));
#12256=CARTESIAN_POINT('',(-7.3549014404855,-9.00737314446581,34.7537020472746));
#12257=CARTESIAN_POINT('',(-5.89185585203882,-8.20499368660335,37.1784208084983));
#12258=CARTESIAN_POINT('',(-6.31635849456616,-8.94025383141992,37.4315264297408));
#12259=CARTESIAN_POINT('',(-7.00535394243831,-8.38644932894562,37.3725369433291));
#12260=CARTESIAN_POINT('',(-5.53498406362698,-7.58687361728608,39.7965679172808));
#12261=CARTESIAN_POINT('',(-5.968063633989,-8.33698943687318,40.0326950321877));
#12262=CARTESIAN_POINT('',(-6.65609260306419,-7.76180361368905,39.9906822011077));
#12263=CARTESIAN_POINT('',(-9.61436198176927,7.69786684246786,32.1852952387244));
#12264=CARTESIAN_POINT('',(-9.61470516222684,7.69744119877601,32.1852882958302));
#12265=CARTESIAN_POINT('',(-9.61504785200656,7.69701515816136,32.1852814042292));
#12266=CARTESIAN_POINT('',(-9.61539004966894,7.69658872228907,32.1852745639567));
#12267=CARTESIAN_POINT('',(-9.66683938085072,7.63247419775176,32.1842461307299));
#12268=CARTESIAN_POINT('',(-9.70755151828766,7.55816091978043,32.1844023701573));
#12269=CARTESIAN_POINT('',(-9.73392219982813,7.48030465488905,32.1857262972145));
#12270=CARTESIAN_POINT('',(-9.76123187324502,7.399676129442,32.1870973658957));
#12271=CARTESIAN_POINT('',(-9.77399457610785,7.31283354995261,32.1897606577206));
#12272=CARTESIAN_POINT('',(-9.77164497731651,7.22780590666571,32.1934262367779));
#12273=CARTESIAN_POINT('',(-9.76919253077241,7.13905639304648,32.1972522673003));
#12274=CARTESIAN_POINT('',(-9.75027909439565,7.04957548507392,32.2022814641809));
#12275=CARTESIAN_POINT('',(-9.71751306339458,6.96716956665585,32.2080069330152));
#12276=CARTESIAN_POINT('',(-9.68387648313656,6.88257423411424,32.2138845198353));
#12277=CARTESIAN_POINT('',(-9.63474059695466,6.80290944539592,32.220663974692));
#12278=CARTESIAN_POINT('',(-9.57489116388114,6.73442434939099,32.2277472530348));
#12279=CARTESIAN_POINT('',(-9.51475876031073,6.66561545313181,32.234864021399));
#12280=CARTESIAN_POINT('',(-9.44220005750597,6.60615728332257,32.2424819391851));
#12281=CARTESIAN_POINT('',(-9.36308923025823,6.56048262591527,32.2499999999998));
#12282=CARTESIAN_POINT('',(-7.59786761421114,5.54133145071112,39.7500000000014));
#12283=CARTESIAN_POINT('',(-7.62072021155331,5.5545254039383,39.7522846118871));
#12284=CARTESIAN_POINT('',(-7.64292198336559,5.56891593778873,39.7545721956072));
#12285=CARTESIAN_POINT('',(-7.66429768502446,5.58439030425711,39.7568447315268));
#12286=CARTESIAN_POINT('',(-7.73327571484522,5.63432510072593,39.7641780604127));
#12287=CARTESIAN_POINT('',(-7.79468011889719,5.69671929176404,39.7714825734057));
#12288=CARTESIAN_POINT('',(-7.8434484449047,5.76659238877913,39.7781632096652));
#12289=CARTESIAN_POINT('',(-7.89081145577137,5.83445201251736,39.7846513357433));
#12290=CARTESIAN_POINT('',(-7.92750205344149,5.91114670765364,39.7907215237519));
#12291=CARTESIAN_POINT('',(-7.95046823546184,5.99074656098462,39.7958884324359));
#12292=CARTESIAN_POINT('',(-7.97294913807871,6.0686644556292,39.8009461634445));
#12293=CARTESIAN_POINT('',(-7.98284911467571,6.15137054293724,39.8052678513318));
#12294=CARTESIAN_POINT('',(-7.97921110694569,6.23247820431963,39.8085054578713));
#12295=CARTESIAN_POINT('',(-7.97558111657305,6.31340712251199,39.8117359294483));
#12296=CARTESIAN_POINT('',(-7.95836048770795,6.39484614395692,39.8139696342835));
#12297=CARTESIAN_POINT('',(-7.9287950613597,6.47033047578417,39.8150202483619));
#12298=CARTESIAN_POINT('',(-7.89916705224807,6.54597458944657,39.8160730863328));
#12299=CARTESIAN_POINT('',(-7.85635109171742,6.61763327636922,39.8159648589971));
#12300=CARTESIAN_POINT('',(-7.80378284830672,6.67956833317817,39.8147047612756));
#12301=CARTESIAN_POINT('',(-9.43576963855753,6.60244467921169,31.9403981978838));
#12302=CARTESIAN_POINT('',(-10.1617192277036,7.02157186992326,32.1676057171628));
#12303=CARTESIAN_POINT('',(-9.62636368977885,7.70464796420022,32.1345124817107));
#12304=CARTESIAN_POINT('',(-8.8209549840818,6.24748127294839,34.5595864315742));
#12305=CARTESIAN_POINT('',(-9.55020751338354,6.66851541705264,34.8027526764089));
#12306=CARTESIAN_POINT('',(-9.00737314446211,7.35490144049024,34.7537020472743));
#12307=CARTESIAN_POINT('',(-8.20499368660663,5.8918558520407,37.1784208084993));
#12308=CARTESIAN_POINT('',(-8.94025383140929,6.31635849457303,37.4315264297392));
#12309=CARTESIAN_POINT('',(-8.38644932894374,7.00535394244055,37.372536943329));
#12310=CARTESIAN_POINT('',(-7.58687361728608,5.53498406362697,39.7965679172808));
#12311=CARTESIAN_POINT('',(-8.33698943687319,5.96806363398899,40.0326950321877));
#12312=CARTESIAN_POINT('',(-7.76180361368905,6.65609260306417,39.9906822011077));
#12313=CARTESIAN_POINT('',(9.36308923025801,6.56048262591528,32.2500000000003));
#12314=CARTESIAN_POINT('',(9.44220005750582,6.6061572833226,32.2424819391856));
#12315=CARTESIAN_POINT('',(9.51475876031061,6.66561545313185,32.234864021399));
#12316=CARTESIAN_POINT('',(9.57489116388106,6.73442434939108,32.2277472530348));
#12317=CARTESIAN_POINT('',(9.6347405969546,6.80290944539603,32.220663974692));
#12318=CARTESIAN_POINT('',(9.68387648313651,6.88257423411438,32.2138845198352));
#12319=CARTESIAN_POINT('',(9.71751306339453,6.96716956665602,32.2080069330152));
#12320=CARTESIAN_POINT('',(9.7502790943956,7.04957548507409,32.2022814641809));
#12321=CARTESIAN_POINT('',(9.76919253077235,7.13905639304664,32.1972522673003));
#12322=CARTESIAN_POINT('',(9.77164497731644,7.22780590666588,32.1934262367779));
#12323=CARTESIAN_POINT('',(9.77399457610777,7.31283354995278,32.1897606577206));
#12324=CARTESIAN_POINT('',(9.76123187324493,7.39967612944216,32.1870973658957));
#12325=CARTESIAN_POINT('',(9.73392219982804,7.4803046548892,32.1857262972145));
#12326=CARTESIAN_POINT('',(9.70737883412971,7.55867074898295,32.1843937006343));
#12327=CARTESIAN_POINT('',(9.66629695121068,7.63345235836131,32.1842445407963));
#12328=CARTESIAN_POINT('',(9.61436198176919,7.69786684246796,32.1852952387244));
#12329=CARTESIAN_POINT('',(7.80378284830655,6.67956833317823,39.814704761276));
#12330=CARTESIAN_POINT('',(7.86230149589923,6.61062260610265,39.8161074943656));
#12331=CARTESIAN_POINT('',(7.90874177669225,6.529444974175,39.8160754379608));
#12332=CARTESIAN_POINT('',(7.93851747615957,6.44405657345776,39.8146119481724));
#12333=CARTESIAN_POINT('',(7.96638445342862,6.36414185560404,39.8132422729876));
#12334=CARTESIAN_POINT('',(7.98054843749319,6.27820384708363,39.8105847206072));
#12335=CARTESIAN_POINT('',(7.97994207762926,6.19364197815393,39.8068794253833));
#12336=CARTESIAN_POINT('',(7.97931762057662,6.10655630745048,39.80306354331));
#12337=CARTESIAN_POINT('',(7.96301075068431,6.01837383766392,39.7980245068555));
#12338=CARTESIAN_POINT('',(7.9326999691106,5.93684794909971,39.7922235622182));
#12339=CARTESIAN_POINT('',(7.90204412300609,5.85439395208617,39.7863565783653));
#12340=CARTESIAN_POINT('',(7.85617920085734,5.77630749119895,39.7795382512543));
#12341=CARTESIAN_POINT('',(7.79930620832636,5.70932232531064,39.7723748515788));
#12342=CARTESIAN_POINT('',(7.75330884567104,5.65514650598455,39.7665812845787));
#12343=CARTESIAN_POINT('',(7.69921261934753,5.60700344455062,39.7604414644467));
#12344=CARTESIAN_POINT('',(7.64011521610373,5.56758048401728,39.7543039321976));
#12345=CARTESIAN_POINT('',(7.6263228672861,5.55837982217337,39.7528715344777));
#12346=CARTESIAN_POINT('',(7.61222568997364,5.54962108961777,39.7514354005391));
#12347=CARTESIAN_POINT('',(7.59786761421136,5.54133145071138,39.7500000000001));
#12348=CARTESIAN_POINT('',(7.58687359541171,5.53498405099793,39.7965680099329));
#12349=CARTESIAN_POINT('',(8.33698941535422,5.96806362156514,40.0326951249733));
#12350=CARTESIAN_POINT('',(7.76180359158373,6.65609259070446,39.9906822937598));
#12351=CARTESIAN_POINT('',(8.20499494634478,5.891856579351,37.1784154728083));
#12352=CARTESIAN_POINT('',(8.94025505119177,6.31635919880584,37.4315211701363));
#12353=CARTESIAN_POINT('',(8.38645060202092,7.00535465421057,37.3725316077279));
#12354=CARTESIAN_POINT('',(8.82095613152132,6.24748193542304,34.5595815523272));
#12355=CARTESIAN_POINT('',(9.55020864366028,6.66851606961732,34.8027478050857));
#12356=CARTESIAN_POINT('',(9.00737430103396,7.35490209176757,34.7536971680781));
#12357=CARTESIAN_POINT('',(9.43577113632541,6.60244554394851,31.9403918172028));
#12358=CARTESIAN_POINT('',(10.1617207097274,7.02157272557025,32.1675993307754));
#12359=CARTESIAN_POINT('',(9.62636519771897,7.70464881622762,32.1345061010297));
#12360=CARTESIAN_POINT('',(11.3889144442616,1.00000000000008,32.2500000000003));
#12361=CARTESIAN_POINT('',(11.4802637590762,1.00000000000006,32.2424819391856));
#12362=CARTESIAN_POINT('',(11.5728305238754,1.015212934115,32.234864021399));
#12363=CARTESIAN_POINT('',(11.6593111610877,1.04473698449664,32.2277472530348));
#12364=CARTESIAN_POINT('',(11.7453848385339,1.07412210088077,32.220663974692));
#12365=CARTESIAN_POINT('',(11.8277701585641,1.11854588860702,32.2138845198352));
#12366=CARTESIAN_POINT('',(11.8991979578348,1.17498930550067,32.2080069330152));
#12367=CARTESIAN_POINT('',(11.968777132272,1.22997190877237,32.2022814641809));
#12368=CARTESIAN_POINT('',(12.0298971026334,1.29800793004192,32.1972522673003));
#12369=CARTESIAN_POINT('',(12.0763957404516,1.37364104013765,32.1934262367779));
#12370=CARTESIAN_POINT('',(12.120944374337,1.44610233985236,32.1897606577206));
#12371=CARTESIAN_POINT('',(12.1533128391816,1.52769157125176,32.1870973658957));
#12372=CARTESIAN_POINT('',(12.169976230957,1.61117275926702,32.1857262972145));
#12373=CARTESIAN_POINT('',(12.1861720490072,1.69231147039673,32.1843937006343));
#12374=CARTESIAN_POINT('',(12.1879848994532,1.7776151853138,32.1842445407963));
#12375=CARTESIAN_POINT('',(12.1752151386254,1.85936724964257,32.1852952387244));
#12376=CARTESIAN_POINT('',(10.0980583588399,1.88278443869315,39.814704761276));
#12377=CARTESIAN_POINT('',(10.1142641307125,1.79381636376697,39.8161074943656));
#12378=CARTESIAN_POINT('',(10.1138937776743,1.70029433190206,39.8160754379608));
#12379=CARTESIAN_POINT('',(10.0969860894698,1.61145795795875,39.8146119481724));
#12380=CARTESIAN_POINT('',(10.0811622407846,1.52831629352663,39.8132422729876));
#12381=CARTESIAN_POINT('',(10.0504596065431,1.44680980296503,39.8105847206072));
#12382=CARTESIAN_POINT('',(10.0076535490323,1.37388025621238,39.8068794253833));
#12383=CARTESIAN_POINT('',(9.96356991800939,1.29877408160391,39.80306354331));
#12384=CARTESIAN_POINT('',(9.90535651953317,1.23055925754644,39.7980245068555));
#12385=CARTESIAN_POINT('',(9.83834366839967,1.1751111577706,39.7922235622182));
#12386=CARTESIAN_POINT('',(9.77056792839189,1.11903182476556,39.7863565783653));
#12387=CARTESIAN_POINT('',(9.69180451022486,1.07433942701999,39.7795382512543));
#12388=CARTESIAN_POINT('',(9.60905847095964,1.04476506794948,39.7723748515788));
#12389=CARTESIAN_POINT('',(9.54213567673,1.02084611346992,39.7665812845787));
#12390=CARTESIAN_POINT('',(9.471215439768,1.00620111241393,39.7604414644467));
#12391=CARTESIAN_POINT('',(9.40032410699451,1.00160852872156,39.7543039321976));
#12392=CARTESIAN_POINT('',(9.38377925161862,1.00053669624192,39.7528715344777));
#12393=CARTESIAN_POINT('',(9.36719137166659,1.00000000000005,39.7514354005391));
#12394=CARTESIAN_POINT('',(9.35061209385379,1.00000000000006,39.7500000000001));
#12395=CARTESIAN_POINT('',(9.33791729442689,1.00000000000006,39.7965680099329));
#12396=CARTESIAN_POINT('',(10.2040764355613,1.00000000000006,40.0326951249733));
#12397=CARTESIAN_POINT('',(10.049965384849,1.88344347769958,39.9906822937598));
#12398=CARTESIAN_POINT('',(10.051662351125,1.00000000000006,37.178415472806));
#12399=CARTESIAN_POINT('',(10.9006675900363,1.00000000000006,37.4315211701333));
#12400=CARTESIAN_POINT('',(10.7655565960389,1.87358979205419,37.372531607728));
#12401=CARTESIAN_POINT('',(10.7629130632728,1.00000000000007,34.5595815523262));
#12402=CARTESIAN_POINT('',(11.6049813316602,1.00000000001073,34.8027478050858));
#12403=CARTESIAN_POINT('',(11.4780660119736,1.86584490330608,34.7536971680778));
#12404=CARTESIAN_POINT('',(11.472840280328,1.00000000000008,31.9403918172028));
#12405=CARTESIAN_POINT('',(12.3110946435715,1.00000000000008,32.1675993307754));
#12406=CARTESIAN_POINT('',(12.1890012154449,1.85923900323134,32.1345061010297));
#12407=CARTESIAN_POINT('',(-1.85936724964246,-12.1752151386254,32.1852952387244));
#12408=CARTESIAN_POINT('',(-1.85882704116358,-12.1752995197738,32.1852882958302));
#12409=CARTESIAN_POINT('',(-1.85828673427838,-12.1753832775214,32.1852814042292));
#12410=CARTESIAN_POINT('',(-1.8577463311487,-12.1754664114539,32.1852745639567));
#12411=CARTESIAN_POINT('',(-1.77649685855694,-12.1879655769964,32.1842461307299));
#12412=CARTESIAN_POINT('',(-1.69178360327681,-12.1860666832735,32.1844023701573));
#12413=CARTESIAN_POINT('',(-1.61117275926686,-12.169976230957,32.1857262972145));
#12414=CARTESIAN_POINT('',(-1.5276915712516,-12.1533128391816,32.1870973658957));
#12415=CARTESIAN_POINT('',(-1.4461023398522,-12.120944374337,32.1897606577206));
#12416=CARTESIAN_POINT('',(-1.3736410401375,-12.0763957404516,32.1934262367779));
#12417=CARTESIAN_POINT('',(-1.29800793004178,-12.0298971026333,32.1972522673003));
#12418=CARTESIAN_POINT('',(-1.22997190877222,-11.9687771322719,32.2022814641809));
#12419=CARTESIAN_POINT('',(-1.17498930550053,-11.8991979578348,32.2080069330152));
#12420=CARTESIAN_POINT('',(-1.11854588860691,-11.8277701585641,32.2138845198353));
#12421=CARTESIAN_POINT('',(-1.07412210088067,-11.7453848385339,32.220663974692));
#12422=CARTESIAN_POINT('',(-1.04473698449654,-11.6593111610877,32.2277472530348));
#12423=CARTESIAN_POINT('',(-1.01521293411493,-11.5728305238755,32.234864021399));
#12424=CARTESIAN_POINT('',(-0.999999999999975,-11.4802637590763,32.2424819391851));
#12425=CARTESIAN_POINT('',(-0.999999999999975,-11.3889144442617,32.2499999999998));
#12426=CARTESIAN_POINT('',(-0.999999999999955,-9.35061209385347,39.7500000000014));
#12427=CARTESIAN_POINT('',(-0.999999999999954,-9.37700000030783,39.7522846118871));
#12428=CARTESIAN_POINT('',(-1.0013616819823,-9.40342256563151,39.7545721956072));
#12429=CARTESIAN_POINT('',(-1.00407502562196,-9.42967164952599,39.7568447315268));
#12430=CARTESIAN_POINT('',(-1.01283081298637,-9.51437577388819,39.7641780604127));
#12431=CARTESIAN_POINT('',(-1.03616356544798,-9.59875064322049,39.7714825734057));
#12432=CARTESIAN_POINT('',(-1.07229127950038,-9.67592180095058,39.7781632096652));
#12433=CARTESIAN_POINT('',(-1.10737793211561,-9.75086918342994,39.7846513357433));
#12434=CARTESIAN_POINT('',(-1.15545218760407,-9.82099152066044,39.7907215237519));
#12435=CARTESIAN_POINT('',(-1.21290459171604,-9.88068074438351,39.7958884324359));
#12436=CARTESIAN_POINT('',(-1.26914301657921,-9.93910872447201,39.8009461634445));
#12437=CARTESIAN_POINT('',(-1.33581860093709,-9.9890353993559,39.8052678513318));
#12438=CARTESIAN_POINT('',(-1.40787890000079,-10.0264386229337,39.8085054578713));
#12439=CARTESIAN_POINT('',(-1.47978039424249,-10.0637594181517,39.8117359294483));
#12440=CARTESIAN_POINT('',(-1.5589189701057,-10.0895654268079,39.8139696342835));
#12441=CARTESIAN_POINT('',(-1.63907303222991,-10.1017031824302,39.8150202483619));
#12442=CARTESIAN_POINT('',(-1.71939676086413,-10.1138666307071,39.8160730863328));
#12443=CARTESIAN_POINT('',(-1.8028629844063,-10.1126162646615,39.8159648589971));
#12444=CARTESIAN_POINT('',(-1.88278443869304,-10.09805835884,39.8147047612756));
#12445=CARTESIAN_POINT('',(-0.999999999999976,-11.4728385508546,31.9403981978838));
#12446=CARTESIAN_POINT('',(-0.999999999999985,-12.3110929322777,32.1676057171628));
#12447=CARTESIAN_POINT('',(-1.85923901932404,-12.1889994835167,32.1345124817107));
#12448=CARTESIAN_POINT('',(-0.999999999999969,-10.762911738327,34.5595864315739));
#12449=CARTESIAN_POINT('',(-0.999999999992888,-11.6049800265229,34.8027526764072));
#12450=CARTESIAN_POINT('',(-1.86584491755816,-11.4780646847159,34.7537020472746));
#12451=CARTESIAN_POINT('',(-0.999999999999962,-10.051660896515,37.1784208085001));
#12452=CARTESIAN_POINT('',(-0.999999999999963,-10.9006661815751,37.4315264297411));
#12453=CARTESIAN_POINT('',(-1.87358981217879,-10.7655551376373,37.3725369433292));
#12454=CARTESIAN_POINT('',(-0.999999999999955,-9.33791731968517,39.7965679172808));
#12455=CARTESIAN_POINT('',(-0.999999999999963,-10.2040764604092,40.0326950321877));
#12456=CARTESIAN_POINT('',(-1.88344347735076,-10.0499654101727,39.9906822011077));
#12457=CARTESIAN_POINT('',(1.00000000000009,-11.3889144442616,32.2500000000003));
#12458=CARTESIAN_POINT('',(1.00000000000008,-11.4802637590762,32.2424819391856));
#12459=CARTESIAN_POINT('',(1.01521293411502,-11.5728305238754,32.234864021399));
#12460=CARTESIAN_POINT('',(1.04473698449665,-11.6593111610877,32.2277472530348));
#12461=CARTESIAN_POINT('',(1.07412210088079,-11.7453848385339,32.220663974692));
#12462=CARTESIAN_POINT('',(1.11854588860704,-11.8277701585641,32.2138845198352));
#12463=CARTESIAN_POINT('',(1.17498930550068,-11.8991979578348,32.2080069330152));
#12464=CARTESIAN_POINT('',(1.22997190877238,-11.968777132272,32.2022814641809));
#12465=CARTESIAN_POINT('',(1.29800793004194,-12.0298971026334,32.1972522673003));
#12466=CARTESIAN_POINT('',(1.37364104013766,-12.0763957404516,32.1934262367779));
#12467=CARTESIAN_POINT('',(1.44610233985237,-12.120944374337,32.1897606577206));
#12468=CARTESIAN_POINT('',(1.52769157125177,-12.1533128391815,32.1870973658957));
#12469=CARTESIAN_POINT('',(1.61117275926703,-12.169976230957,32.1857262972145));
#12470=CARTESIAN_POINT('',(1.69231147039675,-12.1861720490072,32.1843937006343));
#12471=CARTESIAN_POINT('',(1.77761518531381,-12.1879848994532,32.1842445407963));
#12472=CARTESIAN_POINT('',(1.85936724964258,-12.1752151386254,32.1852952387244));
#12473=CARTESIAN_POINT('',(1.88278443869316,-10.0980583588399,39.814704761276));
#12474=CARTESIAN_POINT('',(1.79381636376698,-10.1142641307125,39.8161074943656));
#12475=CARTESIAN_POINT('',(1.70029433190207,-10.1138937776743,39.8160754379608));
#12476=CARTESIAN_POINT('',(1.61145795795876,-10.0969860894698,39.8146119481724));
#12477=CARTESIAN_POINT('',(1.52831629352664,-10.0811622407846,39.8132422729876));
#12478=CARTESIAN_POINT('',(1.44680980296504,-10.0504596065431,39.8105847206072));
#12479=CARTESIAN_POINT('',(1.37388025621239,-10.0076535490323,39.8068794253833));
#12480=CARTESIAN_POINT('',(1.29877408160392,-9.96356991800939,39.80306354331));
#12481=CARTESIAN_POINT('',(1.23055925754645,-9.90535651953317,39.7980245068555));
#12482=CARTESIAN_POINT('',(1.17511115777061,-9.83834366839967,39.7922235622182));
#12483=CARTESIAN_POINT('',(1.11903182476557,-9.77056792839189,39.7863565783653));
#12484=CARTESIAN_POINT('',(1.07433942702,-9.69180451022486,39.7795382512543));
#12485=CARTESIAN_POINT('',(1.04476506794949,-9.60905847095964,39.7723748515788));
#12486=CARTESIAN_POINT('',(1.02084611346993,-9.54213567673,39.7665812845787));
#12487=CARTESIAN_POINT('',(1.00620111241394,-9.471215439768,39.7604414644467));
#12488=CARTESIAN_POINT('',(1.00160852872157,-9.40032410699451,39.7543039321976));
#12489=CARTESIAN_POINT('',(1.00053669624193,-9.38377925161862,39.7528715344777));
#12490=CARTESIAN_POINT('',(1.00000000000006,-9.36719137166659,39.7514354005391));
#12491=CARTESIAN_POINT('',(1.00000000000007,-9.35061209385379,39.7500000000001));
#12492=CARTESIAN_POINT('',(1.00000000000007,-9.33791729442688,39.7965680099329));
#12493=CARTESIAN_POINT('',(1.00000000000008,-10.2040764355613,40.0326951249733));
#12494=CARTESIAN_POINT('',(1.88344347769959,-10.049965384849,39.9906822937598));
#12495=CARTESIAN_POINT('',(1.00000000000008,-10.051662351125,37.1784154728061));
#12496=CARTESIAN_POINT('',(1.00000000000124,-10.9006675900341,37.4315211701328));
#12497=CARTESIAN_POINT('',(1.8735897920542,-10.7655565960389,37.372531607728));
#12498=CARTESIAN_POINT('',(1.00000000000008,-10.7629130632794,34.5595815523279));
#12499=CARTESIAN_POINT('',(1.00000000000158,-11.6049813316645,34.8027478050868));
#12500=CARTESIAN_POINT('',(1.8658449033054,-11.4780660119737,34.7536971680779));
#12501=CARTESIAN_POINT('',(1.00000000000009,-11.472840280328,31.9403918172028));
#12502=CARTESIAN_POINT('',(1.0000000000001,-12.3110946435715,32.1675993307754));
#12503=CARTESIAN_POINT('',(1.85923900323135,-12.1890012154448,32.1345061010297));
#12504=CARTESIAN_POINT('',(-6.56048262591532,9.36308923025799,32.2500000000003));
#12505=CARTESIAN_POINT('',(-6.60615728332264,9.4422000575058,32.2424819391856));
#12506=CARTESIAN_POINT('',(-6.66561545313189,9.51475876031058,32.234864021399));
#12507=CARTESIAN_POINT('',(-6.73442434939112,9.57489116388103,32.2277472530348));
#12508=CARTESIAN_POINT('',(-6.80290944539607,9.63474059695457,32.220663974692));
#12509=CARTESIAN_POINT('',(-6.88257423411442,9.68387648313648,32.2138845198352));
#12510=CARTESIAN_POINT('',(-6.96716956665606,9.7175130633945,32.2080069330152));
#12511=CARTESIAN_POINT('',(-7.04957548507412,9.75027909439557,32.2022814641809));
#12512=CARTESIAN_POINT('',(-7.13905639304668,9.76919253077232,32.1972522673003));
#12513=CARTESIAN_POINT('',(-7.22780590666591,9.77164497731641,32.1934262367779));
#12514=CARTESIAN_POINT('',(-7.31283354995281,9.77399457610774,32.1897606577206));
#12515=CARTESIAN_POINT('',(-7.3996761294422,9.7612318732449,32.1870973658957));
#12516=CARTESIAN_POINT('',(-7.48030465488924,9.73392219982801,32.1857262972145));
#12517=CARTESIAN_POINT('',(-7.55867074898299,9.70737883412968,32.1843937006343));
#12518=CARTESIAN_POINT('',(-7.63345235836135,9.66629695121065,32.1842445407963));
#12519=CARTESIAN_POINT('',(-7.697866842468,9.61436198176916,32.1852952387244));
#12520=CARTESIAN_POINT('',(-6.67956833317826,7.80378284830653,39.814704761276));
#12521=CARTESIAN_POINT('',(-6.61062260610268,7.86230149589921,39.8161074943656));
#12522=CARTESIAN_POINT('',(-6.52944497417503,7.90874177669222,39.8160754379608));
#12523=CARTESIAN_POINT('',(-6.44405657345779,7.93851747615954,39.8146119481724));
#12524=CARTESIAN_POINT('',(-6.36414185560407,7.9663844534286,39.8132422729876));
#12525=CARTESIAN_POINT('',(-6.27820384708366,7.98054843749316,39.8105847206072));
#12526=CARTESIAN_POINT('',(-6.19364197815396,7.97994207762923,39.8068794253833));
#12527=CARTESIAN_POINT('',(-6.1065563074505,7.97931762057659,39.80306354331));
#12528=CARTESIAN_POINT('',(-6.01837383766394,7.96301075068429,39.7980245068555));
#12529=CARTESIAN_POINT('',(-5.93684794909974,7.93269996911057,39.7922235622182));
#12530=CARTESIAN_POINT('',(-5.85439395208619,7.90204412300607,39.7863565783653));
#12531=CARTESIAN_POINT('',(-5.77630749119898,7.85617920085731,39.7795382512543));
#12532=CARTESIAN_POINT('',(-5.70932232531067,7.79930620832634,39.7723748515788));
#12533=CARTESIAN_POINT('',(-5.65514650598459,7.75330884567101,39.7665812845787));
#12534=CARTESIAN_POINT('',(-5.60700344455065,7.69921261934751,39.7604414644467));
#12535=CARTESIAN_POINT('',(-5.56758048401731,7.64011521610371,39.7543039321976));
#12536=CARTESIAN_POINT('',(-5.5583798221734,7.62632286728608,39.7528715344777));
#12537=CARTESIAN_POINT('',(-5.5496210896178,7.61222568997362,39.7514354005391));
#12538=CARTESIAN_POINT('',(-5.54133145071141,7.59786761421134,39.7500000000001));
#12539=CARTESIAN_POINT('',(-5.53498405099796,7.58687359541169,39.7965680099329));
#12540=CARTESIAN_POINT('',(-5.96806362156518,8.3369894153542,40.0326951249733));
#12541=CARTESIAN_POINT('',(-6.65609259070449,7.7618035915837,39.9906822937598));
#12542=CARTESIAN_POINT('',(-5.89185657935569,8.20499494635283,37.1784154728107));
#12543=CARTESIAN_POINT('',(-6.31635919881973,8.94025505120997,37.4315211701424));
#12544=CARTESIAN_POINT('',(-7.00535465421178,8.38645060201987,37.3725316077279));
#12545=CARTESIAN_POINT('',(-6.2474819354183,8.82095613151302,34.5595815523247));
#12546=CARTESIAN_POINT('',(-6.66851606960485,9.55020864365167,34.802747805082));
#12547=CARTESIAN_POINT('',(-7.35490209176594,9.00737430103526,34.753697168078));
#12548=CARTESIAN_POINT('',(-6.60244554394855,9.43577113632539,31.9403918172028));
#12549=CARTESIAN_POINT('',(-7.02157272557029,10.1617207097274,32.1675993307754));
#12550=CARTESIAN_POINT('',(-7.70464881622766,9.62636519771894,32.1345061010297));
#12551=CARTESIAN_POINT('',(9.61436198176925,-7.69786684246789,32.1852952387244));
#12552=CARTESIAN_POINT('',(9.61470516222682,-7.69744119877604,32.1852882958302));
#12553=CARTESIAN_POINT('',(9.61504785200654,-7.69701515816138,32.1852814042292));
#12554=CARTESIAN_POINT('',(9.61539004966892,-7.69658872228909,32.1852745639567));
#12555=CARTESIAN_POINT('',(9.6668393808507,-7.63247419775178,32.1842461307299));
#12556=CARTESIAN_POINT('',(9.70755151828764,-7.55816091978045,32.1844023701573));
#12557=CARTESIAN_POINT('',(9.73392219982811,-7.48030465488907,32.1857262972145));
#12558=CARTESIAN_POINT('',(9.76123187324499,-7.39967612944203,32.1870973658957));
#12559=CARTESIAN_POINT('',(9.77399457610783,-7.31283354995264,32.1897606577206));
#12560=CARTESIAN_POINT('',(9.77164497731649,-7.22780590666574,32.1934262367779));
#12561=CARTESIAN_POINT('',(9.76919253077239,-7.1390563930465,32.1972522673003));
#12562=CARTESIAN_POINT('',(9.75027909439563,-7.04957548507395,32.2022814641809));
#12563=CARTESIAN_POINT('',(9.71751306339456,-6.96716956665588,32.2080069330152));
#12564=CARTESIAN_POINT('',(9.68387648313654,-6.88257423411427,32.2138845198353));
#12565=CARTESIAN_POINT('',(9.63474059695464,-6.80290944539594,32.220663974692));
#12566=CARTESIAN_POINT('',(9.57489116388112,-6.73442434939101,32.2277472530348));
#12567=CARTESIAN_POINT('',(9.51475876031071,-6.66561545313183,32.234864021399));
#12568=CARTESIAN_POINT('',(9.44220005750596,-6.6061572833226,32.2424819391851));
#12569=CARTESIAN_POINT('',(9.36308923025821,-6.5604826259153,32.2499999999998));
#12570=CARTESIAN_POINT('',(7.59786761421112,-5.54133145071114,39.7500000000014));
#12571=CARTESIAN_POINT('',(7.62072021155329,-5.55452540393832,39.7522846118871));
#12572=CARTESIAN_POINT('',(7.64292198336557,-5.56891593778875,39.7545721956072));
#12573=CARTESIAN_POINT('',(7.66429768502444,-5.58439030425713,39.7568447315268));
#12574=CARTESIAN_POINT('',(7.73327571484521,-5.63432510072595,39.7641780604127));
#12575=CARTESIAN_POINT('',(7.79468011889717,-5.69671929176406,39.7714825734057));
#12576=CARTESIAN_POINT('',(7.84344844490468,-5.76659238877915,39.7781632096652));
#12577=CARTESIAN_POINT('',(7.89081145577135,-5.83445201251738,39.7846513357433));
#12578=CARTESIAN_POINT('',(7.92750205344147,-5.91114670765366,39.7907215237519));
#12579=CARTESIAN_POINT('',(7.95046823546183,-5.99074656098464,39.7958884324359));
#12580=CARTESIAN_POINT('',(7.97294913807869,-6.06866445562922,39.8009461634445));
#12581=CARTESIAN_POINT('',(7.9828491146757,-6.15137054293726,39.8052678513318));
#12582=CARTESIAN_POINT('',(7.97921110694568,-6.23247820431965,39.8085054578713));
#12583=CARTESIAN_POINT('',(7.97558111657303,-6.31340712251201,39.8117359294483));
#12584=CARTESIAN_POINT('',(7.95836048770793,-6.39484614395695,39.8139696342835));
#12585=CARTESIAN_POINT('',(7.92879506135969,-6.47033047578419,39.8150202483619));
#12586=CARTESIAN_POINT('',(7.89916705224805,-6.54597458944659,39.8160730863328));
#12587=CARTESIAN_POINT('',(7.8563510917174,-6.61763327636924,39.8159648589971));
#12588=CARTESIAN_POINT('',(7.8037828483067,-6.67956833317819,39.8147047612756));
#12589=CARTESIAN_POINT('',(9.43576963855751,-6.60244467921171,31.9403981978838));
#12590=CARTESIAN_POINT('',(10.1617192277036,-7.02157186992329,32.1676057171628));
#12591=CARTESIAN_POINT('',(9.62636368977883,-7.70464796420024,32.1345124817107));
#12592=CARTESIAN_POINT('',(8.82095498408036,-6.24748127294759,34.5595864315738));
#12593=CARTESIAN_POINT('',(9.55020751338133,-6.66851541705041,34.8027526764081));
#12594=CARTESIAN_POINT('',(9.0073731444647,-7.35490144048694,34.7537020472745));
#12595=CARTESIAN_POINT('',(8.20499368660601,-5.89185585204038,37.1784208084991));
#12596=CARTESIAN_POINT('',(8.94025383142521,-6.31635849455881,37.431526429741));
#12597=CARTESIAN_POINT('',(8.38644932894738,-7.00535394243619,37.3725369433293));
#12598=CARTESIAN_POINT('',(7.58687361728607,-5.53498406362699,39.7965679172808));
#12599=CARTESIAN_POINT('',(8.33698943687317,-5.96806363398901,40.0326950321877));
#12600=CARTESIAN_POINT('',(7.76180361368904,-6.6560926030642,39.9906822011077));
#12601=CARTESIAN_POINT('',(-4.47734829615757,11.4737292314117,32.1852952387244));
#12602=CARTESIAN_POINT('',(-4.47785832099782,11.4735322033904,32.1852882958302));
#12603=CARTESIAN_POINT('',(-4.47836811936001,11.4733345862849,32.1852814042292));
#12604=CARTESIAN_POINT('',(-4.4788776891649,11.4731363808176,32.1852745639567));
#12605=CARTESIAN_POINT('',(-4.55549137924469,11.4433362394076,32.1842461307299));
#12606=CARTESIAN_POINT('',(-4.6279057634931,11.3993351215644,32.1844023701573));
#12607=CARTESIAN_POINT('',(-4.68967157606795,11.345094959095,32.1857262972145));
#12608=CARTESIAN_POINT('',(-4.75363670973956,11.2889234444966,32.1870973658957));
#12609=CARTESIAN_POINT('',(-4.80811082438442,11.22009691596,32.1897606577206));
#12610=CARTESIAN_POINT('',(-4.84858983378586,11.145286017454,32.1934262367779));
#12611=CARTESIAN_POINT('',(-4.89084070958687,11.0672004608142,32.1972522673003));
#12612=CARTESIAN_POINT('',(-4.91920164719801,10.9802510031678,32.2022814641809));
#12613=CARTESIAN_POINT('',(-4.93202839117892,10.8925023688951,32.2080069330152));
#12614=CARTESIAN_POINT('',(-4.94519592444985,10.8024223717434,32.2138845198353));
#12615=CARTESIAN_POINT('',(-4.94247539313803,10.7088626978353,32.220663974692));
#12616=CARTESIAN_POINT('',(-4.92488681169673,10.6196281483777,32.2277472530348));
#12617=CARTESIAN_POINT('',(-4.90721507074373,10.5299716944256,32.234864021399));
#12618=CARTESIAN_POINT('',(-4.87410647575378,10.4422000575059,32.2424819391851));
#12619=CARTESIAN_POINT('',(-4.82843181834649,10.3630892302582,32.2499999999998));
#12620=CARTESIAN_POINT('',(-3.80928064314236,8.59786761421107,39.7500000000014));
#12621=CARTESIAN_POINT('',(-3.82247459636954,8.62072021155324,39.7522846118871));
#12622=CARTESIAN_POINT('',(-3.83450662784279,8.64428366534787,39.7545721956072));
#12623=CARTESIAN_POINT('',(-3.8452813452689,8.66837271064639,39.7568447315268));
#12624=CARTESIAN_POINT('',(-3.88005067316227,8.74610652783158,39.7641780604127));
#12625=CARTESIAN_POINT('',(-3.90203135145646,8.83084368434515,39.7714825734057));
#12626=CARTESIAN_POINT('',(-3.90932941217146,8.91573972440506,39.7781632096652));
#12627=CARTESIAN_POINT('',(-3.9164171709126,8.99818938788695,39.7846513357433));
#12628=CARTESIAN_POINT('',(-3.90984481300682,9.08295424104553,39.7907215237519));
#12629=CARTESIAN_POINT('',(-3.88993418339889,9.16337282717786,39.7958884324359));
#12630=CARTESIAN_POINT('',(-3.87044426884281,9.2420921546579,39.8009461634445));
#12631=CARTESIAN_POINT('',(-3.83766485641867,9.31866771561278,39.8052678513318));
#12632=CARTESIAN_POINT('',(-3.79396041861411,9.38709000694647,39.8085054578713));
#12633=CARTESIAN_POINT('',(-3.75035229563973,9.45536151081552,39.8117359294483));
#12634=CARTESIAN_POINT('',(-3.69471928285094,9.51727945781363,39.8139696342835));
#12635=CARTESIAN_POINT('',(-3.63137270664602,9.5678680935896,39.8150202483619));
#12636=CARTESIAN_POINT('',(-3.56789204126059,9.61856381311217,39.8160730863328));
#12637=CARTESIAN_POINT('',(-3.49498298829229,9.6592140761237,39.8159648589971));
#12638=CARTESIAN_POINT('',(-3.41849002566183,9.68656728699973,39.8147047612756));
#12639=CARTESIAN_POINT('',(-4.8703938716429,10.4357696385575,31.9403981978838));
#12640=CARTESIAN_POINT('',(-5.28952106235446,11.1617192277035,32.1676057171628));
#12641=CARTESIAN_POINT('',(-4.48435151931649,11.4856027091029,32.1345124817107));
#12642=CARTESIAN_POINT('',(-4.51543046537961,9.82095498408174,34.5595864315743));
#12643=CARTESIAN_POINT('',(-4.93646460946784,10.550207513375,34.8027526764047));
#12644=CARTESIAN_POINT('',(-4.1231632442326,10.8732180620232,34.7537020472746));
#12645=CARTESIAN_POINT('',(-4.1598050444671,9.2049936865982,37.1784208084967));
#12646=CARTESIAN_POINT('',(-4.58430768699694,9.94025383139343,37.4315264297347));
#12647=CARTESIAN_POINT('',(-3.76020119520195,10.2600391411246,37.3725369433294));
#12648=CARTESIAN_POINT('',(-3.80293325605821,8.58687361728602,39.7965679172808));
#12649=CARTESIAN_POINT('',(-4.23601282642022,9.33698943687313,40.0326950321877));
#12650=CARTESIAN_POINT('',(-3.3938728071085,9.64524709103979,39.9906822011077));
#12651=CARTESIAN_POINT('',(9.86066793086344,-1.83852295912873,39.7499999999999));
#12652=CARTESIAN_POINT('',(9.35061209385457,-1.24999999999997,39.75));
#12653=CARTESIAN_POINT('',(10.0980583588403,-1.88278443869307,39.8147047612756));
#12654=CARTESIAN_POINT('',(10.049249783752,-1.87368407282219,40.));
#12655=CARTESIAN_POINT('',(9.86066793086341,-1.83852295912872,40.));
#12656=CARTESIAN_POINT('',(10.1829586979136,-1.41668994667711,39.8220535868651));
#12657=CARTESIAN_POINT('',(10.1215279639949,-1.45423128841968,40.));
#12658=CARTESIAN_POINT('',(9.91860744503757,-1.5277710994444,40.));
#12659=CARTESIAN_POINT('',(9.80299373986677,-1.00000000000061,39.7891662933385));
#12660=CARTESIAN_POINT('',(9.76739971140724,-1.03608482193158,40.));
#12661=CARTESIAN_POINT('',(9.65931474141684,-1.2500000486961,40.));
#12662=CARTESIAN_POINT('',(9.35061209385492,-0.999999999999966,39.7500000000001));
#12663=CARTESIAN_POINT('',(9.35061209385492,-1.00000000000006,40.));
#12664=CARTESIAN_POINT('',(9.35061209385457,-1.24999999999997,40.));
#12665=CARTESIAN_POINT('',(8.74999999999999,-1.24999999999996,39.75));
#12666=CARTESIAN_POINT('',(8.,-1.24999999999995,39.75));
#12667=CARTESIAN_POINT('',(9.45885040597438,-3.33812637738508,39.75));
#12668=CARTESIAN_POINT('',(0.,0.,39.75));
#12669=CARTESIAN_POINT('',(7.75,-0.24999999999996,39.75));
#12670=CARTESIAN_POINT('',(8.75,-0.249999999999959,39.75));
#12671=CARTESIAN_POINT('',(8.72286761421163,-3.59277429219642,39.7499999999997));
#12672=CARTESIAN_POINT('',(8.59786761421179,-3.80928064314262,39.75));
#12673=CARTESIAN_POINT('',(8.59786761421181,-3.80928064314259,40.));
#12674=CARTESIAN_POINT('',(8.72286761421168,-3.59277429219645,40.));
#12675=CARTESIAN_POINT('',(8.98921458780795,-4.03522492369463,39.7891236030535));
#12676=CARTESIAN_POINT('',(8.97650560258295,-3.98625885338929,40.));
#12677=CARTESIAN_POINT('',(8.98992051414343,-3.74695714914346,40.));
#12678=CARTESIAN_POINT('',(9.52703125247031,-3.8646307981841,39.8220542678655));
#12679=CARTESIAN_POINT('',(9.49261951208096,-3.80135307530511,40.));
#12680=CARTESIAN_POINT('',(9.35364150304864,-3.63624357662732,40.));
#12681=CARTESIAN_POINT('',(9.68656728699982,-3.41849002566158,39.8147047612756));
#12682=CARTESIAN_POINT('',(9.63974763811541,-3.40196688614537,40.));
#12683=CARTESIAN_POINT('',(9.45885040597441,-3.33812637738501,40.));
#12684=CARTESIAN_POINT('',(7.75,0.25000000000005,39.75));
#12685=CARTESIAN_POINT('',(7.75,1.00000000000006,39.75));
#12686=CARTESIAN_POINT('',(8.20272228311386,-3.2924682452694,39.75));
#12687=CARTESIAN_POINT('',(20.5435842870422,-10.4174682452693,39.75));
#12688=CARTESIAN_POINT('',(8.74999999999999,1.25000000000005,39.75));
#12689=CARTESIAN_POINT('',(8.75,0.250000000000051,39.75));
#12690=CARTESIAN_POINT('',(6.83669687932943,-3.65849364905384,39.75));
#12691=CARTESIAN_POINT('',(7.70272228311387,-4.15849364905384,39.75));
#12692=CARTESIAN_POINT('',(9.35061209385336,1.25000000000006,39.75));
#12693=CARTESIAN_POINT('',(23.,1.25000000000018,39.75));
#12694=CARTESIAN_POINT('',(6.58669687932942,-4.09150635094607,39.75));
#12695=CARTESIAN_POINT('',(7.21169687932943,-3.00897459621551,39.75));
#12696=CARTESIAN_POINT('',(9.86066793086311,1.83852295912875,39.75));
#12697=CARTESIAN_POINT('',(9.35061209385422,1.00000000000006,39.75));
#12698=CARTESIAN_POINT('',(9.35061209385422,1.00000000000009,40.));
#12699=CARTESIAN_POINT('',(9.35061209385409,1.25000000000006,40.));
#12700=CARTESIAN_POINT('',(9.80250065495734,1.00000000000029,39.7891236030518));
#12701=CARTESIAN_POINT('',(9.76701131574438,1.0360513681933,40.));
#12702=CARTESIAN_POINT('',(9.65897811782285,1.25000017902111,40.));
#12703=CARTESIAN_POINT('',(10.1829664863797,1.41664717875909,39.8220542678657));
#12704=CARTESIAN_POINT('',(10.1215261835738,1.45424142407321,40.));
#12705=CARTESIAN_POINT('',(9.91861294784496,1.52774143981686,40.));
#12706=CARTESIAN_POINT('',(10.0980583588399,1.88278443869326,39.8147047612756));
#12707=CARTESIAN_POINT('',(10.0492497837517,1.87368407282236,40.));
#12708=CARTESIAN_POINT('',(9.86066793086309,1.83852295912886,40.));
#12709=CARTESIAN_POINT('',(6.95272228311385,-5.4575317547305,39.75));
#12710=CARTESIAN_POINT('',(7.45272228311386,-4.59150635094607,39.75));
#12711=CARTESIAN_POINT('',(9.45885040597435,3.33812637738516,39.75));
#12712=CARTESIAN_POINT('',(0.,0.,39.75));
#12713=CARTESIAN_POINT('',(7.47286761421134,-5.75783780165737,39.75));
#12714=CARTESIAN_POINT('',(6.30320323027553,-5.0825317547305,39.75));
#12715=CARTESIAN_POINT('',(8.72286761421205,3.59277429219676,39.75));
#12716=CARTESIAN_POINT('',(9.68656728700001,3.41849002566191,39.8147047612756));
#12717=CARTESIAN_POINT('',(9.63974763811559,3.40196688614569,40.));
#12718=CARTESIAN_POINT('',(9.45885040597461,3.33812637738529,40.));
#12719=CARTESIAN_POINT('',(9.52704589142039,3.86458986584867,39.8220535868615));
#12720=CARTESIAN_POINT('',(9.49261598614717,3.80136274324909,40.));
#12721=CARTESIAN_POINT('',(9.35365156729155,3.63621513923296,40.));
#12722=CARTESIAN_POINT('',(8.98964161186443,4.03547146614823,39.7891662933385));
#12723=CARTESIAN_POINT('',(8.9768586899592,3.98642407943433,40.));
#12724=CARTESIAN_POINT('',(8.99021197356374,3.74712557380506,40.));
#12725=CARTESIAN_POINT('',(8.59786761421234,3.80928064314305,39.7500000000001));
#12726=CARTESIAN_POINT('',(8.59786761421239,3.80928064314297,40.));
#12727=CARTESIAN_POINT('',(8.72286761421205,3.59277429219676,40.));
#12728=CARTESIAN_POINT('',(7.62032744684591,-6.52254155347813,39.7499999999999));
#12729=CARTESIAN_POINT('',(7.80378284830694,-6.67956833317836,39.8147047612756));
#12730=CARTESIAN_POINT('',(7.76606356529341,-6.6472828976063,40.));
#12731=CARTESIAN_POINT('',(7.6203274468459,-6.52254155347811,40.));
#12732=CARTESIAN_POINT('',(8.11035594474332,-6.31836883206449,39.822053586864));
#12733=CARTESIAN_POINT('',(8.03838469772232,-6.32016522074988,40.));
#12734=CARTESIAN_POINT('',(7.82588046784628,-6.28239230580561,40.));
#12735=CARTESIAN_POINT('',(7.98964161186278,-5.76752227371755,39.7891662933334));
#12736=CARTESIAN_POINT('',(7.94077386803172,-5.78097563196656,40.));
#12737=CARTESIAN_POINT('',(7.74021192486757,-5.9121891676094,40.));
#12738=CARTESIAN_POINT('',(7.59786761421238,-5.54133145071187,39.7500000000001));
#12739=CARTESIAN_POINT('',(7.59786761421233,-5.54133145071195,40.));
#12740=CARTESIAN_POINT('',(7.47286761421208,-5.7578378016578,40.));
#12741=CARTESIAN_POINT('',(8.20272228311381,3.29246824526948,39.75));
#12742=CARTESIAN_POINT('',(7.55320323027548,2.91746824526949,39.75));
#12743=CARTESIAN_POINT('',(6.52254155347803,-7.62032744684558,39.75));
#12744=CARTESIAN_POINT('',(0.,0.,39.75));
#12745=CARTESIAN_POINT('',(6.83669687932938,3.65849364905392,39.75));
#12746=CARTESIAN_POINT('',(7.70272228311382,4.15849364905392,39.75));
#12747=CARTESIAN_POINT('',(5.75783780165763,-7.47286761421157,39.7499999999997));
#12748=CARTESIAN_POINT('',(5.54133145071161,-7.59786761421172,39.75));
#12749=CARTESIAN_POINT('',(5.54133145071164,-7.59786761421171,40.));
#12750=CARTESIAN_POINT('',(5.75783780165765,-7.47286761421161,40.));
#12751=CARTESIAN_POINT('',(5.767275731264,-7.98921458780759,39.7891236030545));
#12752=CARTESIAN_POINT('',(5.78075246235611,-7.940454234387,40.));
#12753=CARTESIAN_POINT('',(5.91202096867963,-7.73992033512281,40.));
#12754=CARTESIAN_POINT('',(6.31833568819548,-8.11038407371025,39.8220542678657));
#12755=CARTESIAN_POINT('',(6.32017310826888,-8.03837808800891,40.));
#12756=CARTESIAN_POINT('',(6.28236937121831,-7.8259000632302,40.));
#12757=CARTESIAN_POINT('',(6.67956833317837,-7.80378284830655,39.8147047612756));
#12758=CARTESIAN_POINT('',(6.6472828976063,-7.76606356529303,40.));
#12759=CARTESIAN_POINT('',(6.52254155347809,-7.62032744684554,40.));
#12760=CARTESIAN_POINT('',(6.58669687932938,4.09150635094615,39.75));
#12761=CARTESIAN_POINT('',(6.21169687932937,4.74102540378449,39.75));
#12762=CARTESIAN_POINT('',(5.4575317547306,-6.9527222831138,39.75));
#12763=CARTESIAN_POINT('',(12.5825317547307,-19.293584287042,39.75));
#12764=CARTESIAN_POINT('',(6.95272228311381,5.45753175473059,39.75));
#12765=CARTESIAN_POINT('',(7.45272228311381,4.59150635094615,39.75));
#12766=CARTESIAN_POINT('',(4.09150635094616,-6.58669687932937,39.75));
#12767=CARTESIAN_POINT('',(4.59150635094616,-7.45272228311381,39.75));
#12768=CARTESIAN_POINT('',(7.47286761421098,5.75783780165728,39.75));
#12769=CARTESIAN_POINT('',(19.293584287042,12.5825317547307,39.75));
#12770=CARTESIAN_POINT('',(3.65849364905393,-6.83669687932938,39.75));
#12771=CARTESIAN_POINT('',(4.7410254037845,-6.21169687932937,39.75));
#12772=CARTESIAN_POINT('',(7.62032744684562,6.52254155347799,39.75));
#12773=CARTESIAN_POINT('',(7.59786761421173,5.5413314507116,39.75));
#12774=CARTESIAN_POINT('',(7.59786761421171,5.54133145071163,40.));
#12775=CARTESIAN_POINT('',(7.47286761421162,5.75783780165764,40.));
#12776=CARTESIAN_POINT('',(7.98921458780617,5.76727573126316,39.7891236030561));
#12777=CARTESIAN_POINT('',(7.94045423438476,5.78075246235649,39.999999999999));
#12778=CARTESIAN_POINT('',(7.73992033512108,5.91202096867905,40.));
#12779=CARTESIAN_POINT('',(8.1103840737109,6.31833568819481,39.8220542678655));
#12780=CARTESIAN_POINT('',(8.03837808801061,6.32017310826761,39.9999999999958));
#12781=CARTESIAN_POINT('',(7.8259000632316,6.28236937121816,40.));
#12782=CARTESIAN_POINT('',(7.80378284830657,6.67956833317836,39.8147047612756));
#12783=CARTESIAN_POINT('',(7.76606356529304,6.64728289760629,40.));
#12784=CARTESIAN_POINT('',(7.62032744684555,6.52254155347808,40.));
#12785=CARTESIAN_POINT('',(3.29246824526949,-8.20272228311381,39.75));
#12786=CARTESIAN_POINT('',(4.15849364905393,-7.70272228311381,39.75));
#12787=CARTESIAN_POINT('',(6.52254155347796,7.62032744684564,39.75));
#12788=CARTESIAN_POINT('',(0.,0.,39.75));
#12789=CARTESIAN_POINT('',(3.59277429219635,-8.7228676142113,39.75));
#12790=CARTESIAN_POINT('',(2.9174682452695,-7.55320323027548,39.75));
#12791=CARTESIAN_POINT('',(5.75783780165781,7.47286761421207,39.75));
#12792=CARTESIAN_POINT('',(6.67956833317837,7.80378284830694,39.8147047612756));
#12793=CARTESIAN_POINT('',(6.64728289760631,7.7660635652934,40.));
#12794=CARTESIAN_POINT('',(6.52254155347812,7.62032744684589,40.));
#12795=CARTESIAN_POINT('',(6.31836883206586,8.11035594474298,39.8220535868617));
#12796=CARTESIAN_POINT('',(6.32016522074877,8.03838469772544,40.));
#12797=CARTESIAN_POINT('',(6.2823923058059,7.8258804678461,40.));
#12798=CARTESIAN_POINT('',(5.76752227371818,7.98964161186384,39.7891662933386));
#12799=CARTESIAN_POINT('',(5.7809756319706,7.94077386802903,40.));
#12800=CARTESIAN_POINT('',(5.91218916761066,7.74021192486827,40.));
#12801=CARTESIAN_POINT('',(5.54133145071187,7.59786761421237,39.7500000000001));
#12802=CARTESIAN_POINT('',(5.54133145071195,7.59786761421233,40.));
#12803=CARTESIAN_POINT('',(5.75783780165781,7.47286761421207,40.));
#12804=CARTESIAN_POINT('',(3.33812637738531,-9.45885040597463,39.7499999999999));
#12805=CARTESIAN_POINT('',(3.41849002566192,-9.68656728700001,39.8147047612756));
#12806=CARTESIAN_POINT('',(3.4019668861457,-9.63974763811559,40.));
#12807=CARTESIAN_POINT('',(3.3381263773853,-9.45885040597461,40.));
#12808=CARTESIAN_POINT('',(3.8645898658496,-9.52704589141931,39.8220535868641));
#12809=CARTESIAN_POINT('',(3.80136274324686,-9.49261598614391,40.));
#12810=CARTESIAN_POINT('',(3.63621513923294,-9.35365156729008,40.));
#12811=CARTESIAN_POINT('',(4.03547146614751,-8.98964161186315,39.7891662933365));
#12812=CARTESIAN_POINT('',(3.98642407943699,-8.97685868995934,40.));
#12813=CARTESIAN_POINT('',(3.74712557380525,-8.99021197356332,40.));
#12814=CARTESIAN_POINT('',(3.80928064314306,-8.59786761421234,39.7500000000001));
#12815=CARTESIAN_POINT('',(3.80928064314298,-8.59786761421239,40.));
#12816=CARTESIAN_POINT('',(3.59277429219678,-8.72286761421204,40.));
#12817=CARTESIAN_POINT('',(5.45753175473051,6.95272228311384,39.75));
#12818=CARTESIAN_POINT('',(5.08253175473051,6.30320323027553,39.75));
#12819=CARTESIAN_POINT('',(1.8385229591288,-9.8606679308631,39.75));
#12820=CARTESIAN_POINT('',(0.,0.,39.75));
#12821=CARTESIAN_POINT('',(4.09150635094608,6.58669687932942,39.75));
#12822=CARTESIAN_POINT('',(4.59150635094608,7.45272228311386,39.75));
#12823=CARTESIAN_POINT('',(1.25000000000007,-9.35061209385404,39.7499999999997));
#12824=CARTESIAN_POINT('',(1.00000000000007,-9.35061209385422,39.75));
#12825=CARTESIAN_POINT('',(1.0000000000001,-9.35061209385422,40.));
#12826=CARTESIAN_POINT('',(1.25000000000007,-9.35061209385409,40.));
#12827=CARTESIAN_POINT('',(1.00000000000031,-9.80250065495859,39.7891236030546));
#12828=CARTESIAN_POINT('',(1.03605136819632,-9.76701131574493,40.));
#12829=CARTESIAN_POINT('',(1.25000017902156,-9.6589781178236,40.));
#12830=CARTESIAN_POINT('',(1.41664717875999,-10.1829664863796,39.8220542678656));
#12831=CARTESIAN_POINT('',(1.45424142407167,-10.1215261835743,40.));
#12832=CARTESIAN_POINT('',(1.52774143981716,-9.91861294784518,40.));
#12833=CARTESIAN_POINT('',(1.88278443869327,-10.0980583588399,39.8147047612756));
#12834=CARTESIAN_POINT('',(1.87368407282238,-10.0492497837517,40.));
#12835=CARTESIAN_POINT('',(1.83852295912887,-9.86066793086309,40.));
#12836=CARTESIAN_POINT('',(3.65849364905385,6.83669687932942,39.75));
#12837=CARTESIAN_POINT('',(3.00897459621552,7.21169687932943,39.75));
#12838=CARTESIAN_POINT('',(1.25000000000006,-8.74999999999999,39.75));
#12839=CARTESIAN_POINT('',(1.25000000000021,-23.,39.75));
#12840=CARTESIAN_POINT('',(3.29246824526941,8.20272228311385,39.75));
#12841=CARTESIAN_POINT('',(4.15849364905385,7.70272228311386,39.75));
#12842=CARTESIAN_POINT('',(0.250000000000059,-7.75,39.75));
#12843=CARTESIAN_POINT('',(0.250000000000062,-8.75,39.75));
#12844=CARTESIAN_POINT('',(3.59277429219609,8.72286761421103,39.75));
#12845=CARTESIAN_POINT('',(10.4174682452693,20.5435842870422,39.75));
#12846=CARTESIAN_POINT('',(-0.249999999999951,-7.75,39.75));
#12847=CARTESIAN_POINT('',(1.00000000000007,-7.75,39.75));
#12848=CARTESIAN_POINT('',(3.33812637738513,9.45885040597437,39.75));
#12849=CARTESIAN_POINT('',(3.80928064314263,8.59786761421178,39.75));
#12850=CARTESIAN_POINT('',(3.8092806431426,8.5978676142118,40.));
#12851=CARTESIAN_POINT('',(3.59277429219646,8.72286761421167,40.));
#12852=CARTESIAN_POINT('',(4.0352249236938,8.98921458780648,39.7891236030561));
#12853=CARTESIAN_POINT('',(3.98625885338711,8.97650560258328,39.999999999999));
#12854=CARTESIAN_POINT('',(3.74695714914352,8.98992051414298,40.));
#12855=CARTESIAN_POINT('',(3.86463079818493,9.52703125246994,39.8220542678657));
#12856=CARTESIAN_POINT('',(3.80135307530705,9.49261951207923,40.));
#12857=CARTESIAN_POINT('',(3.63624357662736,9.35364150304777,40.));
#12858=CARTESIAN_POINT('',(3.4184900256616,9.68656728699982,39.8147047612756));
#12859=CARTESIAN_POINT('',(3.40196688614538,9.6397476381154,40.));
#12860=CARTESIAN_POINT('',(3.33812637738503,9.4588504059744,40.));
#12861=CARTESIAN_POINT('',(-1.24999999999995,-8.74999999999999,39.75));
#12862=CARTESIAN_POINT('',(-0.249999999999949,-8.75,39.75));
#12863=CARTESIAN_POINT('',(1.83852295912872,9.86066793086312,39.75));
#12864=CARTESIAN_POINT('',(0.,0.,39.75));
#12865=CARTESIAN_POINT('',(-1.24999999999995,-9.35061209385372,39.75));
#12866=CARTESIAN_POINT('',(-1.24999999999994,-8.,39.75));
#12867=CARTESIAN_POINT('',(1.24999999999998,9.35061209385457,39.75));
#12868=CARTESIAN_POINT('',(1.88278443869308,10.0980583588403,39.8147047612756));
#12869=CARTESIAN_POINT('',(1.8736840728222,10.049249783752,40.));
#12870=CARTESIAN_POINT('',(1.83852295912873,9.86066793086341,40.));
#12871=CARTESIAN_POINT('',(1.41668994667736,10.1829586979145,39.8220535868618));
#12872=CARTESIAN_POINT('',(1.45423128842012,10.1215279639971,40.));
#12873=CARTESIAN_POINT('',(1.52777109944456,9.91860744503786,40.));
#12874=CARTESIAN_POINT('',(1.00000000000062,9.80299373986644,39.7891662933385));
#12875=CARTESIAN_POINT('',(1.03608482193146,9.76739971140575,40.));
#12876=CARTESIAN_POINT('',(1.25000004869611,9.65931474141669,40.));
#12877=CARTESIAN_POINT('',(0.999999999999977,9.35061209385492,39.7500000000001));
#12878=CARTESIAN_POINT('',(1.00000000000007,9.35061209385492,40.));
#12879=CARTESIAN_POINT('',(1.24999999999998,9.35061209385457,40.));
#12880=CARTESIAN_POINT('',(-1.83852295912872,-9.86066793086344,39.7499999999999));
#12881=CARTESIAN_POINT('',(-1.88278443869306,-10.0980583588403,39.8147047612756));
#12882=CARTESIAN_POINT('',(-1.87368407282218,-10.049249783752,40.));
#12883=CARTESIAN_POINT('',(-1.83852295912871,-9.86066793086342,40.));
#12884=CARTESIAN_POINT('',(-1.416689946676,-10.1829586979141,39.8220535868641));
#12885=CARTESIAN_POINT('',(-1.4542312884207,-10.1215279639952,40.));
#12886=CARTESIAN_POINT('',(-1.52777109944399,-9.91860744503765,40.));
#12887=CARTESIAN_POINT('',(-1.00000000000059,-9.80299373986492,39.7891662933366));
#12888=CARTESIAN_POINT('',(-1.03608482192902,-9.76739971140573,40.));
#12889=CARTESIAN_POINT('',(-1.25000004869562,-9.65931474141563,40.));
#12890=CARTESIAN_POINT('',(-0.999999999999955,-9.35061209385492,39.7500000000001));
#12891=CARTESIAN_POINT('',(-1.00000000000005,-9.35061209385492,40.));
#12892=CARTESIAN_POINT('',(-1.24999999999995,-9.35061209385458,40.));
#12893=CARTESIAN_POINT('',(1.24999999999997,8.74999999999999,39.75));
#12894=CARTESIAN_POINT('',(1.24999999999996,8.,39.75));
#12895=CARTESIAN_POINT('',(-3.33812637738506,-9.45885040597438,39.75));
#12896=CARTESIAN_POINT('',(0.,0.,39.75));
#12897=CARTESIAN_POINT('',(0.249999999999969,7.75,39.75));
#12898=CARTESIAN_POINT('',(0.249999999999969,8.75,39.75));
#12899=CARTESIAN_POINT('',(-3.59277429219641,-8.72286761421164,39.7499999999997));
#12900=CARTESIAN_POINT('',(-3.8092806431426,-8.59786761421179,39.75));
#12901=CARTESIAN_POINT('',(-3.80928064314257,-8.59786761421181,40.));
#12902=CARTESIAN_POINT('',(-3.59277429219643,-8.72286761421168,40.));
#12903=CARTESIAN_POINT('',(-4.03522492369459,-8.98921458780791,39.7891236030545));
#12904=CARTESIAN_POINT('',(-3.98625885338878,-8.97650560258405,40.));
#12905=CARTESIAN_POINT('',(-3.74695714914417,-8.989920514144,40.));
#12906=CARTESIAN_POINT('',(-3.86463079818405,-9.52703125247024,39.8220542678658));
#12907=CARTESIAN_POINT('',(-3.80135307530532,-9.49261951207963,40.));
#12908=CARTESIAN_POINT('',(-3.63624357662659,-9.35364150304776,40.));
#12909=CARTESIAN_POINT('',(-3.41849002566157,-9.68656728699983,39.8147047612756));
#12910=CARTESIAN_POINT('',(-3.40196688614535,-9.63974763811541,40.));
#12911=CARTESIAN_POINT('',(-3.338126377385,-9.45885040597441,40.));
#12912=CARTESIAN_POINT('',(-0.250000000000041,7.75,39.75));
#12913=CARTESIAN_POINT('',(-1.00000000000005,7.75,39.75));
#12914=CARTESIAN_POINT('',(-3.29246824526939,-8.20272228311386,39.75));
#12915=CARTESIAN_POINT('',(-10.4174682452693,-20.5435842870422,39.75));
#12916=CARTESIAN_POINT('',(-1.25000000000004,8.74999999999999,39.75));
#12917=CARTESIAN_POINT('',(-0.250000000000041,8.75,39.75));
#12918=CARTESIAN_POINT('',(-3.65849364905383,-6.83669687932943,39.75));
#12919=CARTESIAN_POINT('',(-4.15849364905383,-7.70272228311387,39.75));
#12920=CARTESIAN_POINT('',(-1.25000000000005,9.35061209385336,39.75));
#12921=CARTESIAN_POINT('',(-1.25000000000016,23.,39.75));
#12922=CARTESIAN_POINT('',(-4.09150635094606,-6.58669687932943,39.75));
#12923=CARTESIAN_POINT('',(-3.0089745962155,-7.21169687932943,39.75));
#12924=CARTESIAN_POINT('',(-1.83852295912873,9.86066793086312,39.75));
#12925=CARTESIAN_POINT('',(-1.00000000000005,9.35061209385422,39.75));
#12926=CARTESIAN_POINT('',(-1.00000000000008,9.35061209385422,40.));
#12927=CARTESIAN_POINT('',(-1.25000000000005,9.35061209385409,40.));
#12928=CARTESIAN_POINT('',(-1.00000000000028,9.80250065495689,39.7891236030518));
#12929=CARTESIAN_POINT('',(-1.03605136819315,9.76701131574252,40.));
#12930=CARTESIAN_POINT('',(-1.2500001790211,9.65897811782204,40.));
#12931=CARTESIAN_POINT('',(-1.41664717875912,10.1829664863806,39.8220542678624));
#12932=CARTESIAN_POINT('',(-1.45424142407347,10.1215261835764,40.));
#12933=CARTESIAN_POINT('',(-1.52774143981692,9.91861294784604,40.));
#12934=CARTESIAN_POINT('',(-1.88278443869325,10.0980583588399,39.8147047612756));
#12935=CARTESIAN_POINT('',(-1.87368407282235,10.0492497837517,40.));
#12936=CARTESIAN_POINT('',(-1.83852295912885,9.86066793086309,40.));
#12937=CARTESIAN_POINT('',(-5.45753175473049,-6.95272228311386,39.75));
#12938=CARTESIAN_POINT('',(-4.59150635094606,-7.45272228311387,39.75));
#12939=CARTESIAN_POINT('',(-3.3381263773852,9.45885040597434,39.75));
#12940=CARTESIAN_POINT('',(0.,0.,39.75));
#12941=CARTESIAN_POINT('',(-5.75783780165736,-7.47286761421134,39.75));
#12942=CARTESIAN_POINT('',(-5.08253175473049,-6.30320323027554,39.75));
#12943=CARTESIAN_POINT('',(-3.5927742921968,8.72286761421203,39.75));
#12944=CARTESIAN_POINT('',(-3.41849002566195,9.686567287,39.8147047612756));
#12945=CARTESIAN_POINT('',(-3.40196688614573,9.63974763811558,40.));
#12946=CARTESIAN_POINT('',(-3.33812637738533,9.4588504059746,40.));
#12947=CARTESIAN_POINT('',(-3.86458986584867,9.52704589142029,39.8220535868618));
#12948=CARTESIAN_POINT('',(-3.80136274324855,9.49261598614583,40.));
#12949=CARTESIAN_POINT('',(-3.6362151392327,9.35365156729132,40.));
#12950=CARTESIAN_POINT('',(-4.03547146614829,8.98964161186445,39.7891662933385));
#12951=CARTESIAN_POINT('',(-3.9864240794348,8.9768586899601,40.));
#12952=CARTESIAN_POINT('',(-3.74712557380543,8.99021197356383,40.));
#12953=CARTESIAN_POINT('',(-3.80928064314308,8.59786761421233,39.7500000000001));
#12954=CARTESIAN_POINT('',(-3.80928064314301,8.59786761421238,40.));
#12955=CARTESIAN_POINT('',(-3.5927742921968,8.72286761421203,40.));
#12956=CARTESIAN_POINT('',(-6.52254155347812,-7.62032744684592,39.7499999999999));
#12957=CARTESIAN_POINT('',(-6.67956833317835,-7.80378284830695,39.8147047612756));
#12958=CARTESIAN_POINT('',(-6.64728289760629,-7.76606356529342,40.));
#12959=CARTESIAN_POINT('',(-6.5225415534781,-7.6203274468459,40.));
#12960=CARTESIAN_POINT('',(-6.31836883206433,-8.11035594474309,39.8220535868651));
#12961=CARTESIAN_POINT('',(-6.32016522074958,-8.03838469772222,40.));
#12962=CARTESIAN_POINT('',(-6.28239230580515,-7.82588046784642,40.));
#12963=CARTESIAN_POINT('',(-5.76752227371761,-7.9896416118629,39.7891662933334));
#12964=CARTESIAN_POINT('',(-5.78097563196682,-7.94077386803176,40.));
#12965=CARTESIAN_POINT('',(-5.91218916760993,-7.74021192486736,40.));
#12966=CARTESIAN_POINT('',(-5.54133145071185,-7.59786761421239,39.7500000000001));
#12967=CARTESIAN_POINT('',(-5.54133145071194,-7.59786761421234,40.));
#12968=CARTESIAN_POINT('',(-5.75783780165779,-7.47286761421209,40.));
#12969=CARTESIAN_POINT('',(-3.29246824526951,8.2027222831138,39.75));
#12970=CARTESIAN_POINT('',(-2.91746824526952,7.55320323027547,39.75));
#12971=CARTESIAN_POINT('',(-7.62032744684558,-6.52254155347804,39.75));
#12972=CARTESIAN_POINT('',(0.,0.,39.75));
#12973=CARTESIAN_POINT('',(-3.65849364905395,6.83669687932937,39.75));
#12974=CARTESIAN_POINT('',(-4.15849364905396,7.7027222831138,39.75));
#12975=CARTESIAN_POINT('',(-7.47286761421156,-5.75783780165763,39.7499999999997));
#12976=CARTESIAN_POINT('',(-7.59786761421172,-5.54133145071162,39.75));
#12977=CARTESIAN_POINT('',(-7.5978676142117,-5.54133145071164,40.));
#12978=CARTESIAN_POINT('',(-7.47286761421161,-5.75783780165766,40.));
#12979=CARTESIAN_POINT('',(-7.98921458780757,-5.767275731264,39.7891236030546));
#12980=CARTESIAN_POINT('',(-7.94045423438713,-5.78075246235548,40.000000000001));
#12981=CARTESIAN_POINT('',(-7.7399203351223,-5.91202096867894,40.));
#12982=CARTESIAN_POINT('',(-8.1103840737103,-6.31833568819552,39.8220542678655));
#12983=CARTESIAN_POINT('',(-8.03837808800894,-6.32017310826951,40.));
#12984=CARTESIAN_POINT('',(-7.82590006323093,-6.28236937121912,40.));
#12985=CARTESIAN_POINT('',(-7.80378284830655,-6.67956833317838,39.8147047612756));
#12986=CARTESIAN_POINT('',(-7.76606356529302,-6.64728289760631,40.));
#12987=CARTESIAN_POINT('',(-7.62032744684553,-6.52254155347809,40.));
#12988=CARTESIAN_POINT('',(-4.09150635094618,6.58669687932936,39.75));
#12989=CARTESIAN_POINT('',(-4.74102540378451,6.21169687932935,39.75));
#12990=CARTESIAN_POINT('',(-6.95272228311379,-5.4575317547306,39.75));
#12991=CARTESIAN_POINT('',(-19.293584287042,-12.5825317547307,39.75));
#12992=CARTESIAN_POINT('',(-5.45753175473062,6.95272228311378,39.75));
#12993=CARTESIAN_POINT('',(-4.59150635094618,7.45272228311379,39.75));
#12994=CARTESIAN_POINT('',(-6.58669687932937,-4.09150635094617,39.75));
#12995=CARTESIAN_POINT('',(-7.4527222831138,-4.59150635094617,39.75));
#12996=CARTESIAN_POINT('',(-5.75783780165731,7.47286761421096,39.75));
#12997=CARTESIAN_POINT('',(-12.5825317547308,19.293584287042,39.75));
#12998=CARTESIAN_POINT('',(-6.83669687932937,-3.65849364905394,39.75));
#12999=CARTESIAN_POINT('',(-6.21169687932936,-4.7410254037845,39.75));
#13000=CARTESIAN_POINT('',(-6.52254155347802,7.62032744684559,39.75));
#13001=CARTESIAN_POINT('',(-5.54133145071163,7.59786761421171,39.75));
#13002=CARTESIAN_POINT('',(-5.54133145071166,7.59786761421169,40.));
#13003=CARTESIAN_POINT('',(-5.75783780165767,7.4728676142116,40.));
#13004=CARTESIAN_POINT('',(-5.76727573126298,7.98921458780576,39.789123603056));
#13005=CARTESIAN_POINT('',(-5.78075246235559,7.94045423438364,40.));
#13006=CARTESIAN_POINT('',(-5.91202096867854,7.73992033512065,40.));
#13007=CARTESIAN_POINT('',(-6.31833568819533,8.11038407371161,39.8220542678622));
#13008=CARTESIAN_POINT('',(-6.32017310826894,8.03837808801218,40.));
#13009=CARTESIAN_POINT('',(-6.28236937121885,7.82590006323218,40.));
#13010=CARTESIAN_POINT('',(-6.67956833317839,7.80378284830653,39.8147047612756));
#13011=CARTESIAN_POINT('',(-6.64728289760632,7.76606356529301,40.));
#13012=CARTESIAN_POINT('',(-6.52254155347811,7.62032744684552,40.));
#13013=CARTESIAN_POINT('',(-8.2027222831138,-3.2924682452695,39.75));
#13014=CARTESIAN_POINT('',(-7.70272228311381,-4.15849364905394,39.75));
#13015=CARTESIAN_POINT('',(-7.62032744684567,6.52254155347793,39.75));
#13016=CARTESIAN_POINT('',(0.,0.,39.75));
#13017=CARTESIAN_POINT('',(-8.72286761421129,-3.59277429219636,39.75));
#13018=CARTESIAN_POINT('',(-7.55320323027548,-2.91746824526951,39.75));
#13019=CARTESIAN_POINT('',(-7.4728676142121,5.75783780165778,39.75));
#13020=CARTESIAN_POINT('',(-7.80378284830696,6.67956833317834,39.8147047612756));
#13021=CARTESIAN_POINT('',(-7.76606356529343,6.64728289760628,40.));
#13022=CARTESIAN_POINT('',(-7.62032744684591,6.52254155347809,40.));
#13023=CARTESIAN_POINT('',(-8.11035594474297,6.31836883206581,39.8220535868618));
#13024=CARTESIAN_POINT('',(-8.03838469772387,6.32016522074951,40.));
#13025=CARTESIAN_POINT('',(-7.825880467846,6.28239230580512,40.));
#13026=CARTESIAN_POINT('',(-7.98964161186412,5.7675222737183,39.7891662933354));
#13027=CARTESIAN_POINT('',(-7.9407738680307,5.78097563196932,40.));
#13028=CARTESIAN_POINT('',(-7.74021192486823,5.91218916761144,40.));
#13029=CARTESIAN_POINT('',(-7.5978676142124,5.54133145071184,39.7500000000001));
#13030=CARTESIAN_POINT('',(-7.59786761421235,5.54133145071193,40.));
#13031=CARTESIAN_POINT('',(-7.4728676142121,5.75783780165778,40.));
#13032=CARTESIAN_POINT('',(-9.45885040597463,-3.33812637738532,39.7499999999999));
#13033=CARTESIAN_POINT('',(-9.68656728700001,-3.41849002566193,39.8147047612756));
#13034=CARTESIAN_POINT('',(-9.63974763811559,-3.40196688614571,40.));
#13035=CARTESIAN_POINT('',(-9.45885040597461,-3.33812637738531,40.));
#13036=CARTESIAN_POINT('',(-9.5270458914193,-3.86458986584961,39.8220535868641));
#13037=CARTESIAN_POINT('',(-9.49261598614393,-3.80136274324688,40.));
#13038=CARTESIAN_POINT('',(-9.35365156729008,-3.63621513923295,40.));
#13039=CARTESIAN_POINT('',(-8.98964161186315,-4.03547146614752,39.7891662933365));
#13040=CARTESIAN_POINT('',(-8.97685868995932,-3.98642407943699,40.));
#13041=CARTESIAN_POINT('',(-8.99021197356331,-3.74712557380525,40.));
#13042=CARTESIAN_POINT('',(-8.59786761421234,-3.80928064314307,39.7500000000001));
#13043=CARTESIAN_POINT('',(-8.59786761421238,-3.80928064314299,40.));
#13044=CARTESIAN_POINT('',(-8.72286761421204,-3.59277429219679,40.));
#13045=CARTESIAN_POINT('',(-6.95272228311387,5.45753175473049,39.75));
#13046=CARTESIAN_POINT('',(-6.30320323027555,5.08253175473048,39.75));
#13047=CARTESIAN_POINT('',(-9.8606679308631,-1.83852295912881,39.75));
#13048=CARTESIAN_POINT('',(0.,0.,39.75));
#13049=CARTESIAN_POINT('',(-6.58669687932943,4.09150635094605,39.75));
#13050=CARTESIAN_POINT('',(-7.45272228311387,4.59150635094605,39.75));
#13051=CARTESIAN_POINT('',(-9.35061209385404,-1.25000000000008,39.7499999999997));
#13052=CARTESIAN_POINT('',(-9.35061209385422,-1.00000000000008,39.75));
#13053=CARTESIAN_POINT('',(-9.35061209385422,-1.00000000000012,40.));
#13054=CARTESIAN_POINT('',(-9.35061209385409,-1.25000000000008,40.));
#13055=CARTESIAN_POINT('',(-9.80250065495812,-1.00000000000032,39.7891236030545));
#13056=CARTESIAN_POINT('',(-9.76701131574325,-1.0360513681961,40.));
#13057=CARTESIAN_POINT('',(-9.65897811782299,-1.25000017902157,40.));
#13058=CARTESIAN_POINT('',(-10.1829664863804,-1.41664717876005,39.8220542678623));
#13059=CARTESIAN_POINT('',(-10.1215261835767,-1.45424142407201,40.));
#13060=CARTESIAN_POINT('',(-9.918612947846,-1.52774143981723,40.));
#13061=CARTESIAN_POINT('',(-10.0980583588399,-1.88278443869329,39.8147047612756));
#13062=CARTESIAN_POINT('',(-10.0492497837517,-1.87368407282239,40.));
#13063=CARTESIAN_POINT('',(-9.86066793086309,-1.83852295912888,40.));
#13064=CARTESIAN_POINT('',(-6.83669687932944,3.65849364905383,39.75));
#13065=CARTESIAN_POINT('',(-7.21169687932944,3.00897459621549,39.75));
#13066=CARTESIAN_POINT('',(-8.74999999999999,-1.25000000000007,39.75));
#13067=CARTESIAN_POINT('',(-23.,-1.25000000000024,39.75));
#13068=CARTESIAN_POINT('',(-8.20272228311386,3.29246824526938,39.75));
#13069=CARTESIAN_POINT('',(-7.70272228311388,4.15849364905382,39.75));
#13070=CARTESIAN_POINT('',(-7.75,-0.25000000000007,39.75));
#13071=CARTESIAN_POINT('',(-8.75,-0.250000000000074,39.75));
#13072=CARTESIAN_POINT('',(-8.72286761421105,3.59277429219606,39.75));
#13073=CARTESIAN_POINT('',(-20.5435842870422,10.4174682452692,39.75));
#13074=CARTESIAN_POINT('',(-7.75,0.24999999999994,39.75));
#13075=CARTESIAN_POINT('',(-7.75,-1.00000000000008,39.75));
#13076=CARTESIAN_POINT('',(-9.45885040597438,3.3381263773851,39.75));
#13077=CARTESIAN_POINT('',(-8.5978676142118,3.8092806431426,39.75));
#13078=CARTESIAN_POINT('',(-8.59786761421181,3.80928064314257,40.));
#13079=CARTESIAN_POINT('',(-8.72286761421168,3.59277429219642,40.));
#13080=CARTESIAN_POINT('',(-8.98921458780686,4.03522492369397,39.7891236030518));
#13081=CARTESIAN_POINT('',(-8.97650560258254,3.9862588533916,40.));
#13082=CARTESIAN_POINT('',(-8.9899205141438,3.74695714914428,40.));
#13083=CARTESIAN_POINT('',(-9.52703125246988,3.86463079818486,39.822054267866));
#13084=CARTESIAN_POINT('',(-9.49261951207921,3.80135307530314,40.));
#13085=CARTESIAN_POINT('',(-9.35364150304658,3.63624357662649,40.));
#13086=CARTESIAN_POINT('',(-9.68656728699983,3.41849002566156,39.8147047612756));
#13087=CARTESIAN_POINT('',(-9.63974763811541,3.40196688614534,40.));
#13088=CARTESIAN_POINT('',(-9.45885040597441,3.33812637738499,40.));
#13089=CARTESIAN_POINT('',(-8.74999999999999,1.24999999999994,39.75));
#13090=CARTESIAN_POINT('',(-8.75,0.249999999999937,39.75));
#13091=CARTESIAN_POINT('',(-9.86066793086313,1.83852295912864,39.75));
#13092=CARTESIAN_POINT('',(0.,0.,39.75));
#13093=CARTESIAN_POINT('',(-9.35061209385372,1.24999999999994,39.75));
#13094=CARTESIAN_POINT('',(-8.,1.24999999999993,39.75));
#13095=CARTESIAN_POINT('',(-10.0980583588403,1.88278443869305,39.8147047612756));
#13096=CARTESIAN_POINT('',(-10.049249783752,1.87368407282216,40.));
#13097=CARTESIAN_POINT('',(-9.86066793086342,1.83852295912869,40.));
#13098=CARTESIAN_POINT('',(-10.1829586979136,1.41668994667607,39.8220535868657));
#13099=CARTESIAN_POINT('',(-10.1215279639944,1.45423128842073,40.));
#13100=CARTESIAN_POINT('',(-9.91860744503791,1.52777109944406,40.));
#13101=CARTESIAN_POINT('',(-9.80299373986522,1.00000000000058,39.7891662933366));
#13102=CARTESIAN_POINT('',(-9.76739971140641,1.03608482192901,40.));
#13103=CARTESIAN_POINT('',(-9.65931474141547,1.25000004869561,40.));
#13104=CARTESIAN_POINT('',(-9.35061209385492,0.999999999999942,39.7500000000001));
#13105=CARTESIAN_POINT('',(-9.35061209385492,1.00000000000003,40.));
#13106=CARTESIAN_POINT('',(-9.35061209385458,1.24999999999994,40.));
#13107=CARTESIAN_POINT('',(-6.34397627496907,-9.48808923025804,32.2499999999999));
#13108=CARTESIAN_POINT('',(-7.85701022897985,-9.79621498962944,32.));
#13109=CARTESIAN_POINT('',(-7.73543033061225,-9.6477202946931,32.));
#13110=CARTESIAN_POINT('',(-7.70401386987927,-9.60934900293219,32.1853995579146));
#13111=CARTESIAN_POINT('',(-7.37389025116958,-10.1917691826465,32.));
#13112=CARTESIAN_POINT('',(-7.34856076999219,-9.97129773882644,32.));
#13113=CARTESIAN_POINT('',(-7.34250630217423,-9.90753703204122,32.1790240808855));
#13114=CARTESIAN_POINT('',(-6.64787712009696,-10.0144607568797,32.));
#13115=CARTESIAN_POINT('',(-6.7477907973974,-9.75942942603421,32.));
#13116=CARTESIAN_POINT('',(-6.79360698981996,-9.76687247302339,32.2116276628368));
#13117=CARTESIAN_POINT('',(-6.34397627496908,-9.48808923025806,32.));
#13118=CARTESIAN_POINT('',(-6.56048262591521,-9.36308923025808,32.));
#13119=CARTESIAN_POINT('',(-6.5604826259152,-9.36308923025808,32.25));
#13120=CARTESIAN_POINT('',(-5.02451905283828,-7.20272228311386,32.25));
#13121=CARTESIAN_POINT('',(-0.649519052838206,0.374999999999937,32.25));
#13122=CARTESIAN_POINT('',(-4.34150635094606,-7.01970958122165,32.25));
#13123=CARTESIAN_POINT('',(-4.59150635094606,-7.45272228311387,32.25));
#13124=CARTESIAN_POINT('',(-3.90849364905383,-7.26970958122165,32.25));
#13125=CARTESIAN_POINT('',(-4.12499999999998,-7.14470958122163,32.25));
#13126=CARTESIAN_POINT('',(-3.72548094716161,-7.95272228311387,32.25));
#13127=CARTESIAN_POINT('',(-4.15849364905383,-7.70272228311387,32.25));
#13128=CARTESIAN_POINT('',(-5.04493816929235,-10.2380892302581,32.25));
#13129=CARTESIAN_POINT('',(0.64951905283831,-0.374999999999979,32.25));
#13130=CARTESIAN_POINT('',(-4.46993341543013,-11.4765462238893,32.1853995579146));
#13131=CARTESIAN_POINT('',(-4.4874556985046,-11.5229393228615,32.));
#13132=CARTESIAN_POINT('',(-4.55526592746288,-11.7024779509055,32.));
#13133=CARTESIAN_POINT('',(-4.90892560759619,-11.3125655011523,32.1790240808798));
#13134=CARTESIAN_POINT('',(-4.96111676552764,-11.3496891774818,32.));
#13135=CARTESIAN_POINT('',(-5.13938589609438,-11.4818608735547,32.));
#13136=CARTESIAN_POINT('',(-5.06155618225045,-10.7668724730222,32.2116276628385));
#13137=CARTESIAN_POINT('',(-5.07801841068638,-10.7234729629854,32.));
#13138=CARTESIAN_POINT('',(-5.34883886061158,-10.7644608456812,32.));
#13139=CARTESIAN_POINT('',(-4.82843181834623,-10.363089230258,32.25));
#13140=CARTESIAN_POINT('',(-4.82843181834621,-10.363089230258,32.));
#13141=CARTESIAN_POINT('',(-5.04493816929231,-10.238089230258,32.));
#13142=CARTESIAN_POINT('',(-0.749999999999975,-11.3889144442615,32.2499999999999));
#13143=CARTESIAN_POINT('',(-1.90626296127632,-12.4122761564429,32.));
#13144=CARTESIAN_POINT('',(-1.87521902816856,-12.222886029117,32.));
#13145=CARTESIAN_POINT('',(-1.86719722095724,-12.1739472853095,32.1853995579146));
#13146=CARTESIAN_POINT('',(-1.29009169090855,-12.5132761472625,32.));
#13147=CARTESIAN_POINT('',(-1.37839143864865,-12.3096775355188,32.));
#13148=CARTESIAN_POINT('',(-1.40502846910988,-12.2514319097714,32.1790240808803));
#13149=CARTESIAN_POINT('',(-0.750000088800859,-11.9967159807101,32.));
#13150=CARTESIAN_POINT('',(-0.96404353695858,-11.8258092080855,32.));
#13151=CARTESIAN_POINT('',(-0.99999999999993,-11.8551631720706,32.2116276628455));
#13152=CARTESIAN_POINT('',(-0.749999999999975,-11.3889144442616,32.));
#13153=CARTESIAN_POINT('',(-0.999999999999982,-11.3889144442616,32.));
#13154=CARTESIAN_POINT('',(-0.999999999999975,-11.3889144442616,32.25));
#13155=CARTESIAN_POINT('',(-0.749999999999949,-8.75,32.25));
#13156=CARTESIAN_POINT('',(-0.749999999999862,7.44769339752677E-15,32.25));
#13157=CARTESIAN_POINT('',(-0.24999999999995,-8.25,32.25));
#13158=CARTESIAN_POINT('',(-0.249999999999949,-8.75,32.25));
#13159=CARTESIAN_POINT('',(0.250000000000061,-8.25,32.25));
#13160=CARTESIAN_POINT('',(1.93290135156116E-14,-8.25,32.25));
#13161=CARTESIAN_POINT('',(0.750000000000062,-8.75,32.25));
#13162=CARTESIAN_POINT('',(0.250000000000062,-8.75,32.25));
#13163=CARTESIAN_POINT('',(0.750000000000089,-11.3889144442615,32.25));
#13164=CARTESIAN_POINT('',(0.749999999999971,7.76366308244318E-15,32.25));
#13165=CARTESIAN_POINT('',(1.8671972209573,-12.1739472853095,32.1853995579146));
#13166=CARTESIAN_POINT('',(1.87521902816862,-12.222886029117,32.));
#13167=CARTESIAN_POINT('',(1.90626296127637,-12.4122761564429,32.));
#13168=CARTESIAN_POINT('',(1.40502846910994,-12.2514319097713,32.1790240808804));
#13169=CARTESIAN_POINT('',(1.37839143865235,-12.3096775355182,32.));
#13170=CARTESIAN_POINT('',(1.29009169090871,-12.5132761472629,32.));
#13171=CARTESIAN_POINT('',(1.,-11.8551631720702,32.2116276628406));
#13172=CARTESIAN_POINT('',(0.964043536954023,-11.8258092080858,32.));
#13173=CARTESIAN_POINT('',(0.750000088800808,-11.9967159807097,32.));
#13174=CARTESIAN_POINT('',(1.00000000000009,-11.3889144442615,32.25));
#13175=CARTESIAN_POINT('',(1.0000000000001,-11.3889144442615,32.));
#13176=CARTESIAN_POINT('',(0.750000000000089,-11.3889144442614,32.));
#13177=CARTESIAN_POINT('',(9.48808923025803,-6.34397627496908,32.2499999999999));
#13178=CARTESIAN_POINT('',(9.79621498962943,-7.85701022897987,32.));
#13179=CARTESIAN_POINT('',(9.64772029469309,-7.73543033061226,32.));
#13180=CARTESIAN_POINT('',(9.60934900293218,-7.70401386987928,32.1853995579146));
#13181=CARTESIAN_POINT('',(10.1917691826465,-7.37389025117014,32.));
#13182=CARTESIAN_POINT('',(9.97129773882606,-7.34856076999292,32.));
#13183=CARTESIAN_POINT('',(9.90753703204121,-7.34250630217425,32.1790240808855));
#13184=CARTESIAN_POINT('',(10.0144607568798,-6.64787712009636,32.));
#13185=CARTESIAN_POINT('',(9.75942942603466,-6.7477907973965,31.999999999998));
#13186=CARTESIAN_POINT('',(9.7668724730234,-6.79360698981999,32.2116276628372));
#13187=CARTESIAN_POINT('',(9.48808923025805,-6.3439762749691,32.));
#13188=CARTESIAN_POINT('',(9.36308923025807,-6.56048262591522,32.));
#13189=CARTESIAN_POINT('',(9.36308923025807,-6.56048262591522,32.25));
#13190=CARTESIAN_POINT('',(7.20272228311386,-5.02451905283829,32.25));
#13191=CARTESIAN_POINT('',(-0.374999999999938,-0.649519052838206,32.25));
#13192=CARTESIAN_POINT('',(7.01970958122164,-4.34150635094607,32.25));
#13193=CARTESIAN_POINT('',(7.45272228311386,-4.59150635094607,32.25));
#13194=CARTESIAN_POINT('',(7.26970958122164,-3.90849364905384,32.25));
#13195=CARTESIAN_POINT('',(7.14470958122163,-4.12499999999999,32.25));
#13196=CARTESIAN_POINT('',(7.95272228311386,-3.72548094716162,32.25));
#13197=CARTESIAN_POINT('',(7.70272228311387,-4.15849364905384,32.25));
#13198=CARTESIAN_POINT('',(10.2380892302581,-5.04493816929236,32.25));
#13199=CARTESIAN_POINT('',(0.37499999999998,0.649519052838309,32.25));
#13200=CARTESIAN_POINT('',(11.4765462238893,-4.46993341543016,32.1853995579146));
#13201=CARTESIAN_POINT('',(11.5229393228615,-4.48745569850463,32.));
#13202=CARTESIAN_POINT('',(11.7024779509055,-4.55526592746291,32.));
#13203=CARTESIAN_POINT('',(11.3125655011508,-4.90892560759552,32.1790240808858));
#13204=CARTESIAN_POINT('',(11.3496891774786,-4.96111676552606,32.));
#13205=CARTESIAN_POINT('',(11.4818608735546,-5.13938589609457,32.));
#13206=CARTESIAN_POINT('',(10.7668724730235,-5.06155618225125,32.2116276628384));
#13207=CARTESIAN_POINT('',(10.7234729629875,-5.07801841068766,32.));
#13208=CARTESIAN_POINT('',(10.7644608456812,-5.34883886061138,32.));
#13209=CARTESIAN_POINT('',(10.363089230258,-4.82843181834624,32.25));
#13210=CARTESIAN_POINT('',(10.363089230258,-4.82843181834623,32.));
#13211=CARTESIAN_POINT('',(10.238089230258,-5.04493816929233,32.));
#13212=CARTESIAN_POINT('',(10.238089230258,5.04493816929244,32.2499999999999));
#13213=CARTESIAN_POINT('',(11.7024779509055,4.55526592746289,32.));
#13214=CARTESIAN_POINT('',(11.5229393228615,4.48745569850463,32.));
#13215=CARTESIAN_POINT('',(11.4765462238893,4.46993341543017,32.1853995579146));
#13216=CARTESIAN_POINT('',(11.4818608735545,5.13938589609376,32.));
#13217=CARTESIAN_POINT('',(11.3496891774792,4.96111676553203,32.));
#13218=CARTESIAN_POINT('',(11.3125655011523,4.90892560759624,32.1790240808799));
#13219=CARTESIAN_POINT('',(10.7644608456813,5.34883886061244,32.));
#13220=CARTESIAN_POINT('',(10.7234729629888,5.07801841068104,32.));
#13221=CARTESIAN_POINT('',(10.7668724730227,5.06155618225085,32.2116276628456));
#13222=CARTESIAN_POINT('',(10.238089230258,5.04493816929246,32.));
#13223=CARTESIAN_POINT('',(10.3630892302581,4.82843181834635,32.));
#13224=CARTESIAN_POINT('',(10.3630892302581,4.82843181834636,32.25));
#13225=CARTESIAN_POINT('',(7.95272228311382,3.7254809471617,32.25));
#13226=CARTESIAN_POINT('',(0.374999999999924,-0.649519052838214,32.25));
#13227=CARTESIAN_POINT('',(7.2697095812216,3.90849364905392,32.25));
#13228=CARTESIAN_POINT('',(7.70272228311382,4.15849364905392,32.25));
#13229=CARTESIAN_POINT('',(7.0197095812216,4.34150635094615,32.25));
#13230=CARTESIAN_POINT('',(7.14470958122162,4.12500000000001,32.25));
#13231=CARTESIAN_POINT('',(7.20272228311381,5.02451905283837,32.25));
#13232=CARTESIAN_POINT('',(7.45272228311381,4.59150635094615,32.25));
#13233=CARTESIAN_POINT('',(9.48808923025797,6.34397627496915,32.25));
#13234=CARTESIAN_POINT('',(-0.374999999999991,0.649519052838301,32.25));
#13235=CARTESIAN_POINT('',(9.60934900293211,7.70401386987938,32.1853995579146));
#13236=CARTESIAN_POINT('',(9.64772029469301,7.73543033061236,32.));
#13237=CARTESIAN_POINT('',(9.79621498962934,7.85701022897997,32.));
#13238=CARTESIAN_POINT('',(9.90753703204098,7.34250630217421,32.1790240808863));
#13239=CARTESIAN_POINT('',(9.97129773882308,7.34856076999044,32.));
#13240=CARTESIAN_POINT('',(10.191769182645,7.37389025116978,32.));
#13241=CARTESIAN_POINT('',(9.76687247302365,6.79360698982019,32.2116276628385));
#13242=CARTESIAN_POINT('',(9.75942942603663,6.74779079739842,32.));
#13243=CARTESIAN_POINT('',(10.0144607568811,6.64787712009645,32.));
#13244=CARTESIAN_POINT('',(9.36308923025795,6.56048262591525,32.25));
#13245=CARTESIAN_POINT('',(9.36308923025795,6.56048262591526,32.));
#13246=CARTESIAN_POINT('',(9.48808923025791,6.34397627496912,32.));
#13247=CARTESIAN_POINT('',(-9.48808923025805,6.34397627496906,32.2499999999999));
#13248=CARTESIAN_POINT('',(-9.79621498962945,7.85701022897984,32.));
#13249=CARTESIAN_POINT('',(-9.64772029469311,7.73543033061224,32.));
#13250=CARTESIAN_POINT('',(-9.60934900293221,7.70401386987926,32.1853995579146));
#13251=CARTESIAN_POINT('',(-10.1917691826456,7.37389025116946,32.));
#13252=CARTESIAN_POINT('',(-9.97129773882697,7.34856076998546,32.));
#13253=CARTESIAN_POINT('',(-9.90753703204105,7.3425063021741,32.1790240808863));
#13254=CARTESIAN_POINT('',(-10.0144607568806,6.64787712009678,32.));
#13255=CARTESIAN_POINT('',(-9.7594294260324,6.74779079740487,32.));
#13256=CARTESIAN_POINT('',(-9.7668724730242,6.79360698982041,32.2116276628454));
#13257=CARTESIAN_POINT('',(-9.48808923025807,6.34397627496907,32.));
#13258=CARTESIAN_POINT('',(-9.36308923025809,6.5604826259152,32.));
#13259=CARTESIAN_POINT('',(-9.36308923025809,6.56048262591519,32.25));
#13260=CARTESIAN_POINT('',(-7.20272228311387,5.02451905283827,32.25));
#13261=CARTESIAN_POINT('',(0.374999999999936,0.649519052838206,32.25));
#13262=CARTESIAN_POINT('',(-7.01970958122165,4.34150635094605,32.25));
#13263=CARTESIAN_POINT('',(-7.45272228311387,4.59150635094605,32.25));
#13264=CARTESIAN_POINT('',(-7.26970958122166,3.90849364905383,32.25));
#13265=CARTESIAN_POINT('',(-7.14470958122164,4.12499999999997,32.25));
#13266=CARTESIAN_POINT('',(-7.95272228311387,3.7254809471616,32.25));
#13267=CARTESIAN_POINT('',(-7.70272228311388,4.15849364905382,32.25));
#13268=CARTESIAN_POINT('',(-10.2380892302581,5.04493816929234,32.25));
#13269=CARTESIAN_POINT('',(-0.374999999999978,-0.649519052838309,32.25));
#13270=CARTESIAN_POINT('',(-11.4765462238893,4.46993341543001,32.1853995579146));
#13271=CARTESIAN_POINT('',(-11.5229393228615,4.48745569850448,32.));
#13272=CARTESIAN_POINT('',(-11.7024779509056,4.55526592746273,32.));
#13273=CARTESIAN_POINT('',(-11.3125655011525,4.90892560759618,32.1790240808795));
#13274=CARTESIAN_POINT('',(-11.3496891774845,4.96111676552797,32.));
#13275=CARTESIAN_POINT('',(-11.481860873556,5.13938589609432,32.));
#13276=CARTESIAN_POINT('',(-10.7668724730221,5.06155618225041,32.2116276628384));
#13277=CARTESIAN_POINT('',(-10.7234729629834,5.07801841068639,32.));
#13278=CARTESIAN_POINT('',(-10.7644608456802,5.34883886061182,32.));
#13279=CARTESIAN_POINT('',(-10.363089230258,4.82843181834621,32.25));
#13280=CARTESIAN_POINT('',(-10.363089230258,4.8284318183462,32.));
#13281=CARTESIAN_POINT('',(-10.238089230258,5.0449381692923,32.));
#13282=CARTESIAN_POINT('',(-5.04493816929249,10.238089230258,32.2499999999999));
#13283=CARTESIAN_POINT('',(-4.5552659274631,11.7024779509055,32.));
#13284=CARTESIAN_POINT('',(-4.48745569850481,11.5229393228614,32.));
#13285=CARTESIAN_POINT('',(-4.46993341543034,11.4765462238892,32.1853995579146));
#13286=CARTESIAN_POINT('',(-5.13938589609192,11.4818608735517,32.));
#13287=CARTESIAN_POINT('',(-4.96111676552921,11.3496891774764,32.));
#13288=CARTESIAN_POINT('',(-4.90892560759624,11.312565501152,32.1790240808807));
#13289=CARTESIAN_POINT('',(-5.34883886061433,10.7644608456829,32.));
#13290=CARTESIAN_POINT('',(-5.07801841068394,10.72347296299,32.));
#13291=CARTESIAN_POINT('',(-5.06155618225097,10.7668724730228,32.2116276628456));
#13292=CARTESIAN_POINT('',(-5.0449381692925,10.238089230258,32.));
#13293=CARTESIAN_POINT('',(-4.8284318183464,10.363089230258,32.));
#13294=CARTESIAN_POINT('',(-4.8284318183464,10.363089230258,32.25));
#13295=CARTESIAN_POINT('',(-3.72548094716173,7.9527222831138,32.25));
#13296=CARTESIAN_POINT('',(0.649519052838212,0.374999999999926,32.25));
#13297=CARTESIAN_POINT('',(-3.90849364905395,7.26970958122158,32.25));
#13298=CARTESIAN_POINT('',(-4.15849364905396,7.7027222831138,32.25));
#13299=CARTESIAN_POINT('',(-4.34150635094618,7.01970958122158,32.25));
#13300=CARTESIAN_POINT('',(-4.12500000000004,7.1447095812216,32.25));
#13301=CARTESIAN_POINT('',(-5.0245190528384,7.20272228311379,32.25));
#13302=CARTESIAN_POINT('',(-4.59150635094618,7.45272228311379,32.25));
#13303=CARTESIAN_POINT('',(-6.34397627496919,9.48808923025795,32.25));
#13304=CARTESIAN_POINT('',(-0.649519052838301,-0.374999999999995,32.25));
#13305=CARTESIAN_POINT('',(-7.70401386987943,9.60934900293206,32.1853995579146));
#13306=CARTESIAN_POINT('',(-7.73543033061242,9.64772029469296,32.));
#13307=CARTESIAN_POINT('',(-7.85701022898004,9.7962149896293,32.));
#13308=CARTESIAN_POINT('',(-7.34250630217426,9.90753703204095,32.1790240808863));
#13309=CARTESIAN_POINT('',(-7.34856076999089,9.97129773882462,32.));
#13310=CARTESIAN_POINT('',(-7.37389025116925,10.1917691826465,32.));
#13311=CARTESIAN_POINT('',(-6.79360698982023,9.76687247302362,32.2116276628384));
#13312=CARTESIAN_POINT('',(-6.74779079739853,9.75942942603532,32.));
#13313=CARTESIAN_POINT('',(-6.64787712009763,10.0144607568795,32.));
#13314=CARTESIAN_POINT('',(-6.56048262591529,9.36308923025793,32.25));
#13315=CARTESIAN_POINT('',(-6.5604826259153,9.36308923025792,32.));
#13316=CARTESIAN_POINT('',(-6.34397627496916,9.48808923025789,32.));
#13317=CARTESIAN_POINT('',(-10.238089230258,-5.04493816929247,32.2499999999999));
#13318=CARTESIAN_POINT('',(-11.7024779509055,-4.55526592746308,32.));
#13319=CARTESIAN_POINT('',(-11.5229393228614,-4.48745569850479,32.));
#13320=CARTESIAN_POINT('',(-11.4765462238892,-4.46993341543031,32.1853995579146));
#13321=CARTESIAN_POINT('',(-11.4818608735542,-5.1393858960939,32.));
#13322=CARTESIAN_POINT('',(-11.3496891774778,-4.96111676553068,32.));
#13323=CARTESIAN_POINT('',(-11.3125655011507,-4.9089256075956,32.179024080886));
#13324=CARTESIAN_POINT('',(-10.7644608456813,-5.34883886061233,32.));
#13325=CARTESIAN_POINT('',(-10.7234729629894,-5.07801841068246,32.));
#13326=CARTESIAN_POINT('',(-10.766872473024,-5.06155618225164,32.2116276628455));
#13327=CARTESIAN_POINT('',(-10.238089230258,-5.04493816929248,32.));
#13328=CARTESIAN_POINT('',(-10.3630892302581,-4.82843181834638,32.));
#13329=CARTESIAN_POINT('',(-10.363089230258,-4.82843181834638,32.25));
#13330=CARTESIAN_POINT('',(-7.95272228311381,-3.72548094716172,32.25));
#13331=CARTESIAN_POINT('',(-0.374999999999925,0.649519052838213,32.25));
#13332=CARTESIAN_POINT('',(-7.26970958122159,-3.90849364905394,32.25));
#13333=CARTESIAN_POINT('',(-7.70272228311381,-4.15849364905394,32.25));
#13334=CARTESIAN_POINT('',(-7.01970958122158,-4.34150635094617,32.25));
#13335=CARTESIAN_POINT('',(-7.14470958122161,-4.12500000000002,32.25));
#13336=CARTESIAN_POINT('',(-7.2027222831138,-5.02451905283839,32.25));
#13337=CARTESIAN_POINT('',(-7.4527222831138,-4.59150635094617,32.25));
#13338=CARTESIAN_POINT('',(-9.48808923025796,-6.34397627496918,32.25));
#13339=CARTESIAN_POINT('',(0.374999999999992,-0.649519052838298,32.25));
#13340=CARTESIAN_POINT('',(-9.609349002932,-7.70401386987951,32.1853995579146));
#13341=CARTESIAN_POINT('',(-9.6477202946929,-7.7354303306125,32.));
#13342=CARTESIAN_POINT('',(-9.79621498962921,-7.85701022898014,32.));
#13343=CARTESIAN_POINT('',(-9.90753703204246,-7.34250630217536,32.1790240808796));
#13344=CARTESIAN_POINT('',(-9.97129773883081,-7.34856076999204,32.));
#13345=CARTESIAN_POINT('',(-10.1917691826476,-7.37389025117007,32.));
#13346=CARTESIAN_POINT('',(-9.76687247302231,-6.79360698981944,32.2116276628406));
#13347=CARTESIAN_POINT('',(-9.75942942603025,-6.74779079739929,31.999999999998));
#13348=CARTESIAN_POINT('',(-10.0144607568788,-6.64787712009716,32.));
#13349=CARTESIAN_POINT('',(-9.36308923025794,-6.56048262591527,32.25));
#13350=CARTESIAN_POINT('',(-9.36308923025793,-6.56048262591528,32.));
#13351=CARTESIAN_POINT('',(-9.4880892302579,-6.34397627496914,32.));
#13352=CARTESIAN_POINT('',(0.750000000000002,11.3889144442615,32.2499999999999));
#13353=CARTESIAN_POINT('',(1.90626296127635,12.4122761564429,32.));
#13354=CARTESIAN_POINT('',(1.87521902816859,12.222886029117,32.));
#13355=CARTESIAN_POINT('',(1.86719722095727,12.1739472853095,32.1853995579146));
#13356=CARTESIAN_POINT('',(1.29009169090867,12.513276147264,32.));
#13357=CARTESIAN_POINT('',(1.37839143864885,12.309677535521,32.));
#13358=CARTESIAN_POINT('',(1.40502846910991,12.2514319097715,32.1790240808799));
#13359=CARTESIAN_POINT('',(0.750000088800886,11.9967159807089,32.));
#13360=CARTESIAN_POINT('',(0.964043536958569,11.825809208084,32.));
#13361=CARTESIAN_POINT('',(0.999999999999957,11.8551631720705,32.2116276628453));
#13362=CARTESIAN_POINT('',(0.750000000000002,11.3889144442616,32.));
#13363=CARTESIAN_POINT('',(1.00000000000001,11.3889144442616,32.));
#13364=CARTESIAN_POINT('',(1.,11.3889144442616,32.25));
#13365=CARTESIAN_POINT('',(0.749999999999969,8.75,32.25));
#13366=CARTESIAN_POINT('',(0.74999999999996,8.,32.25));
#13367=CARTESIAN_POINT('',(0.249999999999969,8.25,32.25));
#13368=CARTESIAN_POINT('',(0.249999999999969,8.75,32.25));
#13369=CARTESIAN_POINT('',(-0.250000000000041,8.25,32.25));
#13370=CARTESIAN_POINT('',(-1.00000000000005,8.25,32.25));
#13371=CARTESIAN_POINT('',(-0.750000000000041,8.75,32.25));
#13372=CARTESIAN_POINT('',(-0.250000000000041,8.75,32.25));
#13373=CARTESIAN_POINT('',(-0.750000000000062,11.3889144442615,32.25));
#13374=CARTESIAN_POINT('',(-0.750000000000155,23.,32.25));
#13375=CARTESIAN_POINT('',(-1.86719722095727,12.1739472853095,32.1853995579146));
#13376=CARTESIAN_POINT('',(-1.87521902816859,12.222886029117,32.));
#13377=CARTESIAN_POINT('',(-1.90626296127634,12.4122761564429,32.));
#13378=CARTESIAN_POINT('',(-1.40502846910991,12.2514319097713,32.1790240808804));
#13379=CARTESIAN_POINT('',(-1.37839143865242,12.3096775355182,32.));
#13380=CARTESIAN_POINT('',(-1.29009169090868,12.5132761472629,32.));
#13381=CARTESIAN_POINT('',(-0.999999999999977,11.8551631720702,32.2116276628406));
#13382=CARTESIAN_POINT('',(-0.964043536953875,11.8258092080858,32.));
#13383=CARTESIAN_POINT('',(-0.750000088800781,11.9967159807096,32.));
#13384=CARTESIAN_POINT('',(-1.00000000000006,11.3889144442615,32.25));
#13385=CARTESIAN_POINT('',(-1.00000000000008,11.3889144442615,32.));
#13386=CARTESIAN_POINT('',(-0.750000000000062,11.3889144442615,32.));
#13387=CARTESIAN_POINT('',(6.3439762749691,9.48808923025802,32.2499999999999));
#13388=CARTESIAN_POINT('',(7.85701022897988,9.79621498962942,32.));
#13389=CARTESIAN_POINT('',(7.73543033061228,9.64772029469308,32.));
#13390=CARTESIAN_POINT('',(7.70401386987929,9.60934900293218,32.1853995579146));
#13391=CARTESIAN_POINT('',(7.37389025116965,10.1917691826456,32.));
#13392=CARTESIAN_POINT('',(7.34856076999165,9.9712977388232,32.));
#13393=CARTESIAN_POINT('',(7.34250630217416,9.90753703204107,32.1790240808861));
#13394=CARTESIAN_POINT('',(6.64787712009666,10.0144607568806,32.));
#13395=CARTESIAN_POINT('',(6.74779079739703,9.75942942603686,32.));
#13396=CARTESIAN_POINT('',(6.79360698982007,9.76687247302351,32.211627662837));
#13397=CARTESIAN_POINT('',(6.34397627496911,9.48808923025804,32.));
#13398=CARTESIAN_POINT('',(6.56048262591523,9.36308923025806,32.));
#13399=CARTESIAN_POINT('',(6.56048262591523,9.36308923025806,32.25));
#13400=CARTESIAN_POINT('',(5.0245190528383,7.20272228311385,32.25));
#13401=CARTESIAN_POINT('',(0.649519052838205,-0.374999999999939,32.25));
#13402=CARTESIAN_POINT('',(4.34150635094608,7.01970958122164,32.25));
#13403=CARTESIAN_POINT('',(4.59150635094608,7.45272228311386,32.25));
#13404=CARTESIAN_POINT('',(3.90849364905385,7.26970958122164,32.25));
#13405=CARTESIAN_POINT('',(4.125,7.14470958122162,32.25));
#13406=CARTESIAN_POINT('',(3.72548094716163,7.95272228311386,32.25));
#13407=CARTESIAN_POINT('',(4.15849364905385,7.70272228311386,32.25));
#13408=CARTESIAN_POINT('',(5.04493816929238,10.238089230258,32.25));
#13409=CARTESIAN_POINT('',(-0.649519052838307,0.37499999999998,32.25));
#13410=CARTESIAN_POINT('',(4.46993341543019,11.4765462238893,32.1853995579146));
#13411=CARTESIAN_POINT('',(4.48745569850466,11.5229393228615,32.));
#13412=CARTESIAN_POINT('',(4.55526592746294,11.7024779509055,32.));
#13413=CARTESIAN_POINT('',(4.90892560759559,11.3125655011509,32.1790240808854));
#13414=CARTESIAN_POINT('',(4.9611167655264,11.3496891774805,32.));
#13415=CARTESIAN_POINT('',(5.13938589609463,11.4818608735562,32.));
#13416=CARTESIAN_POINT('',(5.06155618225121,10.7668724730234,32.2116276628384));
#13417=CARTESIAN_POINT('',(5.07801841068764,10.7234729629861,32.));
#13418=CARTESIAN_POINT('',(5.34883886061165,10.7644608456798,32.));
#13419=CARTESIAN_POINT('',(4.82843181834625,10.363089230258,32.25));
#13420=CARTESIAN_POINT('',(4.82843181834624,10.363089230258,32.));
#13421=CARTESIAN_POINT('',(5.04493816929234,10.238089230258,32.));
#13422=CARTESIAN_POINT('',(11.3889144442615,-0.749999999999989,32.2499999999999));
#13423=CARTESIAN_POINT('',(12.4122761564429,-1.90626296127633,32.));
#13424=CARTESIAN_POINT('',(12.222886029117,-1.87521902816858,32.));
#13425=CARTESIAN_POINT('',(12.1739472853095,-1.86719722095725,32.1853995579146));
#13426=CARTESIAN_POINT('',(12.5132761472652,-1.29009169090873,32.));
#13427=CARTESIAN_POINT('',(12.3096775355218,-1.37839143864867,32.));
#13428=CARTESIAN_POINT('',(12.2514319097721,-1.40502846910995,32.1790240808776));
#13429=CARTESIAN_POINT('',(11.996715980708,-0.750000088800872,32.));
#13430=CARTESIAN_POINT('',(11.8258092080834,-0.964043536958842,32.));
#13431=CARTESIAN_POINT('',(11.8551631720699,-0.999999999999945,32.2116276628455));
#13432=CARTESIAN_POINT('',(11.3889144442616,-0.749999999999989,32.));
#13433=CARTESIAN_POINT('',(11.3889144442616,-0.999999999999995,32.));
#13434=CARTESIAN_POINT('',(11.3889144442616,-0.999999999999989,32.25));
#13435=CARTESIAN_POINT('',(8.75,-0.749999999999959,32.25));
#13436=CARTESIAN_POINT('',(-8.3262849209635E-15,-0.749999999999862,32.25));
#13437=CARTESIAN_POINT('',(8.25,-0.24999999999996,32.25));
#13438=CARTESIAN_POINT('',(8.75,-0.249999999999959,32.25));
#13439=CARTESIAN_POINT('',(8.25,0.250000000000051,32.25));
#13440=CARTESIAN_POINT('',(8.25,9.66450675780582E-15,32.25));
#13441=CARTESIAN_POINT('',(8.75,0.750000000000051,32.25));
#13442=CARTESIAN_POINT('',(8.75,0.250000000000051,32.25));
#13443=CARTESIAN_POINT('',(11.3889144442615,0.750000000000075,32.25));
#13444=CARTESIAN_POINT('',(-6.88507155900632E-15,0.749999999999971,32.25));
#13445=CARTESIAN_POINT('',(12.1739472853095,1.86719722095728,32.1853995579146));
#13446=CARTESIAN_POINT('',(12.222886029117,1.8752190281686,32.));
#13447=CARTESIAN_POINT('',(12.4122761564429,1.90626296127635,32.));
#13448=CARTESIAN_POINT('',(12.2514319097716,1.40502846910995,32.1790240808794));
#13449=CARTESIAN_POINT('',(12.3096775355227,1.37839143865219,32.));
#13450=CARTESIAN_POINT('',(12.5132761472668,1.29009169090894,32.));
#13451=CARTESIAN_POINT('',(11.8551631720699,0.99999999999999,32.2116276628406));
#13452=CARTESIAN_POINT('',(11.8258092080826,0.964043536954577,32.));
#13453=CARTESIAN_POINT('',(11.9967159807067,0.750000088800794,32.));
#13454=CARTESIAN_POINT('',(11.3889144442615,1.00000000000008,32.25));
#13455=CARTESIAN_POINT('',(11.3889144442615,1.00000000000009,32.));
#13456=CARTESIAN_POINT('',(11.3889144442615,0.750000000000075,32.));
#13457=CARTESIAN_POINT('',(5.04493816929246,-10.238089230258,32.2499999999999));
#13458=CARTESIAN_POINT('',(4.55526592746307,-11.7024779509055,32.));
#13459=CARTESIAN_POINT('',(4.48745569850478,-11.5229393228614,32.));
#13460=CARTESIAN_POINT('',(4.4699334154303,-11.4765462238892,32.1853995579146));
#13461=CARTESIAN_POINT('',(5.13938589609329,-11.4818608735526,32.));
#13462=CARTESIAN_POINT('',(4.96111676552397,-11.3496891774784,32.));
#13463=CARTESIAN_POINT('',(4.90892560759555,-11.3125655011506,32.1790240808864));
#13464=CARTESIAN_POINT('',(5.34883886061276,-10.7644608456825,32.));
#13465=CARTESIAN_POINT('',(5.07801841069023,-10.723472962987,32.));
#13466=CARTESIAN_POINT('',(5.06155618225134,-10.7668724730235,32.2116276628371));
#13467=CARTESIAN_POINT('',(5.04493816929247,-10.238089230258,32.));
#13468=CARTESIAN_POINT('',(4.82843181834637,-10.3630892302581,32.));
#13469=CARTESIAN_POINT('',(4.82843181834637,-10.3630892302581,32.25));
#13470=CARTESIAN_POINT('',(3.72548094716171,-7.95272228311381,32.25));
#13471=CARTESIAN_POINT('',(-0.649519052838214,-0.374999999999925,32.25));
#13472=CARTESIAN_POINT('',(3.90849364905393,-7.2697095812216,32.25));
#13473=CARTESIAN_POINT('',(4.15849364905393,-7.70272228311381,32.25));
#13474=CARTESIAN_POINT('',(4.34150635094616,-7.01970958122159,32.25));
#13475=CARTESIAN_POINT('',(4.12500000000002,-7.14470958122161,32.25));
#13476=CARTESIAN_POINT('',(5.02451905283838,-7.2027222831138,32.25));
#13477=CARTESIAN_POINT('',(4.59150635094616,-7.45272228311381,32.25));
#13478=CARTESIAN_POINT('',(6.34397627496917,-9.48808923025797,32.25));
#13479=CARTESIAN_POINT('',(0.6495190528383,0.374999999999992,32.25));
#13480=CARTESIAN_POINT('',(7.70401386987941,-9.60934900293209,32.1853995579146));
#13481=CARTESIAN_POINT('',(7.73543033061239,-9.64772029469298,32.));
#13482=CARTESIAN_POINT('',(7.85701022898001,-9.79621498962932,32.));
#13483=CARTESIAN_POINT('',(7.34250630217519,-9.90753703204235,32.1790240808801));
#13484=CARTESIAN_POINT('',(7.34856076999302,-9.97129773882757,32.));
#13485=CARTESIAN_POINT('',(7.37389025116946,-10.1917691826454,32.));
#13486=CARTESIAN_POINT('',(6.79360698981939,-9.76687247302224,32.2116276628386));
#13487=CARTESIAN_POINT('',(6.74779079739706,-9.75942942603325,32.));
#13488=CARTESIAN_POINT('',(6.647877120097,-10.0144607568806,32.));
#13489=CARTESIAN_POINT('',(6.56048262591526,-9.36308923025794,32.25));
#13490=CARTESIAN_POINT('',(6.56048262591528,-9.36308923025794,32.));
#13491=CARTESIAN_POINT('',(6.34397627496913,-9.4880892302579,32.));
#13492=CARTESIAN_POINT('',(-11.3889144442615,0.749999999999959,32.2499999999999));
#13493=CARTESIAN_POINT('',(-12.4122761564429,1.9062629612763,32.));
#13494=CARTESIAN_POINT('',(-12.222886029117,1.87521902816854,32.));
#13495=CARTESIAN_POINT('',(-12.1739472853095,1.86719722095722,32.1853995579146));
#13496=CARTESIAN_POINT('',(-12.5132761472624,1.29009169090852,32.));
#13497=CARTESIAN_POINT('',(-12.3096775355172,1.37839143864859,32.));
#13498=CARTESIAN_POINT('',(-12.2514319097714,1.40502846910986,32.1790240808804));
#13499=CARTESIAN_POINT('',(-11.9967159807101,0.750000088800843,32.));
#13500=CARTESIAN_POINT('',(-11.8258092080866,0.964043536958469,32.));
#13501=CARTESIAN_POINT('',(-11.8551631720706,0.999999999999914,32.2116276628455));
#13502=CARTESIAN_POINT('',(-11.3889144442616,0.749999999999959,32.));
#13503=CARTESIAN_POINT('',(-11.3889144442616,0.999999999999966,32.));
#13504=CARTESIAN_POINT('',(-11.3889144442616,0.999999999999959,32.25));
#13505=CARTESIAN_POINT('',(-8.75,0.749999999999937,32.25));
#13506=CARTESIAN_POINT('',(6.4025684203963E-15,0.749999999999862,32.25));
#13507=CARTESIAN_POINT('',(-8.25,0.249999999999938,32.25));
#13508=CARTESIAN_POINT('',(-8.75,0.249999999999937,32.25));
#13509=CARTESIAN_POINT('',(-8.25,-0.250000000000072,32.25));
#13510=CARTESIAN_POINT('',(-8.25,-3.0825388264049E-14,32.25));
#13511=CARTESIAN_POINT('',(-8.75,-0.750000000000074,32.25));
#13512=CARTESIAN_POINT('',(-8.75,-0.250000000000074,32.25));
#13513=CARTESIAN_POINT('',(-11.3889144442615,-0.750000000000105,32.25));
#13514=CARTESIAN_POINT('',(8.8087880595738E-15,-0.749999999999971,32.25));
#13515=CARTESIAN_POINT('',(-12.1739472853095,-1.86719722095732,32.1853995579146));
#13516=CARTESIAN_POINT('',(-12.222886029117,-1.87521902816864,32.));
#13517=CARTESIAN_POINT('',(-12.4122761564429,-1.90626296127638,32.));
#13518=CARTESIAN_POINT('',(-12.2514319097715,-1.40502846910998,32.1790240808797));
#13519=CARTESIAN_POINT('',(-12.3096775355209,-1.37839143865233,32.));
#13520=CARTESIAN_POINT('',(-12.5132761472634,-1.29009169090876,32.));
#13521=CARTESIAN_POINT('',(-11.85516317207,-1.00000000000002,32.2116276628406));
#13522=CARTESIAN_POINT('',(-11.8258092080839,-0.964043536954317,32.));
#13523=CARTESIAN_POINT('',(-11.9967159807092,-0.750000088800824,32.));
#13524=CARTESIAN_POINT('',(-11.3889144442615,-1.0000000000001,32.25));
#13525=CARTESIAN_POINT('',(-11.3889144442615,-1.00000000000012,32.));
#13526=CARTESIAN_POINT('',(-11.3889144442615,-0.750000000000105,32.));
#13527=CARTESIAN_POINT('',(0.,0.,4.));
#13528=CARTESIAN_POINT('',(0.,0.,31.4341737512063));
#13529=CARTESIAN_POINT('',(0.,0.,40.));
#13530=CARTESIAN_POINT('',(0.,0.,1.));
#13531=CARTESIAN_POINT('',(0.,0.,0.));
#13532=CARTESIAN_POINT('',(10.7292523932603,-11.2309012586576,21.));
#13533=CARTESIAN_POINT('',(10.0864647835738,-10.4648568155386,22.));
#13534=CARTESIAN_POINT('',(10.4078585884171,-10.8478790370981,21.5));
#13535=CARTESIAN_POINT('',(10.4078585884171,-10.8478790370981,5.));
#13536=CARTESIAN_POINT('',(10.4078585884171,-10.8478790370981,5.));
#13537=CARTESIAN_POINT('',(0.76604444311898,0.642787609686542,5.));
#13538=CARTESIAN_POINT('',(9.06647113016463,-9.24927571466496,5.));
#13539=CARTESIAN_POINT('',(9.06647113016463,-9.24927571466496,0.));
#13540=CARTESIAN_POINT('',(9.06647113016463,-9.24927571466496,12.));
#13541=CARTESIAN_POINT('',(9.06647113016463,-9.24927571466496,12.));
#13542=CARTESIAN_POINT('',(9.06647113016463,-9.24927571466496,12.0713346602343));
#13543=CARTESIAN_POINT('',(9.06147364841362,-9.24331994783426,12.143078994025));
#13544=CARTESIAN_POINT('',(9.05165517665493,-9.23161874884206,12.212759072277));
#13545=CARTESIAN_POINT('',(9.0362180681814,-9.21322151935947,12.3223136906388));
#13546=CARTESIAN_POINT('',(9.00830495445602,-9.17995596579676,12.4292082687359));
#13547=CARTESIAN_POINT('',(8.97030310107969,-9.13466712051028,12.5245170112921));
#13548=CARTESIAN_POINT('',(8.93203374373709,-9.08905947641096,12.6204966544594));
#13549=CARTESIAN_POINT('',(8.88246442201403,-9.02998505916504,12.7074173457575));
#13550=CARTESIAN_POINT('',(8.82581915730432,-8.96247786144379,12.7780628343326));
#13551=CARTESIAN_POINT('',(8.76894443838224,-8.89469721084063,12.848994488133));
#13552=CARTESIAN_POINT('',(8.70335135662966,-8.81652642001266,12.9055106807616));
#13553=CARTESIAN_POINT('',(8.63455581944683,-8.73453909142057,12.9430007030819));
#13554=CARTESIAN_POINT('',(8.5657703537924,-8.65256376560864,12.9804852369382));
#13555=CARTESIAN_POINT('',(8.49188056616413,-8.56450534574663,13.));
#13556=CARTESIAN_POINT('',(8.41899716790804,-8.47764629403446,13.));
#13557=CARTESIAN_POINT('',(8.41899716790804,-8.47764629403446,13.));
#13558=CARTESIAN_POINT('',(0.76604444311898,0.642787609686542,13.));
#13559=CARTESIAN_POINT('',(7.12119552838271,-6.93098652765549,13.));
#13560=CARTESIAN_POINT('',(7.12119552838271,-6.9309865276555,0.));
#13561=CARTESIAN_POINT('',(7.12119552838271,-6.9309865276555,15.));
#13562=CARTESIAN_POINT('',(0.76604444311898,0.642787609686542,15.));
#13563=CARTESIAN_POINT('',(8.41899716790804,-8.47764629403446,15.));
#13564=CARTESIAN_POINT('',(8.41899716790804,-8.47764629403446,15.));
#13565=CARTESIAN_POINT('',(8.46817945899932,-8.5362594661345,15.));
#13566=CARTESIAN_POINT('',(8.51767375302646,-8.59524446885426,15.0087538196941));
#13567=CARTESIAN_POINT('',(8.5655984398633,-8.65235888656601,15.0259459510819));
#13568=CARTESIAN_POINT('',(8.63598849301126,-8.736246485288,15.0511971341775));
#13569=CARTESIAN_POINT('',(8.70456817261922,-8.81797656483975,15.0955091081438));
#13570=CARTESIAN_POINT('',(8.76570804653635,-8.89084022923125,15.1553615373182));
#13571=CARTESIAN_POINT('',(8.82645729279245,-8.96323836170434,15.2148315644215));
#13572=CARTESIAN_POINT('',(8.88150787310901,-9.02884508857099,15.2912655239468));
#13573=CARTESIAN_POINT('',(8.92630540617377,-9.08223270954028,15.3785099368825));
#13574=CARTESIAN_POINT('',(8.97097532091339,-9.1354682409121,15.4655058096622));
#13575=CARTESIAN_POINT('',(9.00666281490783,-9.17799894009066,15.5656292094034));
#13576=CARTESIAN_POINT('',(9.03037458097459,-9.20625752248748,15.6706859066431));
#13577=CARTESIAN_POINT('',(9.05408867956027,-9.2345188846721,15.7757529382767));
#13578=CARTESIAN_POINT('',(9.06647113016463,-9.24927571466496,15.8886440652656));
#13579=CARTESIAN_POINT('',(9.06647113016463,-9.24927571466496,16.));
#13580=CARTESIAN_POINT('',(9.06647113016463,-9.24927571466496,16.));
#13581=CARTESIAN_POINT('',(9.06647113016464,-9.24927571466496,0.));
#13582=CARTESIAN_POINT('',(9.06647113016463,-9.24927571466496,18.));
#13583=CARTESIAN_POINT('',(9.06647113016463,-9.24927571466496,18.));
#13584=CARTESIAN_POINT('',(9.06647113016463,-9.24927571466496,18.0713346602343));
#13585=CARTESIAN_POINT('',(9.06147364841362,-9.24331994783427,18.143078994025));
#13586=CARTESIAN_POINT('',(9.05165517665493,-9.23161874884206,18.212759072277));
#13587=CARTESIAN_POINT('',(9.03621806818141,-9.21322151935948,18.3223136906388));
#13588=CARTESIAN_POINT('',(9.00830495445602,-9.17995596579676,18.4292082687359));
#13589=CARTESIAN_POINT('',(8.97030310107969,-9.13466712051028,18.5245170112921));
#13590=CARTESIAN_POINT('',(8.93203374373709,-9.08905947641096,18.6204966544594));
#13591=CARTESIAN_POINT('',(8.88246442201403,-9.02998505916505,18.7074173457575));
#13592=CARTESIAN_POINT('',(8.82581915730432,-8.9624778614438,18.7780628343326));
#13593=CARTESIAN_POINT('',(8.76894443838225,-8.89469721084063,18.848994488133));
#13594=CARTESIAN_POINT('',(8.70335135662966,-8.81652642001266,18.9055106807616));
#13595=CARTESIAN_POINT('',(8.63455581944683,-8.73453909142057,18.9430007030819));
#13596=CARTESIAN_POINT('',(8.5657703537924,-8.65256376560864,18.9804852369382));
#13597=CARTESIAN_POINT('',(8.49188056616413,-8.56450534574663,19.));
#13598=CARTESIAN_POINT('',(8.41899716790804,-8.47764629403446,19.));
#13599=CARTESIAN_POINT('',(8.41899716790804,-8.47764629403446,19.));
#13600=CARTESIAN_POINT('',(0.76604444311898,0.642787609686542,19.));
#13601=CARTESIAN_POINT('',(7.12119552838271,-6.93098652765549,19.));
#13602=CARTESIAN_POINT('',(7.12119552838271,-6.9309865276555,0.));
#13603=CARTESIAN_POINT('',(7.12119552838271,-6.9309865276555,21.));
#13604=CARTESIAN_POINT('',(0.76604444311898,0.642787609686542,21.));
#13605=CARTESIAN_POINT('',(8.41899716790804,-8.47764629403446,21.));
#13606=CARTESIAN_POINT('',(8.41899716790804,-8.47764629403446,21.));
#13607=CARTESIAN_POINT('',(8.49188056616414,-8.56450534574664,21.));
#13608=CARTESIAN_POINT('',(8.56577035379241,-8.65256376560865,21.0195147630618));
#13609=CARTESIAN_POINT('',(8.63455581944683,-8.73453909142058,21.0569992969181));
#13610=CARTESIAN_POINT('',(8.70335135662966,-8.81652642001267,21.0944893192384));
#13611=CARTESIAN_POINT('',(8.76894443838225,-8.89469721084063,21.151005511867));
#13612=CARTESIAN_POINT('',(8.82581915730432,-8.9624778614438,21.2219371656674));
#13613=CARTESIAN_POINT('',(8.88246442201403,-9.02998505916505,21.2925826542425));
#13614=CARTESIAN_POINT('',(8.9320337437371,-9.08905947641097,21.3795033455406));
#13615=CARTESIAN_POINT('',(8.9703031010797,-9.13466712051028,21.4754829887079));
#13616=CARTESIAN_POINT('',(9.00830495445602,-9.17995596579676,21.5707917312641));
#13617=CARTESIAN_POINT('',(9.03621806818141,-9.21322151935948,21.6776863093612));
#13618=CARTESIAN_POINT('',(9.05165517665493,-9.23161874884206,21.787240927723));
#13619=CARTESIAN_POINT('',(9.06147364841362,-9.24331994783427,21.856921005975));
#13620=CARTESIAN_POINT('',(9.06647113016464,-9.24927571466496,21.9286653397657));
#13621=CARTESIAN_POINT('',(9.06647113016464,-9.24927571466496,22.));
#13622=CARTESIAN_POINT('',(9.06647113016464,-9.24927571466496,22.));
#13623=CARTESIAN_POINT('',(10.7292523932603,-11.2309012586576,22.));
#13624=CARTESIAN_POINT('',(0.76604444311898,0.642787609686542,0.));
#13625=CARTESIAN_POINT('',(9.19716350702239,-12.5164764780307,5.));
#13626=CARTESIAN_POINT('',(7.53438224392668,-10.534850934038,5.));
#13627=CARTESIAN_POINT('',(8.87576970217912,-12.1334542564712,5.));
#13628=CARTESIAN_POINT('',(8.87576970217912,-12.1334542564712,0.));
#13629=CARTESIAN_POINT('',(8.87576970217912,-12.1334542564712,21.5));
#13630=CARTESIAN_POINT('',(10.9648294336604,-14.6230986966079,18.25));
#13631=CARTESIAN_POINT('',(8.55437589733585,-11.7504320349117,22.));
#13632=CARTESIAN_POINT('',(9.19716350702239,-12.5164764780307,22.));
#13633=CARTESIAN_POINT('',(7.53438224392668,-10.534850934038,22.));
#13634=CARTESIAN_POINT('',(7.53438224392668,-10.534850934038,22.));
#13635=CARTESIAN_POINT('',(7.53438224392668,-10.534850934038,21.9286653397657));
#13636=CARTESIAN_POINT('',(7.52938476217567,-10.5288951672074,21.856921005975));
#13637=CARTESIAN_POINT('',(7.51956629041698,-10.5171939682151,21.787240927723));
#13638=CARTESIAN_POINT('',(7.50412918194345,-10.4987967387326,21.6776863093612));
#13639=CARTESIAN_POINT('',(7.47621606821807,-10.4655311851698,21.5707917312641));
#13640=CARTESIAN_POINT('',(7.43821421484174,-10.4202423398834,21.4754829887079));
#13641=CARTESIAN_POINT('',(7.39994485749914,-10.374634695784,21.3795033455406));
#13642=CARTESIAN_POINT('',(7.35037553577608,-10.3155602785381,21.2925826542425));
#13643=CARTESIAN_POINT('',(7.29373027106637,-10.2480530808169,21.2219371656674));
#13644=CARTESIAN_POINT('',(7.23685555214429,-10.1802724302137,21.151005511867));
#13645=CARTESIAN_POINT('',(7.17126247039171,-10.1021016393857,21.0944893192384));
#13646=CARTESIAN_POINT('',(7.10246693320887,-10.0201143107937,21.0569992969181));
#13647=CARTESIAN_POINT('',(7.03368146755445,-9.93813898498173,21.0195147630618));
#13648=CARTESIAN_POINT('',(6.95979167992618,-9.85008056511971,21.));
#13649=CARTESIAN_POINT('',(6.88690828167009,-9.76322151340754,21.));
#13650=CARTESIAN_POINT('',(6.88690828167009,-9.76322151340754,21.));
#13651=CARTESIAN_POINT('',(5.62961152054003,-8.26483358137373,21.));
#13652=CARTESIAN_POINT('',(5.58910664214476,-8.21656174702858,21.));
#13653=CARTESIAN_POINT('',(5.58910664214476,-8.21656174702858,19.));
#13654=CARTESIAN_POINT('',(5.58910664214476,-8.21656174702857,19.));
#13655=CARTESIAN_POINT('',(6.92057739594755,-9.80334680130717,19.));
#13656=CARTESIAN_POINT('',(6.88690828167008,-9.76322151340754,19.));
#13657=CARTESIAN_POINT('',(6.88690828167008,-9.76322151340754,19.));
#13658=CARTESIAN_POINT('',(6.93609057276136,-9.82183468550758,19.));
#13659=CARTESIAN_POINT('',(6.9855848667885,-9.88081968822734,18.9912461803059));
#13660=CARTESIAN_POINT('',(7.03350955362534,-9.93793410593909,18.9740540489181));
#13661=CARTESIAN_POINT('',(7.1038996067733,-10.0218217046611,18.9488028658225));
#13662=CARTESIAN_POINT('',(7.17247928638127,-10.1035517842128,18.9044908918562));
#13663=CARTESIAN_POINT('',(7.2336191602984,-10.1764154486043,18.8446384626818));
#13664=CARTESIAN_POINT('',(7.29436840655449,-10.2488135810774,18.7851684355785));
#13665=CARTESIAN_POINT('',(7.34941898687105,-10.3144203079441,18.7087344760532));
#13666=CARTESIAN_POINT('',(7.39421651993581,-10.3678079289134,18.6214900631175));
#13667=CARTESIAN_POINT('',(7.43888643467543,-10.4210434602852,18.5344941903378));
#13668=CARTESIAN_POINT('',(7.47457392866987,-10.4635741594637,18.4343707905966));
#13669=CARTESIAN_POINT('',(7.49828569473664,-10.4918327418606,18.3293140933569));
#13670=CARTESIAN_POINT('',(7.52199979332232,-10.5200941040452,18.2242470617233));
#13671=CARTESIAN_POINT('',(7.53438224392668,-10.534850934038,18.1113559347344));
#13672=CARTESIAN_POINT('',(7.53438224392668,-10.534850934038,18.));
#13673=CARTESIAN_POINT('',(7.53438224392668,-10.534850934038,18.));
#13674=CARTESIAN_POINT('',(7.53438224392668,-10.534850934038,16.));
#13675=CARTESIAN_POINT('',(7.53438224392668,-10.534850934038,16.));
#13676=CARTESIAN_POINT('',(7.53438224392668,-10.534850934038,16.));
#13677=CARTESIAN_POINT('',(7.53438224392668,-10.534850934038,15.9286653397657));
#13678=CARTESIAN_POINT('',(7.52938476217567,-10.5288951672073,15.856921005975));
#13679=CARTESIAN_POINT('',(7.51956629041697,-10.5171939682151,15.787240927723));
#13680=CARTESIAN_POINT('',(7.50412918194345,-10.4987967387326,15.6776863093612));
#13681=CARTESIAN_POINT('',(7.47621606821806,-10.4655311851698,15.5707917312641));
#13682=CARTESIAN_POINT('',(7.43821421484173,-10.4202423398834,15.4754829887079));
#13683=CARTESIAN_POINT('',(7.39994485749914,-10.374634695784,15.3795033455406));
#13684=CARTESIAN_POINT('',(7.35037553577608,-10.3155602785381,15.2925826542425));
#13685=CARTESIAN_POINT('',(7.29373027106636,-10.2480530808169,15.2219371656674));
#13686=CARTESIAN_POINT('',(7.23685555214429,-10.1802724302137,15.151005511867));
#13687=CARTESIAN_POINT('',(7.1712624703917,-10.1021016393857,15.0944893192384));
#13688=CARTESIAN_POINT('',(7.10246693320887,-10.0201143107937,15.0569992969181));
#13689=CARTESIAN_POINT('',(7.03368146755445,-9.93813898498172,15.0195147630618));
#13690=CARTESIAN_POINT('',(6.95979167992618,-9.85008056511971,15.));
#13691=CARTESIAN_POINT('',(6.88690828167008,-9.76322151340754,15.));
#13692=CARTESIAN_POINT('',(6.88690828167008,-9.76322151340754,15.));
#13693=CARTESIAN_POINT('',(5.62961152054003,-8.26483358137373,15.));
#13694=CARTESIAN_POINT('',(5.58910664214476,-8.21656174702858,15.));
#13695=CARTESIAN_POINT('',(5.58910664214476,-8.21656174702858,13.));
#13696=CARTESIAN_POINT('',(5.58910664214476,-8.21656174702857,13.));
#13697=CARTESIAN_POINT('',(6.92057739594755,-9.80334680130717,13.));
#13698=CARTESIAN_POINT('',(6.88690828167008,-9.76322151340754,13.));
#13699=CARTESIAN_POINT('',(6.88690828167008,-9.76322151340754,13.));
#13700=CARTESIAN_POINT('',(6.93609057276135,-9.82183468550758,13.));
#13701=CARTESIAN_POINT('',(6.9855848667885,-9.88081968822734,12.9912461803059));
#13702=CARTESIAN_POINT('',(7.03350955362533,-9.93793410593909,12.9740540489181));
#13703=CARTESIAN_POINT('',(7.1038996067733,-10.0218217046611,12.9488028658225));
#13704=CARTESIAN_POINT('',(7.17247928638127,-10.1035517842128,12.9044908918562));
#13705=CARTESIAN_POINT('',(7.23361916029839,-10.1764154486043,12.8446384626818));
#13706=CARTESIAN_POINT('',(7.29436840655449,-10.2488135810774,12.7851684355785));
#13707=CARTESIAN_POINT('',(7.34941898687105,-10.3144203079441,12.7087344760532));
#13708=CARTESIAN_POINT('',(7.39421651993581,-10.3678079289134,12.6214900631175));
#13709=CARTESIAN_POINT('',(7.43888643467543,-10.4210434602852,12.5344941903378));
#13710=CARTESIAN_POINT('',(7.47457392866987,-10.4635741594637,12.4343707905966));
#13711=CARTESIAN_POINT('',(7.49828569473664,-10.4918327418606,12.3293140933569));
#13712=CARTESIAN_POINT('',(7.52199979332232,-10.5200941040452,12.2242470617233));
#13713=CARTESIAN_POINT('',(7.53438224392668,-10.534850934038,12.1113559347344));
#13714=CARTESIAN_POINT('',(7.53438224392668,-10.534850934038,12.));
#13715=CARTESIAN_POINT('',(7.53438224392668,-10.534850934038,12.));
#13716=CARTESIAN_POINT('',(7.53438224392668,-10.534850934038,5.));
#13717=CARTESIAN_POINT('',(-0.766044443118975,-0.642787609686538,0.));
#13718=CARTESIAN_POINT('',(10.7292523932603,-11.2309012586576,21.));
#13719=CARTESIAN_POINT('',(10.3462301717009,-11.5522950635009,21.));
#13720=CARTESIAN_POINT('',(9.58018572858188,-12.1950826731874,21.));
#13721=CARTESIAN_POINT('',(9.58018572858188,-12.1950826731874,4.5));
#13722=CARTESIAN_POINT('',(9.58018572858188,-12.1950826731874,5.));
#13723=CARTESIAN_POINT('',(11.1122746148198,-10.9095074538143,5.));
#13724=CARTESIAN_POINT('',(10.3462301717009,-11.5522950635009,5.));
#13725=CARTESIAN_POINT('',(10.3462301717009,-11.5522950635009,21.));
#13726=CARTESIAN_POINT('',(10.7292523932603,-11.2309012586576,4.5));
#13727=CARTESIAN_POINT('',(10.0864647835738,-10.4648568155386,22.));
#13728=CARTESIAN_POINT('',(9.44949335172413,-8.92788190982169,22.));
#13729=CARTESIAN_POINT('',(7.15136002236721,-10.8562447388813,22.));
#13730=CARTESIAN_POINT('',(10.7292523932603,-11.2309012586576,22.));
#13731=CARTESIAN_POINT('',(9.25879192373861,-11.8120604516279,21.5));
#13732=CARTESIAN_POINT('',(10.0248363668576,-11.1692728419414,21.5));
#13733=CARTESIAN_POINT('',(10.7292523932603,-11.2309012586576,21.));
#13734=CARTESIAN_POINT('',(9.13553509030617,-13.2208925044335,5.));
#13735=CARTESIAN_POINT('',(7.15136002236719,-10.8562447388813,5.));
#13736=CARTESIAN_POINT('',(-1.14906666467846,-0.964181414529808,5.));
#13737=CARTESIAN_POINT('',(7.15136002236719,-10.8562447388813,5.));
#13738=CARTESIAN_POINT('',(7.15136002236718,-10.8562447388813,5.));
#13739=CARTESIAN_POINT('',(7.15136002236718,-10.8562447388813,12.));
#13740=CARTESIAN_POINT('',(7.15136002236719,-10.8562447388813,0.));
#13741=CARTESIAN_POINT('',(6.50388606011059,-10.0846153182508,13.));
#13742=CARTESIAN_POINT('',(6.50388606011059,-10.0846153182508,12.5));
#13743=CARTESIAN_POINT('',(6.88690828167008,-9.76322151340754,12.5));
#13744=CARTESIAN_POINT('',(6.88690828167008,-9.76322151340754,13.));
#13745=CARTESIAN_POINT('',(6.70850859207721,-10.27568271932,12.5));
#13746=CARTESIAN_POINT('',(7.06156220895947,-9.9713659587135,12.5331793394636));
#13747=CARTESIAN_POINT('',(7.23870041002263,-10.182471046218,12.9999999407983));
#13748=CARTESIAN_POINT('',(6.87630770510259,-10.4386968700478,12.2735014951185));
#13749=CARTESIAN_POINT('',(7.24816059692733,-10.1937452579461,12.3087515320725));
#13750=CARTESIAN_POINT('',(7.53438218346404,-10.5348508619815,12.5470030337725));
#13751=CARTESIAN_POINT('',(6.8763077138146,-10.4386968643089,12.));
#13752=CARTESIAN_POINT('',(7.24816063402855,-10.1937453021638,12.));
#13753=CARTESIAN_POINT('',(7.53438224392667,-10.534850934038,12.));
#13754=CARTESIAN_POINT('',(5.20608442058527,-8.53795555187184,13.));
#13755=CARTESIAN_POINT('',(-1.14906666467846,-0.964181414529808,13.));
#13756=CARTESIAN_POINT('',(5.20608442058527,-8.53795555187184,13.));
#13757=CARTESIAN_POINT('',(5.20608442058527,-8.53795555187184,13.));
#13758=CARTESIAN_POINT('',(5.20608442058527,-8.53795555187184,15.));
#13759=CARTESIAN_POINT('',(5.20608442058527,-8.53795555187185,0.));
#13760=CARTESIAN_POINT('',(5.20608442058527,-8.53795555187184,15.));
#13761=CARTESIAN_POINT('',(5.20608442058527,-8.53795555187184,15.));
#13762=CARTESIAN_POINT('',(6.5038860601106,-10.0846153182508,15.));
#13763=CARTESIAN_POINT('',(-1.14906666467846,-0.964181414529808,15.));
#13764=CARTESIAN_POINT('',(7.15136002236719,-10.8562447388813,16.));
#13765=CARTESIAN_POINT('',(6.8763077138146,-10.438696864309,16.));
#13766=CARTESIAN_POINT('',(7.24816063402855,-10.1937453021639,16.));
#13767=CARTESIAN_POINT('',(7.53438224392668,-10.534850934038,16.));
#13768=CARTESIAN_POINT('',(6.8763077082656,-10.4386968679643,15.7251597478937));
#13769=CARTESIAN_POINT('',(7.24816061038951,-10.1937452739911,15.6897257286105));
#13770=CARTESIAN_POINT('',(7.53438220541477,-10.5348508881413,15.450319429856));
#13771=CARTESIAN_POINT('',(6.70754576453951,-10.2747836742807,15.5));
#13772=CARTESIAN_POINT('',(7.06068276314933,-9.97031787601217,15.4669877462043));
#13773=CARTESIAN_POINT('',(7.23704022190177,-10.1804925110606,15.0000000885587));
#13774=CARTESIAN_POINT('',(6.5038860601106,-10.0846153182508,15.5));
#13775=CARTESIAN_POINT('',(6.88690828167008,-9.76322151340754,15.5));
#13776=CARTESIAN_POINT('',(6.88690828167008,-9.76322151340754,15.));
#13777=CARTESIAN_POINT('',(7.15136002236719,-10.8562447388813,18.));
#13778=CARTESIAN_POINT('',(7.15136002236719,-10.8562447388813,0.));
#13779=CARTESIAN_POINT('',(6.5038860601106,-10.0846153182508,19.));
#13780=CARTESIAN_POINT('',(6.5038860601106,-10.0846153182508,18.5));
#13781=CARTESIAN_POINT('',(6.88690828167008,-9.76322151340754,18.5));
#13782=CARTESIAN_POINT('',(6.88690828167008,-9.76322151340754,19.));
#13783=CARTESIAN_POINT('',(6.7085085920773,-10.2756827193198,18.5));
#13784=CARTESIAN_POINT('',(7.0615622089571,-9.97136595871205,18.5331793394675));
#13785=CARTESIAN_POINT('',(7.23870041002239,-10.1824710462178,18.9999999407983));
#13786=CARTESIAN_POINT('',(6.87630770510271,-10.4386968700478,18.2735014951185));
#13787=CARTESIAN_POINT('',(7.24816059692806,-10.19374525795,18.3087515320695));
#13788=CARTESIAN_POINT('',(7.53438218346437,-10.5348508619819,18.5470030337725));
#13789=CARTESIAN_POINT('',(6.8763077138146,-10.438696864309,18.));
#13790=CARTESIAN_POINT('',(7.24816063402855,-10.1937453021639,18.));
#13791=CARTESIAN_POINT('',(7.53438224392668,-10.534850934038,18.));
#13792=CARTESIAN_POINT('',(5.20608442058527,-8.53795555187184,19.));
#13793=CARTESIAN_POINT('',(-1.14906666467846,-0.964181414529808,19.));
#13794=CARTESIAN_POINT('',(5.20608442058527,-8.53795555187184,19.));
#13795=CARTESIAN_POINT('',(5.20608442058527,-8.53795555187184,19.));
#13796=CARTESIAN_POINT('',(5.20608442058527,-8.53795555187184,21.));
#13797=CARTESIAN_POINT('',(5.20608442058527,-8.53795555187185,0.));
#13798=CARTESIAN_POINT('',(5.20608442058527,-8.53795555187184,21.));
#13799=CARTESIAN_POINT('',(5.20608442058527,-8.53795555187184,21.));
#13800=CARTESIAN_POINT('',(6.5038860601106,-10.0846153182508,21.));
#13801=CARTESIAN_POINT('',(-1.14906666467846,-0.964181414529808,21.));
#13802=CARTESIAN_POINT('',(6.87630771381463,-10.438696864309,22.));
#13803=CARTESIAN_POINT('',(7.24816063402858,-10.1937453021639,22.));
#13804=CARTESIAN_POINT('',(7.5343822439267,-10.5348509340381,22.));
#13805=CARTESIAN_POINT('',(6.87630771144981,-10.4386968658668,21.7261637414665));
#13806=CARTESIAN_POINT('',(7.24816062393052,-10.193745290134,21.6908594908017));
#13807=CARTESIAN_POINT('',(7.53438222750974,-10.5348509144731,21.4523274165457));
#13808=CARTESIAN_POINT('',(6.70796691204383,-10.2751769230501,21.5));
#13809=CARTESIAN_POINT('',(7.06109285771897,-9.97080660768081,21.4669098398));
#13810=CARTESIAN_POINT('',(7.23776671131214,-10.1813583074254,21.0000000887444));
#13811=CARTESIAN_POINT('',(6.5038860601106,-10.0846153182508,21.5));
#13812=CARTESIAN_POINT('',(6.88690828167009,-9.76322151340754,21.5));
#13813=CARTESIAN_POINT('',(6.88690828167009,-9.76322151340754,21.));
#13814=CARTESIAN_POINT('',(11.4336684196631,-11.2925296753738,5.));
#13815=CARTESIAN_POINT('',(9.44949335172412,-8.92788190982169,5.));
#13816=CARTESIAN_POINT('',(8.58623306567611,-7.89908836258007,5.));
#13817=CARTESIAN_POINT('',(9.44949335172412,-8.92788190982169,5.));
#13818=CARTESIAN_POINT('',(9.44949335172412,-8.92788190982169,5.));
#13819=CARTESIAN_POINT('',(9.44949335172412,-8.92788190982169,12.));
#13820=CARTESIAN_POINT('',(9.44949335172412,-8.92788190982169,0.));
#13821=CARTESIAN_POINT('',(8.80201938946753,-8.15625248919119,13.));
#13822=CARTESIAN_POINT('',(9.08605129973473,-8.58450183636701,12.));
#13823=CARTESIAN_POINT('',(8.7802495202665,-8.90817008279077,12.));
#13824=CARTESIAN_POINT('',(9.06647113016463,-9.24927571466496,12.));
#13825=CARTESIAN_POINT('',(9.08605130429743,-8.58450183153773,12.2748402521063));
#13826=CARTESIAN_POINT('',(8.78024949662966,-8.90817005462196,12.3102742713912));
#13827=CARTESIAN_POINT('',(9.06647109165272,-9.24927566876826,12.549680570144));
#13828=CARTESIAN_POINT('',(8.9539335243241,-8.38984053356389,12.5));
#13829=CARTESIAN_POINT('',(8.59277164938338,-8.68474265663829,12.5330122537935));
#13830=CARTESIAN_POINT('',(8.76912910813972,-8.89491729168754,12.9999999114413));
#13831=CARTESIAN_POINT('',(8.80201938946753,-8.15625248919119,12.5));
#13832=CARTESIAN_POINT('',(8.41899716790804,-8.47764629403445,12.5));
#13833=CARTESIAN_POINT('',(8.41899716790804,-8.47764629403446,13.));
#13834=CARTESIAN_POINT('',(7.5042177499422,-6.60959272281222,13.));
#13835=CARTESIAN_POINT('',(6.31376555426016,-5.19086704179648,13.));
#13836=CARTESIAN_POINT('',(7.5042177499422,-6.60959272281222,13.));
#13837=CARTESIAN_POINT('',(7.5042177499422,-6.60959272281222,13.));
#13838=CARTESIAN_POINT('',(7.5042177499422,-6.60959272281223,15.));
#13839=CARTESIAN_POINT('',(7.5042177499422,-6.60959272281223,0.));
#13840=CARTESIAN_POINT('',(7.5042177499422,-6.60959272281222,15.));
#13841=CARTESIAN_POINT('',(7.5042177499422,-6.60959272281222,15.));
#13842=CARTESIAN_POINT('',(8.80201938946753,-8.15625248919119,15.));
#13843=CARTESIAN_POINT('',(5.07423782076055,-3.71365541227817,15.));
#13844=CARTESIAN_POINT('',(9.44949335172412,-8.92788190982169,16.));
#13845=CARTESIAN_POINT('',(8.80201938946753,-8.15625248919119,15.5));
#13846=CARTESIAN_POINT('',(8.41899716790804,-8.47764629403446,15.5));
#13847=CARTESIAN_POINT('',(8.41899716790804,-8.47764629403446,15.));
#13848=CARTESIAN_POINT('',(8.95465171760262,-8.39094485112011,15.5));
#13849=CARTESIAN_POINT('',(8.59365109519195,-8.68579073934037,15.466820660537));
#13850=CARTESIAN_POINT('',(8.7707892962602,-8.8968958268445,15.0000000592017));
#13851=CARTESIAN_POINT('',(9.08605130689907,-8.58450182878411,15.7264985048815));
#13852=CARTESIAN_POINT('',(8.78024948316602,-8.90817003857889,15.691248467927));
#13853=CARTESIAN_POINT('',(9.06647106970252,-9.24927564260903,15.4529969662275));
#13854=CARTESIAN_POINT('',(9.08605129973473,-8.58450183636701,16.));
#13855=CARTESIAN_POINT('',(8.78024952026651,-8.90817008279077,16.));
#13856=CARTESIAN_POINT('',(9.06647113016463,-9.24927571466496,16.));
#13857=CARTESIAN_POINT('',(9.44949335172412,-8.92788190982169,18.));
#13858=CARTESIAN_POINT('',(9.44949335172412,-8.92788190982169,0.));
#13859=CARTESIAN_POINT('',(8.80201938946753,-8.15625248919119,19.));
#13860=CARTESIAN_POINT('',(9.08605129973473,-8.58450183636701,18.));
#13861=CARTESIAN_POINT('',(8.78024952026651,-8.90817008279077,18.));
#13862=CARTESIAN_POINT('',(9.06647113016463,-9.24927571466496,18.));
#13863=CARTESIAN_POINT('',(9.08605130429676,-8.58450183153845,18.2748402521064));
#13864=CARTESIAN_POINT('',(8.78024949662966,-8.90817005462196,18.3102742713908));
#13865=CARTESIAN_POINT('',(9.06647109165273,-9.24927566876826,18.5496805701454));
#13866=CARTESIAN_POINT('',(8.95393352432234,-8.38984053356481,18.5));
#13867=CARTESIAN_POINT('',(8.59277164938378,-8.68474265663793,18.5330122537941));
#13868=CARTESIAN_POINT('',(8.76912910813971,-8.89491729168753,18.9999999114394));
#13869=CARTESIAN_POINT('',(8.80201938946753,-8.15625248919119,18.5));
#13870=CARTESIAN_POINT('',(8.41899716790804,-8.47764629403446,18.5));
#13871=CARTESIAN_POINT('',(8.41899716790804,-8.47764629403446,19.));
#13872=CARTESIAN_POINT('',(7.5042177499422,-6.60959272281222,19.));
#13873=CARTESIAN_POINT('',(6.31376555426016,-5.19086704179649,19.));
#13874=CARTESIAN_POINT('',(7.5042177499422,-6.60959272281222,19.));
#13875=CARTESIAN_POINT('',(7.5042177499422,-6.60959272281222,19.));
#13876=CARTESIAN_POINT('',(7.5042177499422,-6.60959272281223,21.));
#13877=CARTESIAN_POINT('',(7.5042177499422,-6.60959272281223,0.));
#13878=CARTESIAN_POINT('',(7.5042177499422,-6.60959272281222,21.));
#13879=CARTESIAN_POINT('',(7.5042177499422,-6.60959272281222,21.));
#13880=CARTESIAN_POINT('',(8.80201938946753,-8.15625248919119,21.));
#13881=CARTESIAN_POINT('',(5.07423782076055,-3.71365541227817,21.));
#13882=CARTESIAN_POINT('',(9.06647113016466,-9.24927571466499,22.));
#13883=CARTESIAN_POINT('',(8.78024952026654,-8.9081700827908,22.));
#13884=CARTESIAN_POINT('',(9.08605129973476,-8.58450183636704,22.));
#13885=CARTESIAN_POINT('',(9.06647111374675,-9.24927569509889,21.4523274165458));
#13886=CARTESIAN_POINT('',(8.78024951016993,-8.90817007075896,21.6908594908046));
#13887=CARTESIAN_POINT('',(9.0860513016783,-8.58450183430996,21.7261637414665));
#13888=CARTESIAN_POINT('',(8.76985559755079,-8.89578308805317,21.0000000887444));
#13889=CARTESIAN_POINT('',(8.59318174395075,-8.68523138831328,21.4669098397963));
#13890=CARTESIAN_POINT('',(8.95424766726556,-8.39032356982262,21.5));
#13891=CARTESIAN_POINT('',(8.41899716790804,-8.47764629403446,21.));
#13892=CARTESIAN_POINT('',(8.41899716790804,-8.47764629403446,21.5));
#13893=CARTESIAN_POINT('',(8.80201938946753,-8.15625248919119,21.5));
#13894=CARTESIAN_POINT('',(-9.19716350702244,12.5164764780307,5.));
#13895=CARTESIAN_POINT('',(-8.87576970217917,12.1334542564712,5.));
#13896=CARTESIAN_POINT('',(-7.5343822439267,10.534850934038,5.));
#13897=CARTESIAN_POINT('',(-8.87576970217917,12.1334542564712,21.));
#13898=CARTESIAN_POINT('',(-8.87576970217916,12.1334542564712,21.5));
#13899=CARTESIAN_POINT('',(-10.9648294336604,14.6230986966079,18.25));
#13900=CARTESIAN_POINT('',(-8.55437589733589,11.7504320349117,22.));
#13901=CARTESIAN_POINT('',(-9.19716350702243,12.5164764780307,22.));
#13902=CARTESIAN_POINT('',(-7.53438224392671,10.534850934038,22.));
#13903=CARTESIAN_POINT('',(-6.88690828167011,9.76322151340752,21.));
#13904=CARTESIAN_POINT('',(-6.9597916799262,9.8500805651197,21.));
#13905=CARTESIAN_POINT('',(-7.03368146755447,9.93813898498171,21.0195147630618));
#13906=CARTESIAN_POINT('',(-7.1024669332089,10.0201143107936,21.0569992969181));
#13907=CARTESIAN_POINT('',(-7.17126247039173,10.1021016393857,21.0944893192384));
#13908=CARTESIAN_POINT('',(-7.23685555214432,10.1802724302137,21.151005511867));
#13909=CARTESIAN_POINT('',(-7.29373027106639,10.2480530808169,21.2219371656674));
#13910=CARTESIAN_POINT('',(-7.35037553577611,10.3155602785381,21.2925826542425));
#13911=CARTESIAN_POINT('',(-7.39994485749917,10.374634695784,21.3795033455406));
#13912=CARTESIAN_POINT('',(-7.43821421484177,10.4202423398833,21.4754829887079));
#13913=CARTESIAN_POINT('',(-7.47621606821809,10.4655311851698,21.5707917312641));
#13914=CARTESIAN_POINT('',(-7.50412918194348,10.4987967387325,21.6776863093612));
#13915=CARTESIAN_POINT('',(-7.519566290417,10.5171939682151,21.787240927723));
#13916=CARTESIAN_POINT('',(-7.5293847621757,10.5288951672073,21.856921005975));
#13917=CARTESIAN_POINT('',(-7.53438224392671,10.534850934038,21.9286653397657));
#13918=CARTESIAN_POINT('',(-7.53438224392671,10.534850934038,22.));
#13919=CARTESIAN_POINT('',(-6.88690828167011,9.76322151340752,21.));
#13920=CARTESIAN_POINT('',(-5.62961152054036,8.26483358137409,21.));
#13921=CARTESIAN_POINT('',(-5.58910664214478,8.21656174702856,21.));
#13922=CARTESIAN_POINT('',(-5.58910664214478,8.21656174702856,19.));
#13923=CARTESIAN_POINT('',(-5.58910664214478,8.21656174702856,19.));
#13924=CARTESIAN_POINT('',(-6.92057739594793,9.80334680130758,19.));
#13925=CARTESIAN_POINT('',(-6.88690828167011,9.76322151340752,19.));
#13926=CARTESIAN_POINT('',(-7.53438224392671,10.534850934038,18.));
#13927=CARTESIAN_POINT('',(-7.53438224392671,10.534850934038,18.1113559347344));
#13928=CARTESIAN_POINT('',(-7.52199979332235,10.5200941040452,18.2242470617233));
#13929=CARTESIAN_POINT('',(-7.49828569473667,10.4918327418605,18.3293140933569));
#13930=CARTESIAN_POINT('',(-7.4745739286699,10.4635741594637,18.4343707905966));
#13931=CARTESIAN_POINT('',(-7.43888643467546,10.4210434602852,18.5344941903378));
#13932=CARTESIAN_POINT('',(-7.39421651993583,10.3678079289133,18.6214900631175));
#13933=CARTESIAN_POINT('',(-7.34941898687108,10.3144203079441,18.7087344760532));
#13934=CARTESIAN_POINT('',(-7.29436840655452,10.2488135810774,18.7851684355785));
#13935=CARTESIAN_POINT('',(-7.23361916029842,10.1764154486043,18.8446384626818));
#13936=CARTESIAN_POINT('',(-7.1724792863813,10.1035517842128,18.9044908918562));
#13937=CARTESIAN_POINT('',(-7.10389960677333,10.0218217046611,18.9488028658225));
#13938=CARTESIAN_POINT('',(-7.03350955362537,9.93793410593908,18.9740540489181));
#13939=CARTESIAN_POINT('',(-6.98558486678853,9.88081968822733,18.9912461803059));
#13940=CARTESIAN_POINT('',(-6.93609057276138,9.82183468550756,19.));
#13941=CARTESIAN_POINT('',(-6.88690828167011,9.76322151340752,19.));
#13942=CARTESIAN_POINT('',(-7.53438224392671,10.534850934038,18.));
#13943=CARTESIAN_POINT('',(-7.53438224392671,10.534850934038,16.));
#13944=CARTESIAN_POINT('',(-7.5343822439267,10.534850934038,16.));
#13945=CARTESIAN_POINT('',(-6.88690828167011,9.76322151340752,15.));
#13946=CARTESIAN_POINT('',(-6.9597916799262,9.85008056511969,15.));
#13947=CARTESIAN_POINT('',(-7.03368146755447,9.93813898498171,15.0195147630618));
#13948=CARTESIAN_POINT('',(-7.1024669332089,10.0201143107936,15.0569992969181));
#13949=CARTESIAN_POINT('',(-7.17126247039173,10.1021016393857,15.0944893192384));
#13950=CARTESIAN_POINT('',(-7.23685555214432,10.1802724302137,15.151005511867));
#13951=CARTESIAN_POINT('',(-7.29373027106639,10.2480530808169,15.2219371656674));
#13952=CARTESIAN_POINT('',(-7.35037553577611,10.3155602785381,15.2925826542425));
#13953=CARTESIAN_POINT('',(-7.39994485749917,10.374634695784,15.3795033455406));
#13954=CARTESIAN_POINT('',(-7.43821421484176,10.4202423398833,15.4754829887079));
#13955=CARTESIAN_POINT('',(-7.47621606821809,10.4655311851698,15.5707917312641));
#13956=CARTESIAN_POINT('',(-7.50412918194348,10.4987967387325,15.6776863093612));
#13957=CARTESIAN_POINT('',(-7.519566290417,10.5171939682151,15.787240927723));
#13958=CARTESIAN_POINT('',(-7.52938476217569,10.5288951672073,15.856921005975));
#13959=CARTESIAN_POINT('',(-7.5343822439267,10.534850934038,15.9286653397657));
#13960=CARTESIAN_POINT('',(-7.5343822439267,10.534850934038,16.));
#13961=CARTESIAN_POINT('',(-6.88690828167011,9.76322151340752,15.));
#13962=CARTESIAN_POINT('',(-5.62961152054005,8.26483358137371,15.));
#13963=CARTESIAN_POINT('',(-5.58910664214478,8.21656174702856,15.));
#13964=CARTESIAN_POINT('',(-5.58910664214478,8.21656174702856,13.));
#13965=CARTESIAN_POINT('',(-5.58910664214478,8.21656174702856,13.));
#13966=CARTESIAN_POINT('',(-6.92057739594757,9.80334680130715,13.));
#13967=CARTESIAN_POINT('',(-6.88690828167011,9.76322151340752,13.));
#13968=CARTESIAN_POINT('',(-7.5343822439267,10.534850934038,12.));
#13969=CARTESIAN_POINT('',(-7.5343822439267,10.534850934038,12.1113559347344));
#13970=CARTESIAN_POINT('',(-7.52199979332234,10.5200941040452,12.2242470617233));
#13971=CARTESIAN_POINT('',(-7.49828569473666,10.4918327418605,12.3293140933569));
#13972=CARTESIAN_POINT('',(-7.4745739286699,10.4635741594637,12.4343707905966));
#13973=CARTESIAN_POINT('',(-7.43888643467545,10.4210434602852,12.5344941903378));
#13974=CARTESIAN_POINT('',(-7.39421651993583,10.3678079289133,12.6214900631175));
#13975=CARTESIAN_POINT('',(-7.34941898687108,10.3144203079441,12.7087344760532));
#13976=CARTESIAN_POINT('',(-7.29436840655452,10.2488135810774,12.7851684355785));
#13977=CARTESIAN_POINT('',(-7.23361916029842,10.1764154486043,12.8446384626818));
#13978=CARTESIAN_POINT('',(-7.17247928638129,10.1035517842128,12.9044908918562));
#13979=CARTESIAN_POINT('',(-7.10389960677332,10.0218217046611,12.9488028658225));
#13980=CARTESIAN_POINT('',(-7.03350955362536,9.93793410593907,12.9740540489181));
#13981=CARTESIAN_POINT('',(-6.98558486678853,9.88081968822732,12.9912461803059));
#13982=CARTESIAN_POINT('',(-6.93609057276138,9.82183468550756,13.));
#13983=CARTESIAN_POINT('',(-6.88690828167011,9.76322151340752,13.));
#13984=CARTESIAN_POINT('',(-7.5343822439267,10.534850934038,12.));
#13985=CARTESIAN_POINT('',(-7.5343822439267,10.534850934038,5.));
#13986=CARTESIAN_POINT('',(0.766044443118973,0.64278760968654,1.75096693269172E-31));
#13987=CARTESIAN_POINT('',(-10.0864647835738,10.4648568155386,22.));
#13988=CARTESIAN_POINT('',(-10.4078585884171,10.8478790370981,21.5));
#13989=CARTESIAN_POINT('',(-10.0864647835738,10.4648568155386,22.));
#13990=CARTESIAN_POINT('',(-10.4078585884171,10.8478790370981,2.09480060203743E-15));
#13991=CARTESIAN_POINT('',(-10.4078585884171,10.8478790370981,5.));
#13992=CARTESIAN_POINT('',(-0.766044443118979,-0.642787609686544,5.));
#13993=CARTESIAN_POINT('',(-9.06647113016466,9.24927571466494,5.));
#13994=CARTESIAN_POINT('',(-9.06647113016466,9.24927571466493,-9.36962367780536E-32));
#13995=CARTESIAN_POINT('',(-9.06647113016466,9.24927571466494,12.));
#13996=CARTESIAN_POINT('',(-8.41899716790806,8.47764629403443,13.));
#13997=CARTESIAN_POINT('',(-8.49188056616415,8.56450534574661,13.));
#13998=CARTESIAN_POINT('',(-8.56577035379242,8.65256376560862,12.9804852369382));
#13999=CARTESIAN_POINT('',(-8.63455581944684,8.73453909142054,12.9430007030819));
#14000=CARTESIAN_POINT('',(-8.70335135662968,8.81652642001263,12.9055106807616));
#14001=CARTESIAN_POINT('',(-8.76894443838226,8.8946972108406,12.848994488133));
#14002=CARTESIAN_POINT('',(-8.82581915730433,8.96247786144377,12.7780628343326));
#14003=CARTESIAN_POINT('',(-8.88246442201405,9.02998505916502,12.7074173457575));
#14004=CARTESIAN_POINT('',(-8.93203374373711,9.08905947641093,12.6204966544594));
#14005=CARTESIAN_POINT('',(-8.97030310107971,9.13466712051025,12.5245170112921));
#14006=CARTESIAN_POINT('',(-9.00830495445604,9.17995596579673,12.4292082687359));
#14007=CARTESIAN_POINT('',(-9.03621806818142,9.21322151935944,12.3223136906388));
#14008=CARTESIAN_POINT('',(-9.05165517665495,9.23161874884203,12.212759072277));
#14009=CARTESIAN_POINT('',(-9.06147364841364,9.24331994783424,12.143078994025));
#14010=CARTESIAN_POINT('',(-9.06647113016466,9.24927571466494,12.0713346602343));
#14011=CARTESIAN_POINT('',(-9.06647113016466,9.24927571466494,12.));
#14012=CARTESIAN_POINT('',(-8.41899716790806,8.47764629403443,13.));
#14013=CARTESIAN_POINT('',(-0.766044443118979,-0.642787609686544,13.));
#14014=CARTESIAN_POINT('',(-7.12119552838273,6.93098652765548,13.));
#14015=CARTESIAN_POINT('',(-7.12119552838273,6.93098652765548,-9.13648511227609E-32));
#14016=CARTESIAN_POINT('',(-7.12119552838273,6.93098652765548,15.));
#14017=CARTESIAN_POINT('',(-0.766044443118979,-0.642787609686544,15.));
#14018=CARTESIAN_POINT('',(-8.41899716790806,8.47764629403444,15.));
#14019=CARTESIAN_POINT('',(-9.06647113016466,9.24927571466494,16.));
#14020=CARTESIAN_POINT('',(-9.06647113016466,9.24927571466494,15.8886440652656));
#14021=CARTESIAN_POINT('',(-9.0540886795603,9.23451888467207,15.7757529382767));
#14022=CARTESIAN_POINT('',(-9.03037458097462,9.20625752248745,15.6706859066431));
#14023=CARTESIAN_POINT('',(-9.00666281490786,9.17799894009064,15.5656292094034));
#14024=CARTESIAN_POINT('',(-8.97097532091341,9.13546824091207,15.4655058096622));
#14025=CARTESIAN_POINT('',(-8.92630540617379,9.08223270954025,15.3785099368825));
#14026=CARTESIAN_POINT('',(-8.88150787310903,9.02884508857097,15.2912655239468));
#14027=CARTESIAN_POINT('',(-8.82645729279247,8.96323836170432,15.2148315644215));
#14028=CARTESIAN_POINT('',(-8.76570804653637,8.89084022923122,15.1553615373182));
#14029=CARTESIAN_POINT('',(-8.70456817261925,8.81797656483973,15.0955091081438));
#14030=CARTESIAN_POINT('',(-8.63598849301128,8.73624648528797,15.0511971341775));
#14031=CARTESIAN_POINT('',(-8.56559843986332,8.65235888656599,15.0259459510819));
#14032=CARTESIAN_POINT('',(-8.51767375302648,8.59524446885424,15.0087538196941));
#14033=CARTESIAN_POINT('',(-8.46817945899934,8.53625946613448,15.));
#14034=CARTESIAN_POINT('',(-8.41899716790806,8.47764629403444,15.));
#14035=CARTESIAN_POINT('',(-9.06647113016466,9.24927571466494,16.));
#14036=CARTESIAN_POINT('',(-9.06647113016466,9.24927571466494,-9.36962367780536E-32));
#14037=CARTESIAN_POINT('',(-9.06647113016466,9.24927571466494,18.));
#14038=CARTESIAN_POINT('',(-8.41899716790806,8.47764629403444,19.));
#14039=CARTESIAN_POINT('',(-8.49188056616415,8.56450534574661,19.));
#14040=CARTESIAN_POINT('',(-8.56577035379243,8.65256376560862,18.9804852369382));
#14041=CARTESIAN_POINT('',(-8.63455581944685,8.73453909142055,18.9430007030819));
#14042=CARTESIAN_POINT('',(-8.70335135662968,8.81652642001264,18.9055106807616));
#14043=CARTESIAN_POINT('',(-8.76894443838227,8.89469721084061,18.848994488133));
#14044=CARTESIAN_POINT('',(-8.82581915730434,8.96247786144377,18.7780628343326));
#14045=CARTESIAN_POINT('',(-8.88246442201406,9.02998505916503,18.7074173457575));
#14046=CARTESIAN_POINT('',(-8.93203374373712,9.08905947641094,18.6204966544594));
#14047=CARTESIAN_POINT('',(-8.97030310107972,9.13466712051025,18.5245170112921));
#14048=CARTESIAN_POINT('',(-9.00830495445605,9.17995596579673,18.4292082687359));
#14049=CARTESIAN_POINT('',(-9.03621806818143,9.21322151935945,18.3223136906388));
#14050=CARTESIAN_POINT('',(-9.05165517665495,9.23161874884204,18.212759072277));
#14051=CARTESIAN_POINT('',(-9.06147364841365,9.24331994783424,18.143078994025));
#14052=CARTESIAN_POINT('',(-9.06647113016466,9.24927571466494,18.0713346602343));
#14053=CARTESIAN_POINT('',(-9.06647113016466,9.24927571466494,18.));
#14054=CARTESIAN_POINT('',(-8.41899716790806,8.47764629403444,19.));
#14055=CARTESIAN_POINT('',(-0.766044443118978,-0.642787609686544,19.));
#14056=CARTESIAN_POINT('',(-7.12119552838273,6.93098652765548,19.));
#14057=CARTESIAN_POINT('',(-7.12119552838273,6.93098652765548,-9.13648511227609E-32));
#14058=CARTESIAN_POINT('',(-7.12119552838273,6.93098652765548,21.));
#14059=CARTESIAN_POINT('',(-0.766044443118978,-0.642787609686544,21.));
#14060=CARTESIAN_POINT('',(-8.41899716790807,8.47764629403444,21.));
#14061=CARTESIAN_POINT('',(-9.06647113016466,9.24927571466494,22.));
#14062=CARTESIAN_POINT('',(-9.06647113016466,9.24927571466494,21.9286653397657));
#14063=CARTESIAN_POINT('',(-9.06147364841365,9.24331994783425,21.856921005975));
#14064=CARTESIAN_POINT('',(-9.05165517665495,9.23161874884204,21.787240927723));
#14065=CARTESIAN_POINT('',(-9.03621806818143,9.21322151935945,21.6776863093612));
#14066=CARTESIAN_POINT('',(-9.00830495445605,9.17995596579674,21.5707917312641));
#14067=CARTESIAN_POINT('',(-8.97030310107972,9.13466712051026,21.4754829887079));
#14068=CARTESIAN_POINT('',(-8.93203374373712,9.08905947641094,21.3795033455406));
#14069=CARTESIAN_POINT('',(-8.88246442201406,9.02998505916503,21.2925826542425));
#14070=CARTESIAN_POINT('',(-8.82581915730434,8.96247786144378,21.2219371656674));
#14071=CARTESIAN_POINT('',(-8.76894443838227,8.89469721084061,21.151005511867));
#14072=CARTESIAN_POINT('',(-8.70335135662969,8.81652642001264,21.0944893192384));
#14073=CARTESIAN_POINT('',(-8.63455581944685,8.73453909142055,21.0569992969181));
#14074=CARTESIAN_POINT('',(-8.56577035379243,8.65256376560863,21.0195147630618));
#14075=CARTESIAN_POINT('',(-8.49188056616416,8.56450534574661,21.));
#14076=CARTESIAN_POINT('',(-8.41899716790807,8.47764629403444,21.));
#14077=CARTESIAN_POINT('',(-9.06647113016466,9.24927571466494,22.));
#14078=CARTESIAN_POINT('',(-10.7292523932604,11.2309012586576,22.));
#14079=CARTESIAN_POINT('',(-0.766044443118979,-0.642787609686544,-8.37482912564727E-32));
#14080=CARTESIAN_POINT('',(-9.19716350702244,12.5164764780307,5.));
#14081=CARTESIAN_POINT('',(-9.58018572858193,12.1950826731874,5.));
#14082=CARTESIAN_POINT('',(-10.3462301717009,11.5522950635009,5.));
#14083=CARTESIAN_POINT('',(-10.3462301717009,11.5522950635009,4.50000000000001));
#14084=CARTESIAN_POINT('',(-10.3462301717009,11.5522950635009,21.));
#14085=CARTESIAN_POINT('',(-9.19716350702243,12.5164764780307,21.));
#14086=CARTESIAN_POINT('',(-9.58018572858192,12.1950826731874,21.));
#14087=CARTESIAN_POINT('',(-9.58018572858193,12.1950826731874,5.));
#14088=CARTESIAN_POINT('',(-9.19716350702244,12.5164764780307,4.50000000000001));
#14089=CARTESIAN_POINT('',(-8.55437589733589,11.7504320349117,22.));
#14090=CARTESIAN_POINT('',(-9.44949335172415,8.92788190982167,22.));
#14091=CARTESIAN_POINT('',(-7.15136002236723,10.8562447388813,22.));
#14092=CARTESIAN_POINT('',(-9.19716350702243,12.5164764780307,22.));
#14093=CARTESIAN_POINT('',(-10.0248363668576,11.1692728419414,21.5));
#14094=CARTESIAN_POINT('',(-9.25879192373865,11.8120604516279,21.5));
#14095=CARTESIAN_POINT('',(-8.55437589733589,11.7504320349117,22.));
#14096=CARTESIAN_POINT('',(-11.4336684196631,11.2925296753738,5.));
#14097=CARTESIAN_POINT('',(-9.44949335172414,8.92788190982166,5.));
#14098=CARTESIAN_POINT('',(6.28809973631922,-9.8274511916397,5.));
#14099=CARTESIAN_POINT('',(-9.44949335172414,8.92788190982166,5.));
#14100=CARTESIAN_POINT('',(-9.44949335172414,8.92788190982166,5.));
#14101=CARTESIAN_POINT('',(-9.44949335172414,8.92788190982166,12.));
#14102=CARTESIAN_POINT('',(-9.44949335172414,8.92788190982166,1.83271305025549E-17));
#14103=CARTESIAN_POINT('',(-8.80201938946755,8.15625248919116,13.));
#14104=CARTESIAN_POINT('',(-9.08605129973475,8.58450183636698,12.));
#14105=CARTESIAN_POINT('',(-8.78024952026652,8.90817008279075,12.));
#14106=CARTESIAN_POINT('',(-9.06647113016465,9.24927571466493,12.));
#14107=CARTESIAN_POINT('',(-9.08605130429774,8.5845018315374,12.2748402521063));
#14108=CARTESIAN_POINT('',(-8.78024949662724,8.90817005461754,12.3102742713895));
#14109=CARTESIAN_POINT('',(-9.06647109165251,9.24927566876795,12.549680570144));
#14110=CARTESIAN_POINT('',(-8.95393352432317,8.38984053356456,12.5));
#14111=CARTESIAN_POINT('',(-8.59277164938498,8.68474265664153,12.5330122537956));
#14112=CARTESIAN_POINT('',(-8.76912910813992,8.89491729168773,12.9999999114413));
#14113=CARTESIAN_POINT('',(-8.80201938946754,8.15625248919116,12.5));
#14114=CARTESIAN_POINT('',(-8.41899716790806,8.47764629403443,12.5));
#14115=CARTESIAN_POINT('',(-8.41899716790806,8.47764629403443,13.));
#14116=CARTESIAN_POINT('',(-7.50421774994222,6.6095927228122,13.));
#14117=CARTESIAN_POINT('',(4.01563222490325,-7.11922987085612,13.));
#14118=CARTESIAN_POINT('',(-7.50421774994222,6.6095927228122,13.));
#14119=CARTESIAN_POINT('',(-7.50421774994222,6.6095927228122,13.));
#14120=CARTESIAN_POINT('',(-7.50421774994222,6.60959272281221,15.));
#14121=CARTESIAN_POINT('',(-7.50421774994222,6.60959272281221,1.83271305025549E-17));
#14122=CARTESIAN_POINT('',(-7.50421774994222,6.6095927228122,15.));
#14123=CARTESIAN_POINT('',(-7.50421774994222,6.6095927228122,15.));
#14124=CARTESIAN_POINT('',(-8.80201938946755,8.15625248919117,15.));
#14125=CARTESIAN_POINT('',(2.77610449140364,-5.64201824133781,15.));
#14126=CARTESIAN_POINT('',(-9.44949335172415,8.92788190982166,16.));
#14127=CARTESIAN_POINT('',(-8.80201938946755,8.15625248919117,15.5));
#14128=CARTESIAN_POINT('',(-8.41899716790806,8.47764629403444,15.5));
#14129=CARTESIAN_POINT('',(-8.41899716790806,8.47764629403444,15.));
#14130=CARTESIAN_POINT('',(-8.95465171760353,8.39094485111975,15.5));
#14131=CARTESIAN_POINT('',(-8.59365109519384,8.68579073934137,15.4668206605369));
#14132=CARTESIAN_POINT('',(-8.77078929626086,8.89689582684525,15.0000000592017));
#14133=CARTESIAN_POINT('',(-9.08605130689982,8.5845018287833,15.7264985048815));
#14134=CARTESIAN_POINT('',(-8.78024948316701,8.9081700385745,15.6912484679271));
#14135=CARTESIAN_POINT('',(-9.06647106970169,9.24927564260798,15.4529969662275));
#14136=CARTESIAN_POINT('',(-9.08605129973475,8.58450183636699,16.));
#14137=CARTESIAN_POINT('',(-8.78024952026653,8.90817008279075,16.));
#14138=CARTESIAN_POINT('',(-9.06647113016466,9.24927571466494,16.));
#14139=CARTESIAN_POINT('',(-9.44949335172415,8.92788190982167,18.));
#14140=CARTESIAN_POINT('',(-9.44949335172415,8.92788190982167,1.83271305025549E-17));
#14141=CARTESIAN_POINT('',(-8.80201938946755,8.15625248919117,19.));
#14142=CARTESIAN_POINT('',(-9.08605129973476,8.58450183636699,18.));
#14143=CARTESIAN_POINT('',(-8.78024952026653,8.90817008279075,18.));
#14144=CARTESIAN_POINT('',(-9.06647113016466,9.24927571466494,18.));
#14145=CARTESIAN_POINT('',(-9.0860513042978,8.58450183153735,18.2748402521063));
#14146=CARTESIAN_POINT('',(-8.78024949662383,8.9081700546156,18.3102742713901));
#14147=CARTESIAN_POINT('',(-9.06647109165079,9.2492756687659,18.5496805701454));
#14148=CARTESIAN_POINT('',(-8.95393352432438,8.3898405335638,18.5));
#14149=CARTESIAN_POINT('',(-8.59277164938913,8.68474265664159,18.5330122537948));
#14150=CARTESIAN_POINT('',(-8.7691291081412,8.89491729168926,18.9999999114394));
#14151=CARTESIAN_POINT('',(-8.80201938946755,8.15625248919117,18.5));
#14152=CARTESIAN_POINT('',(-8.41899716790806,8.47764629403444,18.5));
#14153=CARTESIAN_POINT('',(-8.41899716790806,8.47764629403444,19.));
#14154=CARTESIAN_POINT('',(-7.50421774994222,6.6095927228122,19.));
#14155=CARTESIAN_POINT('',(4.01563222490325,-7.11922987085612,19.));
#14156=CARTESIAN_POINT('',(-7.50421774994222,6.6095927228122,19.));
#14157=CARTESIAN_POINT('',(-7.50421774994222,6.6095927228122,19.));
#14158=CARTESIAN_POINT('',(-7.50421774994222,6.60959272281221,21.));
#14159=CARTESIAN_POINT('',(-7.50421774994222,6.60959272281221,1.83271305025549E-17));
#14160=CARTESIAN_POINT('',(-7.50421774994222,6.6095927228122,21.));
#14161=CARTESIAN_POINT('',(-7.50421774994222,6.6095927228122,21.));
#14162=CARTESIAN_POINT('',(-8.80201938946755,8.15625248919117,21.));
#14163=CARTESIAN_POINT('',(2.77610449140364,-5.64201824133781,21.));
#14164=CARTESIAN_POINT('',(-9.06647113016468,9.24927571466497,22.));
#14165=CARTESIAN_POINT('',(-8.78024952026655,8.90817008279078,22.));
#14166=CARTESIAN_POINT('',(-9.08605129973478,8.58450183636702,22.));
#14167=CARTESIAN_POINT('',(-9.06647111374854,9.24927569510097,21.4523274165457));
#14168=CARTESIAN_POINT('',(-8.78024951017141,8.90817007075845,21.6908594908047));
#14169=CARTESIAN_POINT('',(-9.08605130167852,8.58450183430972,21.7261637414665));
#14170=CARTESIAN_POINT('',(-8.7698555975495,8.89578308805158,21.0000000887444));
#14171=CARTESIAN_POINT('',(-8.59318174394964,8.68523138831366,21.4669098397962));
#14172=CARTESIAN_POINT('',(-8.95424766726449,8.39032356982337,21.5));
#14173=CARTESIAN_POINT('',(-8.41899716790807,8.47764629403444,21.));
#14174=CARTESIAN_POINT('',(-8.41899716790807,8.47764629403444,21.5));
#14175=CARTESIAN_POINT('',(-8.80201938946755,8.15625248919117,21.5));
#14176=CARTESIAN_POINT('',(-9.13553509030622,13.2208925044334,5.));
#14177=CARTESIAN_POINT('',(-7.15136002236721,10.8562447388813,5.));
#14178=CARTESIAN_POINT('',(1.14906666467846,0.96418141452981,5.));
#14179=CARTESIAN_POINT('',(-7.15136002236721,10.8562447388813,5.));
#14180=CARTESIAN_POINT('',(-7.15136002236721,10.8562447388813,5.));
#14181=CARTESIAN_POINT('',(-7.15136002236721,10.8562447388813,12.));
#14182=CARTESIAN_POINT('',(-7.15136002236721,10.8562447388813,-1.83271305025548E-17));
#14183=CARTESIAN_POINT('',(-6.50388606011062,10.0846153182508,13.));
#14184=CARTESIAN_POINT('',(-6.50388606011062,10.0846153182508,12.5));
#14185=CARTESIAN_POINT('',(-6.8869082816701,9.76322151340752,12.5));
#14186=CARTESIAN_POINT('',(-6.88690828167011,9.76322151340752,13.));
#14187=CARTESIAN_POINT('',(-6.70850859207748,10.2756827193199,12.5));
#14188=CARTESIAN_POINT('',(-7.06156220895941,9.9713659587117,12.5331793394635));
#14189=CARTESIAN_POINT('',(-7.23870041002244,10.1824710462178,12.9999999407983));
#14190=CARTESIAN_POINT('',(-6.87630770510174,10.4386968700484,12.2735014951185));
#14191=CARTESIAN_POINT('',(-7.24816059692808,10.1937452579481,12.3087515320726));
#14192=CARTESIAN_POINT('',(-7.53438218346436,10.5348508619818,12.5470030337725));
#14193=CARTESIAN_POINT('',(-6.87630771381463,10.4386968643089,12.));
#14194=CARTESIAN_POINT('',(-7.24816063402857,10.1937453021638,12.));
#14195=CARTESIAN_POINT('',(-7.5343822439267,10.534850934038,12.));
#14196=CARTESIAN_POINT('',(-5.20608442058529,8.53795555187183,13.));
#14197=CARTESIAN_POINT('',(1.14906666467846,0.964181414529811,13.));
#14198=CARTESIAN_POINT('',(-5.20608442058529,8.53795555187183,13.));
#14199=CARTESIAN_POINT('',(-5.20608442058529,8.53795555187183,13.));
#14200=CARTESIAN_POINT('',(-5.20608442058529,8.53795555187183,15.));
#14201=CARTESIAN_POINT('',(-5.20608442058529,8.53795555187183,-1.83271305025548E-17));
#14202=CARTESIAN_POINT('',(-5.20608442058529,8.53795555187183,15.));
#14203=CARTESIAN_POINT('',(-5.20608442058529,8.53795555187183,15.));
#14204=CARTESIAN_POINT('',(-6.50388606011062,10.0846153182508,15.));
#14205=CARTESIAN_POINT('',(1.14906666467846,0.964181414529811,15.));
#14206=CARTESIAN_POINT('',(-7.15136002236722,10.8562447388813,16.));
#14207=CARTESIAN_POINT('',(-6.87630771381463,10.4386968643089,16.));
#14208=CARTESIAN_POINT('',(-7.24816063402857,10.1937453021638,16.));
#14209=CARTESIAN_POINT('',(-7.5343822439267,10.534850934038,16.));
#14210=CARTESIAN_POINT('',(-6.87630770826696,10.4386968679634,15.7251597478937));
#14211=CARTESIAN_POINT('',(-7.24816061039246,10.1937452739906,15.68972572861));
#14212=CARTESIAN_POINT('',(-7.53438220541529,10.5348508881419,15.4503194298571));
#14213=CARTESIAN_POINT('',(-6.70754576453999,10.2747836742798,15.5));
#14214=CARTESIAN_POINT('',(-7.06068276314894,9.9703178760111,15.466987746205));
#14215=CARTESIAN_POINT('',(-7.23704022190144,10.1804925110602,15.0000000885573));
#14216=CARTESIAN_POINT('',(-6.50388606011062,10.0846153182508,15.5));
#14217=CARTESIAN_POINT('',(-6.88690828167011,9.76322151340752,15.5));
#14218=CARTESIAN_POINT('',(-6.88690828167011,9.76322151340752,15.));
#14219=CARTESIAN_POINT('',(-7.15136002236722,10.8562447388813,18.));
#14220=CARTESIAN_POINT('',(-7.15136002236722,10.8562447388813,-1.83271305025548E-17));
#14221=CARTESIAN_POINT('',(-6.50388606011062,10.0846153182508,19.));
#14222=CARTESIAN_POINT('',(-6.50388606011062,10.0846153182508,18.5));
#14223=CARTESIAN_POINT('',(-6.88690828167011,9.76322151340752,18.5));
#14224=CARTESIAN_POINT('',(-6.88690828167011,9.76322151340752,19.));
#14225=CARTESIAN_POINT('',(-6.70850859207855,10.2756827193188,18.5));
#14226=CARTESIAN_POINT('',(-7.06156220895806,9.97136595871175,18.5331793394677));
#14227=CARTESIAN_POINT('',(-7.23870041002359,10.1824710462191,18.9999999407983));
#14228=CARTESIAN_POINT('',(-6.87630770510163,10.4386968700485,18.2735014951185));
#14229=CARTESIAN_POINT('',(-7.24816059692954,10.1937452579481,18.3087515320693));
#14230=CARTESIAN_POINT('',(-7.53438218346284,10.53485086198,18.5470030337725));
#14231=CARTESIAN_POINT('',(-6.87630771381463,10.4386968643089,18.));
#14232=CARTESIAN_POINT('',(-7.24816063402858,10.1937453021638,18.));
#14233=CARTESIAN_POINT('',(-7.53438224392671,10.534850934038,18.));
#14234=CARTESIAN_POINT('',(-5.20608442058529,8.53795555187183,19.));
#14235=CARTESIAN_POINT('',(1.14906666467846,0.964181414529811,19.));
#14236=CARTESIAN_POINT('',(-5.20608442058529,8.53795555187183,19.));
#14237=CARTESIAN_POINT('',(-5.20608442058529,8.53795555187183,19.));
#14238=CARTESIAN_POINT('',(-5.20608442058529,8.53795555187183,21.));
#14239=CARTESIAN_POINT('',(-5.20608442058529,8.53795555187183,-1.83271305025548E-17));
#14240=CARTESIAN_POINT('',(-5.20608442058529,8.53795555187183,21.));
#14241=CARTESIAN_POINT('',(-5.20608442058529,8.53795555187183,21.));
#14242=CARTESIAN_POINT('',(-6.50388606011063,10.0846153182508,21.));
#14243=CARTESIAN_POINT('',(1.14906666467846,0.964181414529811,21.));
#14244=CARTESIAN_POINT('',(-6.87630771381466,10.438696864309,22.));
#14245=CARTESIAN_POINT('',(-7.2481606340286,10.1937453021639,22.));
#14246=CARTESIAN_POINT('',(-7.53438224392673,10.5348509340381,22.));
#14247=CARTESIAN_POINT('',(-6.87630771145149,10.4386968658657,21.7261637414665));
#14248=CARTESIAN_POINT('',(-7.24816062393346,10.193745290134,21.6908594908016));
#14249=CARTESIAN_POINT('',(-7.53438222751035,10.5348509144738,21.4523274165457));
#14250=CARTESIAN_POINT('',(-6.70796691204351,10.27517692305,21.5));
#14251=CARTESIAN_POINT('',(-7.06109285771794,9.9708066076799,21.4669098398));
#14252=CARTESIAN_POINT('',(-7.23776671131172,10.1813583074249,21.0000000887444));
#14253=CARTESIAN_POINT('',(-6.50388606011062,10.0846153182508,21.5));
#14254=CARTESIAN_POINT('',(-6.88690828167011,9.76322151340752,21.5));
#14255=CARTESIAN_POINT('',(-6.88690828167011,9.76322151340752,21.));
#14256=CARTESIAN_POINT('',(-11.4336684196631,11.2925296753738,5.));
#14257=CARTESIAN_POINT('',(-9.13553509030622,13.2208925044334,5.));
#14258=CARTESIAN_POINT('',(-9.51855731186571,12.8994986995902,5.));
#14259=CARTESIAN_POINT('',(9.13553509030617,-13.2208925044335,5.));
#14260=CARTESIAN_POINT('',(11.4336684196631,-11.2925296753738,5.));
#14261=CARTESIAN_POINT('',(20.847435353987,-3.39344131279376,5.));
#14262=CARTESIAN_POINT('',(-10.0248363668576,11.1692728419414,5.));
#14263=CARTESIAN_POINT('',(-10.0248363668576,11.1692728419414,4.50000000000001));
#14264=CARTESIAN_POINT('',(-10.3462301717009,11.5522950635009,5.));
#14265=CARTESIAN_POINT('',(-10.7292523932604,11.2309012586576,5.));
#14266=CARTESIAN_POINT('',(-10.4078585884171,10.8478790370981,5.));
#14267=CARTESIAN_POINT('',(-10.346230171751,11.5522950634588,4.86873265048935));
#14268=CARTESIAN_POINT('',(-10.7291358156045,11.230890986145,5.03080177499925));
#14269=CARTESIAN_POINT('',(-10.4078585884591,10.8478790371482,4.86873265048939));
#14270=CARTESIAN_POINT('',(-10.4634267811842,11.5242993379443,4.739006660334));
#14271=CARTESIAN_POINT('',(-10.6425437313566,11.223315233711,4.92204611072755));
#14272=CARTESIAN_POINT('',(-10.5184133113379,10.8958004223431,4.73900666033393));
#14273=CARTESIAN_POINT('',(-10.8660401396306,11.4281237477277,4.55388655847946));
#14274=CARTESIAN_POINT('',(-10.8761477246735,11.2437529348816,4.63187184028389));
#14275=CARTESIAN_POINT('',(-10.8982093522246,11.0604279652372,4.55388655847952));
#14276=CARTESIAN_POINT('',(-11.1481781465282,11.3607271033624,4.5));
#14277=CARTESIAN_POINT('',(-11.1551324721301,11.26816093758,4.50000000001277));
#14278=CARTESIAN_POINT('',(-11.1643577443616,11.1757934538852,4.5));
#14279=CARTESIAN_POINT('',(-11.4336684196632,11.2925296753738,4.5));
#14280=CARTESIAN_POINT('',(-11.4336684196631,11.2925296753738,4.5));
#14281=CARTESIAN_POINT('',(-11.4336684196631,11.2925296753738,4.5));
#14282=CARTESIAN_POINT('',(-9.25879192373865,11.8120604516279,5.));
#14283=CARTESIAN_POINT('',(-9.25879192373866,11.8120604516279,2.10090964553828E-15));
#14284=CARTESIAN_POINT('',(-8.87576970217917,12.1334542564712,5.));
#14285=CARTESIAN_POINT('',(-9.19716350702244,12.5164764780307,5.));
#14286=CARTESIAN_POINT('',(-9.58018572858193,12.1950826731874,5.));
#14287=CARTESIAN_POINT('',(-8.87576970222123,12.1334542565213,4.86873265048937));
#14288=CARTESIAN_POINT('',(-9.1971736593303,12.5163597932817,5.03080180818467));
#14289=CARTESIAN_POINT('',(-9.58018572853123,12.19508267323,4.86873265048952));
#14290=CARTESIAN_POINT('',(-8.90376542773561,12.2506508659544,4.73900666033396));
#14291=CARTESIAN_POINT('',(-9.20474953196842,12.4297678161272,4.92204611072805));
#14292=CARTESIAN_POINT('',(-9.53226434333723,12.3056373961081,4.73900666033378));
#14293=CARTESIAN_POINT('',(-8.99994101795244,12.653264224401,4.5538865584795));
#14294=CARTESIAN_POINT('',(-9.184311830799,12.6633718094435,4.63187184028353));
#14295=CARTESIAN_POINT('',(-9.36763680044256,12.685433436995,4.55388655847968));
#14296=CARTESIAN_POINT('',(-9.06733766231736,12.9354022312985,4.5));
#14297=CARTESIAN_POINT('',(-9.15990382810008,12.9423565569006,4.50000000001277));
#14298=CARTESIAN_POINT('',(-9.25227131179583,12.9515818291322,4.5));
#14299=CARTESIAN_POINT('',(-9.13553509030622,13.2208925044334,4.5));
#14300=CARTESIAN_POINT('',(-9.13553509030622,13.2208925044334,4.5));
#14301=CARTESIAN_POINT('',(-9.13553509030622,13.2208925044334,4.5));
#14302=CARTESIAN_POINT('',(9.25879192373861,-11.8120604516279,5.));
#14303=CARTESIAN_POINT('',(9.25879192373861,-11.8120604516279,0.));
#14304=CARTESIAN_POINT('',(8.87576970217912,-12.1334542564712,5.));
#14305=CARTESIAN_POINT('',(9.19716350702239,-12.5164764780307,5.));
#14306=CARTESIAN_POINT('',(9.58018572858188,-12.1950826731874,5.));
#14307=CARTESIAN_POINT('',(8.87576970222084,-12.1334542565209,4.86873265048929));
#14308=CARTESIAN_POINT('',(9.19717369939035,-12.5163599270341,5.03080176342934));
#14309=CARTESIAN_POINT('',(9.58018572853192,-12.1950826732293,4.86873265048944));
#14310=CARTESIAN_POINT('',(8.90376542773576,-12.2506508659545,4.73900666033407));
#14311=CARTESIAN_POINT('',(9.20474953196837,-12.4297678161272,4.92204611072738));
#14312=CARTESIAN_POINT('',(9.53226434333696,-12.3056373961082,4.73900666033387));
#14313=CARTESIAN_POINT('',(8.99994101795219,-12.6532642244009,4.55388655847939));
#14314=CARTESIAN_POINT('',(9.18431183079895,-12.6633718094435,4.63187184028401));
#14315=CARTESIAN_POINT('',(9.36763680044274,-12.6854334369949,4.55388655847959));
#14316=CARTESIAN_POINT('',(9.06733766231855,-12.9354022312983,4.5));
#14317=CARTESIAN_POINT('',(9.15990382810087,-12.9423565569007,4.50000000001164));
#14318=CARTESIAN_POINT('',(9.25227131179635,-12.9515818291326,4.5));
#14319=CARTESIAN_POINT('',(9.13553509030617,-13.2208925044335,4.5));
#14320=CARTESIAN_POINT('',(9.13553509030617,-13.2208925044335,4.5));
#14321=CARTESIAN_POINT('',(9.13553509030617,-13.2208925044335,4.5));
#14322=CARTESIAN_POINT('',(10.0248363668576,-11.1692728419414,5.));
#14323=CARTESIAN_POINT('',(10.0248363668576,-11.1692728419414,4.5));
#14324=CARTESIAN_POINT('',(10.3462301717009,-11.5522950635009,5.));
#14325=CARTESIAN_POINT('',(10.7292523932603,-11.2309012586576,5.));
#14326=CARTESIAN_POINT('',(10.4078585884171,-10.8478790370981,5.));
#14327=CARTESIAN_POINT('',(10.346230171751,-11.5522950634588,4.8687326504893));
#14328=CARTESIAN_POINT('',(10.7291358021114,-11.2308910662829,5.03080177722667));
#14329=CARTESIAN_POINT('',(10.4078585884593,-10.8478790371484,4.86873265048937));
#14330=CARTESIAN_POINT('',(10.4634267811842,-11.5242993379442,4.73900666033406));
#14331=CARTESIAN_POINT('',(10.6425437313562,-11.2233152337116,4.92204611072773));
#14332=CARTESIAN_POINT('',(10.5184133113377,-10.895800422343,4.73900666033397));
#14333=CARTESIAN_POINT('',(10.8660401396306,-11.4281237477278,4.55388655847939));
#14334=CARTESIAN_POINT('',(10.8761477246737,-11.243752934881,4.63187184028378));
#14335=CARTESIAN_POINT('',(10.8982093522247,-11.0604279652373,4.55388655847948));
#14336=CARTESIAN_POINT('',(11.1481781465281,-11.3607271033621,4.5));
#14337=CARTESIAN_POINT('',(11.1551324721298,-11.2681609375797,4.50000000001164));
#14338=CARTESIAN_POINT('',(11.1643577443617,-11.1757934538847,4.5));
#14339=CARTESIAN_POINT('',(11.4336684196631,-11.2925296753738,4.5));
#14340=CARTESIAN_POINT('',(11.4336684196631,-11.2925296753738,4.5));
#14341=CARTESIAN_POINT('',(11.4336684196631,-11.2925296753738,4.5));
#14342=MECHANICAL_DESIGN_GEOMETRIC_PRESENTATION_REPRESENTATION('',(#24),
#14343);
#14343=(
GEOMETRIC_REPRESENTATION_CONTEXT(3)
GLOBAL_UNCERTAINTY_ASSIGNED_CONTEXT((#14344))
GLOBAL_UNIT_ASSIGNED_CONTEXT((#14350,#14346,#14345))
REPRESENTATION_CONTEXT('Part3','TOP_LEVEL_ASSEMBLY_PART')
);
#14344=UNCERTAINTY_MEASURE_WITH_UNIT(LENGTH_MEASURE(0.0508),#14350,
'DISTANCE_ACCURACY_VALUE','Maximum Tolerance applied to model');
#14345=(
NAMED_UNIT(*)
SI_UNIT($,.STERADIAN.)
SOLID_ANGLE_UNIT()
);
#14346=(
CONVERSION_BASED_UNIT('DEGREE',#14348)
NAMED_UNIT(#14347)
PLANE_ANGLE_UNIT()
);
#14347=DIMENSIONAL_EXPONENTS(0.,0.,0.,0.,0.,0.,0.);
#14348=PLANE_ANGLE_MEASURE_WITH_UNIT(PLANE_ANGLE_MEASURE(0.0174532925),
#14349);
#14349=(
NAMED_UNIT(*)
PLANE_ANGLE_UNIT()
SI_UNIT($,.RADIAN.)
);
#14350=(
LENGTH_UNIT()
NAMED_UNIT(*)
SI_UNIT(.MILLI.,.METRE.)
);
ENDSEC;
END-ISO-10303-21;
