ISO-10303-21;
HEADER;
FILE_DESCRIPTION (( 'STEP AP214' ),
    '1' );
FILE_NAME ('Plastic Cover.STEP',
    '2026-03-30T14:37:28',
    ( '' ),
    ( '' ),
    'SwSTEP 2.0',
    'SolidWorks 2026',
    '' );
FILE_SCHEMA (( 'AUTOMOTIVE_DESIGN' ));
ENDSEC;

DATA;
#1 = ORIENTED_EDGE ( 'NONE', *, *, #1623, .F. ) ;
#2 = CYLINDRICAL_SURFACE ( 'NONE', #974, 8.000000000002248868 ) ;
#3 = CARTESIAN_POINT ( 'NONE',  ( 0.000000000000000000, 0.000000000000000000, 6.000000000000000000 ) ) ;
#4 = DIRECTION ( 'NONE',  ( -0.000000000000000000, 0.000000000000000000, 1.000000000000000000 ) ) ;
#5 = DIRECTION ( 'NONE',  ( -0.000000000000000000, -0.000000000000000000, -1.000000000000000000 ) ) ;
#6 = DIRECTION ( 'NONE',  ( 0.000000000000000000, 0.000000000000000000, 1.000000000000000000 ) ) ;
#7 = EDGE_LOOP ( 'NONE', ( #135, #1909 ) ) ;
#8 = ORIENTED_EDGE ( 'NONE', *, *, #840, .F. ) ;
#9 = DIRECTION ( 'NONE',  ( 1.000000000000000000, 0.000000000000000000, 0.000000000000000000 ) ) ;
#10 = ORIENTED_EDGE ( 'NONE', *, *, #1658, .T. ) ;
#11 = AXIS2_PLACEMENT_3D ( 'NONE', #1739, #1439, #985 ) ;
#12 = CARTESIAN_POINT ( 'NONE',  ( -37.23909236273107126, -21.49999999999965539, 6.000000000000000000 ) ) ;
#13 = DIRECTION ( 'NONE',  ( -0.000000000000000000, -0.000000000000000000, -1.000000000000000000 ) ) ;
#14 = EDGE_CURVE ( 'NONE', #720, #1554, #457, .T. ) ;
#15 = ORIENTED_EDGE ( 'NONE', *, *, #1315, .T. ) ;
#16 = EDGE_CURVE ( 'NONE', #1489, #979, #708, .T. ) ;
#17 = ORIENTED_EDGE ( 'NONE', *, *, #1798, .F. ) ;
#18 = AXIS2_PLACEMENT_3D ( 'NONE', #171, #1918, #751 ) ;
#19 = VECTOR ( 'NONE', #1394, 1000.000000000000000 ) ;
#20 = DIRECTION ( 'NONE',  ( 0.000000000000000000, 0.000000000000000000, 1.000000000000000000 ) ) ;
#21 = ORIENTED_EDGE ( 'NONE', *, *, #466, .T. ) ;
#22 = CYLINDRICAL_SURFACE ( 'NONE', #1730, 6.999999999999999112 ) ;
#23 = UNCERTAINTY_MEASURE_WITH_UNIT (LENGTH_MEASURE( 1.000000000000000082E-05 ), #160, 'distance_accuracy_value', 'NONE');
#24 = VECTOR ( 'NONE', #93, 1000.000000000000000 ) ;
#25 = ORIENTED_EDGE ( 'NONE', *, *, #306, .F. ) ;
#26 = ORIENTED_EDGE ( 'NONE', *, *, #273, .T. ) ;
#27 = CIRCLE ( 'NONE', #486, 8.000000000000000000 ) ;
#28 = EDGE_CURVE ( 'NONE', #1115, #1167, #27, .T. ) ;
#29 = DIRECTION ( 'NONE',  ( 0.000000000000000000, 0.000000000000000000, 1.000000000000000000 ) ) ;
#30 = ADVANCED_BREP_SHAPE_REPRESENTATION ( 'Plastic Cover', ( #458, #1010 ), #886 ) ;
#31 = VERTEX_POINT ( 'NONE', #1051 ) ;
#32 = DIRECTION ( 'NONE',  ( -0.000000000000000000, -0.000000000000000000, -1.000000000000000000 ) ) ;
#33 = DIRECTION ( 'NONE',  ( -1.000000000000000000, 0.000000000000000000, 0.000000000000000000 ) ) ;
#34 = VERTEX_POINT ( 'NONE', #618 ) ;
#35 = DIRECTION ( 'NONE',  ( 1.000000000000000000, 0.000000000000000000, 0.000000000000000000 ) ) ;
#36 = ORIENTED_EDGE ( 'NONE', *, *, #1682, .F. ) ;
#37 = AXIS2_PLACEMENT_3D ( 'NONE', #1203, #473, #1066 ) ;
#38 = FILL_AREA_STYLE ('',( #1048 ) ) ;
#39 = EDGE_CURVE ( 'NONE', #131, #147, #675, .T. ) ;
#40 = DIRECTION ( 'NONE',  ( 1.000000000000000000, 0.000000000000000000, 0.000000000000000000 ) ) ;
#41 = EDGE_CURVE ( 'NONE', #1078, #1468, #1337, .T. ) ;
#42 = CARTESIAN_POINT ( 'NONE',  ( 27.72902407895166732, -37.94866563700122697, 6.000000000000000000 ) ) ;
#43 = CIRCLE ( 'NONE', #1285, 6.999999999999999112 ) ;
#44 = DIRECTION ( 'NONE',  ( -0.000000000000000000, -0.000000000000000000, -1.000000000000000000 ) ) ;
#45 = CYLINDRICAL_SURFACE ( 'NONE', #660, 14.99999999999999645 ) ;
#46 = ORIENTED_EDGE ( 'NONE', *, *, #780, .F. ) ;
#47 = DIRECTION ( 'NONE',  ( 1.000000000000000000, 0.000000000000000000, 0.000000000000000000 ) ) ;
#48 = VECTOR ( 'NONE', #1884, 1000.000000000000000 ) ;
#49 = ADVANCED_FACE ( 'NONE', ( #1806 ), #1659, .T. ) ;
#50 = CARTESIAN_POINT ( 'NONE',  ( 29.23909236272751500, -21.50000000000017764, 6.000000000000000000 ) ) ;
#51 = DIRECTION ( 'NONE',  ( 0.000000000000000000, -0.000000000000000000, -1.000000000000000000 ) ) ;
#52 = ORIENTED_EDGE ( 'NONE', *, *, #1290, .T. ) ;
#53 = FACE_OUTER_BOUND ( 'NONE', #1665, .T. ) ;
#54 = CARTESIAN_POINT ( 'NONE',  ( 34.23909236272751144, -21.50000000000017764, 18.00000000000000355 ) ) ;
#55 = CIRCLE ( 'NONE', #728, 43.00000000000000000 ) ;
#56 = ORIENTED_EDGE ( 'NONE', *, *, #1370, .T. ) ;
#57 = FACE_BOUND ( 'NONE', #1811, .T. ) ;
#58 = DIRECTION ( 'NONE',  ( 0.000000000000000000, 0.000000000000000000, 1.000000000000000000 ) ) ;
#59 = DIRECTION ( 'NONE',  ( 0.000000000000000000, 0.000000000000000000, 1.000000000000000000 ) ) ;
#60 = ORIENTED_EDGE ( 'NONE', *, *, #1189, .F. ) ;
#61 = DIRECTION ( 'NONE',  ( 1.000000000000000000, -3.593355771666243492E-15, 0.000000000000000000 ) ) ;
#62 = CARTESIAN_POINT ( 'NONE',  ( 18.99999644188859804, 42.98837209302323004, 6.000000000000000000 ) ) ;
#63 = ORIENTED_EDGE ( 'NONE', *, *, #1585, .T. ) ;
#64 = CYLINDRICAL_SURFACE ( 'NONE', #84, 6.000000000000000000 ) ;
#65 = DIRECTION ( 'NONE',  ( 0.000000000000000000, 0.000000000000000000, 1.000000000000000000 ) ) ;
#66 = DIRECTION ( 'NONE',  ( 1.000000000000000000, 0.000000000000000000, 0.000000000000000000 ) ) ;
#67 = AXIS2_PLACEMENT_3D ( 'NONE', #118, #406, #1906 ) ;
#68 = ORIENTED_EDGE ( 'NONE', *, *, #1286, .F. ) ;
#69 = DIRECTION ( 'NONE',  ( -1.000000000000000000, 0.000000000000000000, 0.000000000000000000 ) ) ;
#70 = DIRECTION ( 'NONE',  ( -0.000000000000000000, -0.000000000000000000, -1.000000000000000000 ) ) ;
#71 = EDGE_CURVE ( 'NONE', #462, #543, #1063, .T. ) ;
#72 = EDGE_LOOP ( 'NONE', ( #1519, #1238, #879, #942 ) ) ;
#73 = EDGE_CURVE ( 'NONE', #422, #322, #1073, .T. ) ;
#74 = DIRECTION ( 'NONE',  ( 1.000000000000000000, 0.000000000000000000, 0.000000000000000000 ) ) ;
#75 = CIRCLE ( 'NONE', #165, 39.99999999999999289 ) ;
#76 = DIRECTION ( 'NONE',  ( 1.000000000000000000, 0.000000000000000000, 0.000000000000000000 ) ) ;
#77 = DIRECTION ( 'NONE',  ( 0.000000000000000000, 0.000000000000000000, 1.000000000000000000 ) ) ;
#78 = AXIS2_PLACEMENT_3D ( 'NONE', #3, #1325, #445 ) ;
#79 = ORIENTED_EDGE ( 'NONE', *, *, #1009, .F. ) ;
#80 = CARTESIAN_POINT ( 'NONE',  ( 43.23273119943159770, -11.10402513011945125, 3.000000000000000000 ) ) ;
#81 = DIRECTION ( 'NONE',  ( 1.000000000000000000, 0.000000000000000000, 0.000000000000000000 ) ) ;
#82 = ORIENTED_EDGE ( 'NONE', *, *, #705, .T. ) ;
#83 = FACE_OUTER_BOUND ( 'NONE', #1216, .T. ) ;
#84 = AXIS2_PLACEMENT_3D ( 'NONE', #507, #1702, #1095 ) ;
#85 = CARTESIAN_POINT ( 'NONE',  ( 18.84615345368916195, 38.64999999999999858, 3.000000000000000000 ) ) ;
#86 = LINE ( 'NONE', #1287, #1354 ) ;
#87 = ORIENTED_EDGE ( 'NONE', *, *, #1600, .F. ) ;
#88 = DIRECTION ( 'NONE',  ( 0.000000000000000000, 0.000000000000000000, 1.000000000000000000 ) ) ;
#89 = LINE ( 'NONE', #119, #1767 ) ;
#90 = VERTEX_POINT ( 'NONE', #182 ) ;
#91 = CARTESIAN_POINT ( 'NONE',  ( -8.000000000000000000, 43.00000000000000000, 18.00000000000000355 ) ) ;
#92 = EDGE_CURVE ( 'NONE', #871, #1171, #1175, .T. ) ;
#93 = DIRECTION ( 'NONE',  ( -0.000000000000000000, -0.000000000000000000, -1.000000000000000000 ) ) ;
#94 = FACE_BOUND ( 'NONE', #361, .T. ) ;
#95 = EDGE_CURVE ( 'NONE', #1206, #979, #1793, .T. ) ;
#96 = ORIENTED_EDGE ( 'NONE', *, *, #1249, .F. ) ;
#97 = CARTESIAN_POINT ( 'NONE',  ( -37.23909236273107126, -21.49999999999965539, 3.000000000000000000 ) ) ;
#98 = ADVANCED_FACE ( 'NONE', ( #465 ), #1666, .F. ) ;
#99 = FACE_OUTER_BOUND ( 'NONE', #1161, .T. ) ;
#100 = ORIENTED_EDGE ( 'NONE', *, *, #1533, .F. ) ;
#101 = DIRECTION ( 'NONE',  ( 1.000000000000000000, 1.796677885833121746E-15, 0.000000000000000000 ) ) ;
#102 = CARTESIAN_POINT ( 'NONE',  ( 0.000000000000000000, 0.000000000000000000, 0.000000000000000000 ) ) ;
#103 = EDGE_CURVE ( 'NONE', #1017, #490, #625, .T. ) ;
#104 = VECTOR ( 'NONE', #1398, 1000.000000000000000 ) ;
#105 = DIRECTION ( 'NONE',  ( -0.000000000000000000, -0.000000000000000000, -1.000000000000000000 ) ) ;
#106 = CIRCLE ( 'NONE', #730, 6.999999999999999112 ) ;
#107 = ORIENTED_EDGE ( 'NONE', *, *, #777, .T. ) ;
#108 = CARTESIAN_POINT ( 'NONE',  ( 16.17020973777752957, 36.58584858980700005, 6.000000000000000000 ) ) ;
#109 = CARTESIAN_POINT ( 'NONE',  ( 27.72902407895166732, -37.94866563700122697, 6.000000000000000000 ) ) ;
#110 = AXIS2_PLACEMENT_3D ( 'NONE', #1079, #1825, #66 ) ;
#111 = ORIENTED_EDGE ( 'NONE', *, *, #581, .F. ) ;
#112 = VERTEX_POINT ( 'NONE', #1117 ) ;
#113 = DIRECTION ( 'NONE',  ( 1.000000000000000000, 0.000000000000000000, 0.000000000000000000 ) ) ;
#114 = DIRECTION ( 'NONE',  ( 1.000000000000000000, 0.000000000000000000, 0.000000000000000000 ) ) ;
#115 = CARTESIAN_POINT ( 'NONE',  ( 11.99999999999999822, 43.00000000000000000, 6.000000000000000000 ) ) ;
#116 = CIRCLE ( 'NONE', #1201, 6.000000000000000000 ) ;
#117 = EDGE_LOOP ( 'NONE', ( #768, #1301, #290, #1122 ) ) ;
#118 = CARTESIAN_POINT ( 'NONE',  ( -37.23909236273106416, -21.49999999999965539, 3.000000000000000000 ) ) ;
#119 = CARTESIAN_POINT ( 'NONE',  ( -43.23909236273107126, -21.49999999999965539, 3.000000000000000000 ) ) ;
#120 = EDGE_CURVE ( 'NONE', #271, #1078, #1922, .T. ) ;
#121 = ORIENTED_EDGE ( 'NONE', *, *, #103, .F. ) ;
#122 = EDGE_LOOP ( 'NONE', ( #68, #1060, #461, #835 ) ) ;
#123 = CARTESIAN_POINT ( 'NONE',  ( 49.87785881757339013, -3.492735285448318017, 0.000000000000000000 ) ) ;
#124 = DIRECTION ( 'NONE',  ( 0.000000000000000000, 0.000000000000000000, 1.000000000000000000 ) ) ;
#125 = DIRECTION ( 'NONE',  ( -0.000000000000000000, -0.000000000000000000, -1.000000000000000000 ) ) ;
#126 = ORIENTED_EDGE ( 'NONE', *, *, #245, .F. ) ;
#127 = DIRECTION ( 'NONE',  ( -0.000000000000000000, -0.000000000000000000, -1.000000000000000000 ) ) ;
#128 = LINE ( 'NONE', #1458, #1004 ) ;
#129 = VERTEX_POINT ( 'NONE', #526 ) ;
#130 = EDGE_CURVE ( 'NONE', #490, #716, #1616, .T. ) ;
#131 = VERTEX_POINT ( 'NONE', #1097 ) ;
#132 = FACE_OUTER_BOUND ( 'NONE', #554, .T. ) ;
#133 = DIRECTION ( 'NONE',  ( -0.000000000000000000, 0.000000000000000000, 1.000000000000000000 ) ) ;
#134 = DIRECTION ( 'NONE',  ( 0.000000000000000000, 0.000000000000000000, 1.000000000000000000 ) ) ;
#135 = ORIENTED_EDGE ( 'NONE', *, *, #688, .T. ) ;
#136 = DIRECTION ( 'NONE',  ( -1.000000000000000000, 0.000000000000000000, 0.000000000000000000 ) ) ;
#137 = CARTESIAN_POINT ( 'NONE',  ( 34.23909236272751144, -21.50000000000017764, 12.00000000000000000 ) ) ;
#138 = CIRCLE ( 'NONE', #1102, 6.999999999999999112 ) ;
#139 = VERTEX_POINT ( 'NONE', #1233 ) ;
#140 = ORIENTED_EDGE ( 'NONE', *, *, #16, .F. ) ;
#141 = AXIS2_PLACEMENT_3D ( 'NONE', #1856, #511, #960 ) ;
#142 = FACE_OUTER_BOUND ( 'NONE', #390, .T. ) ;
#143 = CARTESIAN_POINT ( 'NONE',  ( 0.000000000000000000, 43.00000000000000000, 0.000000000000000000 ) ) ;
#144 = AXIS2_PLACEMENT_3D ( 'NONE', #1619, #1441, #686 ) ;
#145 =( NAMED_UNIT ( * ) SI_UNIT ( $, .STERADIAN. ) SOLID_ANGLE_UNIT ( ) );
#146 = AXIS2_PLACEMENT_3D ( 'NONE', #1179, #1776, #448 ) ;
#147 = VERTEX_POINT ( 'NONE', #967 ) ;
#148 = DIRECTION ( 'NONE',  ( -0.000000000000000000, -0.000000000000000000, -1.000000000000000000 ) ) ;
#149 = DIRECTION ( 'NONE',  ( 0.000000000000000000, 0.000000000000000000, 1.000000000000000000 ) ) ;
#150 = ORIENTED_EDGE ( 'NONE', *, *, #1524, .T. ) ;
#151 = VERTEX_POINT ( 'NONE', #1824 ) ;
#152 = DIRECTION ( 'NONE',  ( 1.000000000000000000, 0.000000000000000000, 0.000000000000000000 ) ) ;
#153 = VERTEX_POINT ( 'NONE', #1526 ) ;
#154 = LINE ( 'NONE', #309, #631 ) ;
#155 = CARTESIAN_POINT ( 'NONE',  ( -43.00000000000000000, 0.000000000000000000, 3.000000000000000000 ) ) ;
#156 = CARTESIAN_POINT ( 'NONE',  ( 0.000000000000000000, 43.00000000000000000, 12.00000000000000000 ) ) ;
#157 = EDGE_CURVE ( 'NONE', #881, #1029, #955, .T. ) ;
#158 = ORIENTED_EDGE ( 'NONE', *, *, #1652, .F. ) ;
#159 = VERTEX_POINT ( 'NONE', #1108 ) ;
#160 =( LENGTH_UNIT ( ) NAMED_UNIT ( * ) SI_UNIT ( .MILLI., .METRE. ) );
#161 = CIRCLE ( 'NONE', #1250, 6.000000000000005329 ) ;
#162 = DIRECTION ( 'NONE',  ( -0.000000000000000000, 0.000000000000000000, 1.000000000000000000 ) ) ;
#163 = DIRECTION ( 'NONE',  ( 1.000000000000000000, 0.000000000000000000, 0.000000000000000000 ) ) ;
#164 = ORIENTED_EDGE ( 'NONE', *, *, #688, .F. ) ;
#165 = AXIS2_PLACEMENT_3D ( 'NONE', #723, #998, #1898 ) ;
#166 = EDGE_LOOP ( 'NONE', ( #26, #82, #1845, #310 ) ) ;
#167 = AXIS2_PLACEMENT_3D ( 'NONE', #1718, #376, #1569 ) ;
#168 = VECTOR ( 'NONE', #1147, 1000.000000000000000 ) ;
#169 = CARTESIAN_POINT ( 'NONE',  ( -37.23909236273106416, -21.49999999999965539, 3.000000000000000000 ) ) ;
#170 = DIRECTION ( 'NONE',  ( -1.000000000000000000, 0.000000000000000000, 0.000000000000000000 ) ) ;
#171 = CARTESIAN_POINT ( 'NONE',  ( 37.23909236273076573, -21.50000000000017764, 18.00000000000000355 ) ) ;
#172 = VERTEX_POINT ( 'NONE', #85 ) ;
#173 = CARTESIAN_POINT ( 'NONE',  ( 0.000000000000000000, 0.000000000000000000, 3.000000000000000000 ) ) ;
#174 = AXIS2_PLACEMENT_3D ( 'NONE', #606, #1371, #1791 ) ;
#175 = VECTOR ( 'NONE', #551, 1000.000000000000000 ) ;
#176 = EDGE_CURVE ( 'NONE', #229, #112, #116, .T. ) ;
#177 = VERTEX_POINT ( 'NONE', #364 ) ;
#178 = CLOSED_SHELL ( 'NONE', ( #833, #925, #438, #641, #1027, #789, #214, #1691, #1312, #1096, #1891, #880, #1107, #1889, #757, #1047, #593, #741, #905, #1496, #1277, #354, #715, #1109, #452, #1056, #299, #1246, #1639, #1761, #1065, #402, #1587, #1816, #49, #938, #1594, #614, #1715, #1446, #869, #963, #732, #389, #297, #1274, #1169, #553, #794, #1140, #1574, #896, #493, #934, #1537, #1612, #756, #1494, #1912, #98 ) ) ;
#179 = CARTESIAN_POINT ( 'NONE',  ( -49.87785881757345408, -3.492735285447617244, 3.000000000000000000 ) ) ;
#180 = EDGE_LOOP ( 'NONE', ( #482, #501, #1602, #1551 ) ) ;
#181 = AXIS2_PLACEMENT_3D ( 'NONE', #1786, #1802, #1196 ) ;
#182 = CARTESIAN_POINT ( 'NONE',  ( -39.99999999999999289, 0.000000000000000000, 6.000000000000000000 ) ) ;
#183 = CARTESIAN_POINT ( 'NONE',  ( -42.87785881757345408, -3.492735285447617244, 0.000000000000000000 ) ) ;
#184 = ORIENTED_EDGE ( 'NONE', *, *, #1850, .F. ) ;
#185 = CYLINDRICAL_SURFACE ( 'NONE', #784, 6.999999999999999112 ) ;
#186 = VERTEX_POINT ( 'NONE', #1722 ) ;
#187 = EDGE_CURVE ( 'NONE', #1787, #1340, #1020, .T. ) ;
#188 = FACE_OUTER_BOUND ( 'NONE', #1358, .T. ) ;
#189 = EDGE_CURVE ( 'NONE', #129, #1454, #345, .T. ) ;
#190 = AXIS2_PLACEMENT_3D ( 'NONE', #1785, #1319, #1486 ) ;
#191 = DIRECTION ( 'NONE',  ( 0.000000000000000000, 0.000000000000000000, 1.000000000000000000 ) ) ;
#192 = DIRECTION ( 'NONE',  ( 1.000000000000000000, 0.000000000000000000, 0.000000000000000000 ) ) ;
#193 = CIRCLE ( 'NONE', #1190, 15.00000000000000000 ) ;
#194 = EDGE_LOOP ( 'NONE', ( #595, #552, #1197, #1384 ) ) ;
#195 = DIRECTION ( 'NONE',  ( -0.000000000000000000, -0.000000000000000000, -1.000000000000000000 ) ) ;
#196 = DIRECTION ( 'NONE',  ( 0.000000000000000000, 0.000000000000000000, 1.000000000000000000 ) ) ;
#197 = EDGE_LOOP ( 'NONE', ( #1322, #1558, #913, #52 ) ) ;
#198 = DIRECTION ( 'NONE',  ( 0.000000000000000000, 0.000000000000000000, 1.000000000000000000 ) ) ;
#199 = CIRCLE ( 'NONE', #665, 3.000000000003249845 ) ;
#200 = FACE_OUTER_BOUND ( 'NONE', #1378, .T. ) ;
#201 = CARTESIAN_POINT ( 'NONE',  ( -37.23909236273106416, -21.49999999999965539, 3.000000000000000000 ) ) ;
#202 = ORIENTED_EDGE ( 'NONE', *, *, #1876, .F. ) ;
#203 = DIRECTION ( 'NONE',  ( 1.000000000000000000, 0.000000000000000000, 0.000000000000000000 ) ) ;
#204 = DIRECTION ( 'NONE',  ( 0.000000000000000000, 0.000000000000000000, 1.000000000000000000 ) ) ;
#205 = AXIS2_PLACEMENT_3D ( 'NONE', #1903, #1759, #424 ) ;
#206 = ORIENTED_EDGE ( 'NONE', *, *, #1433, .T. ) ;
#207 = VECTOR ( 'NONE', #288, 1000.000000000000000 ) ;
#208 = CARTESIAN_POINT ( 'NONE',  ( -37.23909236273107126, -21.49999999999965539, 0.000000000000000000 ) ) ;
#209 = CARTESIAN_POINT ( 'NONE',  ( -18.84615345368915840, 38.64999999999999858, 3.000000000000000000 ) ) ;
#210 = EDGE_CURVE ( 'NONE', #1787, #1017, #362, .T. ) ;
#211 = LINE ( 'NONE', #1411, #1293 ) ;
#212 = EDGE_LOOP ( 'NONE', ( #1, #1057, #1403, #1093 ) ) ;
#213 = CARTESIAN_POINT ( 'NONE',  ( -52.23909236273106416, -21.49999999999965539, 3.000000000000000000 ) ) ;
#214 = ADVANCED_FACE ( 'NONE', ( #200 ), #1704, .T. ) ;
#215 = CARTESIAN_POINT ( 'NONE',  ( 37.23909236273076573, -21.50000000000017764, 6.000000000000000000 ) ) ;
#216 = ORIENTED_EDGE ( 'NONE', *, *, #233, .T. ) ;
#217 = CARTESIAN_POINT ( 'NONE',  ( 37.23909236273076573, -21.50000000000017764, 18.00000000000000355 ) ) ;
#218 = DIRECTION ( 'NONE',  ( -0.000000000000000000, -0.000000000000000000, -1.000000000000000000 ) ) ;
#219 = CARTESIAN_POINT ( 'NONE',  ( -37.23909236273107126, -21.49999999999965539, 12.00000000000000000 ) ) ;
#220 = AXIS2_PLACEMENT_3D ( 'NONE', #1541, #1258, #230 ) ;
#221 = ORIENTED_EDGE ( 'NONE', *, *, #1024, .T. ) ;
#222 = CARTESIAN_POINT ( 'NONE',  ( -29.23909236272881884, -21.49999999999965539, 6.000000000000000000 ) ) ;
#223 = DIRECTION ( 'NONE',  ( 1.000000000000000000, 0.000000000000000000, 0.000000000000000000 ) ) ;
#224 = VERTEX_POINT ( 'NONE', #1853 ) ;
#225 = DIRECTION ( 'NONE',  ( 0.000000000000000000, 0.000000000000000000, 1.000000000000000000 ) ) ;
#226 = LINE ( 'NONE', #1241, #1427 ) ;
#227 = CARTESIAN_POINT ( 'NONE',  ( -27.72902407895221799, -37.94866563700082907, 6.000000000000000000 ) ) ;
#228 = VECTOR ( 'NONE', #802, 1000.000000000000000 ) ;
#229 = VERTEX_POINT ( 'NONE', #1535 ) ;
#230 = DIRECTION ( 'NONE',  ( 1.000000000000000000, 0.000000000000000000, 0.000000000000000000 ) ) ;
#231 = DIRECTION ( 'NONE',  ( 1.000000000000000000, 0.000000000000000000, 0.000000000000000000 ) ) ;
#232 = ORIENTED_EDGE ( 'NONE', *, *, #41, .T. ) ;
#233 = EDGE_CURVE ( 'NONE', #271, #881, #810, .T. ) ;
#234 = CARTESIAN_POINT ( 'NONE',  ( -49.23909236273107126, -21.49999999999965539, 6.000000000000000000 ) ) ;
#235 = CIRCLE ( 'NONE', #1578, 3.000000000002250644 ) ;
#236 = PRODUCT_RELATED_PRODUCT_CATEGORY ( 'part', '', ( #790 ) ) ;
#237 = FACE_OUTER_BOUND ( 'NONE', #1278, .T. ) ;
#238 = AXIS2_PLACEMENT_3D ( 'NONE', #1264, #678, #1088 ) ;
#239 = DIRECTION ( 'NONE',  ( -0.000000000000000000, -0.000000000000000000, -1.000000000000000000 ) ) ;
#240 = VERTEX_POINT ( 'NONE', #50 ) ;
#241 = CARTESIAN_POINT ( 'NONE',  ( -27.96372689467942507, -41.44912517966793786, 3.000000000000000000 ) ) ;
#242 = DIRECTION ( 'NONE',  ( -0.000000000000000000, -0.000000000000000000, -1.000000000000000000 ) ) ;
#243 = ORIENTED_EDGE ( 'NONE', *, *, #959, .F. ) ;
#244 = FACE_OUTER_BOUND ( 'NONE', #409, .T. ) ;
#245 = EDGE_CURVE ( 'NONE', #530, #871, #634, .T. ) ;
#246 = CARTESIAN_POINT ( 'NONE',  ( 0.000000000000000000, 0.000000000000000000, 3.000000000000000000 ) ) ;
#247 = EDGE_CURVE ( 'NONE', #1454, #1697, #743, .T. ) ;
#248 = FACE_OUTER_BOUND ( 'NONE', #613, .T. ) ;
#249 = EDGE_LOOP ( 'NONE', ( #313, #1448 ) ) ;
#250 = LINE ( 'NONE', #1186, #1257 ) ;
#251 = LINE ( 'NONE', #847, #175 ) ;
#252 = ORIENTED_EDGE ( 'NONE', *, *, #1880, .F. ) ;
#253 = VECTOR ( 'NONE', #196, 1000.000000000000000 ) ;
#254 = CYLINDRICAL_SURFACE ( 'NONE', #596, 3.000000000002250644 ) ;
#255 = CYLINDRICAL_SURFACE ( 'NONE', #266, 3.000000000000000888 ) ;
#256 = CIRCLE ( 'NONE', #818, 8.000000000003247180 ) ;
#257 = LINE ( 'NONE', #528, #1815 ) ;
#258 = EDGE_CURVE ( 'NONE', #681, #1115, #226, .T. ) ;
#259 = VERTEX_POINT ( 'NONE', #949 ) ;
#260 = CARTESIAN_POINT ( 'NONE',  ( 0.000000000000000000, 0.000000000000000000, 6.000000000000000000 ) ) ;
#261 = CARTESIAN_POINT ( 'NONE',  ( -37.23909236273107126, -21.49999999999965539, 3.000000000000000000 ) ) ;
#262 = CIRCLE ( 'NONE', #603, 6.999999999999999112 ) ;
#263 = EDGE_LOOP ( 'NONE', ( #1916, #907, #111, #56 ) ) ;
#264 = ORIENTED_EDGE ( 'NONE', *, *, #1239, .T. ) ;
#265 = LINE ( 'NONE', #555, #939 ) ;
#266 = AXIS2_PLACEMENT_3D ( 'NONE', #1146, #1432, #1731 ) ;
#267 = CARTESIAN_POINT ( 'NONE',  ( 24.04880512942380832, -35.64624765451475952, 3.000000000000000000 ) ) ;
#268 = VECTOR ( 'NONE', #1334, 1000.000000000000000 ) ;
#269 = DIRECTION ( 'NONE',  ( -1.000000000000000000, 0.000000000000000000, 0.000000000000000000 ) ) ;
#270 = VECTOR ( 'NONE', #1801, 1000.000000000000000 ) ;
#271 = VERTEX_POINT ( 'NONE', #209 ) ;
#272 = FACE_OUTER_BOUND ( 'NONE', #714, .T. ) ;
#273 = EDGE_CURVE ( 'NONE', #1654, #1076, #1080, .T. ) ;
#274 = DIRECTION ( 'NONE',  ( 1.000000000000000000, 0.000000000000000000, 0.000000000000000000 ) ) ;
#275 = ORIENTED_EDGE ( 'NONE', *, *, #1830, .T. ) ;
#276 = EDGE_CURVE ( 'NONE', #1756, #694, #669, .T. ) ;
#277 = EDGE_CURVE ( 'NONE', #1078, #871, #980, .T. ) ;
#278 = ORIENTED_EDGE ( 'NONE', *, *, #95, .T. ) ;
#279 = DIRECTION ( 'NONE',  ( -1.000000000000000000, 0.000000000000000000, 0.000000000000000000 ) ) ;
#280 = CARTESIAN_POINT ( 'NONE',  ( -37.23909236273107126, -21.49999999999965539, 6.000000000000000000 ) ) ;
#281 = ORIENTED_EDGE ( 'NONE', *, *, #1224, .F. ) ;
#282 = DIRECTION ( 'NONE',  ( 1.000000000000000000, 0.000000000000000000, 0.000000000000000000 ) ) ;
#283 = CARTESIAN_POINT ( 'NONE',  ( 0.000000000000000000, 0.000000000000000000, 0.000000000000000000 ) ) ;
#284 = ORIENTED_EDGE ( 'NONE', *, *, #1560, .F. ) ;
#285 = CIRCLE ( 'NONE', #722, 6.999999999999999112 ) ;
#286 = ORIENTED_EDGE ( 'NONE', *, *, #258, .T. ) ;
#287 = DIRECTION ( 'NONE',  ( 0.000000000000000000, 0.000000000000000000, 1.000000000000000000 ) ) ;
#288 = DIRECTION ( 'NONE',  ( -0.000000000000000000, -0.000000000000000000, -1.000000000000000000 ) ) ;
#289 = APPLICATION_PROTOCOL_DEFINITION ( 'draft international standard', 'automotive_design', 1998, #1428 ) ;
#290 = ORIENTED_EDGE ( 'NONE', *, *, #1766, .T. ) ;
#291 = FACE_OUTER_BOUND ( 'NONE', #991, .T. ) ;
#292 = CARTESIAN_POINT ( 'NONE',  ( -14.94145358379161870, 44.32399577167019089, 3.000000000000000000 ) ) ;
#293 = ORIENTED_EDGE ( 'NONE', *, *, #1431, .T. ) ;
#294 = AXIS2_PLACEMENT_3D ( 'NONE', #489, #1817, #655 ) ;
#295 = ORIENTED_EDGE ( 'NONE', *, *, #366, .T. ) ;
#296 = DIRECTION ( 'NONE',  ( 1.000000000000000000, 0.000000000000000000, 0.000000000000000000 ) ) ;
#297 = ADVANCED_FACE ( 'NONE', ( #1422 ), #255, .F. ) ;
#298 = DIRECTION ( 'NONE',  ( 0.000000000000000000, 0.000000000000000000, 1.000000000000000000 ) ) ;
#299 = ADVANCED_FACE ( 'NONE', ( #1607 ), #1870, .T. ) ;
#300 = CIRCLE ( 'NONE', #1455, 39.99999999999999289 ) ;
#301 = DIRECTION ( 'NONE',  ( 1.000000000000000000, 0.000000000000000000, 0.000000000000000000 ) ) ;
#302 = DIRECTION ( 'NONE',  ( 0.000000000000000000, -0.000000000000000000, -1.000000000000000000 ) ) ;
#303 = CIRCLE ( 'NONE', #1647, 6.000000000000001776 ) ;
#304 = ORIENTED_EDGE ( 'NONE', *, *, #1481, .T. ) ;
#305 = ORIENTED_EDGE ( 'NONE', *, *, #189, .F. ) ;
#306 = EDGE_CURVE ( 'NONE', #1435, #812, #456, .T. ) ;
#307 = SURFACE_STYLE_FILL_AREA ( #38 ) ;
#308 = ORIENTED_EDGE ( 'NONE', *, *, #1693, .T. ) ;
#309 = CARTESIAN_POINT ( 'NONE',  ( -39.99999999999999289, 0.000000000000000000, 6.000000000000000000 ) ) ;
#310 = ORIENTED_EDGE ( 'NONE', *, *, #1682, .T. ) ;
#311 = DIRECTION ( 'NONE',  ( 1.000000000000000000, 0.000000000000000000, 0.000000000000000000 ) ) ;
#312 = VERTEX_POINT ( 'NONE', #267 ) ;
#313 = ORIENTED_EDGE ( 'NONE', *, *, #28, .F. ) ;
#314 = VECTOR ( 'NONE', #1917, 1000.000000000000000 ) ;
#315 = CARTESIAN_POINT ( 'NONE',  ( 37.23909236273076573, -21.50000000000017764, 18.00000000000000355 ) ) ;
#316 = EDGE_LOOP ( 'NONE', ( #775, #1326 ) ) ;
#317 = EDGE_CURVE ( 'NONE', #1592, #1479, #391, .T. ) ;
#318 = CARTESIAN_POINT ( 'NONE',  ( 0.000000000000000000, 43.00000000000000000, 3.000000000000000000 ) ) ;
#319 = VERTEX_POINT ( 'NONE', #1883 ) ;
#320 = VECTOR ( 'NONE', #378, 1000.000000000000000 ) ;
#321 = CIRCLE ( 'NONE', #415, 12.00000000000000355 ) ;
#322 = VERTEX_POINT ( 'NONE', #1913 ) ;
#323 = VECTOR ( 'NONE', #1567, 1000.000000000000000 ) ;
#324 = DIRECTION ( 'NONE',  ( 0.000000000000000000, -0.000000000000000000, -1.000000000000000000 ) ) ;
#325 = DIRECTION ( 'NONE',  ( 1.000000000000000000, 0.000000000000000000, 0.000000000000000000 ) ) ;
#326 = VECTOR ( 'NONE', #1185, 1000.000000000000000 ) ;
#327 = FACE_OUTER_BOUND ( 'NONE', #194, .T. ) ;
#328 = EDGE_CURVE ( 'NONE', #468, #112, #1006, .T. ) ;
#329 = ORIENTED_EDGE ( 'NONE', *, *, #247, .T. ) ;
#330 = CARTESIAN_POINT ( 'NONE',  ( 14.94145358379161870, 44.32399577167019089, 3.000000000000000000 ) ) ;
#331 = COLOUR_RGB ( '',0.7921568627450980005, 0.8196078431372548767, 0.9333333333333333481 ) ;
#332 = CIRCLE ( 'NONE', #920, 7.000000000000002665 ) ;
#333 = EDGE_CURVE ( 'NONE', #1879, #770, #608, .T. ) ;
#334 = VERTEX_POINT ( 'NONE', #566 ) ;
#335 = AXIS2_PLACEMENT_3D ( 'NONE', #1392, #929, #373 ) ;
#336 = DIRECTION ( 'NONE',  ( 1.000000000000000000, 0.000000000000000000, 0.000000000000000000 ) ) ;
#337 = ORIENTED_EDGE ( 'NONE', *, *, #471, .F. ) ;
#338 = DIRECTION ( 'NONE',  ( -1.000000000000000000, 0.000000000000000000, 0.000000000000000000 ) ) ;
#339 = EDGE_LOOP ( 'NONE', ( #1399, #1528, #605, #36 ) ) ;
#340 = CARTESIAN_POINT ( 'NONE',  ( 37.23909236273076573, -21.50000000000017764, 3.000000000000000000 ) ) ;
#341 = DIRECTION ( 'NONE',  ( -0.000000000000000000, -0.000000000000000000, -1.000000000000000000 ) ) ;
#342 = ORIENTED_EDGE ( 'NONE', *, *, #392, .T. ) ;
#343 = CARTESIAN_POINT ( 'NONE',  ( -24.04880512942430570, -35.64624765451441846, 3.000000000000000000 ) ) ;
#344 = AXIS2_PLACEMENT_3D ( 'NONE', #804, #813, #682 ) ;
#345 = LINE ( 'NONE', #1381, #765 ) ;
#346 = CARTESIAN_POINT ( 'NONE',  ( 8.000000000000000000, 43.00000000000000000, 18.00000000000000355 ) ) ;
#347 = VECTOR ( 'NONE', #1729, 1000.000000000000000 ) ;
#348 = EDGE_LOOP ( 'NONE', ( #107, #1604, #100, #901 ) ) ;
#349 = DIRECTION ( 'NONE',  ( -1.000000000000000000, 0.000000000000000000, 0.000000000000000000 ) ) ;
#350 = CYLINDRICAL_SURFACE ( 'NONE', #1755, 6.000000000000005329 ) ;
#351 = VERTEX_POINT ( 'NONE', #986 ) ;
#352 = CIRCLE ( 'NONE', #943, 6.999999999999999112 ) ;
#353 = CARTESIAN_POINT ( 'NONE',  ( 43.23909236273076573, -21.50000000000017764, 0.000000000000000000 ) ) ;
#354 = ADVANCED_FACE ( 'NONE', ( #1586, #1134 ), #1176, .T. ) ;
#355 = DIRECTION ( 'NONE',  ( -0.000000000000000000, -0.000000000000000000, -1.000000000000000000 ) ) ;
#356 = EDGE_CURVE ( 'NONE', #319, #131, #300, .T. ) ;
#357 = CARTESIAN_POINT ( 'NONE',  ( -46.72902052084050695, -5.039706456021717962, 3.000000000000000000 ) ) ;
#358 = ORIENTED_EDGE ( 'NONE', *, *, #1457, .F. ) ;
#359 = CARTESIAN_POINT ( 'NONE',  ( -52.23909236273106416, -21.49999999999965539, 0.000000000000000000 ) ) ;
#360 = FACE_OUTER_BOUND ( 'NONE', #915, .T. ) ;
#361 = EDGE_LOOP ( 'NONE', ( #140, #202 ) ) ;
#362 = CIRCLE ( 'NONE', #863, 12.00000000000001066 ) ;
#363 = PLANE ( 'NONE',  #1851 ) ;
#364 = CARTESIAN_POINT ( 'NONE',  ( 6.000000000000000000, 43.00000000000000000, 12.00000000000000000 ) ) ;
#365 = CARTESIAN_POINT ( 'NONE',  ( -30.91497954360494305, -35.10167625886439424, 0.000000000000000000 ) ) ;
#366 = EDGE_CURVE ( 'NONE', #1468, #530, #1389, .T. ) ;
#367 = ORIENTED_EDGE ( 'NONE', *, *, #157, .T. ) ;
#368 = CARTESIAN_POINT ( 'NONE',  ( 37.23909236273076573, -21.50000000000017764, 6.000000000000000000 ) ) ;
#369 = CARTESIAN_POINT ( 'NONE',  ( 0.000000000000000000, 0.000000000000000000, 12.00000000000000000 ) ) ;
#370 = ORIENTED_EDGE ( 'NONE', *, *, #1546, .T. ) ;
#371 = DIRECTION ( 'NONE',  ( 1.000000000000000000, 0.000000000000000000, 0.000000000000000000 ) ) ;
#372 = PRODUCT_DEFINITION_SHAPE ( 'NONE', 'NONE',  #1628 ) ;
#373 = DIRECTION ( 'NONE',  ( 1.000000000000000000, 0.000000000000000000, 0.000000000000000000 ) ) ;
#374 = CARTESIAN_POINT ( 'NONE',  ( 3.000000000000000888, 43.00000000000000000, 18.00000000000000355 ) ) ;
#375 = EDGE_LOOP ( 'NONE', ( #370, #308 ) ) ;
#376 = DIRECTION ( 'NONE',  ( -0.000000000000000000, 0.000000000000000000, 1.000000000000000000 ) ) ;
#377 = EDGE_CURVE ( 'NONE', #1353, #322, #544, .T. ) ;
#378 = DIRECTION ( 'NONE',  ( -0.000000000000000000, -0.000000000000000000, -1.000000000000000000 ) ) ;
#379 = AXIS2_PLACEMENT_3D ( 'NONE', #1145, #1305, #1893 ) ;
#380 = ORIENTED_EDGE ( 'NONE', *, *, #120, .T. ) ;
#381 = DIRECTION ( 'NONE',  ( -0.000000000000000000, -0.000000000000000000, -1.000000000000000000 ) ) ;
#382 = CARTESIAN_POINT ( 'NONE',  ( -37.23909236273106416, -21.49999999999965539, 3.000000000000000000 ) ) ;
#383 = CIRCLE ( 'NONE', #294, 8.000000000000000000 ) ;
#384 = CARTESIAN_POINT ( 'NONE',  ( 31.23909236273076218, -21.50000000000017764, 3.000000000000000000 ) ) ;
#385 = VECTOR ( 'NONE', #125, 1000.000000000000000 ) ;
#386 = VERTEX_POINT ( 'NONE', #718 ) ;
#387 = CARTESIAN_POINT ( 'NONE',  ( -46.72902052084050695, -5.039706456021717962, 6.000000000000000000 ) ) ;
#388 = CARTESIAN_POINT ( 'NONE',  ( 0.000000000000000000, 43.00000000000000000, 0.000000000000000000 ) ) ;
#389 = ADVANCED_FACE ( 'NONE', ( #1894, #237 ), #557, .F. ) ;
#390 = EDGE_LOOP ( 'NONE', ( #806, #1562, #46, #1499 ) ) ;
#391 = CIRCLE ( 'NONE', #1137, 8.000000000003247180 ) ;
#392 = EDGE_CURVE ( 'NONE', #694, #983, #860, .T. ) ;
#393 = CARTESIAN_POINT ( 'NONE',  ( 37.23909236273076573, -21.50000000000017764, 3.000000000000000000 ) ) ;
#394 = CIRCLE ( 'NONE', #640, 6.999999999999999112 ) ;
#395 = CARTESIAN_POINT ( 'NONE',  ( 0.000000000000000000, 21.50000000000000000, 3.000000000000000000 ) ) ;
#396 = CARTESIAN_POINT ( 'NONE',  ( -11.99999999999999822, 43.00000000000000000, 6.000000000000000000 ) ) ;
#397 = ORIENTED_EDGE ( 'NONE', *, *, #1703, .T. ) ;
#398 = DIRECTION ( 'NONE',  ( -0.000000000000000000, -0.000000000000000000, -1.000000000000000000 ) ) ;
#399 = DIRECTION ( 'NONE',  ( -0.000000000000000000, -0.000000000000000000, -1.000000000000000000 ) ) ;
#400 = VERTEX_POINT ( 'NONE', #864 ) ;
#401 = DIRECTION ( 'NONE',  ( 1.000000000000000000, 0.000000000000000000, 0.000000000000000000 ) ) ;
#402 = ADVANCED_FACE ( 'NONE', ( #874 ), #1463, .T. ) ;
#403 = CARTESIAN_POINT ( 'NONE',  ( 37.23909236273076573, -21.50000000000017764, 18.00000000000000355 ) ) ;
#404 = LINE ( 'NONE', #384, #451 ) ;
#405 = ORIENTED_EDGE ( 'NONE', *, *, #1460, .F. ) ;
#406 = DIRECTION ( 'NONE',  ( -0.000000000000000000, -0.000000000000000000, -1.000000000000000000 ) ) ;
#407 = CARTESIAN_POINT ( 'NONE',  ( 23.59916942889503488, -32.29673671234147037, 3.000000000000000000 ) ) ;
#408 = ORIENTED_EDGE ( 'NONE', *, *, #1798, .T. ) ;
#409 = EDGE_LOOP ( 'NONE', ( #1540, #232, #295, #453 ) ) ;
#410 = CARTESIAN_POINT ( 'NONE',  ( 0.000000000000000000, 43.00000000000000000, 18.00000000000000355 ) ) ;
#411 = EDGE_CURVE ( 'NONE', #1313, #1297, #1298, .T. ) ;
#412 = DIRECTION ( 'NONE',  ( 1.000000000000000000, 0.000000000000000000, 0.000000000000000000 ) ) ;
#413 = CIRCLE ( 'NONE', #476, 6.999999999999999112 ) ;
#414 = FACE_OUTER_BOUND ( 'NONE', #1067, .T. ) ;
#415 = AXIS2_PLACEMENT_3D ( 'NONE', #261, #1320, #990 ) ;
#416 = EDGE_CURVE ( 'NONE', #1479, #240, #577, .T. ) ;
#417 = VERTEX_POINT ( 'NONE', #1781 ) ;
#418 = LINE ( 'NONE', #1897, #1283 ) ;
#419 = CARTESIAN_POINT ( 'NONE',  ( 42.89495858311311594, -3.003752345485553921, 3.000000000000000000 ) ) ;
#420 = AXIS2_PLACEMENT_3D ( 'NONE', #1464, #1792, #1772 ) ;
#421 = ORIENTED_EDGE ( 'NONE', *, *, #1417, .F. ) ;
#422 = VERTEX_POINT ( 'NONE', #1664 ) ;
#423 = CARTESIAN_POINT ( 'NONE',  ( -37.23909236273107126, -21.49999999999965539, 18.00000000000000355 ) ) ;
#424 = DIRECTION ( 'NONE',  ( -1.000000000000000000, 0.000000000000000000, 0.000000000000000000 ) ) ;
#425 = SHAPE_DEFINITION_REPRESENTATION ( #372, #30 ) ;
#426 = AXIS2_PLACEMENT_3D ( 'NONE', #1556, #218, #801 ) ;
#427 = ORIENTED_EDGE ( 'NONE', *, *, #819, .F. ) ;
#428 = CARTESIAN_POINT ( 'NONE',  ( 24.04880512942380832, -35.64624765451475952, 0.000000000000000000 ) ) ;
#429 = EDGE_CURVE ( 'NONE', #1636, #151, #1110, .T. ) ;
#430 = DIRECTION ( 'NONE',  ( 1.000000000000000000, 0.000000000000000000, 0.000000000000000000 ) ) ;
#431 = ORIENTED_EDGE ( 'NONE', *, *, #604, .F. ) ;
#432 = VERTEX_POINT ( 'NONE', #1649 ) ;
#433 = FACE_OUTER_BOUND ( 'NONE', #1387, .T. ) ;
#434 = DIRECTION ( 'NONE',  ( -0.000000000000000000, 0.000000000000000000, 1.000000000000000000 ) ) ;
#435 = ORIENTED_EDGE ( 'NONE', *, *, #1635, .F. ) ;
#436 = CARTESIAN_POINT ( 'NONE',  ( -31.23909236273106416, -21.49999999999965539, 12.00000000000000000 ) ) ;
#437 = CYLINDRICAL_SURFACE ( 'NONE', #1070, 8.000000000000000000 ) ;
#438 = ADVANCED_FACE ( 'NONE', ( #916 ), #908, .F. ) ;
#439 = ORIENTED_EDGE ( 'NONE', *, *, #1679, .T. ) ;
#440 = AXIS2_PLACEMENT_3D ( 'NONE', #1149, #583, #1444 ) ;
#441 = EDGE_CURVE ( 'NONE', #432, #983, #1805, .T. ) ;
#442 = ORIENTED_EDGE ( 'NONE', *, *, #366, .F. ) ;
#443 = CARTESIAN_POINT ( 'NONE',  ( 0.000000000000000000, 43.00000000000000000, 6.000000000000000000 ) ) ;
#444 = AXIS2_PLACEMENT_3D ( 'NONE', #805, #70, #658 ) ;
#445 = DIRECTION ( 'NONE',  ( -1.000000000000000000, 0.000000000000000000, 0.000000000000000000 ) ) ;
#446 = ORIENTED_EDGE ( 'NONE', *, *, #1826, .F. ) ;
#447 = AXIS2_PLACEMENT_3D ( 'NONE', #1475, #127, #136 ) ;
#448 = DIRECTION ( 'NONE',  ( 1.000000000000000000, 0.000000000000000000, 0.000000000000000000 ) ) ;
#449 = AXIS2_PLACEMENT_3D ( 'NONE', #173, #1213, #1030 ) ;
#450 = EDGE_LOOP ( 'NONE', ( #1415, #965, #286, #766 ) ) ;
#451 = VECTOR ( 'NONE', #105, 1000.000000000000000 ) ;
#452 = ADVANCED_FACE ( 'NONE', ( #1183 ), #1495, .T. ) ;
#453 = ORIENTED_EDGE ( 'NONE', *, *, #245, .T. ) ;
#454 = EDGE_CURVE ( 'NONE', #574, #417, #828, .T. ) ;
#455 = DIRECTION ( 'NONE',  ( 1.000000000000000000, 0.000000000000000000, 0.000000000000000000 ) ) ;
#456 = CIRCLE ( 'NONE', #1230, 39.99999999999999289 ) ;
#457 = LINE ( 'NONE', #750, #1855 ) ;
#458 = MANIFOLD_SOLID_BREP ( 'Fillet1', #178 ) ;
#459 = DIRECTION ( 'NONE',  ( -0.000000000000000000, -0.000000000000000000, -1.000000000000000000 ) ) ;
#460 = AXIS2_PLACEMENT_3D ( 'NONE', #948, #1712, #517 ) ;
#461 = ORIENTED_EDGE ( 'NONE', *, *, #527, .F. ) ;
#462 = VERTEX_POINT ( 'NONE', #1040 ) ;
#463 = SURFACE_STYLE_USAGE ( .BOTH. , #900 ) ;
#464 = APPLICATION_PROTOCOL_DEFINITION ( 'draft international standard', 'automotive_design', 1998, #1388 ) ;
#465 = FACE_OUTER_BOUND ( 'NONE', #122, .T. ) ;
#466 = EDGE_CURVE ( 'NONE', #1297, #1313, #235, .T. ) ;
#467 = CARTESIAN_POINT ( 'NONE',  ( 45.23909236273401291, -21.50000000000017764, 18.00000000000000355 ) ) ;
#468 = VERTEX_POINT ( 'NONE', #1342 ) ;
#469 = CARTESIAN_POINT ( 'NONE',  ( -37.23909236273107126, -21.49999999999965539, 12.00000000000000000 ) ) ;
#470 = ORIENTED_EDGE ( 'NONE', *, *, #277, .T. ) ;
#471 = EDGE_CURVE ( 'NONE', #31, #515, #1016, .T. ) ;
#472 = CARTESIAN_POINT ( 'NONE',  ( 0.000000000000000000, 43.00000000000000000, 6.000000000000000000 ) ) ;
#473 = DIRECTION ( 'NONE',  ( -0.000000000000000000, -0.000000000000000000, -1.000000000000000000 ) ) ;
#474 = ORIENTED_EDGE ( 'NONE', *, *, #92, .T. ) ;
#475 = CARTESIAN_POINT ( 'NONE',  ( 49.87785881757339013, -3.492735285448318017, 3.000000000000000000 ) ) ;
#476 = AXIS2_PLACEMENT_3D ( 'NONE', #1103, #1386, #223 ) ;
#477 = ORIENTED_EDGE ( 'NONE', *, *, #1144, .T. ) ;
#478 = VECTOR ( 'NONE', #1255, 1000.000000000000000 ) ;
#479 = DIRECTION ( 'NONE',  ( -0.000000000000000000, 0.000000000000000000, 1.000000000000000000 ) ) ;
#480 = ORIENTED_EDGE ( 'NONE', *, *, #1728, .F. ) ;
#481 = LINE ( 'NONE', #646, #228 ) ;
#482 = ORIENTED_EDGE ( 'NONE', *, *, #333, .F. ) ;
#483 = CARTESIAN_POINT ( 'NONE',  ( -18.99999644188858383, 42.98837209302325135, 6.000000000000000000 ) ) ;
#484 = DIRECTION ( 'NONE',  ( 1.000000000000000000, 0.000000000000000000, 0.000000000000000000 ) ) ;
#485 = ORIENTED_EDGE ( 'NONE', *, *, #1524, .F. ) ;
#486 = AXIS2_PLACEMENT_3D ( 'NONE', #472, #4, #325 ) ;
#487 = FACE_OUTER_BOUND ( 'NONE', #1261, .T. ) ;
#488 = CARTESIAN_POINT ( 'NONE',  ( 0.000000000000000000, 43.00000000000000000, 0.000000000000000000 ) ) ;
#489 = CARTESIAN_POINT ( 'NONE',  ( 0.000000000000000000, 43.00000000000000000, 18.00000000000000355 ) ) ;
#490 = VERTEX_POINT ( 'NONE', #1061 ) ;
#491 = DIRECTION ( 'NONE',  ( 0.000000000000000000, 0.000000000000000000, 1.000000000000000000 ) ) ;
#492 = CARTESIAN_POINT ( 'NONE',  ( -45.23909236273331658, -21.49999999999965539, 18.00000000000000355 ) ) ;
#493 = ADVANCED_FACE ( 'NONE', ( #597 ), #1193, .F. ) ;
#494 = ORIENTED_EDGE ( 'NONE', *, *, #454, .T. ) ;
#495 = EDGE_CURVE ( 'NONE', #351, #1180, #516, .T. ) ;
#496 = CARTESIAN_POINT ( 'NONE',  ( 39.76937916667269235, -4.289111877465844103, 3.000000000000000000 ) ) ;
#497 = DIRECTION ( 'NONE',  ( -0.000000000000000000, -0.000000000000000000, -1.000000000000000000 ) ) ;
#498 = CIRCLE ( 'NONE', #1838, 6.999999999999999112 ) ;
#499 = DIRECTION ( 'NONE',  ( -0.000000000000000000, -0.000000000000000000, -1.000000000000000000 ) ) ;
#500 = AXIS2_PLACEMENT_3D ( 'NONE', #1314, #381, #279 ) ;
#501 = ORIENTED_EDGE ( 'NONE', *, *, #984, .T. ) ;
#502 = DIRECTION ( 'NONE',  ( 0.000000000000000000, 0.000000000000000000, 1.000000000000000000 ) ) ;
#503 = CARTESIAN_POINT ( 'NONE',  ( -49.23909236273107126, -21.49999999999965539, 6.000000000000000000 ) ) ;
#504 = ORIENTED_EDGE ( 'NONE', *, *, #1348, .F. ) ;
#505 = AXIS2_PLACEMENT_3D ( 'NONE', #1114, #1847, #1237 ) ;
#506 = CIRCLE ( 'NONE', #1005, 6.999999999999999112 ) ;
#507 = CARTESIAN_POINT ( 'NONE',  ( 0.000000000000000000, 43.00000000000000000, 3.000000000000000000 ) ) ;
#508 = EDGE_CURVE ( 'NONE', #1620, #1167, #1517, .T. ) ;
#509 = CIRCLE ( 'NONE', #1605, 8.000000000002248868 ) ;
#510 = DIRECTION ( 'NONE',  ( 1.000000000000000000, 0.000000000000000000, 0.000000000000000000 ) ) ;
#511 = DIRECTION ( 'NONE',  ( -0.000000000000000000, -0.000000000000000000, -1.000000000000000000 ) ) ;
#512 = VERTEX_POINT ( 'NONE', #883 ) ;
#513 = DIRECTION ( 'NONE',  ( -1.000000000000000000, 0.000000000000000000, 0.000000000000000000 ) ) ;
#514 = DIRECTION ( 'NONE',  ( -0.000000000000000000, 0.000000000000000000, 1.000000000000000000 ) ) ;
#515 = VERTEX_POINT ( 'NONE', #1483 ) ;
#516 = CIRCLE ( 'NONE', #1232, 6.000000000000001776 ) ;
#517 = DIRECTION ( 'NONE',  ( 1.000000000000000000, 0.000000000000000000, 0.000000000000000000 ) ) ;
#518 = EDGE_CURVE ( 'NONE', #1353, #1029, #1049, .T. ) ;
#519 = CARTESIAN_POINT ( 'NONE',  ( 0.000000000000000000, 0.000000000000000000, 3.000000000000000000 ) ) ;
#520 = CARTESIAN_POINT ( 'NONE',  ( -24.04880512942430570, -35.64624765451441846, 0.000000000000000000 ) ) ;
#521 = ORIENTED_EDGE ( 'NONE', *, *, #130, .T. ) ;
#522 = CYLINDRICAL_SURFACE ( 'NONE', #1695, 6.999999999999999112 ) ;
#523 = CARTESIAN_POINT ( 'NONE',  ( -29.23909236272881884, -21.49999999999965539, 18.00000000000000355 ) ) ;
#524 = ORIENTED_EDGE ( 'NONE', *, *, #466, .F. ) ;
#525 = DIRECTION ( 'NONE',  ( -0.000000000000000000, -0.000000000000000000, -1.000000000000000000 ) ) ;
#526 = CARTESIAN_POINT ( 'NONE',  ( -45.85643312739632194, -9.222319512805084329, 3.000000000000000000 ) ) ;
#527 = EDGE_CURVE ( 'NONE', #574, #1808, #394, .T. ) ;
#528 = CARTESIAN_POINT ( 'NONE',  ( -11.99999644188858383, 42.98837209302325135, 6.000000000000000000 ) ) ;
#529 = CIRCLE ( 'NONE', #190, 43.00000000000000000 ) ;
#530 = VERTEX_POINT ( 'NONE', #1692 ) ;
#531 = CARTESIAN_POINT ( 'NONE',  ( -14.94145358379161870, 44.32399577167019089, 0.000000000000000000 ) ) ;
#532 = EDGE_CURVE ( 'NONE', #586, #240, #1302, .T. ) ;
#533 = DIRECTION ( 'NONE',  ( 1.000000000000000000, 0.000000000000000000, 0.000000000000000000 ) ) ;
#534 = EDGE_LOOP ( 'NONE', ( #1424, #60, #838, #648 ) ) ;
#535 = DIRECTION ( 'NONE',  ( 1.000000000000000000, 0.000000000000000000, -0.000000000000000000 ) ) ;
#536 = AXIS2_PLACEMENT_3D ( 'NONE', #475, #639, #296 ) ;
#537 = DIRECTION ( 'NONE',  ( -0.000000000000000000, 0.000000000000000000, 1.000000000000000000 ) ) ;
#538 = AXIS2_PLACEMENT_3D ( 'NONE', #357, #951, #930 ) ;
#539 = CYLINDRICAL_SURFACE ( 'NONE', #1790, 8.000000000003247180 ) ;
#540 = VERTEX_POINT ( 'NONE', #1380 ) ;
#541 = PLANE ( 'NONE',  #167 ) ;
#542 = CARTESIAN_POINT ( 'NONE',  ( 0.000000000000000000, 43.00000000000000000, 18.00000000000000355 ) ) ;
#543 = VERTEX_POINT ( 'NONE', #353 ) ;
#544 = CIRCLE ( 'NONE', #1645, 6.999999999999999112 ) ;
#545 = LINE ( 'NONE', #1451, #347 ) ;
#546 = VECTOR ( 'NONE', #1532, 1000.000000000000000 ) ;
#547 = CARTESIAN_POINT ( 'NONE',  ( -6.000000000000000000, 43.00000000000000000, 3.000000000000000000 ) ) ;
#548 = DIRECTION ( 'NONE',  ( 0.000000000000000000, 0.000000000000000000, 1.000000000000000000 ) ) ;
#549 = ORIENTED_EDGE ( 'NONE', *, *, #1224, .T. ) ;
#550 = FACE_OUTER_BOUND ( 'NONE', #1827, .T. ) ;
#551 = DIRECTION ( 'NONE',  ( -0.000000000000000000, -0.000000000000000000, -1.000000000000000000 ) ) ;
#552 = ORIENTED_EDGE ( 'NONE', *, *, #1778, .T. ) ;
#553 = ADVANCED_FACE ( 'NONE', ( #57, #83 ), #652, .F. ) ;
#554 = EDGE_LOOP ( 'NONE', ( #1148, #612, #1506, #184 ) ) ;
#555 = CARTESIAN_POINT ( 'NONE',  ( -23.59916942889550739, -32.29673671234112931, 6.000000000000000000 ) ) ;
#556 = EDGE_CURVE ( 'NONE', #259, #319, #1840, .T. ) ;
#557 = PLANE ( 'NONE',  #792 ) ;
#558 = CARTESIAN_POINT ( 'NONE',  ( 0.000000000000000000, 21.50000000000000000, 6.000000000000000000 ) ) ;
#559 = EDGE_LOOP ( 'NONE', ( #1655, #1742 ) ) ;
#560 = DIRECTION ( 'NONE',  ( 1.000000000000000000, 0.000000000000000000, 0.000000000000000000 ) ) ;
#561 = DIRECTION ( 'NONE',  ( -0.000000000000000000, 0.000000000000000000, 1.000000000000000000 ) ) ;
#562 = ORIENTED_EDGE ( 'NONE', *, *, #1789, .F. ) ;
#563 = ORIENTED_EDGE ( 'NONE', *, *, #1484, .F. ) ;
#564 = VECTOR ( 'NONE', #1542, 1000.000000000000000 ) ;
#565 = CYLINDRICAL_SURFACE ( 'NONE', #1783, 6.000000000000001776 ) ;
#566 = CARTESIAN_POINT ( 'NONE',  ( -45.23909236273331658, -21.49999999999965539, 18.00000000000000355 ) ) ;
#567 = EDGE_CURVE ( 'NONE', #1206, #334, #1360, .T. ) ;
#568 = CIRCLE ( 'NONE', #1100, 6.999999999999999112 ) ;
#569 =( LENGTH_UNIT ( ) NAMED_UNIT ( * ) SI_UNIT ( .MILLI., .METRE. ) );
#570 = ORIENTED_EDGE ( 'NONE', *, *, #759, .F. ) ;
#571 = CARTESIAN_POINT ( 'NONE',  ( -31.23909236273106771, -21.49999999999965539, 3.000000000000000000 ) ) ;
#572 = PLANE ( 'NONE',  #674 ) ;
#573 = AXIS2_PLACEMENT_3D ( 'NONE', #169, #1055, #579 ) ;
#574 = VERTEX_POINT ( 'NONE', #1555 ) ;
#575 = ORIENTED_EDGE ( 'NONE', *, *, #1249, .T. ) ;
#576 = CARTESIAN_POINT ( 'NONE',  ( 39.76937916667269945, -4.289111877465844991, 6.000000000000000000 ) ) ;
#577 = LINE ( 'NONE', #832, #24 ) ;
#578 = STYLED_ITEM ( 'NONE', ( #1501 ), #458 ) ;
#579 = DIRECTION ( 'NONE',  ( -1.000000000000000000, 0.000000000000000000, 0.000000000000000000 ) ) ;
#580 = CIRCLE ( 'NONE', #829, 15.00000000000000000 ) ;
#581 = EDGE_CURVE ( 'NONE', #224, #490, #1733, .T. ) ;
#582 = EDGE_LOOP ( 'NONE', ( #1485, #627, #1670, #1465 ) ) ;
#583 = DIRECTION ( 'NONE',  ( -0.000000000000000000, -0.000000000000000000, -1.000000000000000000 ) ) ;
#584 = CARTESIAN_POINT ( 'NONE',  ( -49.87785881757345408, -3.492735285447617244, 0.000000000000000000 ) ) ;
#585 = ORIENTED_EDGE ( 'NONE', *, *, #1208, .T. ) ;
#586 = VERTEX_POINT ( 'NONE', #1813 ) ;
#587 = CARTESIAN_POINT ( 'NONE',  ( -42.89495858311315857, -3.003752345484950403, 3.000000000000000000 ) ) ;
#588 = VERTEX_POINT ( 'NONE', #1832 ) ;
#589 = CYLINDRICAL_SURFACE ( 'NONE', #447, 3.000000000003249845 ) ;
#590 = EDGE_CURVE ( 'NONE', #1029, #1583, #1565, .T. ) ;
#591 = CYLINDRICAL_SURFACE ( 'NONE', #1713, 6.999999999999999112 ) ;
#592 = ORIENTED_EDGE ( 'NONE', *, *, #1085, .T. ) ;
#593 = ADVANCED_FACE ( 'NONE', ( #1074 ), #64, .F. ) ;
#594 = AXIS2_PLACEMENT_3D ( 'NONE', #241, #1244, #1436 ) ;
#595 = ORIENTED_EDGE ( 'NONE', *, *, #807, .F. ) ;
#596 = AXIS2_PLACEMENT_3D ( 'NONE', #423, #525, #851 ) ;
#597 = FACE_OUTER_BOUND ( 'NONE', #700, .T. ) ;
#598 = FACE_OUTER_BOUND ( 'NONE', #1752, .T. ) ;
#599 = CARTESIAN_POINT ( 'NONE',  ( 43.23909236273076573, -21.50000000000017764, 3.000000000000000000 ) ) ;
#600 = AXIS2_PLACEMENT_3D ( 'NONE', #369, #1820, #814 ) ;
#601 = CARTESIAN_POINT ( 'NONE',  ( 40.23909236273401291, -21.50000000000017764, 18.00000000000000355 ) ) ;
#602 = ORIENTED_EDGE ( 'NONE', *, *, #1514, .T. ) ;
#603 = AXIS2_PLACEMENT_3D ( 'NONE', #227, #687, #1453 ) ;
#604 = EDGE_CURVE ( 'NONE', #139, #386, #1142, .T. ) ;
#605 = ORIENTED_EDGE ( 'NONE', *, *, #664, .F. ) ;
#606 = CARTESIAN_POINT ( 'NONE',  ( 0.000000000000000000, 0.000000000000000000, 3.000000000000000000 ) ) ;
#607 = ORIENTED_EDGE ( 'NONE', *, *, #1420, .F. ) ;
#608 = CIRCLE ( 'NONE', #950, 15.00000000000000000 ) ;
#609 = CARTESIAN_POINT ( 'NONE',  ( -49.87785881757345408, -3.492735285447617244, 3.000000000000000000 ) ) ;
#610 = DIRECTION ( 'NONE',  ( 1.000000000000000000, 0.000000000000000000, 0.000000000000000000 ) ) ;
#611 = AXIS2_PLACEMENT_3D ( 'NONE', #1210, #909, #1344 ) ;
#612 = ORIENTED_EDGE ( 'NONE', *, *, #1600, .T. ) ;
#613 = EDGE_LOOP ( 'NONE', ( #1053, #1054, #1634, #899 ) ) ;
#614 = ADVANCED_FACE ( 'NONE', ( #487, #928 ), #363, .T. ) ;
#615 = DIRECTION ( 'NONE',  ( 1.000000000000000000, 0.000000000000000000, 0.000000000000000000 ) ) ;
#616 = EDGE_CURVE ( 'NONE', #386, #139, #303, .T. ) ;
#617 = ORIENTED_EDGE ( 'NONE', *, *, #590, .F. ) ;
#618 = CARTESIAN_POINT ( 'NONE',  ( -11.99999999999999822, 43.00000000000000000, 3.000000000000000000 ) ) ;
#619 = DIRECTION ( 'NONE',  ( 0.000000000000000000, 0.000000000000000000, 1.000000000000000000 ) ) ;
#620 = ORIENTED_EDGE ( 'NONE', *, *, #705, .F. ) ;
#621 = CARTESIAN_POINT ( 'NONE',  ( -11.99999644188858205, 42.98837209302325135, 3.000000000000000000 ) ) ;
#622 = ORIENTED_EDGE ( 'NONE', *, *, #1679, .F. ) ;
#623 = AXIS2_PLACEMENT_3D ( 'NONE', #410, #839, #1002 ) ;
#624 = CARTESIAN_POINT ( 'NONE',  ( 0.000000000000000000, 43.00000000000000000, 3.000000000000000000 ) ) ;
#625 = LINE ( 'NONE', #1221, #1705 ) ;
#626 = DIRECTION ( 'NONE',  ( 0.000000000000000000, 0.000000000000000000, 1.000000000000000000 ) ) ;
#627 = ORIENTED_EDGE ( 'NONE', *, *, #1902, .T. ) ;
#628 = CARTESIAN_POINT ( 'NONE',  ( -18.84615345368915840, 38.64999999999999858, 0.000000000000000000 ) ) ;
#629 = CARTESIAN_POINT ( 'NONE',  ( -11.99999775277174408, 42.99265605875152829, 3.000000000000000000 ) ) ;
#630 = VERTEX_POINT ( 'NONE', #1390 ) ;
#631 = VECTOR ( 'NONE', #1335, 1000.000000000000000 ) ;
#632 = PRODUCT_DEFINITION_FORMATION_WITH_SPECIFIED_SOURCE ( 'ANY', '', #790, .NOT_KNOWN. ) ;
#633 = CARTESIAN_POINT ( 'NONE',  ( -37.23909236273107126, -21.49999999999965539, 0.000000000000000000 ) ) ;
#634 = LINE ( 'NONE', #1124, #922 ) ;
#635 = AXIS2_PLACEMENT_3D ( 'NONE', #395, #1324, #1021 ) ;
#636 = EDGE_CURVE ( 'NONE', #752, #1365, #1885, .T. ) ;
#637 = DIRECTION ( 'NONE',  ( 0.000000000000000000, 0.000000000000000000, 1.000000000000000000 ) ) ;
#638 = ORIENTED_EDGE ( 'NONE', *, *, #679, .T. ) ;
#639 = DIRECTION ( 'NONE',  ( 0.000000000000000000, 0.000000000000000000, 1.000000000000000000 ) ) ;
#640 = AXIS2_PLACEMENT_3D ( 'NONE', #1849, #1263, #371 ) ;
#641 = ADVANCED_FACE ( 'NONE', ( #188 ), #1231, .F. ) ;
#642 = CARTESIAN_POINT ( 'NONE',  ( 37.23909236273076573, -21.50000000000017764, 18.00000000000000355 ) ) ;
#643 = VERTEX_POINT ( 'NONE', #496 ) ;
#644 = DIRECTION ( 'NONE',  ( 1.000000000000000000, 0.000000000000000000, 0.000000000000000000 ) ) ;
#645 = DIRECTION ( 'NONE',  ( 0.000000000000000000, 0.000000000000000000, 1.000000000000000000 ) ) ;
#646 = CARTESIAN_POINT ( 'NONE',  ( -43.23273119943176823, -11.10402513011885084, 6.000000000000000000 ) ) ;
#647 = EDGE_CURVE ( 'NONE', #1835, #462, #1284, .T. ) ;
#648 = ORIENTED_EDGE ( 'NONE', *, *, #1164, .F. ) ;
#649 = DIRECTION ( 'NONE',  ( -0.000000000000000000, -0.000000000000000000, -1.000000000000000000 ) ) ;
#650 = CARTESIAN_POINT ( 'NONE',  ( 45.85643312739619404, -9.222319512805725594, 3.000000000000000000 ) ) ;
#651 = ORIENTED_EDGE ( 'NONE', *, *, #518, .T. ) ;
#652 = PLANE ( 'NONE',  #460 ) ;
#653 = DIRECTION ( 'NONE',  ( 1.000000000000000000, 0.000000000000000000, 0.000000000000000000 ) ) ;
#654 = CIRCLE ( 'NONE', #623, 8.000000000000000000 ) ;
#655 = DIRECTION ( 'NONE',  ( 1.000000000000000000, 0.000000000000000000, 0.000000000000000000 ) ) ;
#656 = VERTEX_POINT ( 'NONE', #343 ) ;
#657 = FACE_OUTER_BOUND ( 'NONE', #856, .T. ) ;
#658 = DIRECTION ( 'NONE',  ( -1.000000000000000000, 0.000000000000000000, 0.000000000000000000 ) ) ;
#659 = ORIENTED_EDGE ( 'NONE', *, *, #1357, .T. ) ;
#660 = AXIS2_PLACEMENT_3D ( 'NONE', #1092, #1405, #954 ) ;
#661 = EDGE_CURVE ( 'NONE', #1770, #186, #1215, .T. ) ;
#662 = VECTOR ( 'NONE', #1591, 1000.000000000000000 ) ;
#663 = DIRECTION ( 'NONE',  ( 0.000000000000000000, -0.000000000000000000, -1.000000000000000000 ) ) ;
#664 = EDGE_CURVE ( 'NONE', #1654, #1646, #1094, .T. ) ;
#665 = AXIS2_PLACEMENT_3D ( 'NONE', #1608, #1904, #680 ) ;
#666 = DIRECTION ( 'NONE',  ( 1.000000000000000000, 0.000000000000000000, 0.000000000000000000 ) ) ;
#667 = DIRECTION ( 'NONE',  ( 0.000000000000000000, 0.000000000000000000, 1.000000000000000000 ) ) ;
#668 = ORIENTED_EDGE ( 'NONE', *, *, #41, .F. ) ;
#669 = CIRCLE ( 'NONE', #1199, 12.00000000000000355 ) ;
#670 = DIRECTION ( 'NONE',  ( -1.000000000000000000, 0.000000000000000000, 0.000000000000000000 ) ) ;
#671 = LINE ( 'NONE', #503, #320 ) ;
#672 = ORIENTED_EDGE ( 'NONE', *, *, #759, .T. ) ;
#673 = AXIS2_PLACEMENT_3D ( 'NONE', #315, #434, #615 ) ;
#674 = AXIS2_PLACEMENT_3D ( 'NONE', #1291, #1764, #1445 ) ;
#675 = CIRCLE ( 'NONE', #611, 39.99999999999999289 ) ;
#676 = DIRECTION ( 'NONE',  ( 0.000000000000000000, 0.000000000000000000, 1.000000000000000000 ) ) ;
#677 = EDGE_CURVE ( 'NONE', #681, #1620, #654, .T. ) ;
#678 = DIRECTION ( 'NONE',  ( 0.000000000000000000, 0.000000000000000000, 1.000000000000000000 ) ) ;
#679 = EDGE_CURVE ( 'NONE', #422, #512, #498, .T. ) ;
#680 = DIRECTION ( 'NONE',  ( 1.000000000000000000, 0.000000000000000000, 0.000000000000000000 ) ) ;
#681 = VERTEX_POINT ( 'NONE', #91 ) ;
#682 = DIRECTION ( 'NONE',  ( 1.000000000000000000, 0.000000000000000000, 0.000000000000000000 ) ) ;
#683 = DIRECTION ( 'NONE',  ( -0.000000000000000000, -0.000000000000000000, -1.000000000000000000 ) ) ;
#684 = ORIENTED_EDGE ( 'NONE', *, *, #581, .T. ) ;
#685 = FACE_OUTER_BOUND ( 'NONE', #1311, .T. ) ;
#686 = DIRECTION ( 'NONE',  ( -1.000000000000000000, 0.000000000000000000, 0.000000000000000000 ) ) ;
#687 = DIRECTION ( 'NONE',  ( -0.000000000000000000, -0.000000000000000000, -1.000000000000000000 ) ) ;
#688 = EDGE_CURVE ( 'NONE', #1272, #543, #161, .T. ) ;
#689 = VECTOR ( 'NONE', #1887, 1000.000000000000000 ) ;
#690 = ORIENTED_EDGE ( 'NONE', *, *, #333, .T. ) ;
#691 = CARTESIAN_POINT ( 'NONE',  ( -21.91413192289437362, 44.94186046511627808, 3.000000000000000000 ) ) ;
#692 = LINE ( 'NONE', #837, #662 ) ;
#693 = AXIS2_PLACEMENT_3D ( 'NONE', #695, #1758, #535 ) ;
#694 = VERTEX_POINT ( 'NONE', #234 ) ;
#695 = CARTESIAN_POINT ( 'NONE',  ( 0.000000000000000000, 21.50000000000000000, 0.000000000000000000 ) ) ;
#696 = AXIS2_PLACEMENT_3D ( 'NONE', #340, #195, #1385 ) ;
#697 = DIRECTION ( 'NONE',  ( 0.000000000000000000, 0.000000000000000000, 1.000000000000000000 ) ) ;
#698 = CIRCLE ( 'NONE', #914, 11.99999999999999822 ) ;
#699 = CARTESIAN_POINT ( 'NONE',  ( 37.23909236273076573, -21.50000000000017764, 18.00000000000000355 ) ) ;
#700 = EDGE_LOOP ( 'NONE', ( #243, #617, #1796, #1719 ) ) ;
#701 = CARTESIAN_POINT ( 'NONE',  ( 0.000000000000000000, 0.000000000000000000, 3.000000000000000000 ) ) ;
#702 = EDGE_CURVE ( 'NONE', #1235, #1347, #43, .T. ) ;
#703 = CARTESIAN_POINT ( 'NONE',  ( 14.94145358379161870, 44.32399577167019089, 0.000000000000000000 ) ) ;
#704 = EDGE_LOOP ( 'NONE', ( #1181, #795 ) ) ;
#705 = EDGE_CURVE ( 'NONE', #1076, #312, #545, .T. ) ;
#706 = ORIENTED_EDGE ( 'NONE', *, *, #590, .T. ) ;
#707 = DIRECTION ( 'NONE',  ( 0.000000000000000000, 0.000000000000000000, 1.000000000000000000 ) ) ;
#708 = CIRCLE ( 'NONE', #1582, 8.000000000002248868 ) ;
#709 = DIRECTION ( 'NONE',  ( 0.000000000000000000, 0.000000000000000000, 1.000000000000000000 ) ) ;
#710 = CARTESIAN_POINT ( 'NONE',  ( -52.23909236273106416, -21.49999999999965539, 3.000000000000000000 ) ) ;
#711 = ORIENTED_EDGE ( 'NONE', *, *, #1336, .T. ) ;
#712 = DIRECTION ( 'NONE',  ( -1.000000000000000000, 0.000000000000000000, 0.000000000000000000 ) ) ;
#713 = DIRECTION ( 'NONE',  ( 0.000000000000000000, -0.000000000000000000, -1.000000000000000000 ) ) ;
#714 = EDGE_LOOP ( 'NONE', ( #651, #706, #562, #1090 ) ) ;
#715 = ADVANCED_FACE ( 'NONE', ( #975, #1901, #1273, #1606 ), #1593, .F. ) ;
#716 = VERTEX_POINT ( 'NONE', #1462 ) ;
#717 = CYLINDRICAL_SURFACE ( 'NONE', #500, 43.00000000000000000 ) ;
#718 = CARTESIAN_POINT ( 'NONE',  ( -43.23909236273107126, -21.49999999999965539, 0.000000000000000000 ) ) ;
#719 = CARTESIAN_POINT ( 'NONE',  ( 0.000000000000000000, 43.00000000000000000, 3.000000000000000000 ) ) ;
#720 = VERTEX_POINT ( 'NONE', #1881 ) ;
#721 = CARTESIAN_POINT ( 'NONE',  ( 14.94145358379161870, 44.32399577167019089, 3.000000000000000000 ) ) ;
#722 = AXIS2_PLACEMENT_3D ( 'NONE', #1466, #1456, #560 ) ;
#723 = CARTESIAN_POINT ( 'NONE',  ( 0.000000000000000000, 0.000000000000000000, 6.000000000000000000 ) ) ;
#724 = ORIENTED_EDGE ( 'NONE', *, *, #807, .T. ) ;
#725 = ORIENTED_EDGE ( 'NONE', *, *, #1830, .F. ) ;
#726 = DIRECTION ( 'NONE',  ( -1.000000000000000000, 0.000000000000000000, 0.000000000000000000 ) ) ;
#727 = EDGE_CURVE ( 'NONE', #417, #34, #1379, .T. ) ;
#728 = AXIS2_PLACEMENT_3D ( 'NONE', #283, #6, #311 ) ;
#729 = DIRECTION ( 'NONE',  ( 1.000000000000000000, 0.000000000000000000, 0.000000000000000000 ) ) ;
#730 = AXIS2_PLACEMENT_3D ( 'NONE', #1226, #491, #1669 ) ;
#731 = CYLINDRICAL_SURFACE ( 'NONE', #821, 6.999999999999999112 ) ;
#732 = ADVANCED_FACE ( 'NONE', ( #685 ), #254, .F. ) ;
#733 = ORIENTED_EDGE ( 'NONE', *, *, #702, .T. ) ;
#734 = CARTESIAN_POINT ( 'NONE',  ( -42.87785881757345408, -3.492735285447617244, 3.000000000000000000 ) ) ;
#735 = FACE_OUTER_BOUND ( 'NONE', #1349, .T. ) ;
#736 = AXIS2_PLACEMENT_3D ( 'NONE', #1242, #51, #781 ) ;
#737 = ORIENTED_EDGE ( 'NONE', *, *, #532, .F. ) ;
#738 = ORIENTED_EDGE ( 'NONE', *, *, #411, .F. ) ;
#739 = DIRECTION ( 'NONE',  ( -0.000000000000000000, 0.000000000000000000, 1.000000000000000000 ) ) ;
#740 = AXIS2_PLACEMENT_3D ( 'NONE', #1042, #1509, #170 ) ;
#741 = ADVANCED_FACE ( 'NONE', ( #1162 ), #565, .F. ) ;
#742 = EDGE_CURVE ( 'NONE', #1435, #630, #265, .T. ) ;
#743 = CIRCLE ( 'NONE', #335, 6.999999999999999112 ) ;
#744 = DIRECTION ( 'NONE',  ( 1.000000000000000000, 0.000000000000000000, 0.000000000000000000 ) ) ;
#745 = DIRECTION ( 'NONE',  ( -0.000000000000000000, -0.000000000000000000, -1.000000000000000000 ) ) ;
#746 = DIRECTION ( 'NONE',  ( 0.000000000000000000, 0.000000000000000000, 1.000000000000000000 ) ) ;
#747 = ORIENTED_EDGE ( 'NONE', *, *, #677, .T. ) ;
#748 = ORIENTED_EDGE ( 'NONE', *, *, #73, .F. ) ;
#749 = ORIENTED_EDGE ( 'NONE', *, *, #727, .F. ) ;
#750 = CARTESIAN_POINT ( 'NONE',  ( 30.91497954360445632, -35.10167625886482057, 3.000000000000000000 ) ) ;
#751 = DIRECTION ( 'NONE',  ( 1.000000000000000000, 0.000000000000000000, 0.000000000000000000 ) ) ;
#752 = VERTEX_POINT ( 'NONE', #1133 ) ;
#753 = EDGE_LOOP ( 'NONE', ( #1478, #1784, #711, #1141 ) ) ;
#754 = DIRECTION ( 'NONE',  ( 0.000000000000000000, 0.000000000000000000, 1.000000000000000000 ) ) ;
#755 = DIRECTION ( 'NONE',  ( 1.000000000000000000, 0.000000000000000000, 0.000000000000000000 ) ) ;
#756 = ADVANCED_FACE ( 'NONE', ( #1153 ), #1748, .F. ) ;
#757 = ADVANCED_FACE ( 'NONE', ( #244 ), #717, .T. ) ;
#758 = ORIENTED_EDGE ( 'NONE', *, *, #984, .F. ) ;
#759 = EDGE_CURVE ( 'NONE', #630, #1340, #1868, .T. ) ;
#760 = DIRECTION ( 'NONE',  ( -0.000000000000000000, 0.000000000000000000, 1.000000000000000000 ) ) ;
#761 = CARTESIAN_POINT ( 'NONE',  ( 0.000000000000000000, 0.000000000000000000, 0.000000000000000000 ) ) ;
#762 = AXIS2_PLACEMENT_3D ( 'NONE', #800, #198, #47 ) ;
#763 = ORIENTED_EDGE ( 'NONE', *, *, #1191, .T. ) ;
#764 = FACE_OUTER_BOUND ( 'NONE', #450, .T. ) ;
#765 = VECTOR ( 'NONE', #958, 1000.000000000000000 ) ;
#766 = ORIENTED_EDGE ( 'NONE', *, *, #28, .T. ) ;
#767 = DIRECTION ( 'NONE',  ( -1.000000000000000000, 0.000000000000000000, 0.000000000000000000 ) ) ;
#768 = ORIENTED_EDGE ( 'NONE', *, *, #71, .F. ) ;
#769 =( NAMED_UNIT ( * ) PLANE_ANGLE_UNIT ( ) SI_UNIT ( $, .RADIAN. ) );
#770 = VERTEX_POINT ( 'NONE', #1123 ) ;
#771 = ORIENTED_EDGE ( 'NONE', *, *, #392, .F. ) ;
#772 = CARTESIAN_POINT ( 'NONE',  ( 0.000000000000000000, 0.000000000000000000, 6.000000000000000000 ) ) ;
#773 = EDGE_LOOP ( 'NONE', ( #889, #252 ) ) ;
#774 = FACE_OUTER_BOUND ( 'NONE', #117, .T. ) ;
#775 = ORIENTED_EDGE ( 'NONE', *, *, #819, .T. ) ;
#776 = DIRECTION ( 'NONE',  ( 0.000000000000000000, 0.000000000000000000, 1.000000000000000000 ) ) ;
#777 = EDGE_CURVE ( 'NONE', #1554, #512, #193, .T. ) ;
#778 = AXIS2_PLACEMENT_3D ( 'NONE', #1584, #1018, #862 ) ;
#779 = DIRECTION ( 'NONE',  ( 1.000000000000000000, 0.000000000000000000, 0.000000000000000000 ) ) ;
#780 = EDGE_CURVE ( 'NONE', #159, #400, #1473, .T. ) ;
#781 = DIRECTION ( 'NONE',  ( 1.000000000000000000, 0.000000000000000000, 0.000000000000000000 ) ) ;
#782 = ORIENTED_EDGE ( 'NONE', *, *, #1286, .T. ) ;
#783 = CYLINDRICAL_SURFACE ( 'NONE', #536, 6.999999999999999112 ) ;
#784 = AXIS2_PLACEMENT_3D ( 'NONE', #1368, #944, #1083 ) ;
#785 = LINE ( 'NONE', #54, #564 ) ;
#786 = ORIENTED_EDGE ( 'NONE', *, *, #1144, .F. ) ;
#787 = CIRCLE ( 'NONE', #1383, 15.00000000000000000 ) ;
#788 = DIRECTION ( 'NONE',  ( 0.000000000000000000, 0.000000000000000000, 1.000000000000000000 ) ) ;
#789 = ADVANCED_FACE ( 'NONE', ( #132 ), #1091, .F. ) ;
#790 = PRODUCT ( 'Plastic Cover', 'Plastic Cover', '', ( #1343 ) ) ;
#791 = CARTESIAN_POINT ( 'NONE',  ( -18.84615345368915840, 38.64999999999999858, 3.000000000000000000 ) ) ;
#792 = AXIS2_PLACEMENT_3D ( 'NONE', #1154, #1165, #1749 ) ;
#793 = DIRECTION ( 'NONE',  ( 1.000000000000000000, 0.000000000000000000, 0.000000000000000000 ) ) ;
#794 = ADVANCED_FACE ( 'NONE', ( #433 ), #783, .F. ) ;
#795 = ORIENTED_EDGE ( 'NONE', *, *, #1681, .T. ) ;
#796 = CARTESIAN_POINT ( 'NONE',  ( -31.23273344666021600, -31.88863092863198645, 6.000000000000000000 ) ) ;
#797 = AXIS2_PLACEMENT_3D ( 'NONE', #624, #298, #455 ) ;
#798 = CARTESIAN_POINT ( 'NONE',  ( -46.72902052084050695, -5.039706456021717962, 3.000000000000000000 ) ) ;
#799 = ORIENTED_EDGE ( 'NONE', *, *, #1251, .T. ) ;
#800 = CARTESIAN_POINT ( 'NONE',  ( 37.23909236273076573, -21.50000000000017764, 6.000000000000000000 ) ) ;
#801 = DIRECTION ( 'NONE',  ( -1.000000000000000000, 0.000000000000000000, 0.000000000000000000 ) ) ;
#802 = DIRECTION ( 'NONE',  ( -0.000000000000000000, -0.000000000000000000, -1.000000000000000000 ) ) ;
#803 = ORIENTED_EDGE ( 'NONE', *, *, #1009, .T. ) ;
#804 = CARTESIAN_POINT ( 'NONE',  ( 0.000000000000000000, 43.00000000000000000, 6.000000000000000000 ) ) ;
#805 = CARTESIAN_POINT ( 'NONE',  ( 0.000000000000000000, 43.00000000000000000, 18.00000000000000355 ) ) ;
#806 = ORIENTED_EDGE ( 'NONE', *, *, #1361, .F. ) ;
#807 = EDGE_CURVE ( 'NONE', #1347, #172, #912, .T. ) ;
#808 = CARTESIAN_POINT ( 'NONE',  ( 37.23909236273076573, -21.50000000000017764, 12.00000000000000000 ) ) ;
#809 = CIRCLE ( 'NONE', #1688, 11.99999999999999822 ) ;
#810 = LINE ( 'NONE', #791, #1518 ) ;
#811 = FACE_OUTER_BOUND ( 'NONE', #956, .T. ) ;
#812 = VERTEX_POINT ( 'NONE', #891 ) ;
#813 = DIRECTION ( 'NONE',  ( -0.000000000000000000, 0.000000000000000000, 1.000000000000000000 ) ) ;
#814 = DIRECTION ( 'NONE',  ( 1.000000000000000000, 0.000000000000000000, 0.000000000000000000 ) ) ;
#815 = AXIS2_PLACEMENT_3D ( 'NONE', #156, #302, #610 ) ;
#816 = EDGE_CURVE ( 'NONE', #630, #432, #106, .T. ) ;
#817 = VERTEX_POINT ( 'NONE', #621 ) ;
#818 = AXIS2_PLACEMENT_3D ( 'NONE', #215, #1414, #484 ) ;
#819 = EDGE_CURVE ( 'NONE', #334, #1206, #1812, .T. ) ;
#820 = DIRECTION ( 'NONE',  ( -0.000000000000000000, 0.000000000000000000, 1.000000000000000000 ) ) ;
#821 = AXIS2_PLACEMENT_3D ( 'NONE', #1502, #134, #1657 ) ;
#822 = CARTESIAN_POINT ( 'NONE',  ( 0.000000000000000000, 0.000000000000000000, 0.000000000000000000 ) ) ;
#823 = DIRECTION ( 'NONE',  ( 0.000000000000000000, 0.000000000000000000, 1.000000000000000000 ) ) ;
#824 = ORIENTED_EDGE ( 'NONE', *, *, #1345, .T. ) ;
#825 = CYLINDRICAL_SURFACE ( 'NONE', #1440, 3.000000000000000888 ) ;
#826 = DIRECTION ( 'NONE',  ( 1.000000000000000000, 0.000000000000000000, 0.000000000000000000 ) ) ;
#827 = ORIENTED_EDGE ( 'NONE', *, *, #1789, .T. ) ;
#828 = CIRCLE ( 'NONE', #797, 11.99999999999999822 ) ;
#829 = AXIS2_PLACEMENT_3D ( 'NONE', #1158, #868, #1754 ) ;
#830 = AXIS2_PLACEMENT_3D ( 'NONE', #1642, #754, #301 ) ;
#831 = DIRECTION ( 'NONE',  ( -0.000000000000000000, 0.000000000000000000, 1.000000000000000000 ) ) ;
#832 = CARTESIAN_POINT ( 'NONE',  ( 29.23909236272751500, -21.50000000000017764, 18.00000000000000355 ) ) ;
#833 = ADVANCED_FACE ( 'NONE', ( #142 ), #1819, .F. ) ;
#834 = CARTESIAN_POINT ( 'NONE',  ( 16.17020973777753312, 36.58584858980701426, 6.000000000000000000 ) ) ;
#835 = ORIENTED_EDGE ( 'NONE', *, *, #1431, .F. ) ;
#836 = CARTESIAN_POINT ( 'NONE',  ( -46.72902052084050695, -5.039706456021717962, 6.000000000000000000 ) ) ;
#837 = CARTESIAN_POINT ( 'NONE',  ( -3.000000000000000888, 43.00000000000000000, 18.00000000000000355 ) ) ;
#838 = ORIENTED_EDGE ( 'NONE', *, *, #377, .F. ) ;
#839 = DIRECTION ( 'NONE',  ( -0.000000000000000000, 0.000000000000000000, 1.000000000000000000 ) ) ;
#840 = EDGE_CURVE ( 'NONE', #1180, #351, #1222, .T. ) ;
#841 = DIRECTION ( 'NONE',  ( 1.000000000000000000, 0.000000000000000000, 0.000000000000000000 ) ) ;
#842 = CARTESIAN_POINT ( 'NONE',  ( -40.23909236273331658, -21.49999999999965539, 18.00000000000000355 ) ) ;
#843 = AXIS2_PLACEMENT_3D ( 'NONE', #997, #745, #989 ) ;
#844 = EDGE_CURVE ( 'NONE', #716, #643, #1332, .T. ) ;
#845 = ORIENTED_EDGE ( 'NONE', *, *, #1876, .T. ) ;
#846 = DIRECTION ( 'NONE',  ( 0.000000000000000000, 0.000000000000000000, 1.000000000000000000 ) ) ;
#847 = CARTESIAN_POINT ( 'NONE',  ( 11.99999775277174408, 42.99265605875151408, 6.000000000000000000 ) ) ;
#848 = AXIS2_PLACEMENT_3D ( 'NONE', #1638, #1480, #1039 ) ;
#849 = ORIENTED_EDGE ( 'NONE', *, *, #532, .T. ) ;
#850 = AXIS2_PLACEMENT_3D ( 'NONE', #642, #514, #81 ) ;
#851 = DIRECTION ( 'NONE',  ( -1.000000000000000000, 0.000000000000000000, 0.000000000000000000 ) ) ;
#852 = CIRCLE ( 'NONE', #1842, 6.999999999999999112 ) ;
#853 = DIRECTION ( 'NONE',  ( 1.000000000000000000, 0.000000000000000000, 0.000000000000000000 ) ) ;
#854 = VECTOR ( 'NONE', #1741, 1000.000000000000000 ) ;
#855 = CYLINDRICAL_SURFACE ( 'NONE', #1416, 12.00000000000000355 ) ;
#856 = EDGE_LOOP ( 'NONE', ( #206, #1777, #1449, #1130 ) ) ;
#857 = CARTESIAN_POINT ( 'NONE',  ( 45.23909236273401291, -21.50000000000017764, 18.00000000000000355 ) ) ;
#858 = CARTESIAN_POINT ( 'NONE',  ( -45.85643312739632194, -9.222319512805084329, 0.000000000000000000 ) ) ;
#859 = EDGE_LOOP ( 'NONE', ( #758, #158, #1438, #1886 ) ) ;
#860 = CIRCLE ( 'NONE', #1882, 12.00000000000000355 ) ;
#861 = ORIENTED_EDGE ( 'NONE', *, *, #1623, .T. ) ;
#862 = DIRECTION ( 'NONE',  ( 1.000000000000000000, 0.000000000000000000, 0.000000000000000000 ) ) ;
#863 = AXIS2_PLACEMENT_3D ( 'NONE', #940, #58, #1275 ) ;
#864 = CARTESIAN_POINT ( 'NONE',  ( -11.99999644188858205, 42.98837209302325135, 6.000000000000000000 ) ) ;
#865 = FACE_BOUND ( 'NONE', #249, .T. ) ;
#866 = ORIENTED_EDGE ( 'NONE', *, *, #328, .F. ) ;
#867 = CARTESIAN_POINT ( 'NONE',  ( 0.000000000000000000, 43.00000000000000000, 3.000000000000000000 ) ) ;
#868 = DIRECTION ( 'NONE',  ( 0.000000000000000000, 0.000000000000000000, 1.000000000000000000 ) ) ;
#869 = ADVANCED_FACE ( 'NONE', ( #882 ), #2, .T. ) ;
#870 = ORIENTED_EDGE ( 'NONE', *, *, #727, .T. ) ;
#871 = VERTEX_POINT ( 'NONE', #587 ) ;
#872 = CARTESIAN_POINT ( 'NONE',  ( 0.000000000000000000, 0.000000000000000000, 3.000000000000000000 ) ) ;
#873 = CIRCLE ( 'NONE', #37, 6.999999999999999112 ) ;
#874 = FACE_OUTER_BOUND ( 'NONE', #1686, .T. ) ;
#875 = VERTEX_POINT ( 'NONE', #330 ) ;
#876 = LINE ( 'NONE', #721, #1871 ) ;
#877 = CIRCLE ( 'NONE', #594, 6.999999999999999112 ) ;
#878 = DIRECTION ( 'NONE',  ( -0.000000000000000000, -0.000000000000000000, -1.000000000000000000 ) ) ;
#879 = ORIENTED_EDGE ( 'NONE', *, *, #328, .T. ) ;
#880 = ADVANCED_FACE ( 'NONE', ( #1780 ), #1182, .T. ) ;
#881 = VERTEX_POINT ( 'NONE', #628 ) ;
#882 = FACE_OUTER_BOUND ( 'NONE', #1867, .T. ) ;
#883 = CARTESIAN_POINT ( 'NONE',  ( 45.85643312739619404, -9.222319512805725594, 0.000000000000000000 ) ) ;
#884 = AXIS2_PLACEMENT_3D ( 'NONE', #1068, #1911, #931 ) ;
#885 = ORIENTED_EDGE ( 'NONE', *, *, #1417, .T. ) ;
#886 =( GEOMETRIC_REPRESENTATION_CONTEXT ( 3 ) GLOBAL_UNCERTAINTY_ASSIGNED_CONTEXT ( ( #1204 ) ) GLOBAL_UNIT_ASSIGNED_CONTEXT ( ( #569, #1800, #145 ) ) REPRESENTATION_CONTEXT ( 'NONE', 'WORKASPACE' ) );
#887 = LINE ( 'NONE', #857, #689 ) ;
#888 = CARTESIAN_POINT ( 'NONE',  ( -46.72902052084050695, -5.039706456021717962, 6.000000000000000000 ) ) ;
#889 = ORIENTED_EDGE ( 'NONE', *, *, #1433, .F. ) ;
#890 = EDGE_LOOP ( 'NONE', ( #1045, #933, #504, #866 ) ) ;
#891 = CARTESIAN_POINT ( 'NONE',  ( 23.59916942889503488, -32.29673671234147037, 6.000000000000000000 ) ) ;
#892 = AXIS2_PLACEMENT_3D ( 'NONE', #519, #1714, #1566 ) ;
#893 = CIRCLE ( 'NONE', #1490, 6.999999999999999112 ) ;
#894 = VECTOR ( 'NONE', #776, 1000.000000000000000 ) ;
#895 = DIRECTION ( 'NONE',  ( -0.000000000000000000, -0.000000000000000000, -1.000000000000000000 ) ) ;
#896 = ADVANCED_FACE ( 'NONE', ( #1828 ), #185, .F. ) ;
#897 = CYLINDRICAL_SURFACE ( 'NONE', #1421, 6.000000000000000000 ) ;
#898 = ORIENTED_EDGE ( 'NONE', *, *, #927, .T. ) ;
#899 = ORIENTED_EDGE ( 'NONE', *, *, #636, .T. ) ;
#900 = SURFACE_SIDE_STYLE ('',( #307 ) ) ;
#901 = ORIENTED_EDGE ( 'NONE', *, *, #14, .T. ) ;
#902 = ORIENTED_EDGE ( 'NONE', *, *, #567, .F. ) ;
#903 = CARTESIAN_POINT ( 'NONE',  ( 30.91497954360445632, -35.10167625886482057, 0.000000000000000000 ) ) ;
#904 = EDGE_CURVE ( 'NONE', #319, #817, #852, .T. ) ;
#905 = ADVANCED_FACE ( 'NONE', ( #774 ), #1677, .F. ) ;
#906 = ORIENTED_EDGE ( 'NONE', *, *, #416, .F. ) ;
#907 = ORIENTED_EDGE ( 'NONE', *, *, #103, .T. ) ;
#908 = CYLINDRICAL_SURFACE ( 'NONE', #1671, 6.999999999999999112 ) ;
#909 = DIRECTION ( 'NONE',  ( 0.000000000000000000, 0.000000000000000000, 1.000000000000000000 ) ) ;
#910 = CARTESIAN_POINT ( 'NONE',  ( 46.72902052084041458, -5.039706456022367220, 6.000000000000000000 ) ) ;
#911 = AXIS2_PLACEMENT_3D ( 'NONE', #1467, #1129, #1888 ) ;
#912 = CIRCLE ( 'NONE', #449, 43.00000000000000000 ) ;
#913 = ORIENTED_EDGE ( 'NONE', *, *, #416, .T. ) ;
#914 = AXIS2_PLACEMENT_3D ( 'NONE', #1557, #667, #793 ) ;
#915 = EDGE_LOOP ( 'NONE', ( #1500, #1104, #1521, #431 ) ) ;
#916 = FACE_OUTER_BOUND ( 'NONE', #1497, .T. ) ;
#917 = ORIENTED_EDGE ( 'NONE', *, *, #1191, .F. ) ;
#918 = AXIS2_PLACEMENT_3D ( 'NONE', #1545, #225, #74 ) ;
#919 = CARTESIAN_POINT ( 'NONE',  ( 18.99999644188859804, 42.98837209302323004, 6.000000000000000000 ) ) ;
#920 = AXIS2_PLACEMENT_3D ( 'NONE', #109, #683, #1300 ) ;
#921 = CARTESIAN_POINT ( 'NONE',  ( 3.000000000000000888, 43.00000000000000000, 18.00000000000000355 ) ) ;
#922 = VECTOR ( 'NONE', #645, 1000.000000000000000 ) ;
#923 = EDGE_LOOP ( 'NONE', ( #284, #1099, #305, #622 ) ) ;
#924 = DIRECTION ( 'NONE',  ( -0.000000000000000000, -0.000000000000000000, -1.000000000000000000 ) ) ;
#925 = ADVANCED_FACE ( 'NONE', ( #53 ), #522, .F. ) ;
#926 = ORIENTED_EDGE ( 'NONE', *, *, #1778, .F. ) ;
#927 = EDGE_CURVE ( 'NONE', #643, #1017, #138, .T. ) ;
#928 = FACE_BOUND ( 'NONE', #773, .T. ) ;
#929 = DIRECTION ( 'NONE',  ( 0.000000000000000000, 0.000000000000000000, 1.000000000000000000 ) ) ;
#930 = DIRECTION ( 'NONE',  ( 1.000000000000000000, 0.000000000000000000, 0.000000000000000000 ) ) ;
#931 = DIRECTION ( 'NONE',  ( 1.000000000000000000, 0.000000000000000000, 0.000000000000000000 ) ) ;
#932 = CARTESIAN_POINT ( 'NONE',  ( -11.99999775277174408, 42.99265605875152829, 6.000000000000000000 ) ) ;
#933 = ORIENTED_EDGE ( 'NONE', *, *, #1597, .T. ) ;
#934 = ADVANCED_FACE ( 'NONE', ( #1425 ), #1698, .F. ) ;
#935 = AXIS2_PLACEMENT_3D ( 'NONE', #1590, #1743, #282 ) ;
#936 = AXIS2_PLACEMENT_3D ( 'NONE', #217, #1823, #1240 ) ;
#937 = CARTESIAN_POINT ( 'NONE',  ( 0.000000000000000000, 43.00000000000000000, 12.00000000000000000 ) ) ;
#938 = ADVANCED_FACE ( 'NONE', ( #1559 ), #1396, .T. ) ;
#939 = VECTOR ( 'NONE', #1430, 1000.000000000000000 ) ;
#940 = CARTESIAN_POINT ( 'NONE',  ( 37.23909236273076573, -21.50000000000017764, 3.000000000000000000 ) ) ;
#941 = LINE ( 'NONE', #1538, #1878 ) ;
#942 = ORIENTED_EDGE ( 'NONE', *, *, #176, .F. ) ;
#943 = AXIS2_PLACEMENT_3D ( 'NONE', #798, #1377, #1829 ) ;
#944 = DIRECTION ( 'NONE',  ( 0.000000000000000000, 0.000000000000000000, 1.000000000000000000 ) ) ;
#945 = AXIS2_PLACEMENT_3D ( 'NONE', #483, #1627, #1809 ) ;
#946 = CARTESIAN_POINT ( 'NONE',  ( -37.23909236273107126, -21.49999999999965539, 3.000000000000000000 ) ) ;
#947 = VERTEX_POINT ( 'NONE', #359 ) ;
#948 = CARTESIAN_POINT ( 'NONE',  ( 0.000000000000000000, 0.000000000000000000, 12.00000000000000000 ) ) ;
#949 = CARTESIAN_POINT ( 'NONE',  ( -16.17020973777751891, 36.58584858980702847, 6.000000000000000000 ) ) ;
#950 = AXIS2_PLACEMENT_3D ( 'NONE', #382, #994, #1576 ) ;
#951 = DIRECTION ( 'NONE',  ( 0.000000000000000000, 0.000000000000000000, 1.000000000000000000 ) ) ;
#952 = ORIENTED_EDGE ( 'NONE', *, *, #1854, .T. ) ;
#953 = DIRECTION ( 'NONE',  ( -0.000000000000000000, -0.000000000000000000, -1.000000000000000000 ) ) ;
#954 = DIRECTION ( 'NONE',  ( -1.000000000000000000, 0.000000000000000000, 0.000000000000000000 ) ) ;
#955 = CIRCLE ( 'NONE', #1363, 6.999999999999999112 ) ;
#956 = EDGE_LOOP ( 'NONE', ( #405, #1615, #961, #1177 ) ) ;
#957 = DIRECTION ( 'NONE',  ( 1.000000000000000000, 0.000000000000000000, 0.000000000000000000 ) ) ;
#958 = DIRECTION ( 'NONE',  ( -0.000000000000000000, -0.000000000000000000, -1.000000000000000000 ) ) ;
#959 = EDGE_CURVE ( 'NONE', #1583, #271, #506, .T. ) ;
#960 = DIRECTION ( 'NONE',  ( -1.000000000000000000, 0.000000000000000000, 0.000000000000000000 ) ) ;
#961 = ORIENTED_EDGE ( 'NONE', *, *, #187, .F. ) ;
#962 = DIRECTION ( 'NONE',  ( -0.000000000000000000, -0.000000000000000000, -1.000000000000000000 ) ) ;
#963 = ADVANCED_FACE ( 'NONE', ( #1875, #1120 ), #541, .T. ) ;
#964 = CARTESIAN_POINT ( 'NONE',  ( 27.96372689467884598, -41.44912517966832866, 0.000000000000000000 ) ) ;
#965 = ORIENTED_EDGE ( 'NONE', *, *, #677, .F. ) ;
#966 = CARTESIAN_POINT ( 'NONE',  ( -16.17020973777751891, 36.58584858980702847, 6.000000000000000000 ) ) ;
#967 = CARTESIAN_POINT ( 'NONE',  ( -39.76937916667276340, -4.289111877465291656, 3.000000000000000000 ) ) ;
#968 = LINE ( 'NONE', #1732, #385 ) ;
#969 = CIRCLE ( 'NONE', #1218, 6.999999999999999112 ) ;
#970 = ORIENTED_EDGE ( 'NONE', *, *, #1564, .T. ) ;
#971 = CARTESIAN_POINT ( 'NONE',  ( 0.000000000000000000, 43.00000000000000000, 18.00000000000000355 ) ) ;
#972 = DIRECTION ( 'NONE',  ( 1.000000000000000000, 0.000000000000000000, 0.000000000000000000 ) ) ;
#973 = ORIENTED_EDGE ( 'NONE', *, *, #661, .F. ) ;
#974 = AXIS2_PLACEMENT_3D ( 'NONE', #1687, #44, #349 ) ;
#975 = FACE_OUTER_BOUND ( 'NONE', #1288, .T. ) ;
#976 = AXIS2_PLACEMENT_3D ( 'NONE', #219, #1374, #1223 ) ;
#977 = DIRECTION ( 'NONE',  ( 0.000000000000000000, 0.000000000000000000, 1.000000000000000000 ) ) ;
#978 = DIRECTION ( 'NONE',  ( 0.000000000000000000, 0.000000000000000000, 1.000000000000000000 ) ) ;
#979 = VERTEX_POINT ( 'NONE', #222 ) ;
#980 = CIRCLE ( 'NONE', #892, 43.00000000000000000 ) ;
#981 = DIRECTION ( 'NONE',  ( 1.000000000000000000, 0.000000000000000000, 0.000000000000000000 ) ) ;
#982 = DIRECTION ( 'NONE',  ( 0.000000000000000000, 0.000000000000000000, 1.000000000000000000 ) ) ;
#983 = VERTEX_POINT ( 'NONE', #796 ) ;
#984 = EDGE_CURVE ( 'NONE', #1879, #947, #1404, .T. ) ;
#985 = DIRECTION ( 'NONE',  ( 1.000000000000000000, 0.000000000000000000, 0.000000000000000000 ) ) ;
#986 = CARTESIAN_POINT ( 'NONE',  ( -43.23909236273107126, -21.49999999999965539, 12.00000000000000000 ) ) ;
#987 = CARTESIAN_POINT ( 'NONE',  ( 16.17020973777752957, 36.58584858980700005, 3.000000000000000000 ) ) ;
#988 = ORIENTED_EDGE ( 'NONE', *, *, #604, .T. ) ;
#989 = DIRECTION ( 'NONE',  ( -1.000000000000000000, 0.000000000000000000, 0.000000000000000000 ) ) ;
#990 = DIRECTION ( 'NONE',  ( 1.000000000000000000, 0.000000000000000000, 0.000000000000000000 ) ) ;
#991 = EDGE_LOOP ( 'NONE', ( #771, #585, #1531, #1747 ) ) ;
#992 = DIRECTION ( 'NONE',  ( 0.000000000000000000, 0.000000000000000000, 1.000000000000000000 ) ) ;
#993 = EDGE_CURVE ( 'NONE', #543, #1272, #1214, .T. ) ;
#994 = DIRECTION ( 'NONE',  ( 0.000000000000000000, 0.000000000000000000, 1.000000000000000000 ) ) ;
#995 = DIRECTION ( 'NONE',  ( 1.000000000000000000, 0.000000000000000000, 0.000000000000000000 ) ) ;
#996 = ORIENTED_EDGE ( 'NONE', *, *, #95, .F. ) ;
#997 = CARTESIAN_POINT ( 'NONE',  ( 0.000000000000000000, 43.00000000000000000, 6.000000000000000000 ) ) ;
#998 = DIRECTION ( 'NONE',  ( 0.000000000000000000, 0.000000000000000000, 1.000000000000000000 ) ) ;
#999 = CIRCLE ( 'NONE', #1253, 6.000000000000005329 ) ;
#1000 = ORIENTED_EDGE ( 'NONE', *, *, #1585, .F. ) ;
#1001 = ORIENTED_EDGE ( 'NONE', *, *, #1571, .F. ) ;
#1002 = DIRECTION ( 'NONE',  ( 1.000000000000000000, 0.000000000000000000, 0.000000000000000000 ) ) ;
#1003 = CIRCLE ( 'NONE', #505, 3.000000000003249845 ) ;
#1004 = VECTOR ( 'NONE', #1426, 1000.000000000000000 ) ;
#1005 = AXIS2_PLACEMENT_3D ( 'NONE', #691, #953, #1552 ) ;
#1006 = LINE ( 'NONE', #547, #1488 ) ;
#1007 = VECTOR ( 'NONE', #1317, 1000.000000000000000 ) ;
#1008 = CARTESIAN_POINT ( 'NONE',  ( 3.000000000000000888, 43.00000000000000000, 12.00000000000000000 ) ) ;
#1009 = EDGE_CURVE ( 'NONE', #1523, #1036, #1746, .T. ) ;
#1010 = AXIS2_PLACEMENT_3D ( 'NONE', #761, #1630, #1166 ) ;
#1011 = ORIENTED_EDGE ( 'NONE', *, *, #14, .F. ) ;
#1012 = LINE ( 'NONE', #571, #314 ) ;
#1013 = CARTESIAN_POINT ( 'NONE',  ( -45.23909236273331658, -21.49999999999965539, 6.000000000000000000 ) ) ;
#1014 = EDGE_CURVE ( 'NONE', #1167, #1115, #1503, .T. ) ;
#1015 = ORIENTED_EDGE ( 'NONE', *, *, #1536, .F. ) ;
#1016 = CIRCLE ( 'NONE', #673, 3.000000000003249845 ) ;
#1017 = VERTEX_POINT ( 'NONE', #80 ) ;
#1018 = DIRECTION ( 'NONE',  ( 0.000000000000000000, 0.000000000000000000, 1.000000000000000000 ) ) ;
#1019 = VECTOR ( 'NONE', #1907, 1000.000000000000000 ) ;
#1020 = CIRCLE ( 'NONE', #238, 7.000000000000002665 ) ;
#1021 = DIRECTION ( 'NONE',  ( 1.000000000000000000, 0.000000000000000000, -0.000000000000000000 ) ) ;
#1022 = ORIENTED_EDGE ( 'NONE', *, *, #1251, .F. ) ;
#1023 = DIRECTION ( 'NONE',  ( -1.000000000000000000, 0.000000000000000000, 0.000000000000000000 ) ) ;
#1024 = EDGE_CURVE ( 'NONE', #1737, #159, #809, .T. ) ;
#1025 = CARTESIAN_POINT ( 'NONE',  ( 0.000000000000000000, 43.00000000000000000, 3.000000000000000000 ) ) ;
#1026 = ORIENTED_EDGE ( 'NONE', *, *, #377, .T. ) ;
#1027 = ADVANCED_FACE ( 'NONE', ( #657 ), #825, .F. ) ;
#1028 = EDGE_CURVE ( 'NONE', #947, #1646, #1720, .T. ) ;
#1029 = VERTEX_POINT ( 'NONE', #531 ) ;
#1030 = DIRECTION ( 'NONE',  ( 1.000000000000000000, 0.000000000000000000, 0.000000000000000000 ) ) ;
#1031 = DIRECTION ( 'NONE',  ( 1.000000000000000000, 0.000000000000000000, 0.000000000000000000 ) ) ;
#1032 = ORIENTED_EDGE ( 'NONE', *, *, #1880, .T. ) ;
#1033 = CARTESIAN_POINT ( 'NONE',  ( -8.000000000000000000, 43.00000000000000000, 6.000000000000000000 ) ) ;
#1034 = AXIS2_PLACEMENT_3D ( 'NONE', #1858, #1113, #981 ) ;
#1035 = CARTESIAN_POINT ( 'NONE',  ( 0.000000000000000000, 43.00000000000000000, 18.00000000000000355 ) ) ;
#1036 = VERTEX_POINT ( 'NONE', #1127 ) ;
#1037 = AXIS2_PLACEMENT_3D ( 'NONE', #872, #676, #1470 ) ;
#1038 = ORIENTED_EDGE ( 'NONE', *, *, #844, .F. ) ;
#1039 = DIRECTION ( 'NONE',  ( 1.000000000000000000, 3.609216100589460308E-12, 0.000000000000000000 ) ) ;
#1040 = CARTESIAN_POINT ( 'NONE',  ( 43.23909236273076573, -21.50000000000017764, 12.00000000000000000 ) ) ;
#1041 = VECTOR ( 'NONE', #924, 1000.000000000000000 ) ;
#1042 = CARTESIAN_POINT ( 'NONE',  ( 0.000000000000000000, 0.000000000000000000, 6.000000000000000000 ) ) ;
#1043 = CIRCLE ( 'NONE', #110, 3.000000000002250644 ) ;
#1044 = CARTESIAN_POINT ( 'NONE',  ( 6.000000000000000000, 43.00000000000000000, 3.000000000000000000 ) ) ;
#1045 = ORIENTED_EDGE ( 'NONE', *, *, #1693, .F. ) ;
#1046 = ORIENTED_EDGE ( 'NONE', *, *, #454, .F. ) ;
#1047 = ADVANCED_FACE ( 'NONE', ( #1725 ), #1580, .F. ) ;
#1048 = FILL_AREA_STYLE_COLOUR ( '', #331 ) ;
#1049 = CIRCLE ( 'NONE', #1547, 14.99999999999999822 ) ;
#1050 = EDGE_CURVE ( 'NONE', #770, #656, #877, .T. ) ;
#1051 = CARTESIAN_POINT ( 'NONE',  ( 34.23909236272751144, -21.50000000000017764, 18.00000000000000355 ) ) ;
#1052 = CARTESIAN_POINT ( 'NONE',  ( -27.96372689467942507, -41.44912517966793786, 3.000000000000000000 ) ) ;
#1053 = ORIENTED_EDGE ( 'NONE', *, *, #1208, .F. ) ;
#1054 = ORIENTED_EDGE ( 'NONE', *, *, #276, .F. ) ;
#1055 = DIRECTION ( 'NONE',  ( -0.000000000000000000, -0.000000000000000000, -1.000000000000000000 ) ) ;
#1056 = ADVANCED_FACE ( 'NONE', ( #1289 ), #1753, .T. ) ;
#1057 = ORIENTED_EDGE ( 'NONE', *, *, #508, .T. ) ;
#1058 = CARTESIAN_POINT ( 'NONE',  ( 37.23909236273076573, -21.50000000000017408, 3.000000000000000000 ) ) ;
#1059 = ORIENTED_EDGE ( 'NONE', *, *, #661, .T. ) ;
#1060 = ORIENTED_EDGE ( 'NONE', *, *, #1821, .F. ) ;
#1061 = CARTESIAN_POINT ( 'NONE',  ( 43.23273119943159770, -11.10402513011945125, 6.000000000000000000 ) ) ;
#1062 = ORIENTED_EDGE ( 'NONE', *, *, #1357, .F. ) ;
#1063 = LINE ( 'NONE', #599, #1419 ) ;
#1064 = CIRCLE ( 'NONE', #1447, 6.999999999999999112 ) ;
#1065 = ADVANCED_FACE ( 'NONE', ( #1327 ), #1599, .T. ) ;
#1066 = DIRECTION ( 'NONE',  ( 1.000000000000000000, -1.982541115402065307E-15, 0.000000000000000000 ) ) ;
#1067 = EDGE_LOOP ( 'NONE', ( #684, #521, #397, #782, #1308, #10, #221, #1112, #477, #1568, #602, #803, #659, #1372, #342, #275, #1209, #1352 ) ) ;
#1068 = CARTESIAN_POINT ( 'NONE',  ( -37.23909236273107126, -21.49999999999965539, 12.00000000000000000 ) ) ;
#1069 = EDGE_CURVE ( 'NONE', #656, #312, #529, .T. ) ;
#1070 = AXIS2_PLACEMENT_3D ( 'NONE', #1035, #1339, #33 ) ;
#1071 = CIRCLE ( 'NONE', #1844, 39.99999999999997868 ) ;
#1072 = ORIENTED_EDGE ( 'NONE', *, *, #1361, .T. ) ;
#1073 = CIRCLE ( 'NONE', #830, 43.00000000000000000 ) ;
#1074 = FACE_OUTER_BOUND ( 'NONE', #890, .T. ) ;
#1075 = CIRCLE ( 'NONE', #1915, 15.00000000000000000 ) ;
#1076 = VERTEX_POINT ( 'NONE', #428 ) ;
#1077 =( GEOMETRIC_REPRESENTATION_CONTEXT ( 3 ) GLOBAL_UNCERTAINTY_ASSIGNED_CONTEXT ( ( #23 ) ) GLOBAL_UNIT_ASSIGNED_CONTEXT ( ( #160, #769, #1200 ) ) REPRESENTATION_CONTEXT ( 'NONE', 'WORKASPACE' ) );
#1078 = VERTEX_POINT ( 'NONE', #1309 ) ;
#1079 = CARTESIAN_POINT ( 'NONE',  ( -37.23909236273107126, -21.49999999999965539, 12.00000000000000000 ) ) ;
#1080 = CIRCLE ( 'NONE', #1333, 43.00000000000000000 ) ;
#1081 = EDGE_CURVE ( 'NONE', #1646, #770, #418, .T. ) ;
#1082 = VERTEX_POINT ( 'NONE', #108 ) ;
#1083 = DIRECTION ( 'NONE',  ( 1.000000000000000000, 0.000000000000000000, 0.000000000000000000 ) ) ;
#1084 = LINE ( 'NONE', #932, #253 ) ;
#1085 = EDGE_CURVE ( 'NONE', #1180, #139, #1012, .T. ) ;
#1086 = EDGE_LOOP ( 'NONE', ( #725, #1662, #1624, #1589 ) ) ;
#1087 = CARTESIAN_POINT ( 'NONE',  ( 0.000000000000000000, 0.000000000000000000, 18.00000000000000355 ) ) ;
#1088 = DIRECTION ( 'NONE',  ( 1.000000000000000000, 0.000000000000000000, 0.000000000000000000 ) ) ;
#1089 = FACE_OUTER_BOUND ( 'NONE', #1461, .T. ) ;
#1090 = ORIENTED_EDGE ( 'NONE', *, *, #1164, .T. ) ;
#1091 = CYLINDRICAL_SURFACE ( 'NONE', #1873, 3.000000000002250644 ) ;
#1092 = CARTESIAN_POINT ( 'NONE',  ( 37.23909236273076573, -21.50000000000017408, 3.000000000000000000 ) ) ;
#1093 = ORIENTED_EDGE ( 'NONE', *, *, #258, .F. ) ;
#1094 = CIRCLE ( 'NONE', #11, 6.999999999999999112 ) ;
#1095 = DIRECTION ( 'NONE',  ( -1.000000000000000000, 0.000000000000000000, 0.000000000000000000 ) ) ;
#1096 = ADVANCED_FACE ( 'NONE', ( #291 ), #1611, .T. ) ;
#1097 = CARTESIAN_POINT ( 'NONE',  ( -39.99999999999999289, 0.000000000000000000, 3.000000000000000000 ) ) ;
#1098 = CARTESIAN_POINT ( 'NONE',  ( -34.23909236272881884, -21.49999999999965539, 18.00000000000000355 ) ) ;
#1099 = ORIENTED_EDGE ( 'NONE', *, *, #247, .F. ) ;
#1100 = AXIS2_PLACEMENT_3D ( 'NONE', #62, #1837, #1553 ) ;
#1101 = DIRECTION ( 'NONE',  ( 1.000000000000000000, 0.000000000000000000, 0.000000000000000000 ) ) ;
#1102 = AXIS2_PLACEMENT_3D ( 'NONE', #1836, #502, #1101 ) ;
#1103 = CARTESIAN_POINT ( 'NONE',  ( 21.91413192289437717, 44.94186046511627808, 3.000000000000000000 ) ) ;
#1104 = ORIENTED_EDGE ( 'NONE', *, *, #495, .F. ) ;
#1105 = CIRCLE ( 'NONE', #538, 6.999999999999999112 ) ;
#1106 = CARTESIAN_POINT ( 'NONE',  ( 37.23909236273076573, -21.50000000000017764, 6.000000000000000000 ) ) ;
#1107 = ADVANCED_FACE ( 'NONE', ( #550 ), #1299, .T. ) ;
#1108 = CARTESIAN_POINT ( 'NONE',  ( -11.99999775277174408, 42.99265605875152829, 6.000000000000000000 ) ) ;
#1109 = ADVANCED_FACE ( 'NONE', ( #272 ), #1168, .T. ) ;
#1110 = CIRCLE ( 'NONE', #1359, 11.99999999999999822 ) ;
#1111 = DIRECTION ( 'NONE',  ( 1.000000000000000000, 0.000000000000000000, 0.000000000000000000 ) ) ;
#1112 = ORIENTED_EDGE ( 'NONE', *, *, #780, .T. ) ;
#1113 = DIRECTION ( 'NONE',  ( 0.000000000000000000, 0.000000000000000000, 1.000000000000000000 ) ) ;
#1114 = CARTESIAN_POINT ( 'NONE',  ( 37.23909236273076573, -21.50000000000017764, 12.00000000000000000 ) ) ;
#1115 = VERTEX_POINT ( 'NONE', #1033 ) ;
#1116 = DIRECTION ( 'NONE',  ( 1.000000000000000000, 0.000000000000000000, 0.000000000000000000 ) ) ;
#1117 = CARTESIAN_POINT ( 'NONE',  ( -6.000000000000000000, 43.00000000000000000, 0.000000000000000000 ) ) ;
#1118 = DIRECTION ( 'NONE',  ( 1.000000000000000000, 0.000000000000000000, -0.000000000000000000 ) ) ;
#1119 = VERTEX_POINT ( 'NONE', #1338 ) ;
#1120 = FACE_BOUND ( 'NONE', #1126, .T. ) ;
#1121 = FACE_OUTER_BOUND ( 'NONE', #212, .T. ) ;
#1122 = ORIENTED_EDGE ( 'NONE', *, *, #993, .F. ) ;
#1123 = CARTESIAN_POINT ( 'NONE',  ( -30.91497954360494305, -35.10167625886439424, 3.000000000000000000 ) ) ;
#1124 = CARTESIAN_POINT ( 'NONE',  ( -42.89495858311316567, -3.003752345484951292, 3.000000000000000000 ) ) ;
#1125 = PLANE ( 'NONE',  #1450 ) ;
#1126 = EDGE_LOOP ( 'NONE', ( #738, #524 ) ) ;
#1127 = CARTESIAN_POINT ( 'NONE',  ( -39.72902052084050695, -5.039706456021717962, 6.000000000000000000 ) ) ;
#1128 = EDGE_CURVE ( 'NONE', #1592, #586, #887, .T. ) ;
#1129 = DIRECTION ( 'NONE',  ( 0.000000000000000000, 0.000000000000000000, 1.000000000000000000 ) ) ;
#1130 = ORIENTED_EDGE ( 'NONE', *, *, #1397, .F. ) ;
#1131 = AXIS2_PLACEMENT_3D ( 'NONE', #443, #1236, #767 ) ;
#1132 = AXIS2_PLACEMENT_3D ( 'NONE', #1402, #499, #192 ) ;
#1133 = CARTESIAN_POINT ( 'NONE',  ( -43.23273119943176823, -11.10402513011885262, 3.000000000000000000 ) ) ;
#1134 = FACE_OUTER_BOUND ( 'NONE', #1331, .T. ) ;
#1135 = DIRECTION ( 'NONE',  ( 0.000000000000000000, 0.000000000000000000, 1.000000000000000000 ) ) ;
#1136 = ORIENTED_EDGE ( 'NONE', *, *, #1775, .F. ) ;
#1137 = AXIS2_PLACEMENT_3D ( 'NONE', #403, #537, #1316 ) ;
#1138 = CARTESIAN_POINT ( 'NONE',  ( 0.000000000000000000, 43.00000000000000000, 6.000000000000000000 ) ) ;
#1139 = CARTESIAN_POINT ( 'NONE',  ( -23.59916942889550739, -32.29673671234112931, 6.000000000000000000 ) ) ;
#1140 = ADVANCED_FACE ( 'NONE', ( #1621 ), #1178, .F. ) ;
#1141 = ORIENTED_EDGE ( 'NONE', *, *, #1738, .F. ) ;
#1142 = CIRCLE ( 'NONE', #1391, 6.000000000000001776 ) ;
#1143 = VECTOR ( 'NONE', #746, 1000.000000000000000 ) ;
#1144 = EDGE_CURVE ( 'NONE', #400, #259, #285, .T. ) ;
#1145 = CARTESIAN_POINT ( 'NONE',  ( 0.000000000000000000, 43.00000000000000000, 3.000000000000000000 ) ) ;
#1146 = CARTESIAN_POINT ( 'NONE',  ( 0.000000000000000000, 43.00000000000000000, 18.00000000000000355 ) ) ;
#1147 = DIRECTION ( 'NONE',  ( -0.000000000000000000, -0.000000000000000000, -1.000000000000000000 ) ) ;
#1148 = ORIENTED_EDGE ( 'NONE', *, *, #411, .T. ) ;
#1149 = CARTESIAN_POINT ( 'NONE',  ( -37.23909236273107126, -21.49999999999965539, 6.000000000000000000 ) ) ;
#1150 = CARTESIAN_POINT ( 'NONE',  ( -43.00000000000000000, 0.000000000000000000, 0.000000000000000000 ) ) ;
#1151 = EDGE_LOOP ( 'NONE', ( #672, #1229, #25, #1156 ) ) ;
#1152 = ORIENTED_EDGE ( 'NONE', *, *, #1345, .F. ) ;
#1153 = FACE_OUTER_BOUND ( 'NONE', #1086, .T. ) ;
#1154 = CARTESIAN_POINT ( 'NONE',  ( 0.000000000000000000, 0.000000000000000000, 12.00000000000000000 ) ) ;
#1155 = DIRECTION ( 'NONE',  ( -1.000000000000000000, 0.000000000000000000, 0.000000000000000000 ) ) ;
#1156 = ORIENTED_EDGE ( 'NONE', *, *, #742, .T. ) ;
#1157 = CARTESIAN_POINT ( 'NONE',  ( 8.000000000000000000, 43.00000000000000000, 6.000000000000000000 ) ) ;
#1158 = CARTESIAN_POINT ( 'NONE',  ( -37.23909236273106416, -21.49999999999965539, 0.000000000000000000 ) ) ;
#1159 = ORIENTED_EDGE ( 'NONE', *, *, #16, .T. ) ;
#1160 = AXIS2_PLACEMENT_3D ( 'NONE', #910, #1476, #1511 ) ;
#1161 = EDGE_LOOP ( 'NONE', ( #1512, #1243 ) ) ;
#1162 = FACE_OUTER_BOUND ( 'NONE', #1572, .T. ) ;
#1163 = AXIS2_PLACEMENT_3D ( 'NONE', #701, #204, #231 ) ;
#1164 = EDGE_CURVE ( 'NONE', #875, #1353, #876, .T. ) ;
#1165 = DIRECTION ( 'NONE',  ( -0.000000000000000000, 0.000000000000000000, 1.000000000000000000 ) ) ;
#1166 = DIRECTION ( 'NONE',  ( 1.000000000000000000, 0.000000000000000000, 0.000000000000000000 ) ) ;
#1167 = VERTEX_POINT ( 'NONE', #1157 ) ;
#1168 = CYLINDRICAL_SURFACE ( 'NONE', #1563, 14.99999999999999822 ) ;
#1169 = ADVANCED_FACE ( 'NONE', ( #1774 ), #589, .F. ) ;
#1170 = CARTESIAN_POINT ( 'NONE',  ( 37.23909236273076573, -21.50000000000017764, 12.00000000000000000 ) ) ;
#1171 = VERTEX_POINT ( 'NONE', #734 ) ;
#1172 = EDGE_LOOP ( 'NONE', ( #1000, #620, #1022, #1011 ) ) ;
#1173 = CARTESIAN_POINT ( 'NONE',  ( -37.23909236273107126, -21.49999999999965539, 18.00000000000000355 ) ) ;
#1174 = CIRCLE ( 'NONE', #1920, 3.000000000000000888 ) ;
#1175 = CIRCLE ( 'NONE', #1271, 6.999999999999999112 ) ;
#1176 = PLANE ( 'NONE',  #635 ) ;
#1177 = ORIENTED_EDGE ( 'NONE', *, *, #1370, .F. ) ;
#1178 = CYLINDRICAL_SURFACE ( 'NONE', #935, 6.999999999999999112 ) ;
#1179 = CARTESIAN_POINT ( 'NONE',  ( 0.000000000000000000, 0.000000000000000000, 6.000000000000000000 ) ) ;
#1180 = VERTEX_POINT ( 'NONE', #436 ) ;
#1181 = ORIENTED_EDGE ( 'NONE', *, *, #1661, .T. ) ;
#1182 = CYLINDRICAL_SURFACE ( 'NONE', #1131, 11.99999999999999822 ) ;
#1183 = FACE_OUTER_BOUND ( 'NONE', #1459, .T. ) ;
#1184 = FACE_OUTER_BOUND ( 'NONE', #582, .T. ) ;
#1185 = DIRECTION ( 'NONE',  ( -0.000000000000000000, -0.000000000000000000, -1.000000000000000000 ) ) ;
#1186 = CARTESIAN_POINT ( 'NONE',  ( 18.84615345368916195, 38.64999999999999858, 3.000000000000000000 ) ) ;
#1187 = FACE_OUTER_BOUND ( 'NONE', #72, .T. ) ;
#1188 = AXIS2_PLACEMENT_3D ( 'NONE', #937, #831, #113 ) ;
#1189 = EDGE_CURVE ( 'NONE', #322, #172, #250, .T. ) ;
#1190 = AXIS2_PLACEMENT_3D ( 'NONE', #1721, #287, #35 ) ;
#1191 = EDGE_CURVE ( 'NONE', #643, #1808, #1534, .T. ) ;
#1192 = ORIENTED_EDGE ( 'NONE', *, *, #1024, .F. ) ;
#1193 = CYLINDRICAL_SURFACE ( 'NONE', #1491, 6.999999999999999112 ) ;
#1194 = DIRECTION ( 'NONE',  ( -0.000000000000000000, -0.000000000000000000, -1.000000000000000000 ) ) ;
#1195 = CIRCLE ( 'NONE', #1132, 6.999999999999999112 ) ;
#1196 = DIRECTION ( 'NONE',  ( -1.000000000000000000, 0.000000000000000000, 0.000000000000000000 ) ) ;
#1197 = ORIENTED_EDGE ( 'NONE', *, *, #73, .T. ) ;
#1198 = ORIENTED_EDGE ( 'NONE', *, *, #1658, .F. ) ;
#1199 = AXIS2_PLACEMENT_3D ( 'NONE', #1254, #1410, #76 ) ;
#1200 =( NAMED_UNIT ( * ) SI_UNIT ( $, .STERADIAN. ) SOLID_ANGLE_UNIT ( ) );
#1201 = AXIS2_PLACEMENT_3D ( 'NONE', #488, #65, #779 ) ;
#1202 = DIRECTION ( 'NONE',  ( 1.000000000000000000, 4.460717509654647040E-15, 0.000000000000000000 ) ) ;
#1203 = CARTESIAN_POINT ( 'NONE',  ( 27.96372689467884598, -41.44912517966832866, 3.000000000000000000 ) ) ;
#1204 = UNCERTAINTY_MEASURE_WITH_UNIT (LENGTH_MEASURE( 1.000000000000000082E-05 ), #569, 'distance_accuracy_value', 'NONE');
#1205 = VERTEX_POINT ( 'NONE', #1689 ) ;
#1206 = VERTEX_POINT ( 'NONE', #523 ) ;
#1207 = DIRECTION ( 'NONE',  ( 1.000000000000000000, 0.000000000000000000, 0.000000000000000000 ) ) ;
#1208 = EDGE_CURVE ( 'NONE', #694, #1365, #671, .T. ) ;
#1209 = ORIENTED_EDGE ( 'NONE', *, *, #306, .T. ) ;
#1210 = CARTESIAN_POINT ( 'NONE',  ( 0.000000000000000000, 0.000000000000000000, 3.000000000000000000 ) ) ;
#1211 = LINE ( 'NONE', #1044, #1610 ) ;
#1212 = ORIENTED_EDGE ( 'NONE', *, *, #904, .T. ) ;
#1213 = DIRECTION ( 'NONE',  ( 0.000000000000000000, 0.000000000000000000, 1.000000000000000000 ) ) ;
#1214 = CIRCLE ( 'NONE', #220, 6.000000000000005329 ) ;
#1215 = CIRCLE ( 'NONE', #1188, 3.000000000000000888 ) ;
#1216 = EDGE_LOOP ( 'NONE', ( #1788, #824 ) ) ;
#1217 = AXIS2_PLACEMENT_3D ( 'NONE', #808, #663, #1683 ) ;
#1218 = AXIS2_PLACEMENT_3D ( 'NONE', #1877, #242, #1744 ) ;
#1219 = CARTESIAN_POINT ( 'NONE',  ( -37.23909236273107126, -21.49999999999965539, 18.00000000000000355 ) ) ;
#1220 = EDGE_CURVE ( 'NONE', #1543, #588, #1003, .T. ) ;
#1221 = CARTESIAN_POINT ( 'NONE',  ( 43.23273119943159770, -11.10402513011944947, 6.000000000000000000 ) ) ;
#1222 = CIRCLE ( 'NONE', #884, 6.000000000000001776 ) ;
#1223 = DIRECTION ( 'NONE',  ( 1.000000000000000000, 0.000000000000000000, 0.000000000000000000 ) ) ;
#1224 = EDGE_CURVE ( 'NONE', #752, #1205, #352, .T. ) ;
#1225 = ORIENTED_EDGE ( 'NONE', *, *, #1650, .F. ) ;
#1226 = CARTESIAN_POINT ( 'NONE',  ( -27.72902407895221799, -37.94866563700082907, 3.000000000000000000 ) ) ;
#1227 = DIRECTION ( 'NONE',  ( 0.000000000000000000, 0.000000000000000000, 1.000000000000000000 ) ) ;
#1228 = CIRCLE ( 'NONE', #976, 3.000000000002250644 ) ;
#1229 = ORIENTED_EDGE ( 'NONE', *, *, #1625, .T. ) ;
#1230 = AXIS2_PLACEMENT_3D ( 'NONE', #1740, #697, #114 ) ;
#1231 = CYLINDRICAL_SURFACE ( 'NONE', #936, 3.000000000003249845 ) ;
#1232 = AXIS2_PLACEMENT_3D ( 'NONE', #469, #324, #1031 ) ;
#1233 = CARTESIAN_POINT ( 'NONE',  ( -31.23909236273106416, -21.49999999999965539, 0.000000000000000000 ) ) ;
#1234 = DIRECTION ( 'NONE',  ( 1.000000000000000000, 0.000000000000000000, 0.000000000000000000 ) ) ;
#1235 = VERTEX_POINT ( 'NONE', #650 ) ;
#1236 = DIRECTION ( 'NONE',  ( -0.000000000000000000, -0.000000000000000000, -1.000000000000000000 ) ) ;
#1237 = DIRECTION ( 'NONE',  ( 1.000000000000000000, 0.000000000000000000, 0.000000000000000000 ) ) ;
#1238 = ORIENTED_EDGE ( 'NONE', *, *, #1546, .F. ) ;
#1239 = EDGE_CURVE ( 'NONE', #172, #875, #413, .T. ) ;
#1240 = DIRECTION ( 'NONE',  ( -1.000000000000000000, 0.000000000000000000, 0.000000000000000000 ) ) ;
#1241 = CARTESIAN_POINT ( 'NONE',  ( -8.000000000000000000, 43.00000000000000000, 18.00000000000000355 ) ) ;
#1242 = CARTESIAN_POINT ( 'NONE',  ( 0.000000000000000000, 43.00000000000000000, 12.00000000000000000 ) ) ;
#1243 = ORIENTED_EDGE ( 'NONE', *, *, #317, .T. ) ;
#1244 = DIRECTION ( 'NONE',  ( -0.000000000000000000, -0.000000000000000000, -1.000000000000000000 ) ) ;
#1245 = CARTESIAN_POINT ( 'NONE',  ( 31.23909236273076218, -21.50000000000017764, 0.000000000000000000 ) ) ;
#1246 = ADVANCED_FACE ( 'NONE', ( #1561 ), #45, .T. ) ;
#1247 = VERTEX_POINT ( 'NONE', #629 ) ;
#1248 = CIRCLE ( 'NONE', #815, 6.000000000000000000 ) ;
#1249 = EDGE_CURVE ( 'NONE', #334, #1489, #1699, .T. ) ;
#1250 = AXIS2_PLACEMENT_3D ( 'NONE', #1861, #992, #1618 ) ;
#1251 = EDGE_CURVE ( 'NONE', #1554, #1076, #1064, .T. ) ;
#1252 = DIRECTION ( 'NONE',  ( 0.000000000000000000, 0.000000000000000000, 1.000000000000000000 ) ) ;
#1253 = AXIS2_PLACEMENT_3D ( 'NONE', #1170, #713, #430 ) ;
#1254 = CARTESIAN_POINT ( 'NONE',  ( -37.23909236273107126, -21.49999999999965539, 6.000000000000000000 ) ) ;
#1255 = DIRECTION ( 'NONE',  ( -0.000000000000000000, -0.000000000000000000, -1.000000000000000000 ) ) ;
#1256 = ORIENTED_EDGE ( 'NONE', *, *, #1902, .F. ) ;
#1257 = VECTOR ( 'NONE', #846, 1000.000000000000000 ) ;
#1258 = DIRECTION ( 'NONE',  ( 0.000000000000000000, 0.000000000000000000, 1.000000000000000000 ) ) ;
#1259 = VECTOR ( 'NONE', #962, 1000.000000000000000 ) ;
#1260 = FACE_BOUND ( 'NONE', #1822, .T. ) ;
#1261 = EDGE_LOOP ( 'NONE', ( #747, #861 ) ) ;
#1262 = CIRCLE ( 'NONE', #420, 3.000000000000000888 ) ;
#1263 = DIRECTION ( 'NONE',  ( 0.000000000000000000, 0.000000000000000000, 1.000000000000000000 ) ) ;
#1264 = CARTESIAN_POINT ( 'NONE',  ( 27.72902407895166732, -37.94866563700122697, 3.000000000000000000 ) ) ;
#1265 = LINE ( 'NONE', #1675, #19 ) ;
#1266 = PRESENTATION_LAYER_ASSIGNMENT (  '', '', ( #578 ) ) ;
#1267 = ORIENTED_EDGE ( 'NONE', *, *, #1703, .F. ) ;
#1268 = CIRCLE ( 'NONE', #1516, 3.000000000000000888 ) ;
#1269 = DIRECTION ( 'NONE',  ( -0.000000000000000000, -0.000000000000000000, -1.000000000000000000 ) ) ;
#1270 = DIRECTION ( 'NONE',  ( -1.000000000000000000, 0.000000000000000000, 0.000000000000000000 ) ) ;
#1271 = AXIS2_PLACEMENT_3D ( 'NONE', #609, #895, #1202 ) ;
#1272 = VERTEX_POINT ( 'NONE', #1245 ) ;
#1273 = FACE_BOUND ( 'NONE', #559, .T. ) ;
#1274 = ADVANCED_FACE ( 'NONE', ( #1260, #1859 ), #1530, .F. ) ;
#1275 = DIRECTION ( 'NONE',  ( 1.000000000000000000, 0.000000000000000000, 0.000000000000000000 ) ) ;
#1276 = CARTESIAN_POINT ( 'NONE',  ( 31.23909236273075862, -21.50000000000017764, 12.00000000000000000 ) ) ;
#1277 = ADVANCED_FACE ( 'NONE', ( #360 ), #350, .F. ) ;
#1278 = EDGE_LOOP ( 'NONE', ( #1727, #1900 ) ) ;
#1279 = DIRECTION ( 'NONE',  ( 1.000000000000000000, 0.000000000000000000, 0.000000000000000000 ) ) ;
#1280 = CARTESIAN_POINT ( 'NONE',  ( 29.23909236272751500, -21.50000000000017764, 18.00000000000000355 ) ) ;
#1281 = ORIENTED_EDGE ( 'NONE', *, *, #1290, .F. ) ;
#1282 = DIRECTION ( 'NONE',  ( -1.000000000000000000, 0.000000000000000000, 0.000000000000000000 ) ) ;
#1283 = VECTOR ( 'NONE', #1632, 1000.000000000000000 ) ;
#1284 = CIRCLE ( 'NONE', #1217, 6.000000000000005329 ) ;
#1285 = AXIS2_PLACEMENT_3D ( 'NONE', #1869, #1294, #101 ) ;
#1286 = EDGE_CURVE ( 'NONE', #1082, #1636, #568, .T. ) ;
#1287 = CARTESIAN_POINT ( 'NONE',  ( -39.72902052084050695, -5.039706456021717962, 6.000000000000000000 ) ) ;
#1288 = EDGE_LOOP ( 'NONE', ( #1443, #1026, #748, #638, #1579, #799, #1860, #1507, #1795, #563, #329, #150, #442, #1015, #367 ) ) ;
#1289 = FACE_OUTER_BOUND ( 'NONE', #859, .T. ) ;
#1290 = EDGE_CURVE ( 'NONE', #240, #586, #256, .T. ) ;
#1291 = CARTESIAN_POINT ( 'NONE',  ( 0.000000000000000000, 0.000000000000000000, 18.00000000000000355 ) ) ;
#1292 = ORIENTED_EDGE ( 'NONE', *, *, #556, .T. ) ;
#1293 = VECTOR ( 'NONE', #626, 1000.000000000000000 ) ;
#1294 = DIRECTION ( 'NONE',  ( -0.000000000000000000, -0.000000000000000000, -1.000000000000000000 ) ) ;
#1295 = DIRECTION ( 'NONE',  ( -0.000000000000000000, -0.000000000000000000, -1.000000000000000000 ) ) ;
#1296 = CARTESIAN_POINT ( 'NONE',  ( 31.23273344665975060, -31.88863092863242343, 3.000000000000000000 ) ) ;
#1297 = VERTEX_POINT ( 'NONE', #1710 ) ;
#1298 = CIRCLE ( 'NONE', #1544, 3.000000000002250644 ) ;
#1299 = CYLINDRICAL_SURFACE ( 'NONE', #843, 11.99999999999999822 ) ;
#1300 = DIRECTION ( 'NONE',  ( 1.000000000000000000, 3.965082230804129036E-15, 0.000000000000000000 ) ) ;
#1301 = ORIENTED_EDGE ( 'NONE', *, *, #647, .F. ) ;
#1302 = CIRCLE ( 'NONE', #1765, 8.000000000003247180 ) ;
#1303 = EDGE_CURVE ( 'NONE', #1479, #1592, #1908, .T. ) ;
#1304 = EDGE_LOOP ( 'NONE', ( #917, #898, #1711, #1831, #570, #1648, #1598, #1504, #549, #1412, #1674, #1779, #1212, #1072, #421, #749, #1046, #1492 ) ) ;
#1305 = DIRECTION ( 'NONE',  ( 0.000000000000000000, 0.000000000000000000, 1.000000000000000000 ) ) ;
#1306 = DIRECTION ( 'NONE',  ( 1.000000000000000000, 0.000000000000000000, 0.000000000000000000 ) ) ;
#1307 = DIRECTION ( 'NONE',  ( 1.000000000000000000, 0.000000000000000000, 0.000000000000000000 ) ) ;
#1308 = ORIENTED_EDGE ( 'NONE', *, *, #429, .T. ) ;
#1309 = CARTESIAN_POINT ( 'NONE',  ( -43.00000000000000000, 0.000000000000000000, 3.000000000000000000 ) ) ;
#1310 = DIRECTION ( 'NONE',  ( -0.000000000000000000, 0.000000000000000000, 1.000000000000000000 ) ) ;
#1311 = EDGE_LOOP ( 'NONE', ( #87, #21, #1680, #1803 ) ) ;
#1312 = ADVANCED_FACE ( 'NONE', ( #1121 ), #1678, .T. ) ;
#1313 = VERTEX_POINT ( 'NONE', #1570 ) ;
#1314 = CARTESIAN_POINT ( 'NONE',  ( 0.000000000000000000, 0.000000000000000000, 3.000000000000000000 ) ) ;
#1315 = EDGE_CURVE ( 'NONE', #1247, #159, #1084, .T. ) ;
#1316 = DIRECTION ( 'NONE',  ( 1.000000000000000000, 0.000000000000000000, 0.000000000000000000 ) ) ;
#1317 = DIRECTION ( 'NONE',  ( -0.000000000000000000, -0.000000000000000000, -1.000000000000000000 ) ) ;
#1318 = ORIENTED_EDGE ( 'NONE', *, *, #1766, .F. ) ;
#1319 = DIRECTION ( 'NONE',  ( 0.000000000000000000, 0.000000000000000000, 1.000000000000000000 ) ) ;
#1320 = DIRECTION ( 'NONE',  ( 0.000000000000000000, 0.000000000000000000, 1.000000000000000000 ) ) ;
#1321 = ORIENTED_EDGE ( 'NONE', *, *, #471, .T. ) ;
#1322 = ORIENTED_EDGE ( 'NONE', *, *, #1128, .F. ) ;
#1323 = DIRECTION ( 'NONE',  ( 1.000000000000000000, 0.000000000000000000, 0.000000000000000000 ) ) ;
#1324 = DIRECTION ( 'NONE',  ( 0.000000000000000000, 0.000000000000000000, 1.000000000000000000 ) ) ;
#1325 = DIRECTION ( 'NONE',  ( -0.000000000000000000, -0.000000000000000000, -1.000000000000000000 ) ) ;
#1326 = ORIENTED_EDGE ( 'NONE', *, *, #567, .T. ) ;
#1327 = FACE_OUTER_BOUND ( 'NONE', #1896, .T. ) ;
#1328 = CYLINDRICAL_SURFACE ( 'NONE', #181, 39.99999999999999289 ) ;
#1329 = ORIENTED_EDGE ( 'NONE', *, *, #356, .T. ) ;
#1330 = CIRCLE ( 'NONE', #146, 39.99999999999999289 ) ;
#1331 = EDGE_LOOP ( 'NONE', ( #724, #264, #827, #1864, #380, #470, #474, #439, #1890, #690, #1429, #1818, #63, #1609, #733 ) ) ;
#1332 = LINE ( 'NONE', #576, #1041 ) ;
#1333 = AXIS2_PLACEMENT_3D ( 'NONE', #822, #1401, #653 ) ;
#1334 = DIRECTION ( 'NONE',  ( 0.000000000000000000, 0.000000000000000000, 1.000000000000000000 ) ) ;
#1335 = DIRECTION ( 'NONE',  ( -0.000000000000000000, -0.000000000000000000, -1.000000000000000000 ) ) ;
#1336 = EDGE_CURVE ( 'NONE', #31, #1543, #785, .T. ) ;
#1337 = LINE ( 'NONE', #155, #326 ) ;
#1338 = CARTESIAN_POINT ( 'NONE',  ( -40.23909236273331658, -21.49999999999965539, 12.00000000000000000 ) ) ;
#1339 = DIRECTION ( 'NONE',  ( -0.000000000000000000, -0.000000000000000000, -1.000000000000000000 ) ) ;
#1340 = VERTEX_POINT ( 'NONE', #407 ) ;
#1341 = ORIENTED_EDGE ( 'NONE', *, *, #616, .T. ) ;
#1342 = CARTESIAN_POINT ( 'NONE',  ( -6.000000000000000000, 43.00000000000000000, 12.00000000000000000 ) ) ;
#1343 = PRODUCT_CONTEXT ( 'NONE', #1428, 'mechanical' ) ;
#1344 = DIRECTION ( 'NONE',  ( 1.000000000000000000, 0.000000000000000000, 0.000000000000000000 ) ) ;
#1345 = EDGE_CURVE ( 'NONE', #462, #1835, #999, .T. ) ;
#1346 = DIRECTION ( 'NONE',  ( 1.000000000000000000, 0.000000000000000000, 0.000000000000000000 ) ) ;
#1347 = VERTEX_POINT ( 'NONE', #419 ) ;
#1348 = EDGE_CURVE ( 'NONE', #112, #229, #1750, .T. ) ;
#1349 = EDGE_LOOP ( 'NONE', ( #1256, #1848, #1292, #1329 ) ) ;
#1350 = DIRECTION ( 'NONE',  ( 0.000000000000000000, 0.000000000000000000, 1.000000000000000000 ) ) ;
#1351 = AXIS2_PLACEMENT_3D ( 'NONE', #1413, #88, #1279 ) ;
#1352 = ORIENTED_EDGE ( 'NONE', *, *, #1460, .T. ) ;
#1353 = VERTEX_POINT ( 'NONE', #703 ) ;
#1354 = VECTOR ( 'NONE', #548, 1000.000000000000000 ) ;
#1355 = CARTESIAN_POINT ( 'NONE',  ( -39.76937916667276340, -4.289111877465291656, 6.000000000000000000 ) ) ;
#1356 = ORIENTED_EDGE ( 'NONE', *, *, #92, .F. ) ;
#1357 = EDGE_CURVE ( 'NONE', #1036, #1756, #969, .T. ) ;
#1358 = EDGE_LOOP ( 'NONE', ( #1321, #970, #1910, #1921 ) ) ;
#1359 = AXIS2_PLACEMENT_3D ( 'NONE', #1799, #1350, #152 ) ;
#1360 = CIRCLE ( 'NONE', #1614, 8.000000000002248868 ) ;
#1361 = EDGE_CURVE ( 'NONE', #817, #1247, #1477, .T. ) ;
#1362 = CARTESIAN_POINT ( 'NONE',  ( -21.91413192289437362, 44.94186046511627808, 3.000000000000000000 ) ) ;
#1363 = AXIS2_PLACEMENT_3D ( 'NONE', #1694, #191, #510 ) ;
#1364 = CYLINDRICAL_SURFACE ( 'NONE', #573, 15.00000000000000000 ) ;
#1365 = VERTEX_POINT ( 'NONE', #1601 ) ;
#1366 = DIRECTION ( 'NONE',  ( 1.000000000000000000, 0.000000000000000000, 0.000000000000000000 ) ) ;
#1367 = ORIENTED_EDGE ( 'NONE', *, *, #1738, .T. ) ;
#1368 = CARTESIAN_POINT ( 'NONE',  ( -49.87785881757345408, -3.492735285447617244, 3.000000000000000000 ) ) ;
#1369 = EDGE_LOOP ( 'NONE', ( #1474, #281, #1225, #1062 ) ) ;
#1370 = EDGE_CURVE ( 'NONE', #224, #1787, #128, .T. ) ;
#1371 = DIRECTION ( 'NONE',  ( -0.000000000000000000, -0.000000000000000000, -1.000000000000000000 ) ) ;
#1372 = ORIENTED_EDGE ( 'NONE', *, *, #276, .T. ) ;
#1373 = DIRECTION ( 'NONE',  ( 0.000000000000000000, 0.000000000000000000, 1.000000000000000000 ) ) ;
#1374 = DIRECTION ( 'NONE',  ( -0.000000000000000000, 0.000000000000000000, 1.000000000000000000 ) ) ;
#1375 = DIRECTION ( 'NONE',  ( -0.000000000000000000, -0.000000000000000000, -1.000000000000000000 ) ) ;
#1376 = AXIS2_PLACEMENT_3D ( 'NONE', #97, #649, #670 ) ;
#1377 = DIRECTION ( 'NONE',  ( 0.000000000000000000, 0.000000000000000000, 1.000000000000000000 ) ) ;
#1378 = EDGE_LOOP ( 'NONE', ( #902, #278, #845, #96 ) ) ;
#1379 = CIRCLE ( 'NONE', #379, 11.99999999999999822 ) ;
#1380 = CARTESIAN_POINT ( 'NONE',  ( -34.23909236272881884, -21.49999999999965539, 12.00000000000000000 ) ) ;
#1381 = CARTESIAN_POINT ( 'NONE',  ( -45.85643312739632194, -9.222319512805084329, 3.000000000000000000 ) ) ;
#1382 = CARTESIAN_POINT ( 'NONE',  ( 37.23909236273076573, -21.50000000000017764, 18.00000000000000355 ) ) ;
#1383 = AXIS2_PLACEMENT_3D ( 'NONE', #201, #1706, #1111 ) ;
#1384 = ORIENTED_EDGE ( 'NONE', *, *, #1189, .T. ) ;
#1385 = DIRECTION ( 'NONE',  ( -1.000000000000000000, 0.000000000000000000, 0.000000000000000000 ) ) ;
#1386 = DIRECTION ( 'NONE',  ( -0.000000000000000000, -0.000000000000000000, -1.000000000000000000 ) ) ;
#1387 = EDGE_LOOP ( 'NONE', ( #1905, #1700, #1757, #926 ) ) ;
#1388 = APPLICATION_CONTEXT ( 'automotive_design' ) ;
#1389 = CIRCLE ( 'NONE', #1701, 43.00000000000000000 ) ;
#1390 = CARTESIAN_POINT ( 'NONE',  ( -23.59916942889550739, -32.29673671234112931, 3.000000000000000000 ) ) ;
#1391 = AXIS2_PLACEMENT_3D ( 'NONE', #208, #1409, #336 ) ;
#1392 = CARTESIAN_POINT ( 'NONE',  ( -49.87785881757345408, -3.492735285447617244, 0.000000000000000000 ) ) ;
#1393 = EDGE_CURVE ( 'NONE', #259, #90, #75, .T. ) ;
#1394 = DIRECTION ( 'NONE',  ( -0.000000000000000000, -0.000000000000000000, -1.000000000000000000 ) ) ;
#1395 = EDGE_LOOP ( 'NONE', ( #1341, #988 ) ) ;
#1396 = CYLINDRICAL_SURFACE ( 'NONE', #1603, 12.00000000000000711 ) ;
#1397 = EDGE_CURVE ( 'NONE', #153, #186, #692, .T. ) ;
#1398 = DIRECTION ( 'NONE',  ( -0.000000000000000000, -0.000000000000000000, -1.000000000000000000 ) ) ;
#1399 = ORIENTED_EDGE ( 'NONE', *, *, #1050, .F. ) ;
#1400 = CARTESIAN_POINT ( 'NONE',  ( -14.94145358379161870, 44.32399577167019089, 3.000000000000000000 ) ) ;
#1401 = DIRECTION ( 'NONE',  ( 0.000000000000000000, 0.000000000000000000, 1.000000000000000000 ) ) ;
#1402 = CARTESIAN_POINT ( 'NONE',  ( -49.87785881757345408, -3.492735285447617244, 3.000000000000000000 ) ) ;
#1403 = ORIENTED_EDGE ( 'NONE', *, *, #1014, .T. ) ;
#1404 = LINE ( 'NONE', #213, #1259 ) ;
#1405 = DIRECTION ( 'NONE',  ( -0.000000000000000000, -0.000000000000000000, -1.000000000000000000 ) ) ;
#1406 = EDGE_CURVE ( 'NONE', #1365, #432, #321, .T. ) ;
#1407 = ORIENTED_EDGE ( 'NONE', *, *, #71, .T. ) ;
#1408 = AXIS2_PLACEMENT_3D ( 'NONE', #260, #148, #712 ) ;
#1409 = DIRECTION ( 'NONE',  ( 0.000000000000000000, 0.000000000000000000, 1.000000000000000000 ) ) ;
#1410 = DIRECTION ( 'NONE',  ( 0.000000000000000000, 0.000000000000000000, 1.000000000000000000 ) ) ;
#1411 = CARTESIAN_POINT ( 'NONE',  ( 23.59916942889504199, -32.29673671234147747, 6.000000000000000000 ) ) ;
#1412 = ORIENTED_EDGE ( 'NONE', *, *, #1635, .T. ) ;
#1413 = CARTESIAN_POINT ( 'NONE',  ( 21.91413192289437717, 44.94186046511627808, 3.000000000000000000 ) ) ;
#1414 = DIRECTION ( 'NONE',  ( -0.000000000000000000, 0.000000000000000000, 1.000000000000000000 ) ) ;
#1415 = ORIENTED_EDGE ( 'NONE', *, *, #508, .F. ) ;
#1416 = AXIS2_PLACEMENT_3D ( 'NONE', #1577, #239, #269 ) ;
#1417 = EDGE_CURVE ( 'NONE', #34, #1247, #1852, .T. ) ;
#1418 = DIRECTION ( 'NONE',  ( 1.000000000000000000, 0.000000000000000000, 0.000000000000000000 ) ) ;
#1419 = VECTOR ( 'NONE', #1194, 1000.000000000000000 ) ;
#1420 = EDGE_CURVE ( 'NONE', #147, #1523, #1736, .T. ) ;
#1421 = AXIS2_PLACEMENT_3D ( 'NONE', #318, #878, #1660 ) ;
#1422 = FACE_OUTER_BOUND ( 'NONE', #1717, .T. ) ;
#1423 = LINE ( 'NONE', #842, #854 ) ;
#1424 = ORIENTED_EDGE ( 'NONE', *, *, #1239, .F. ) ;
#1425 = FACE_OUTER_BOUND ( 'NONE', #534, .T. ) ;
#1426 = DIRECTION ( 'NONE',  ( -0.000000000000000000, -0.000000000000000000, -1.000000000000000000 ) ) ;
#1427 = VECTOR ( 'NONE', #497, 1000.000000000000000 ) ;
#1428 = APPLICATION_CONTEXT ( 'automotive_design' ) ;
#1429 = ORIENTED_EDGE ( 'NONE', *, *, #1050, .T. ) ;
#1430 = DIRECTION ( 'NONE',  ( -0.000000000000000000, -0.000000000000000000, -1.000000000000000000 ) ) ;
#1431 = EDGE_CURVE ( 'NONE', #1636, #574, #251, .T. ) ;
#1432 = DIRECTION ( 'NONE',  ( -0.000000000000000000, -0.000000000000000000, -1.000000000000000000 ) ) ;
#1433 = EDGE_CURVE ( 'NONE', #153, #1663, #1268, .T. ) ;
#1434 = LINE ( 'NONE', #115, #48 ) ;
#1435 = VERTEX_POINT ( 'NONE', #1139 ) ;
#1436 = DIRECTION ( 'NONE',  ( 1.000000000000000000, 0.000000000000000000, 0.000000000000000000 ) ) ;
#1437 = CARTESIAN_POINT ( 'NONE',  ( -39.76937916667276340, -4.289111877465292544, 6.000000000000000000 ) ) ;
#1438 = ORIENTED_EDGE ( 'NONE', *, *, #189, .T. ) ;
#1439 = DIRECTION ( 'NONE',  ( 0.000000000000000000, 0.000000000000000000, 1.000000000000000000 ) ) ;
#1440 = AXIS2_PLACEMENT_3D ( 'NONE', #971, #1846, #513 ) ;
#1441 = DIRECTION ( 'NONE',  ( -0.000000000000000000, -0.000000000000000000, -1.000000000000000000 ) ) ;
#1442 = CARTESIAN_POINT ( 'NONE',  ( -37.23909236273107126, -21.49999999999965539, 6.000000000000000000 ) ) ;
#1443 = ORIENTED_EDGE ( 'NONE', *, *, #518, .F. ) ;
#1444 = DIRECTION ( 'NONE',  ( -1.000000000000000000, 0.000000000000000000, 0.000000000000000000 ) ) ;
#1445 = DIRECTION ( 'NONE',  ( 1.000000000000000000, 0.000000000000000000, 0.000000000000000000 ) ) ;
#1446 = ADVANCED_FACE ( 'NONE', ( #99, #1726 ), #572, .T. ) ;
#1447 = AXIS2_PLACEMENT_3D ( 'NONE', #964, #1227, #972 ) ;
#1448 = ORIENTED_EDGE ( 'NONE', *, *, #1014, .F. ) ;
#1449 = ORIENTED_EDGE ( 'NONE', *, *, #1481, .F. ) ;
#1450 = AXIS2_PLACEMENT_3D ( 'NONE', #558, #1135, #1118 ) ;
#1451 = CARTESIAN_POINT ( 'NONE',  ( 24.04880512942380832, -35.64624765451475952, 3.000000000000000000 ) ) ;
#1452 = CARTESIAN_POINT ( 'NONE',  ( 21.91413192289437717, 44.94186046511627808, 0.000000000000000000 ) ) ;
#1453 = DIRECTION ( 'NONE',  ( 1.000000000000000000, -3.965082230804130614E-15, 0.000000000000000000 ) ) ;
#1454 = VERTEX_POINT ( 'NONE', #858 ) ;
#1455 = AXIS2_PLACEMENT_3D ( 'NONE', #246, #977, #841 ) ;
#1456 = DIRECTION ( 'NONE',  ( -0.000000000000000000, -0.000000000000000000, -1.000000000000000000 ) ) ;
#1457 = EDGE_CURVE ( 'NONE', #351, #386, #89, .T. ) ;
#1458 = CARTESIAN_POINT ( 'NONE',  ( 31.23273344665975415, -31.88863092863242343, 6.000000000000000000 ) ) ;
#1459 = EDGE_LOOP ( 'NONE', ( #668, #1668, #216, #1874 ) ) ;
#1460 = EDGE_CURVE ( 'NONE', #812, #224, #332, .T. ) ;
#1461 = EDGE_LOOP ( 'NONE', ( #1690, #1708, #849, #906 ) ) ;
#1462 = CARTESIAN_POINT ( 'NONE',  ( 39.76937916667269235, -4.289111877465844103, 6.000000000000000000 ) ) ;
#1463 = CYLINDRICAL_SURFACE ( 'NONE', #205, 11.99999999999999822 ) ;
#1464 = CARTESIAN_POINT ( 'NONE',  ( 0.000000000000000000, 43.00000000000000000, 18.00000000000000355 ) ) ;
#1465 = ORIENTED_EDGE ( 'NONE', *, *, #1420, .T. ) ;
#1466 = CARTESIAN_POINT ( 'NONE',  ( -18.99999644188858383, 42.98837209302325135, 6.000000000000000000 ) ) ;
#1467 = CARTESIAN_POINT ( 'NONE',  ( -18.99999644188858383, 42.98837209302325135, 3.000000000000000000 ) ) ;
#1468 = VERTEX_POINT ( 'NONE', #1150 ) ;
#1469 = ORIENTED_EDGE ( 'NONE', *, *, #844, .T. ) ;
#1470 = DIRECTION ( 'NONE',  ( 1.000000000000000000, 0.000000000000000000, 0.000000000000000000 ) ) ;
#1471 = CARTESIAN_POINT ( 'NONE',  ( -37.23909236273107126, -21.49999999999965539, 18.00000000000000355 ) ) ;
#1472 = AXIS2_PLACEMENT_3D ( 'NONE', #387, #1269, #61 ) ;
#1473 = CIRCLE ( 'NONE', #848, 6.999999999999999112 ) ;
#1474 = ORIENTED_EDGE ( 'NONE', *, *, #1854, .F. ) ;
#1475 = CARTESIAN_POINT ( 'NONE',  ( 37.23909236273076573, -21.50000000000017764, 18.00000000000000355 ) ) ;
#1476 = DIRECTION ( 'NONE',  ( 0.000000000000000000, 0.000000000000000000, 1.000000000000000000 ) ) ;
#1477 = CIRCLE ( 'NONE', #911, 6.999999999999999112 ) ;
#1478 = ORIENTED_EDGE ( 'NONE', *, *, #1564, .F. ) ;
#1479 = VERTEX_POINT ( 'NONE', #1280 ) ;
#1480 = DIRECTION ( 'NONE',  ( -0.000000000000000000, -0.000000000000000000, -1.000000000000000000 ) ) ;
#1481 = EDGE_CURVE ( 'NONE', #186, #1770, #1174, .T. ) ;
#1482 = CIRCLE ( 'NONE', #1539, 14.99999999999999822 ) ;
#1483 = CARTESIAN_POINT ( 'NONE',  ( 40.23909236273401291, -21.50000000000017764, 18.00000000000000355 ) ) ;
#1484 = EDGE_CURVE ( 'NONE', #1454, #947, #580, .T. ) ;
#1485 = ORIENTED_EDGE ( 'NONE', *, *, #1514, .F. ) ;
#1486 = DIRECTION ( 'NONE',  ( 1.000000000000000000, 0.000000000000000000, 0.000000000000000000 ) ) ;
#1487 = DIRECTION ( 'NONE',  ( 0.000000000000000000, 0.000000000000000000, 1.000000000000000000 ) ) ;
#1488 = VECTOR ( 'NONE', #1295, 1000.000000000000000 ) ;
#1489 = VERTEX_POINT ( 'NONE', #1013 ) ;
#1490 = AXIS2_PLACEMENT_3D ( 'NONE', #584, #619, #163 ) ;
#1491 = AXIS2_PLACEMENT_3D ( 'NONE', #1362, #29, #1207 ) ;
#1492 = ORIENTED_EDGE ( 'NONE', *, *, #527, .T. ) ;
#1493 = VECTOR ( 'NONE', #459, 1000.000000000000000 ) ;
#1494 = ADVANCED_FACE ( 'NONE', ( #1613 ), #22, .F. ) ;
#1495 = CYLINDRICAL_SURFACE ( 'NONE', #174, 43.00000000000000000 ) ;
#1496 = ADVANCED_FACE ( 'NONE', ( #1187 ), #897, .F. ) ;
#1497 = EDGE_LOOP ( 'NONE', ( #485, #1804, #1356, #126 ) ) ;
#1498 = CYLINDRICAL_SURFACE ( 'NONE', #1160, 6.999999999999999112 ) ;
#1499 = ORIENTED_EDGE ( 'NONE', *, *, #1315, .F. ) ;
#1500 = ORIENTED_EDGE ( 'NONE', *, *, #1085, .F. ) ;
#1501 = PRESENTATION_STYLE_ASSIGNMENT (( #463 ) ) ;
#1502 = CARTESIAN_POINT ( 'NONE',  ( -18.99999644188858383, 42.98837209302325135, 6.000000000000000000 ) ) ;
#1503 = CIRCLE ( 'NONE', #344, 8.000000000000000000 ) ;
#1504 = ORIENTED_EDGE ( 'NONE', *, *, #636, .F. ) ;
#1505 = CARTESIAN_POINT ( 'NONE',  ( -42.87785881757345408, -3.492735285447617244, 3.000000000000000000 ) ) ;
#1506 = ORIENTED_EDGE ( 'NONE', *, *, #1661, .F. ) ;
#1507 = ORIENTED_EDGE ( 'NONE', *, *, #664, .T. ) ;
#1508 = DIRECTION ( 'NONE',  ( 1.000000000000000000, 0.000000000000000000, 0.000000000000000000 ) ) ;
#1509 = DIRECTION ( 'NONE',  ( -0.000000000000000000, -0.000000000000000000, -1.000000000000000000 ) ) ;
#1510 = CIRCLE ( 'NONE', #736, 6.000000000000000000 ) ;
#1511 = DIRECTION ( 'NONE',  ( 1.000000000000000000, 0.000000000000000000, 0.000000000000000000 ) ) ;
#1512 = ORIENTED_EDGE ( 'NONE', *, *, #1303, .T. ) ;
#1513 = CARTESIAN_POINT ( 'NONE',  ( -37.23909236273107126, -21.49999999999965539, 18.00000000000000355 ) ) ;
#1514 = EDGE_CURVE ( 'NONE', #90, #1523, #1330, .T. ) ;
#1515 = ORIENTED_EDGE ( 'NONE', *, *, #1397, .T. ) ;
#1516 = AXIS2_PLACEMENT_3D ( 'NONE', #542, #561, #1581 ) ;
#1517 = LINE ( 'NONE', #1629, #207 ) ;
#1518 = VECTOR ( 'NONE', #1841, 1000.000000000000000 ) ;
#1519 = ORIENTED_EDGE ( 'NONE', *, *, #1597, .F. ) ;
#1520 = DIRECTION ( 'NONE',  ( -0.000000000000000000, -0.000000000000000000, -1.000000000000000000 ) ) ;
#1521 = ORIENTED_EDGE ( 'NONE', *, *, #1457, .T. ) ;
#1522 = CARTESIAN_POINT ( 'NONE',  ( -18.99999644188858383, 42.98837209302325135, 3.000000000000000000 ) ) ;
#1523 = VERTEX_POINT ( 'NONE', #1355 ) ;
#1524 = EDGE_CURVE ( 'NONE', #1697, #530, #893, .T. ) ;
#1525 = DIRECTION ( 'NONE',  ( -0.000000000000000000, 0.000000000000000000, 1.000000000000000000 ) ) ;
#1526 = CARTESIAN_POINT ( 'NONE',  ( -3.000000000000000888, 43.00000000000000000, 18.00000000000000355 ) ) ;
#1527 = CARTESIAN_POINT ( 'NONE',  ( 11.99999775277174408, 42.99265605875151408, 6.000000000000000000 ) ) ;
#1528 = ORIENTED_EDGE ( 'NONE', *, *, #1081, .F. ) ;
#1529 = DIRECTION ( 'NONE',  ( 1.000000000000000000, 0.000000000000000000, 0.000000000000000000 ) ) ;
#1530 = PLANE ( 'NONE',  #600 ) ;
#1531 = ORIENTED_EDGE ( 'NONE', *, *, #1406, .T. ) ;
#1532 = DIRECTION ( 'NONE',  ( -0.000000000000000000, -0.000000000000000000, -1.000000000000000000 ) ) ;
#1533 = EDGE_CURVE ( 'NONE', #720, #1235, #1075, .T. ) ;
#1534 = CIRCLE ( 'NONE', #1163, 39.99999999999997868 ) ;
#1535 = CARTESIAN_POINT ( 'NONE',  ( 6.000000000000000000, 43.00000000000000000, 0.000000000000000000 ) ) ;
#1536 = EDGE_CURVE ( 'NONE', #881, #1468, #55, .T. ) ;
#1537 = ADVANCED_FACE ( 'NONE', ( #1794 ), #1498, .F. ) ;
#1538 = CARTESIAN_POINT ( 'NONE',  ( 45.85643312739619404, -9.222319512805725594, 3.000000000000000000 ) ) ;
#1539 = AXIS2_PLACEMENT_3D ( 'NONE', #719, #823, #1307 ) ;
#1540 = ORIENTED_EDGE ( 'NONE', *, *, #277, .F. ) ;
#1541 = CARTESIAN_POINT ( 'NONE',  ( 37.23909236273076573, -21.50000000000017764, 0.000000000000000000 ) ) ;
#1542 = DIRECTION ( 'NONE',  ( -0.000000000000000000, -0.000000000000000000, -1.000000000000000000 ) ) ;
#1543 = VERTEX_POINT ( 'NONE', #137 ) ;
#1544 = AXIS2_PLACEMENT_3D ( 'NONE', #1471, #133, #729 ) ;
#1545 = CARTESIAN_POINT ( 'NONE',  ( -37.23909236273107126, -21.49999999999965539, 3.000000000000000000 ) ) ;
#1546 = EDGE_CURVE ( 'NONE', #468, #177, #1248, .T. ) ;
#1547 = AXIS2_PLACEMENT_3D ( 'NONE', #143, #1252, #1116 ) ;
#1548 = CARTESIAN_POINT ( 'NONE',  ( 46.72902052084041458, -5.039706456022367220, 6.000000000000000000 ) ) ;
#1549 = CIRCLE ( 'NONE', #18, 3.000000000003249845 ) ;
#1550 = DIRECTION ( 'NONE',  ( 1.000000000000000000, 0.000000000000000000, 0.000000000000000000 ) ) ;
#1551 = ORIENTED_EDGE ( 'NONE', *, *, #1081, .T. ) ;
#1552 = DIRECTION ( 'NONE',  ( 1.000000000000000000, 0.000000000000000000, 0.000000000000000000 ) ) ;
#1553 = DIRECTION ( 'NONE',  ( 1.000000000000000000, 0.000000000000000000, 0.000000000000000000 ) ) ;
#1554 = VERTEX_POINT ( 'NONE', #903 ) ;
#1555 = CARTESIAN_POINT ( 'NONE',  ( 11.99999775277174408, 42.99265605875151408, 3.000000000000000000 ) ) ;
#1556 = CARTESIAN_POINT ( 'NONE',  ( -37.23909236273107126, -21.49999999999965539, 18.00000000000000355 ) ) ;
#1557 = CARTESIAN_POINT ( 'NONE',  ( 0.000000000000000000, 43.00000000000000000, 6.000000000000000000 ) ) ;
#1558 = ORIENTED_EDGE ( 'NONE', *, *, #1303, .F. ) ;
#1559 = FACE_OUTER_BOUND ( 'NONE', #263, .T. ) ;
#1560 = EDGE_CURVE ( 'NONE', #1697, #1171, #1653, .T. ) ;
#1561 = FACE_OUTER_BOUND ( 'NONE', #348, .T. ) ;
#1562 = ORIENTED_EDGE ( 'NONE', *, *, #1775, .T. ) ;
#1563 = AXIS2_PLACEMENT_3D ( 'NONE', #867, #1763, #1023 ) ;
#1564 = EDGE_CURVE ( 'NONE', #515, #588, #1643, .T. ) ;
#1565 = LINE ( 'NONE', #1400, #894 ) ;
#1566 = DIRECTION ( 'NONE',  ( 1.000000000000000000, 0.000000000000000000, 0.000000000000000000 ) ) ;
#1567 = DIRECTION ( 'NONE',  ( 0.000000000000000000, 0.000000000000000000, 1.000000000000000000 ) ) ;
#1568 = ORIENTED_EDGE ( 'NONE', *, *, #1393, .T. ) ;
#1569 = DIRECTION ( 'NONE',  ( 1.000000000000000000, 0.000000000000000000, 0.000000000000000000 ) ) ;
#1570 = CARTESIAN_POINT ( 'NONE',  ( -40.23909236273331658, -21.49999999999965539, 18.00000000000000355 ) ) ;
#1571 = EDGE_CURVE ( 'NONE', #515, #31, #1549, .T. ) ;
#1572 = EDGE_LOOP ( 'NONE', ( #1152, #1407, #164, #1318 ) ) ;
#1573 = AXIS2_PLACEMENT_3D ( 'NONE', #1382, #1520, #338 ) ;
#1574 = ADVANCED_FACE ( 'NONE', ( #1633 ), #591, .F. ) ;
#1575 = DIRECTION ( 'NONE',  ( -0.000000000000000000, -0.000000000000000000, -1.000000000000000000 ) ) ;
#1576 = DIRECTION ( 'NONE',  ( 1.000000000000000000, 0.000000000000000000, 0.000000000000000000 ) ) ;
#1577 = CARTESIAN_POINT ( 'NONE',  ( -37.23909236273107126, -21.49999999999965539, 6.000000000000000000 ) ) ;
#1578 = AXIS2_PLACEMENT_3D ( 'NONE', #1656, #760, #9 ) ;
#1579 = ORIENTED_EDGE ( 'NONE', *, *, #777, .F. ) ;
#1580 = CYLINDRICAL_SURFACE ( 'NONE', #1376, 6.000000000000005329 ) ;
#1581 = DIRECTION ( 'NONE',  ( 1.000000000000000000, 0.000000000000000000, 0.000000000000000000 ) ) ;
#1582 = AXIS2_PLACEMENT_3D ( 'NONE', #12, #162, #744 ) ;
#1583 = VERTEX_POINT ( 'NONE', #292 ) ;
#1584 = CARTESIAN_POINT ( 'NONE',  ( -27.72902407895221799, -37.94866563700082907, 6.000000000000000000 ) ) ;
#1585 = EDGE_CURVE ( 'NONE', #312, #720, #873, .T. ) ;
#1586 = FACE_BOUND ( 'NONE', #1304, .T. ) ;
#1587 = ADVANCED_FACE ( 'NONE', ( #735 ), #1328, .T. ) ;
#1588 = LINE ( 'NONE', #834, #323 ) ;
#1589 = ORIENTED_EDGE ( 'NONE', *, *, #742, .F. ) ;
#1590 = CARTESIAN_POINT ( 'NONE',  ( 27.96372689467884598, -41.44912517966832866, 3.000000000000000000 ) ) ;
#1591 = DIRECTION ( 'NONE',  ( -0.000000000000000000, -0.000000000000000000, -1.000000000000000000 ) ) ;
#1592 = VERTEX_POINT ( 'NONE', #467 ) ;
#1593 = PLANE ( 'NONE',  #693 ) ;
#1594 = ADVANCED_FACE ( 'NONE', ( #764 ), #437, .T. ) ;
#1595 = DIRECTION ( 'NONE',  ( 0.000000000000000000, 0.000000000000000000, 1.000000000000000000 ) ) ;
#1596 = CARTESIAN_POINT ( 'NONE',  ( -11.99999999999999822, 43.00000000000000000, 6.000000000000000000 ) ) ;
#1597 = EDGE_CURVE ( 'NONE', #177, #229, #1211, .T. ) ;
#1598 = ORIENTED_EDGE ( 'NONE', *, *, #1406, .F. ) ;
#1599 = CYLINDRICAL_SURFACE ( 'NONE', #1408, 39.99999999999997868 ) ;
#1600 = EDGE_CURVE ( 'NONE', #1297, #540, #1685, .T. ) ;
#1601 = CARTESIAN_POINT ( 'NONE',  ( -49.23909236273107126, -21.49999999999965539, 3.000000000000000000 ) ) ;
#1602 = ORIENTED_EDGE ( 'NONE', *, *, #1028, .T. ) ;
#1603 = AXIS2_PLACEMENT_3D ( 'NONE', #368, #398, #69 ) ;
#1604 = ORIENTED_EDGE ( 'NONE', *, *, #1707, .T. ) ;
#1605 = AXIS2_PLACEMENT_3D ( 'NONE', #1442, #1872, #995 ) ;
#1606 = FACE_BOUND ( 'NONE', #1395, .T. ) ;
#1607 = FACE_OUTER_BOUND ( 'NONE', #166, .T. ) ;
#1608 = CARTESIAN_POINT ( 'NONE',  ( 37.23909236273076573, -21.50000000000017764, 12.00000000000000000 ) ) ;
#1609 = ORIENTED_EDGE ( 'NONE', *, *, #1533, .T. ) ;
#1610 = VECTOR ( 'NONE', #13, 1000.000000000000000 ) ;
#1611 = CYLINDRICAL_SURFACE ( 'NONE', #440, 12.00000000000000355 ) ;
#1612 = ADVANCED_FACE ( 'NONE', ( #811 ), #1696, .F. ) ;
#1613 = FACE_OUTER_BOUND ( 'NONE', #1369, .T. ) ;
#1614 = AXIS2_PLACEMENT_3D ( 'NONE', #1219, #479, #1673 ) ;
#1615 = ORIENTED_EDGE ( 'NONE', *, *, #1625, .F. ) ;
#1616 = CIRCLE ( 'NONE', #1797, 6.999999999999999112 ) ;
#1617 = ORIENTED_EDGE ( 'NONE', *, *, #556, .F. ) ;
#1618 = DIRECTION ( 'NONE',  ( 1.000000000000000000, 0.000000000000000000, 0.000000000000000000 ) ) ;
#1619 = CARTESIAN_POINT ( 'NONE',  ( 0.000000000000000000, 0.000000000000000000, 3.000000000000000000 ) ) ;
#1620 = VERTEX_POINT ( 'NONE', #346 ) ;
#1621 = FACE_OUTER_BOUND ( 'NONE', #1172, .T. ) ;
#1622 = DIRECTION ( 'NONE',  ( 0.000000000000000000, 0.000000000000000000, 1.000000000000000000 ) ) ;
#1623 = EDGE_CURVE ( 'NONE', #1620, #681, #383, .T. ) ;
#1624 = ORIENTED_EDGE ( 'NONE', *, *, #816, .F. ) ;
#1625 = EDGE_CURVE ( 'NONE', #1340, #812, #211, .T. ) ;
#1626 = EDGE_LOOP ( 'NONE', ( #1281, #737 ) ) ;
#1627 = DIRECTION ( 'NONE',  ( 0.000000000000000000, 0.000000000000000000, 1.000000000000000000 ) ) ;
#1628 = PRODUCT_DEFINITION ( 'UNKNOWN', '', #632, #1644 ) ;
#1629 = CARTESIAN_POINT ( 'NONE',  ( 8.000000000000000000, 43.00000000000000000, 18.00000000000000355 ) ) ;
#1630 = DIRECTION ( 'NONE',  ( 0.000000000000000000, 0.000000000000000000, 1.000000000000000000 ) ) ;
#1631 = ORIENTED_EDGE ( 'NONE', *, *, #904, .F. ) ;
#1632 = DIRECTION ( 'NONE',  ( 0.000000000000000000, 0.000000000000000000, 1.000000000000000000 ) ) ;
#1633 = FACE_OUTER_BOUND ( 'NONE', #339, .T. ) ;
#1634 = ORIENTED_EDGE ( 'NONE', *, *, #1650, .T. ) ;
#1635 = EDGE_CURVE ( 'NONE', #1205, #147, #1105, .T. ) ;
#1636 = VERTEX_POINT ( 'NONE', #1527 ) ;
#1637 = AXIS2_PLACEMENT_3D ( 'NONE', #1173, #739, #1323 ) ;
#1638 = CARTESIAN_POINT ( 'NONE',  ( -18.99999644188858383, 42.98837209302325135, 6.000000000000000000 ) ) ;
#1639 = ADVANCED_FACE ( 'NONE', ( #327 ), #1843, .T. ) ;
#1640 = AXIS2_PLACEMENT_3D ( 'NONE', #42, #77, #1550 ) ;
#1641 = CARTESIAN_POINT ( 'NONE',  ( -31.23273344666021600, -31.88863092863198645, 6.000000000000000000 ) ) ;
#1642 = CARTESIAN_POINT ( 'NONE',  ( 0.000000000000000000, 0.000000000000000000, 0.000000000000000000 ) ) ;
#1643 = LINE ( 'NONE', #601, #1493 ) ;
#1644 = PRODUCT_DEFINITION_CONTEXT ( 'detailed design', #1388, 'design' ) ;
#1645 = AXIS2_PLACEMENT_3D ( 'NONE', #1452, #709, #1306 ) ;
#1646 = VERTEX_POINT ( 'NONE', #365 ) ;
#1647 = AXIS2_PLACEMENT_3D ( 'NONE', #633, #788, #957 ) ;
#1648 = ORIENTED_EDGE ( 'NONE', *, *, #816, .T. ) ;
#1649 = CARTESIAN_POINT ( 'NONE',  ( -31.23273344666021600, -31.88863092863198645, 3.000000000000000000 ) ) ;
#1650 = EDGE_CURVE ( 'NONE', #1756, #752, #481, .T. ) ;
#1651 = CARTESIAN_POINT ( 'NONE',  ( -29.23909236272881884, -21.49999999999965539, 18.00000000000000355 ) ) ;
#1652 = EDGE_CURVE ( 'NONE', #129, #1879, #787, .T. ) ;
#1653 = LINE ( 'NONE', #1505, #1143 ) ;
#1654 = VERTEX_POINT ( 'NONE', #520 ) ;
#1655 = ORIENTED_EDGE ( 'NONE', *, *, #1348, .T. ) ;
#1656 = CARTESIAN_POINT ( 'NONE',  ( -37.23909236273107126, -21.49999999999965539, 18.00000000000000355 ) ) ;
#1657 = DIRECTION ( 'NONE',  ( 1.000000000000000000, 0.000000000000000000, 0.000000000000000000 ) ) ;
#1658 = EDGE_CURVE ( 'NONE', #151, #1737, #698, .T. ) ;
#1659 = CYLINDRICAL_SURFACE ( 'NONE', #740, 39.99999999999999289 ) ;
#1660 = DIRECTION ( 'NONE',  ( -1.000000000000000000, 0.000000000000000000, 0.000000000000000000 ) ) ;
#1661 = EDGE_CURVE ( 'NONE', #1119, #540, #1043, .T. ) ;
#1662 = ORIENTED_EDGE ( 'NONE', *, *, #441, .F. ) ;
#1663 = VERTEX_POINT ( 'NONE', #921 ) ;
#1664 = CARTESIAN_POINT ( 'NONE',  ( 42.89495858311311594, -3.003752345485553921, 0.000000000000000000 ) ) ;
#1665 = EDGE_LOOP ( 'NONE', ( #435, #952, #79, #607 ) ) ;
#1666 = CYLINDRICAL_SURFACE ( 'NONE', #1760, 6.999999999999999112 ) ;
#1667 = CYLINDRICAL_SURFACE ( 'NONE', #1573, 8.000000000003247180 ) ;
#1668 = ORIENTED_EDGE ( 'NONE', *, *, #120, .F. ) ;
#1669 = DIRECTION ( 'NONE',  ( 1.000000000000000000, 0.000000000000000000, 0.000000000000000000 ) ) ;
#1670 = ORIENTED_EDGE ( 'NONE', *, *, #39, .T. ) ;
#1671 = AXIS2_PLACEMENT_3D ( 'NONE', #179, #20, #1508 ) ;
#1672 = AXIS2_PLACEMENT_3D ( 'NONE', #1025, #982, #826 ) ;
#1673 = DIRECTION ( 'NONE',  ( 1.000000000000000000, 0.000000000000000000, 0.000000000000000000 ) ) ;
#1674 = ORIENTED_EDGE ( 'NONE', *, *, #39, .F. ) ;
#1675 = CARTESIAN_POINT ( 'NONE',  ( -24.04880512942430570, -35.64624765451441846, 3.000000000000000000 ) ) ;
#1676 = ORIENTED_EDGE ( 'NONE', *, *, #1821, .T. ) ;
#1677 = CYLINDRICAL_SURFACE ( 'NONE', #696, 6.000000000000001776 ) ;
#1678 = CYLINDRICAL_SURFACE ( 'NONE', #444, 8.000000000000000000 ) ;
#1679 = EDGE_CURVE ( 'NONE', #1171, #129, #1195, .T. ) ;
#1680 = ORIENTED_EDGE ( 'NONE', *, *, #1850, .T. ) ;
#1681 = EDGE_CURVE ( 'NONE', #540, #1119, #1228, .T. ) ;
#1682 = EDGE_CURVE ( 'NONE', #656, #1654, #1265, .T. ) ;
#1683 = DIRECTION ( 'NONE',  ( 1.000000000000000000, 0.000000000000000000, 0.000000000000000000 ) ) ;
#1684 = DIRECTION ( 'NONE',  ( 1.000000000000000000, 0.000000000000000000, 0.000000000000000000 ) ) ;
#1685 = LINE ( 'NONE', #1098, #478 ) ;
#1686 = EDGE_LOOP ( 'NONE', ( #446, #1724, #293, #494 ) ) ;
#1687 = CARTESIAN_POINT ( 'NONE',  ( -37.23909236273107126, -21.49999999999965539, 18.00000000000000355 ) ) ;
#1688 = AXIS2_PLACEMENT_3D ( 'NONE', #1138, #1865, #1735 ) ;
#1689 = CARTESIAN_POINT ( 'NONE',  ( -39.72902052084050695, -5.039706456021717962, 3.000000000000000000 ) ) ;
#1690 = ORIENTED_EDGE ( 'NONE', *, *, #317, .F. ) ;
#1691 = ADVANCED_FACE ( 'NONE', ( #1089 ), #1667, .T. ) ;
#1692 = CARTESIAN_POINT ( 'NONE',  ( -42.89495858311315857, -3.003752345484950403, 0.000000000000000000 ) ) ;
#1693 = EDGE_CURVE ( 'NONE', #177, #468, #1510, .T. ) ;
#1694 = CARTESIAN_POINT ( 'NONE',  ( -21.91413192289437362, 44.94186046511627808, 0.000000000000000000 ) ) ;
#1695 = AXIS2_PLACEMENT_3D ( 'NONE', #836, #1709, #203 ) ;
#1696 = CYLINDRICAL_SURFACE ( 'NONE', #1640, 7.000000000000002665 ) ;
#1697 = VERTEX_POINT ( 'NONE', #183 ) ;
#1698 = CYLINDRICAL_SURFACE ( 'NONE', #1351, 6.999999999999999112 ) ;
#1699 = LINE ( 'NONE', #492, #104 ) ;
#1700 = ORIENTED_EDGE ( 'NONE', *, *, #1707, .F. ) ;
#1701 = AXIS2_PLACEMENT_3D ( 'NONE', #102, #1595, #853 ) ;
#1702 = DIRECTION ( 'NONE',  ( -0.000000000000000000, -0.000000000000000000, -1.000000000000000000 ) ) ;
#1703 = EDGE_CURVE ( 'NONE', #716, #1082, #1071, .T. ) ;
#1704 = CYLINDRICAL_SURFACE ( 'NONE', #426, 8.000000000002248868 ) ;
#1705 = VECTOR ( 'NONE', #1814, 1000.000000000000000 ) ;
#1706 = DIRECTION ( 'NONE',  ( 0.000000000000000000, 0.000000000000000000, 1.000000000000000000 ) ) ;
#1707 = EDGE_CURVE ( 'NONE', #512, #1235, #941, .T. ) ;
#1708 = ORIENTED_EDGE ( 'NONE', *, *, #1128, .T. ) ;
#1709 = DIRECTION ( 'NONE',  ( 0.000000000000000000, 0.000000000000000000, 1.000000000000000000 ) ) ;
#1710 = CARTESIAN_POINT ( 'NONE',  ( -34.23909236272881884, -21.49999999999965539, 18.00000000000000355 ) ) ;
#1711 = ORIENTED_EDGE ( 'NONE', *, *, #210, .F. ) ;
#1712 = DIRECTION ( 'NONE',  ( -0.000000000000000000, 0.000000000000000000, 1.000000000000000000 ) ) ;
#1713 = AXIS2_PLACEMENT_3D ( 'NONE', #1052, #1807, #1346 ) ;
#1714 = DIRECTION ( 'NONE',  ( 0.000000000000000000, 0.000000000000000000, 1.000000000000000000 ) ) ;
#1715 = ADVANCED_FACE ( 'NONE', ( #1834 ), #539, .T. ) ;
#1716 = LINE ( 'NONE', #396, #168 ) ;
#1717 = EDGE_LOOP ( 'NONE', ( #480, #1032, #1515, #973 ) ) ;
#1718 = CARTESIAN_POINT ( 'NONE',  ( 0.000000000000000000, 0.000000000000000000, 18.00000000000000355 ) ) ;
#1719 = ORIENTED_EDGE ( 'NONE', *, *, #233, .F. ) ;
#1720 = CIRCLE ( 'NONE', #1034, 15.00000000000000000 ) ;
#1721 = CARTESIAN_POINT ( 'NONE',  ( 37.23909236273076573, -21.50000000000017408, 0.000000000000000000 ) ) ;
#1722 = CARTESIAN_POINT ( 'NONE',  ( -3.000000000000000888, 43.00000000000000000, 12.00000000000000000 ) ) ;
#1723 = FACE_BOUND ( 'NONE', #1626, .T. ) ;
#1724 = ORIENTED_EDGE ( 'NONE', *, *, #429, .F. ) ;
#1725 = FACE_OUTER_BOUND ( 'NONE', #1734, .T. ) ;
#1726 = FACE_BOUND ( 'NONE', #1857, .T. ) ;
#1727 = ORIENTED_EDGE ( 'NONE', *, *, #495, .T. ) ;
#1728 = EDGE_CURVE ( 'NONE', #1663, #1770, #1895, .T. ) ;
#1729 = DIRECTION ( 'NONE',  ( 0.000000000000000000, 0.000000000000000000, 1.000000000000000000 ) ) ;
#1730 = AXIS2_PLACEMENT_3D ( 'NONE', #888, #1487, #1366 ) ;
#1731 = DIRECTION ( 'NONE',  ( -1.000000000000000000, 0.000000000000000000, 0.000000000000000000 ) ) ;
#1732 = CARTESIAN_POINT ( 'NONE',  ( 42.89495858311312304, -3.003752345485554365, 3.000000000000000000 ) ) ;
#1733 = CIRCLE ( 'NONE', #762, 12.00000000000001066 ) ;
#1734 = EDGE_LOOP ( 'NONE', ( #8, #592, #1899, #358 ) ) ;
#1735 = DIRECTION ( 'NONE',  ( 1.000000000000000000, 0.000000000000000000, 0.000000000000000000 ) ) ;
#1736 = LINE ( 'NONE', #1437, #1019 ) ;
#1737 = VERTEX_POINT ( 'NONE', #1596 ) ;
#1738 = EDGE_CURVE ( 'NONE', #588, #1543, #199, .T. ) ;
#1739 = CARTESIAN_POINT ( 'NONE',  ( -27.96372689467942507, -41.44912517966793786, 0.000000000000000000 ) ) ;
#1740 = CARTESIAN_POINT ( 'NONE',  ( 0.000000000000000000, 0.000000000000000000, 6.000000000000000000 ) ) ;
#1741 = DIRECTION ( 'NONE',  ( -0.000000000000000000, -0.000000000000000000, -1.000000000000000000 ) ) ;
#1742 = ORIENTED_EDGE ( 'NONE', *, *, #176, .T. ) ;
#1743 = DIRECTION ( 'NONE',  ( 0.000000000000000000, 0.000000000000000000, 1.000000000000000000 ) ) ;
#1744 = DIRECTION ( 'NONE',  ( 1.000000000000000000, 0.000000000000000000, 0.000000000000000000 ) ) ;
#1745 = EDGE_LOOP ( 'NONE', ( #1773, #121, #1892, #1038 ) ) ;
#1746 = CIRCLE ( 'NONE', #1472, 6.999999999999999112 ) ;
#1747 = ORIENTED_EDGE ( 'NONE', *, *, #441, .T. ) ;
#1748 = CYLINDRICAL_SURFACE ( 'NONE', #778, 6.999999999999999112 ) ;
#1749 = DIRECTION ( 'NONE',  ( 1.000000000000000000, 0.000000000000000000, 0.000000000000000000 ) ) ;
#1750 = CIRCLE ( 'NONE', #1810, 6.000000000000000000 ) ;
#1751 = DIRECTION ( 'NONE',  ( -0.000000000000000000, -0.000000000000000000, -1.000000000000000000 ) ) ;
#1752 = EDGE_LOOP ( 'NONE', ( #1136, #1631, #1617, #786 ) ) ;
#1753 = CYLINDRICAL_SURFACE ( 'NONE', #67, 15.00000000000000000 ) ;
#1754 = DIRECTION ( 'NONE',  ( 1.000000000000000000, 0.000000000000000000, 0.000000000000000000 ) ) ;
#1755 = AXIS2_PLACEMENT_3D ( 'NONE', #946, #341, #1270 ) ;
#1756 = VERTEX_POINT ( 'NONE', #1863 ) ;
#1757 = ORIENTED_EDGE ( 'NONE', *, *, #679, .F. ) ;
#1758 = DIRECTION ( 'NONE',  ( 0.000000000000000000, 0.000000000000000000, 1.000000000000000000 ) ) ;
#1759 = DIRECTION ( 'NONE',  ( -0.000000000000000000, -0.000000000000000000, -1.000000000000000000 ) ) ;
#1760 = AXIS2_PLACEMENT_3D ( 'NONE', #919, #1373, #40 ) ;
#1761 = ADVANCED_FACE ( 'NONE', ( #94, #1723, #865, #414 ), #1125, .T. ) ;
#1762 = EDGE_LOOP ( 'NONE', ( #1198, #1768, #870, #17 ) ) ;
#1763 = DIRECTION ( 'NONE',  ( -0.000000000000000000, -0.000000000000000000, -1.000000000000000000 ) ) ;
#1764 = DIRECTION ( 'NONE',  ( -0.000000000000000000, 0.000000000000000000, 1.000000000000000000 ) ) ;
#1765 = AXIS2_PLACEMENT_3D ( 'NONE', #1106, #820, #1418 ) ;
#1766 = EDGE_CURVE ( 'NONE', #1835, #1272, #404, .T. ) ;
#1767 = VECTOR ( 'NONE', #399, 1000.000000000000000 ) ;
#1768 = ORIENTED_EDGE ( 'NONE', *, *, #1826, .T. ) ;
#1769 = AXIS2_PLACEMENT_3D ( 'NONE', #1862, #1833, #666 ) ;
#1770 = VERTEX_POINT ( 'NONE', #1008 ) ;
#1771 = DIRECTION ( 'NONE',  ( 0.000000000000000000, 0.000000000000000000, 1.000000000000000000 ) ) ;
#1772 = DIRECTION ( 'NONE',  ( 1.000000000000000000, 0.000000000000000000, 0.000000000000000000 ) ) ;
#1773 = ORIENTED_EDGE ( 'NONE', *, *, #130, .F. ) ;
#1774 = FACE_OUTER_BOUND ( 'NONE', #753, .T. ) ;
#1775 = EDGE_CURVE ( 'NONE', #817, #400, #257, .T. ) ;
#1776 = DIRECTION ( 'NONE',  ( 0.000000000000000000, 0.000000000000000000, 1.000000000000000000 ) ) ;
#1777 = ORIENTED_EDGE ( 'NONE', *, *, #1728, .T. ) ;
#1778 = EDGE_CURVE ( 'NONE', #1347, #422, #968, .T. ) ;
#1779 = ORIENTED_EDGE ( 'NONE', *, *, #356, .F. ) ;
#1780 = FACE_OUTER_BOUND ( 'NONE', #1762, .T. ) ;
#1781 = CARTESIAN_POINT ( 'NONE',  ( 11.99999999999999822, 43.00000000000000000, 3.000000000000000000 ) ) ;
#1782 = CYLINDRICAL_SURFACE ( 'NONE', #78, 39.99999999999999289 ) ;
#1783 = AXIS2_PLACEMENT_3D ( 'NONE', #393, #1575, #1282 ) ;
#1784 = ORIENTED_EDGE ( 'NONE', *, *, #1571, .T. ) ;
#1785 = CARTESIAN_POINT ( 'NONE',  ( 0.000000000000000000, 0.000000000000000000, 3.000000000000000000 ) ) ;
#1786 = CARTESIAN_POINT ( 'NONE',  ( 0.000000000000000000, 0.000000000000000000, 6.000000000000000000 ) ) ;
#1787 = VERTEX_POINT ( 'NONE', #1296 ) ;
#1788 = ORIENTED_EDGE ( 'NONE', *, *, #647, .T. ) ;
#1789 = EDGE_CURVE ( 'NONE', #875, #1583, #1482, .T. ) ;
#1790 = AXIS2_PLACEMENT_3D ( 'NONE', #699, #1751, #1155 ) ;
#1791 = DIRECTION ( 'NONE',  ( -1.000000000000000000, 0.000000000000000000, 0.000000000000000000 ) ) ;
#1792 = DIRECTION ( 'NONE',  ( -0.000000000000000000, 0.000000000000000000, 1.000000000000000000 ) ) ;
#1793 = LINE ( 'NONE', #1651, #270 ) ;
#1794 = FACE_OUTER_BOUND ( 'NONE', #1745, .T. ) ;
#1795 = ORIENTED_EDGE ( 'NONE', *, *, #1028, .F. ) ;
#1796 = ORIENTED_EDGE ( 'NONE', *, *, #157, .F. ) ;
#1797 = AXIS2_PLACEMENT_3D ( 'NONE', #1548, #355, #1684 ) ;
#1798 = EDGE_CURVE ( 'NONE', #1737, #34, #1716, .T. ) ;
#1799 = CARTESIAN_POINT ( 'NONE',  ( 0.000000000000000000, 43.00000000000000000, 6.000000000000000000 ) ) ;
#1800 =( NAMED_UNIT ( * ) PLANE_ANGLE_UNIT ( ) SI_UNIT ( $, .RADIAN. ) );
#1801 = DIRECTION ( 'NONE',  ( -0.000000000000000000, -0.000000000000000000, -1.000000000000000000 ) ) ;
#1802 = DIRECTION ( 'NONE',  ( -0.000000000000000000, -0.000000000000000000, -1.000000000000000000 ) ) ;
#1803 = ORIENTED_EDGE ( 'NONE', *, *, #1681, .F. ) ;
#1804 = ORIENTED_EDGE ( 'NONE', *, *, #1560, .T. ) ;
#1805 = LINE ( 'NONE', #1641, #268 ) ;
#1806 = FACE_OUTER_BOUND ( 'NONE', #1151, .T. ) ;
#1807 = DIRECTION ( 'NONE',  ( 0.000000000000000000, 0.000000000000000000, 1.000000000000000000 ) ) ;
#1808 = VERTEX_POINT ( 'NONE', #987 ) ;
#1809 = DIRECTION ( 'NONE',  ( 1.000000000000000000, 0.000000000000000000, 0.000000000000000000 ) ) ;
#1810 = AXIS2_PLACEMENT_3D ( 'NONE', #388, #1622, #274 ) ;
#1811 = EDGE_LOOP ( 'NONE', ( #1839, #1367 ) ) ;
#1812 = CIRCLE ( 'NONE', #1637, 8.000000000002248868 ) ;
#1813 = CARTESIAN_POINT ( 'NONE',  ( 45.23909236273401291, -21.50000000000017764, 6.000000000000000000 ) ) ;
#1814 = DIRECTION ( 'NONE',  ( 0.000000000000000000, 0.000000000000000000, 1.000000000000000000 ) ) ;
#1815 = VECTOR ( 'NONE', #978, 1000.000000000000000 ) ;
#1816 = ADVANCED_FACE ( 'NONE', ( #248 ), #855, .T. ) ;
#1817 = DIRECTION ( 'NONE',  ( -0.000000000000000000, 0.000000000000000000, 1.000000000000000000 ) ) ;
#1818 = ORIENTED_EDGE ( 'NONE', *, *, #1069, .T. ) ;
#1819 = CYLINDRICAL_SURFACE ( 'NONE', #945, 6.999999999999999112 ) ;
#1820 = DIRECTION ( 'NONE',  ( -0.000000000000000000, 0.000000000000000000, 1.000000000000000000 ) ) ;
#1821 = EDGE_CURVE ( 'NONE', #1808, #1082, #1588, .T. ) ;
#1822 = EDGE_LOOP ( 'NONE', ( #304, #1059 ) ) ;
#1823 = DIRECTION ( 'NONE',  ( -0.000000000000000000, -0.000000000000000000, -1.000000000000000000 ) ) ;
#1824 = CARTESIAN_POINT ( 'NONE',  ( 11.99999999999999822, 43.00000000000000000, 6.000000000000000000 ) ) ;
#1825 = DIRECTION ( 'NONE',  ( -0.000000000000000000, 0.000000000000000000, 1.000000000000000000 ) ) ;
#1826 = EDGE_CURVE ( 'NONE', #151, #417, #1434, .T. ) ;
#1827 = EDGE_LOOP ( 'NONE', ( #1192, #408, #885, #15 ) ) ;
#1828 = FACE_OUTER_BOUND ( 'NONE', #923, .T. ) ;
#1829 = DIRECTION ( 'NONE',  ( 1.000000000000000000, 0.000000000000000000, 0.000000000000000000 ) ) ;
#1830 = EDGE_CURVE ( 'NONE', #983, #1435, #262, .T. ) ;
#1831 = ORIENTED_EDGE ( 'NONE', *, *, #187, .T. ) ;
#1832 = CARTESIAN_POINT ( 'NONE',  ( 40.23909236273401291, -21.50000000000017764, 12.00000000000000000 ) ) ;
#1833 = DIRECTION ( 'NONE',  ( 0.000000000000000000, 0.000000000000000000, 1.000000000000000000 ) ) ;
#1834 = FACE_OUTER_BOUND ( 'NONE', #197, .T. ) ;
#1835 = VERTEX_POINT ( 'NONE', #1276 ) ;
#1836 = CARTESIAN_POINT ( 'NONE',  ( 46.72902052084041458, -5.039706456022367220, 3.000000000000000000 ) ) ;
#1837 = DIRECTION ( 'NONE',  ( -0.000000000000000000, -0.000000000000000000, -1.000000000000000000 ) ) ;
#1838 = AXIS2_PLACEMENT_3D ( 'NONE', #123, #707, #401 ) ;
#1839 = ORIENTED_EDGE ( 'NONE', *, *, #1220, .T. ) ;
#1840 = LINE ( 'NONE', #966, #546 ) ;
#1841 = DIRECTION ( 'NONE',  ( -0.000000000000000000, -0.000000000000000000, -1.000000000000000000 ) ) ;
#1842 = AXIS2_PLACEMENT_3D ( 'NONE', #1522, #1771, #1529 ) ;
#1843 = CYLINDRICAL_SURFACE ( 'NONE', #141, 43.00000000000000000 ) ;
#1844 = AXIS2_PLACEMENT_3D ( 'NONE', #772, #637, #1234 ) ;
#1845 = ORIENTED_EDGE ( 'NONE', *, *, #1069, .F. ) ;
#1846 = DIRECTION ( 'NONE',  ( -0.000000000000000000, -0.000000000000000000, -1.000000000000000000 ) ) ;
#1847 = DIRECTION ( 'NONE',  ( -0.000000000000000000, 0.000000000000000000, 1.000000000000000000 ) ) ;
#1848 = ORIENTED_EDGE ( 'NONE', *, *, #1393, .F. ) ;
#1849 = CARTESIAN_POINT ( 'NONE',  ( 18.99999644188859804, 42.98837209302323004, 3.000000000000000000 ) ) ;
#1850 = EDGE_CURVE ( 'NONE', #1313, #1119, #1423, .T. ) ;
#1851 = AXIS2_PLACEMENT_3D ( 'NONE', #1087, #1525, #644 ) ;
#1852 = CIRCLE ( 'NONE', #1672, 11.99999999999999822 ) ;
#1853 = CARTESIAN_POINT ( 'NONE',  ( 31.23273344665975060, -31.88863092863242343, 6.000000000000000000 ) ) ;
#1854 = EDGE_CURVE ( 'NONE', #1205, #1036, #86, .T. ) ;
#1855 = VECTOR ( 'NONE', #32, 1000.000000000000000 ) ;
#1856 = CARTESIAN_POINT ( 'NONE',  ( 0.000000000000000000, 0.000000000000000000, 3.000000000000000000 ) ) ;
#1857 = EDGE_LOOP ( 'NONE', ( #337, #1001 ) ) ;
#1858 = CARTESIAN_POINT ( 'NONE',  ( -37.23909236273106416, -21.49999999999965539, 0.000000000000000000 ) ) ;
#1859 = FACE_OUTER_BOUND ( 'NONE', #375, .T. ) ;
#1860 = ORIENTED_EDGE ( 'NONE', *, *, #273, .F. ) ;
#1861 = CARTESIAN_POINT ( 'NONE',  ( 37.23909236273076573, -21.50000000000017764, 0.000000000000000000 ) ) ;
#1862 = CARTESIAN_POINT ( 'NONE',  ( 0.000000000000000000, 0.000000000000000000, 3.000000000000000000 ) ) ;
#1863 = CARTESIAN_POINT ( 'NONE',  ( -43.23273119943176823, -11.10402513011885262, 6.000000000000000000 ) ) ;
#1864 = ORIENTED_EDGE ( 'NONE', *, *, #959, .T. ) ;
#1865 = DIRECTION ( 'NONE',  ( 0.000000000000000000, 0.000000000000000000, 1.000000000000000000 ) ) ;
#1866 = CARTESIAN_POINT ( 'NONE',  ( 0.000000000000000000, 43.00000000000000000, 12.00000000000000000 ) ) ;
#1867 = EDGE_LOOP ( 'NONE', ( #996, #427, #575, #1159 ) ) ;
#1868 = CIRCLE ( 'NONE', #1037, 39.99999999999999289 ) ;
#1869 = CARTESIAN_POINT ( 'NONE',  ( 49.87785881757339013, -3.492735285448318017, 3.000000000000000000 ) ) ;
#1870 = CYLINDRICAL_SURFACE ( 'NONE', #144, 43.00000000000000000 ) ;
#1871 = VECTOR ( 'NONE', #5, 1000.000000000000000 ) ;
#1872 = DIRECTION ( 'NONE',  ( -0.000000000000000000, 0.000000000000000000, 1.000000000000000000 ) ) ;
#1873 = AXIS2_PLACEMENT_3D ( 'NONE', #1513, #1375, #726 ) ;
#1874 = ORIENTED_EDGE ( 'NONE', *, *, #1536, .T. ) ;
#1875 = FACE_OUTER_BOUND ( 'NONE', #316, .T. ) ;
#1876 = EDGE_CURVE ( 'NONE', #979, #1489, #509, .T. ) ;
#1877 = CARTESIAN_POINT ( 'NONE',  ( -46.72902052084050695, -5.039706456021717962, 6.000000000000000000 ) ) ;
#1878 = VECTOR ( 'NONE', #59, 1000.000000000000000 ) ;
#1879 = VERTEX_POINT ( 'NONE', #710 ) ;
#1880 = EDGE_CURVE ( 'NONE', #1663, #153, #1262, .T. ) ;
#1881 = CARTESIAN_POINT ( 'NONE',  ( 30.91497954360445632, -35.10167625886482057, 3.000000000000000000 ) ) ;
#1882 = AXIS2_PLACEMENT_3D ( 'NONE', #280, #124, #412 ) ;
#1883 = CARTESIAN_POINT ( 'NONE',  ( -16.17020973777751891, 36.58584858980702847, 3.000000000000000000 ) ) ;
#1884 = DIRECTION ( 'NONE',  ( -0.000000000000000000, -0.000000000000000000, -1.000000000000000000 ) ) ;
#1885 = CIRCLE ( 'NONE', #918, 12.00000000000000355 ) ;
#1886 = ORIENTED_EDGE ( 'NONE', *, *, #1484, .T. ) ;
#1887 = DIRECTION ( 'NONE',  ( -0.000000000000000000, -0.000000000000000000, -1.000000000000000000 ) ) ;
#1888 = DIRECTION ( 'NONE',  ( 1.000000000000000000, 0.000000000000000000, 0.000000000000000000 ) ) ;
#1889 = ADVANCED_FACE ( 'NONE', ( #1914 ), #1364, .T. ) ;
#1890 = ORIENTED_EDGE ( 'NONE', *, *, #1652, .T. ) ;
#1891 = ADVANCED_FACE ( 'NONE', ( #1184 ), #1782, .T. ) ;
#1892 = ORIENTED_EDGE ( 'NONE', *, *, #927, .F. ) ;
#1893 = DIRECTION ( 'NONE',  ( 1.000000000000000000, 0.000000000000000000, 0.000000000000000000 ) ) ;
#1894 = FACE_BOUND ( 'NONE', #704, .T. ) ;
#1895 = LINE ( 'NONE', #374, #1007 ) ;
#1896 = EDGE_LOOP ( 'NONE', ( #1267, #1469, #763, #1676 ) ) ;
#1897 = CARTESIAN_POINT ( 'NONE',  ( -30.91497954360493949, -35.10167625886440135, 3.000000000000000000 ) ) ;
#1898 = DIRECTION ( 'NONE',  ( 1.000000000000000000, 0.000000000000000000, 0.000000000000000000 ) ) ;
#1899 = ORIENTED_EDGE ( 'NONE', *, *, #616, .F. ) ;
#1900 = ORIENTED_EDGE ( 'NONE', *, *, #840, .T. ) ;
#1901 = FACE_BOUND ( 'NONE', #7, .T. ) ;
#1902 = EDGE_CURVE ( 'NONE', #90, #131, #154, .T. ) ;
#1903 = CARTESIAN_POINT ( 'NONE',  ( 0.000000000000000000, 43.00000000000000000, 6.000000000000000000 ) ) ;
#1904 = DIRECTION ( 'NONE',  ( -0.000000000000000000, 0.000000000000000000, 1.000000000000000000 ) ) ;
#1905 = ORIENTED_EDGE ( 'NONE', *, *, #702, .F. ) ;
#1906 = DIRECTION ( 'NONE',  ( -1.000000000000000000, 0.000000000000000000, 0.000000000000000000 ) ) ;
#1907 = DIRECTION ( 'NONE',  ( 0.000000000000000000, 0.000000000000000000, 1.000000000000000000 ) ) ;
#1908 = CIRCLE ( 'NONE', #850, 8.000000000003247180 ) ;
#1909 = ORIENTED_EDGE ( 'NONE', *, *, #993, .T. ) ;
#1910 = ORIENTED_EDGE ( 'NONE', *, *, #1220, .F. ) ;
#1911 = DIRECTION ( 'NONE',  ( 0.000000000000000000, -0.000000000000000000, -1.000000000000000000 ) ) ;
#1912 = ADVANCED_FACE ( 'NONE', ( #598 ), #731, .F. ) ;
#1913 = CARTESIAN_POINT ( 'NONE',  ( 18.84615345368916195, 38.64999999999999858, 0.000000000000000000 ) ) ;
#1914 = FACE_OUTER_BOUND ( 'NONE', #180, .T. ) ;
#1915 = AXIS2_PLACEMENT_3D ( 'NONE', #1058, #149, #755 ) ;
#1916 = ORIENTED_EDGE ( 'NONE', *, *, #210, .T. ) ;
#1917 = DIRECTION ( 'NONE',  ( -0.000000000000000000, -0.000000000000000000, -1.000000000000000000 ) ) ;
#1918 = DIRECTION ( 'NONE',  ( -0.000000000000000000, 0.000000000000000000, 1.000000000000000000 ) ) ;
#1919 = MECHANICAL_DESIGN_GEOMETRIC_PRESENTATION_REPRESENTATION (  '', ( #578 ), #1077 ) ;
#1920 = AXIS2_PLACEMENT_3D ( 'NONE', #1866, #1310, #533 ) ;
#1921 = ORIENTED_EDGE ( 'NONE', *, *, #1336, .F. ) ;
#1922 = CIRCLE ( 'NONE', #1769, 43.00000000000000000 ) ;
ENDSEC;
END-ISO-10303-21;
